/*
Navicat MySQL Data Transfer

Source Server         : 172.17.8.222
Source Server Version : 50173
Source Host           : 172.17.8.222:3306
Source Database       : dbewarehouse

Target Server Type    : MYSQL
Target Server Version : 50173
File Encoding         : 65001

Date: 2020-09-28 09:33:25
*/

SET FOREIGN_KEY_CHECKS=0;

-- ----------------------------
-- Table structure for qstn_answer
-- ----------------------------
DROP TABLE IF EXISTS `qstn_answer`;
CREATE TABLE `qstn_answer` (
  `answer_id` int(11) NOT NULL AUTO_INCREMENT,
  `evaluation_id` int(11) NOT NULL,
  `form_id` int(11) NOT NULL,
  `category_id` int(11) NOT NULL,
  `question_group_id` int(11) NOT NULL,
  `question_id` int(11) NOT NULL,
  `choice_group_id` int(11) NOT NULL,
  `choice_id` int(11) NOT NULL,
  `choice_name` varchar(100) NOT NULL,
  `choice_point` varchar(10) NOT NULL,
  `person_id` varchar(10) NOT NULL,
  PRIMARY KEY (`answer_id`)
) ENGINE=InnoDB AUTO_INCREMENT=3786 DEFAULT CHARSET=utf8;

-- ----------------------------
-- Records of qstn_answer
-- ----------------------------
INSERT INTO `qstn_answer` VALUES ('205', '1', '6', '2', '4', '39', '2', '14', 'มาก', '4', '62038');
INSERT INTO `qstn_answer` VALUES ('206', '1', '6', '2', '4', '40', '2', '13', 'ปานกลาง', '3', '62038');
INSERT INTO `qstn_answer` VALUES ('207', '1', '6', '2', '4', '41', '2', '13', 'ปานกลาง', '3', '62038');
INSERT INTO `qstn_answer` VALUES ('208', '1', '6', '2', '4', '42', '2', '13', 'ปานกลาง', '3', '62038');
INSERT INTO `qstn_answer` VALUES ('209', '1', '6', '2', '4', '43', '2', '13', 'ปานกลาง', '3', '62038');
INSERT INTO `qstn_answer` VALUES ('210', '1', '6', '2', '4', '44', '2', '13', 'ปานกลาง', '3', '62038');
INSERT INTO `qstn_answer` VALUES ('211', '1', '6', '2', '4', '45', '2', '13', 'ปานกลาง', '3', '62038');
INSERT INTO `qstn_answer` VALUES ('212', '1', '6', '2', '4', '46', '2', '13', 'ปานกลาง', '3', '62038');
INSERT INTO `qstn_answer` VALUES ('213', '1', '6', '2', '4', '47', '2', '13', 'ปานกลาง', '3', '62038');
INSERT INTO `qstn_answer` VALUES ('214', '1', '6', '2', '5', '48', '2', '14', 'มาก', '4', '62038');
INSERT INTO `qstn_answer` VALUES ('215', '1', '6', '2', '5', '49', '2', '13', 'ปานกลาง', '3', '62038');
INSERT INTO `qstn_answer` VALUES ('216', '1', '6', '2', '5', '50', '2', '13', 'ปานกลาง', '3', '62038');
INSERT INTO `qstn_answer` VALUES ('217', '1', '6', '2', '5', '51', '2', '13', 'ปานกลาง', '3', '62038');
INSERT INTO `qstn_answer` VALUES ('218', '1', '6', '2', '5', '52', '2', '13', 'ปานกลาง', '3', '62038');
INSERT INTO `qstn_answer` VALUES ('219', '1', '6', '2', '5', '53', '2', '13', 'ปานกลาง', '3', '62038');
INSERT INTO `qstn_answer` VALUES ('220', '1', '6', '2', '6', '54', '2', '13', 'ปานกลาง', '3', '62038');
INSERT INTO `qstn_answer` VALUES ('221', '1', '6', '2', '6', '55', '2', '13', 'ปานกลาง', '3', '62038');
INSERT INTO `qstn_answer` VALUES ('222', '1', '6', '2', '6', '56', '2', '13', 'ปานกลาง', '3', '62038');
INSERT INTO `qstn_answer` VALUES ('223', '1', '6', '2', '6', '57', '2', '13', 'ปานกลาง', '3', '62038');
INSERT INTO `qstn_answer` VALUES ('224', '1', '6', '2', '6', '58', '2', '13', 'ปานกลาง', '3', '62038');
INSERT INTO `qstn_answer` VALUES ('225', '1', '6', '2', '6', '59', '2', '13', 'ปานกลาง', '3', '62038');
INSERT INTO `qstn_answer` VALUES ('226', '1', '6', '2', '6', '60', '2', '13', 'ปานกลาง', '3', '62038');
INSERT INTO `qstn_answer` VALUES ('227', '1', '6', '2', '7', '61', '2', '13', 'ปานกลาง', '3', '62038');
INSERT INTO `qstn_answer` VALUES ('228', '1', '6', '2', '7', '62', '2', '13', 'ปานกลาง', '3', '62038');
INSERT INTO `qstn_answer` VALUES ('229', '1', '6', '2', '7', '63', '2', '13', 'ปานกลาง', '3', '62038');
INSERT INTO `qstn_answer` VALUES ('230', '1', '6', '2', '7', '64', '2', '13', 'ปานกลาง', '3', '62038');
INSERT INTO `qstn_answer` VALUES ('231', '1', '6', '2', '7', '65', '2', '13', 'ปานกลาง', '3', '62038');
INSERT INTO `qstn_answer` VALUES ('232', '1', '6', '2', '7', '66', '2', '13', 'ปานกลาง', '3', '62038');
INSERT INTO `qstn_answer` VALUES ('233', '1', '6', '2', '7', '67', '2', '13', 'ปานกลาง', '3', '62038');
INSERT INTO `qstn_answer` VALUES ('234', '1', '6', '2', '8', '68', '2', '13', 'ปานกลาง', '3', '62038');
INSERT INTO `qstn_answer` VALUES ('235', '1', '6', '2', '8', '69', '2', '13', 'ปานกลาง', '3', '62038');
INSERT INTO `qstn_answer` VALUES ('236', '1', '6', '2', '8', '70', '2', '13', 'ปานกลาง', '3', '62038');
INSERT INTO `qstn_answer` VALUES ('237', '1', '6', '2', '8', '71', '2', '13', 'ปานกลาง', '3', '62038');
INSERT INTO `qstn_answer` VALUES ('238', '1', '6', '2', '8', '72', '2', '13', 'ปานกลาง', '3', '62038');
INSERT INTO `qstn_answer` VALUES ('239', '1', '6', '2', '4', '39', '2', '14', 'มาก', '4', '61052');
INSERT INTO `qstn_answer` VALUES ('240', '1', '6', '2', '4', '40', '2', '14', 'มาก', '4', '61052');
INSERT INTO `qstn_answer` VALUES ('241', '1', '6', '2', '4', '41', '2', '14', 'มาก', '4', '61052');
INSERT INTO `qstn_answer` VALUES ('242', '1', '6', '2', '4', '42', '2', '14', 'มาก', '4', '61052');
INSERT INTO `qstn_answer` VALUES ('243', '1', '6', '2', '4', '43', '2', '14', 'มาก', '4', '61052');
INSERT INTO `qstn_answer` VALUES ('244', '1', '6', '2', '4', '44', '2', '15', 'มากที่สุด', '5', '61052');
INSERT INTO `qstn_answer` VALUES ('245', '1', '6', '2', '4', '45', '2', '14', 'มาก', '4', '61052');
INSERT INTO `qstn_answer` VALUES ('246', '1', '6', '2', '4', '46', '2', '15', 'มากที่สุด', '5', '61052');
INSERT INTO `qstn_answer` VALUES ('247', '1', '6', '2', '4', '47', '2', '15', 'มากที่สุด', '5', '61052');
INSERT INTO `qstn_answer` VALUES ('248', '1', '6', '2', '5', '48', '2', '15', 'มากที่สุด', '5', '61052');
INSERT INTO `qstn_answer` VALUES ('249', '1', '6', '2', '5', '49', '2', '14', 'มาก', '4', '61052');
INSERT INTO `qstn_answer` VALUES ('250', '1', '6', '2', '5', '50', '2', '14', 'มาก', '4', '61052');
INSERT INTO `qstn_answer` VALUES ('251', '1', '6', '2', '5', '51', '2', '14', 'มาก', '4', '61052');
INSERT INTO `qstn_answer` VALUES ('252', '1', '6', '2', '5', '52', '2', '15', 'มากที่สุด', '5', '61052');
INSERT INTO `qstn_answer` VALUES ('253', '1', '6', '2', '5', '53', '2', '14', 'มาก', '4', '61052');
INSERT INTO `qstn_answer` VALUES ('254', '1', '6', '2', '6', '54', '2', '14', 'มาก', '4', '61052');
INSERT INTO `qstn_answer` VALUES ('255', '1', '6', '2', '6', '55', '2', '14', 'มาก', '4', '61052');
INSERT INTO `qstn_answer` VALUES ('256', '1', '6', '2', '6', '56', '2', '14', 'มาก', '4', '61052');
INSERT INTO `qstn_answer` VALUES ('257', '1', '6', '2', '6', '57', '2', '15', 'มากที่สุด', '5', '61052');
INSERT INTO `qstn_answer` VALUES ('258', '1', '6', '2', '6', '58', '2', '13', 'ปานกลาง', '3', '61052');
INSERT INTO `qstn_answer` VALUES ('259', '1', '6', '2', '6', '59', '2', '13', 'ปานกลาง', '3', '61052');
INSERT INTO `qstn_answer` VALUES ('260', '1', '6', '2', '6', '60', '2', '14', 'มาก', '4', '61052');
INSERT INTO `qstn_answer` VALUES ('261', '1', '6', '2', '7', '61', '2', '14', 'มาก', '4', '61052');
INSERT INTO `qstn_answer` VALUES ('262', '1', '6', '2', '7', '62', '2', '14', 'มาก', '4', '61052');
INSERT INTO `qstn_answer` VALUES ('263', '1', '6', '2', '7', '63', '2', '14', 'มาก', '4', '61052');
INSERT INTO `qstn_answer` VALUES ('264', '1', '6', '2', '7', '64', '2', '15', 'มากที่สุด', '5', '61052');
INSERT INTO `qstn_answer` VALUES ('265', '1', '6', '2', '7', '65', '2', '15', 'มากที่สุด', '5', '61052');
INSERT INTO `qstn_answer` VALUES ('266', '1', '6', '2', '7', '66', '2', '15', 'มากที่สุด', '5', '61052');
INSERT INTO `qstn_answer` VALUES ('267', '1', '6', '2', '7', '67', '2', '14', 'มาก', '4', '61052');
INSERT INTO `qstn_answer` VALUES ('268', '1', '6', '2', '8', '68', '2', '15', 'มากที่สุด', '5', '61052');
INSERT INTO `qstn_answer` VALUES ('269', '1', '6', '2', '8', '69', '2', '15', 'มากที่สุด', '5', '61052');
INSERT INTO `qstn_answer` VALUES ('270', '1', '6', '2', '8', '70', '2', '15', 'มากที่สุด', '5', '61052');
INSERT INTO `qstn_answer` VALUES ('271', '1', '6', '2', '8', '71', '2', '15', 'มากที่สุด', '5', '61052');
INSERT INTO `qstn_answer` VALUES ('272', '1', '6', '2', '8', '72', '2', '14', 'มาก', '4', '61052');
INSERT INTO `qstn_answer` VALUES ('273', '1', '6', '2', '4', '39', '2', '14', 'มาก', '4', '61052');
INSERT INTO `qstn_answer` VALUES ('274', '1', '6', '2', '4', '40', '2', '14', 'มาก', '4', '61052');
INSERT INTO `qstn_answer` VALUES ('275', '1', '6', '2', '4', '41', '2', '14', 'มาก', '4', '61052');
INSERT INTO `qstn_answer` VALUES ('276', '1', '6', '2', '4', '42', '2', '14', 'มาก', '4', '61052');
INSERT INTO `qstn_answer` VALUES ('277', '1', '6', '2', '4', '43', '2', '14', 'มาก', '4', '61052');
INSERT INTO `qstn_answer` VALUES ('278', '1', '6', '2', '4', '44', '2', '15', 'มากที่สุด', '5', '61052');
INSERT INTO `qstn_answer` VALUES ('279', '1', '6', '2', '4', '45', '2', '14', 'มาก', '4', '61052');
INSERT INTO `qstn_answer` VALUES ('280', '1', '6', '2', '4', '46', '2', '15', 'มากที่สุด', '5', '61052');
INSERT INTO `qstn_answer` VALUES ('281', '1', '6', '2', '4', '47', '2', '15', 'มากที่สุด', '5', '61052');
INSERT INTO `qstn_answer` VALUES ('282', '1', '6', '2', '5', '48', '2', '15', 'มากที่สุด', '5', '61052');
INSERT INTO `qstn_answer` VALUES ('283', '1', '6', '2', '5', '49', '2', '14', 'มาก', '4', '61052');
INSERT INTO `qstn_answer` VALUES ('284', '1', '6', '2', '5', '50', '2', '14', 'มาก', '4', '61052');
INSERT INTO `qstn_answer` VALUES ('285', '1', '6', '2', '5', '51', '2', '14', 'มาก', '4', '61052');
INSERT INTO `qstn_answer` VALUES ('286', '1', '6', '2', '5', '52', '2', '15', 'มากที่สุด', '5', '61052');
INSERT INTO `qstn_answer` VALUES ('287', '1', '6', '2', '5', '53', '2', '14', 'มาก', '4', '61052');
INSERT INTO `qstn_answer` VALUES ('288', '1', '6', '2', '6', '54', '2', '14', 'มาก', '4', '61052');
INSERT INTO `qstn_answer` VALUES ('289', '1', '6', '2', '6', '55', '2', '14', 'มาก', '4', '61052');
INSERT INTO `qstn_answer` VALUES ('290', '1', '6', '2', '6', '56', '2', '14', 'มาก', '4', '61052');
INSERT INTO `qstn_answer` VALUES ('291', '1', '6', '2', '6', '57', '2', '15', 'มากที่สุด', '5', '61052');
INSERT INTO `qstn_answer` VALUES ('292', '1', '6', '2', '6', '58', '2', '13', 'ปานกลาง', '3', '61052');
INSERT INTO `qstn_answer` VALUES ('293', '1', '6', '2', '6', '59', '2', '13', 'ปานกลาง', '3', '61052');
INSERT INTO `qstn_answer` VALUES ('294', '1', '6', '2', '6', '60', '2', '14', 'มาก', '4', '61052');
INSERT INTO `qstn_answer` VALUES ('295', '1', '6', '2', '7', '61', '2', '14', 'มาก', '4', '61052');
INSERT INTO `qstn_answer` VALUES ('296', '1', '6', '2', '7', '62', '2', '14', 'มาก', '4', '61052');
INSERT INTO `qstn_answer` VALUES ('297', '1', '6', '2', '7', '63', '2', '14', 'มาก', '4', '61052');
INSERT INTO `qstn_answer` VALUES ('298', '1', '6', '2', '7', '64', '2', '15', 'มากที่สุด', '5', '61052');
INSERT INTO `qstn_answer` VALUES ('299', '1', '6', '2', '7', '65', '2', '15', 'มากที่สุด', '5', '61052');
INSERT INTO `qstn_answer` VALUES ('300', '1', '6', '2', '7', '66', '2', '15', 'มากที่สุด', '5', '61052');
INSERT INTO `qstn_answer` VALUES ('301', '1', '6', '2', '7', '67', '2', '14', 'มาก', '4', '61052');
INSERT INTO `qstn_answer` VALUES ('302', '1', '6', '2', '8', '68', '2', '15', 'มากที่สุด', '5', '61052');
INSERT INTO `qstn_answer` VALUES ('303', '1', '6', '2', '8', '69', '2', '15', 'มากที่สุด', '5', '61052');
INSERT INTO `qstn_answer` VALUES ('304', '1', '6', '2', '8', '70', '2', '15', 'มากที่สุด', '5', '61052');
INSERT INTO `qstn_answer` VALUES ('305', '1', '6', '2', '8', '71', '2', '15', 'มากที่สุด', '5', '61052');
INSERT INTO `qstn_answer` VALUES ('306', '1', '6', '2', '8', '72', '2', '14', 'มาก', '4', '61052');
INSERT INTO `qstn_answer` VALUES ('307', '1', '6', '2', '4', '39', '2', '14', 'มาก', '4', '63034');
INSERT INTO `qstn_answer` VALUES ('308', '1', '6', '2', '4', '40', '2', '14', 'มาก', '4', '63034');
INSERT INTO `qstn_answer` VALUES ('309', '1', '6', '2', '4', '41', '2', '14', 'มาก', '4', '63034');
INSERT INTO `qstn_answer` VALUES ('310', '1', '6', '2', '4', '42', '2', '14', 'มาก', '4', '63034');
INSERT INTO `qstn_answer` VALUES ('311', '1', '6', '2', '4', '43', '2', '14', 'มาก', '4', '63034');
INSERT INTO `qstn_answer` VALUES ('312', '1', '6', '2', '4', '44', '2', '15', 'มากที่สุด', '5', '63034');
INSERT INTO `qstn_answer` VALUES ('313', '1', '6', '2', '4', '45', '2', '15', 'มากที่สุด', '5', '63034');
INSERT INTO `qstn_answer` VALUES ('314', '1', '6', '2', '4', '46', '2', '15', 'มากที่สุด', '5', '63034');
INSERT INTO `qstn_answer` VALUES ('315', '1', '6', '2', '4', '47', '2', '15', 'มากที่สุด', '5', '63034');
INSERT INTO `qstn_answer` VALUES ('316', '1', '6', '2', '5', '48', '2', '14', 'มาก', '4', '63034');
INSERT INTO `qstn_answer` VALUES ('317', '1', '6', '2', '5', '49', '2', '14', 'มาก', '4', '63034');
INSERT INTO `qstn_answer` VALUES ('318', '1', '6', '2', '5', '50', '2', '14', 'มาก', '4', '63034');
INSERT INTO `qstn_answer` VALUES ('319', '1', '6', '2', '5', '51', '2', '14', 'มาก', '4', '63034');
INSERT INTO `qstn_answer` VALUES ('320', '1', '6', '2', '5', '52', '2', '14', 'มาก', '4', '63034');
INSERT INTO `qstn_answer` VALUES ('321', '1', '6', '2', '5', '53', '2', '14', 'มาก', '4', '63034');
INSERT INTO `qstn_answer` VALUES ('322', '1', '6', '2', '6', '54', '2', '13', 'ปานกลาง', '3', '63034');
INSERT INTO `qstn_answer` VALUES ('323', '1', '6', '2', '6', '55', '2', '13', 'ปานกลาง', '3', '63034');
INSERT INTO `qstn_answer` VALUES ('324', '1', '6', '2', '6', '56', '2', '13', 'ปานกลาง', '3', '63034');
INSERT INTO `qstn_answer` VALUES ('325', '1', '6', '2', '6', '57', '2', '14', 'มาก', '4', '63034');
INSERT INTO `qstn_answer` VALUES ('326', '1', '6', '2', '6', '58', '2', '15', 'มากที่สุด', '5', '63034');
INSERT INTO `qstn_answer` VALUES ('327', '1', '6', '2', '6', '59', '2', '14', 'มาก', '4', '63034');
INSERT INTO `qstn_answer` VALUES ('328', '1', '6', '2', '6', '60', '2', '14', 'มาก', '4', '63034');
INSERT INTO `qstn_answer` VALUES ('329', '1', '6', '2', '7', '61', '2', '14', 'มาก', '4', '63034');
INSERT INTO `qstn_answer` VALUES ('330', '1', '6', '2', '7', '62', '2', '14', 'มาก', '4', '63034');
INSERT INTO `qstn_answer` VALUES ('331', '1', '6', '2', '7', '63', '2', '14', 'มาก', '4', '63034');
INSERT INTO `qstn_answer` VALUES ('332', '1', '6', '2', '7', '64', '2', '14', 'มาก', '4', '63034');
INSERT INTO `qstn_answer` VALUES ('333', '1', '6', '2', '7', '65', '2', '14', 'มาก', '4', '63034');
INSERT INTO `qstn_answer` VALUES ('334', '1', '6', '2', '7', '66', '2', '14', 'มาก', '4', '63034');
INSERT INTO `qstn_answer` VALUES ('335', '1', '6', '2', '7', '67', '2', '14', 'มาก', '4', '63034');
INSERT INTO `qstn_answer` VALUES ('336', '1', '6', '2', '8', '68', '2', '15', 'มากที่สุด', '5', '63034');
INSERT INTO `qstn_answer` VALUES ('337', '1', '6', '2', '8', '69', '2', '14', 'มาก', '4', '63034');
INSERT INTO `qstn_answer` VALUES ('338', '1', '6', '2', '8', '70', '2', '15', 'มากที่สุด', '5', '63034');
INSERT INTO `qstn_answer` VALUES ('339', '1', '6', '2', '8', '71', '2', '15', 'มากที่สุด', '5', '63034');
INSERT INTO `qstn_answer` VALUES ('340', '1', '6', '2', '8', '72', '2', '15', 'มากที่สุด', '5', '63034');
INSERT INTO `qstn_answer` VALUES ('341', '1', '6', '2', '4', '39', '2', '14', 'มาก', '4', '63006');
INSERT INTO `qstn_answer` VALUES ('342', '1', '6', '2', '4', '40', '2', '14', 'มาก', '4', '63006');
INSERT INTO `qstn_answer` VALUES ('343', '1', '6', '2', '4', '41', '2', '14', 'มาก', '4', '63006');
INSERT INTO `qstn_answer` VALUES ('344', '1', '6', '2', '4', '42', '2', '14', 'มาก', '4', '63006');
INSERT INTO `qstn_answer` VALUES ('345', '1', '6', '2', '4', '43', '2', '14', 'มาก', '4', '63006');
INSERT INTO `qstn_answer` VALUES ('346', '1', '6', '2', '4', '44', '2', '14', 'มาก', '4', '63006');
INSERT INTO `qstn_answer` VALUES ('347', '1', '6', '2', '4', '45', '2', '14', 'มาก', '4', '63006');
INSERT INTO `qstn_answer` VALUES ('348', '1', '6', '2', '4', '46', '2', '14', 'มาก', '4', '63006');
INSERT INTO `qstn_answer` VALUES ('349', '1', '6', '2', '4', '47', '2', '14', 'มาก', '4', '63006');
INSERT INTO `qstn_answer` VALUES ('350', '1', '6', '2', '5', '48', '2', '14', 'มาก', '4', '63006');
INSERT INTO `qstn_answer` VALUES ('351', '1', '6', '2', '5', '49', '2', '14', 'มาก', '4', '63006');
INSERT INTO `qstn_answer` VALUES ('352', '1', '6', '2', '5', '50', '2', '14', 'มาก', '4', '63006');
INSERT INTO `qstn_answer` VALUES ('353', '1', '6', '2', '5', '51', '2', '14', 'มาก', '4', '63006');
INSERT INTO `qstn_answer` VALUES ('354', '1', '6', '2', '5', '52', '2', '14', 'มาก', '4', '63006');
INSERT INTO `qstn_answer` VALUES ('355', '1', '6', '2', '5', '53', '2', '14', 'มาก', '4', '63006');
INSERT INTO `qstn_answer` VALUES ('356', '1', '6', '2', '6', '54', '2', '14', 'มาก', '4', '63006');
INSERT INTO `qstn_answer` VALUES ('357', '1', '6', '2', '6', '55', '2', '14', 'มาก', '4', '63006');
INSERT INTO `qstn_answer` VALUES ('358', '1', '6', '2', '6', '56', '2', '14', 'มาก', '4', '63006');
INSERT INTO `qstn_answer` VALUES ('359', '1', '6', '2', '6', '57', '2', '14', 'มาก', '4', '63006');
INSERT INTO `qstn_answer` VALUES ('360', '1', '6', '2', '6', '58', '2', '14', 'มาก', '4', '63006');
INSERT INTO `qstn_answer` VALUES ('361', '1', '6', '2', '6', '59', '2', '14', 'มาก', '4', '63006');
INSERT INTO `qstn_answer` VALUES ('362', '1', '6', '2', '6', '60', '2', '14', 'มาก', '4', '63006');
INSERT INTO `qstn_answer` VALUES ('363', '1', '6', '2', '7', '61', '2', '14', 'มาก', '4', '63006');
INSERT INTO `qstn_answer` VALUES ('364', '1', '6', '2', '7', '62', '2', '14', 'มาก', '4', '63006');
INSERT INTO `qstn_answer` VALUES ('365', '1', '6', '2', '7', '63', '2', '14', 'มาก', '4', '63006');
INSERT INTO `qstn_answer` VALUES ('366', '1', '6', '2', '7', '64', '2', '14', 'มาก', '4', '63006');
INSERT INTO `qstn_answer` VALUES ('367', '1', '6', '2', '7', '65', '2', '14', 'มาก', '4', '63006');
INSERT INTO `qstn_answer` VALUES ('368', '1', '6', '2', '7', '66', '2', '14', 'มาก', '4', '63006');
INSERT INTO `qstn_answer` VALUES ('369', '1', '6', '2', '7', '67', '2', '14', 'มาก', '4', '63006');
INSERT INTO `qstn_answer` VALUES ('370', '1', '6', '2', '8', '68', '2', '14', 'มาก', '4', '63006');
INSERT INTO `qstn_answer` VALUES ('371', '1', '6', '2', '8', '69', '2', '14', 'มาก', '4', '63006');
INSERT INTO `qstn_answer` VALUES ('372', '1', '6', '2', '8', '70', '2', '14', 'มาก', '4', '63006');
INSERT INTO `qstn_answer` VALUES ('373', '1', '6', '2', '8', '71', '2', '14', 'มาก', '4', '63006');
INSERT INTO `qstn_answer` VALUES ('374', '1', '6', '2', '8', '72', '2', '14', 'มาก', '4', '63006');
INSERT INTO `qstn_answer` VALUES ('375', '1', '6', '2', '4', '39', '2', '15', 'มากที่สุด', '5', '60001');
INSERT INTO `qstn_answer` VALUES ('376', '1', '6', '2', '4', '40', '2', '15', 'มากที่สุด', '5', '60001');
INSERT INTO `qstn_answer` VALUES ('377', '1', '6', '2', '4', '41', '2', '15', 'มากที่สุด', '5', '60001');
INSERT INTO `qstn_answer` VALUES ('378', '1', '6', '2', '4', '42', '2', '15', 'มากที่สุด', '5', '60001');
INSERT INTO `qstn_answer` VALUES ('379', '1', '6', '2', '4', '43', '2', '15', 'มากที่สุด', '5', '60001');
INSERT INTO `qstn_answer` VALUES ('380', '1', '6', '2', '4', '44', '2', '15', 'มากที่สุด', '5', '60001');
INSERT INTO `qstn_answer` VALUES ('381', '1', '6', '2', '4', '45', '2', '15', 'มากที่สุด', '5', '60001');
INSERT INTO `qstn_answer` VALUES ('382', '1', '6', '2', '4', '46', '2', '15', 'มากที่สุด', '5', '60001');
INSERT INTO `qstn_answer` VALUES ('383', '1', '6', '2', '4', '47', '2', '15', 'มากที่สุด', '5', '60001');
INSERT INTO `qstn_answer` VALUES ('384', '1', '6', '2', '5', '48', '2', '15', 'มากที่สุด', '5', '60001');
INSERT INTO `qstn_answer` VALUES ('385', '1', '6', '2', '5', '49', '2', '15', 'มากที่สุด', '5', '60001');
INSERT INTO `qstn_answer` VALUES ('386', '1', '6', '2', '5', '50', '2', '15', 'มากที่สุด', '5', '60001');
INSERT INTO `qstn_answer` VALUES ('387', '1', '6', '2', '5', '51', '2', '15', 'มากที่สุด', '5', '60001');
INSERT INTO `qstn_answer` VALUES ('388', '1', '6', '2', '5', '52', '2', '15', 'มากที่สุด', '5', '60001');
INSERT INTO `qstn_answer` VALUES ('389', '1', '6', '2', '5', '53', '2', '15', 'มากที่สุด', '5', '60001');
INSERT INTO `qstn_answer` VALUES ('390', '1', '6', '2', '6', '54', '2', '15', 'มากที่สุด', '5', '60001');
INSERT INTO `qstn_answer` VALUES ('391', '1', '6', '2', '6', '55', '2', '15', 'มากที่สุด', '5', '60001');
INSERT INTO `qstn_answer` VALUES ('392', '1', '6', '2', '6', '56', '2', '15', 'มากที่สุด', '5', '60001');
INSERT INTO `qstn_answer` VALUES ('393', '1', '6', '2', '6', '57', '2', '15', 'มากที่สุด', '5', '60001');
INSERT INTO `qstn_answer` VALUES ('394', '1', '6', '2', '6', '58', '2', '15', 'มากที่สุด', '5', '60001');
INSERT INTO `qstn_answer` VALUES ('395', '1', '6', '2', '6', '59', '2', '15', 'มากที่สุด', '5', '60001');
INSERT INTO `qstn_answer` VALUES ('396', '1', '6', '2', '6', '60', '2', '15', 'มากที่สุด', '5', '60001');
INSERT INTO `qstn_answer` VALUES ('397', '1', '6', '2', '7', '61', '2', '15', 'มากที่สุด', '5', '60001');
INSERT INTO `qstn_answer` VALUES ('398', '1', '6', '2', '7', '62', '2', '15', 'มากที่สุด', '5', '60001');
INSERT INTO `qstn_answer` VALUES ('399', '1', '6', '2', '7', '63', '2', '15', 'มากที่สุด', '5', '60001');
INSERT INTO `qstn_answer` VALUES ('400', '1', '6', '2', '7', '64', '2', '15', 'มากที่สุด', '5', '60001');
INSERT INTO `qstn_answer` VALUES ('401', '1', '6', '2', '7', '65', '2', '15', 'มากที่สุด', '5', '60001');
INSERT INTO `qstn_answer` VALUES ('402', '1', '6', '2', '7', '66', '2', '15', 'มากที่สุด', '5', '60001');
INSERT INTO `qstn_answer` VALUES ('403', '1', '6', '2', '7', '67', '2', '15', 'มากที่สุด', '5', '60001');
INSERT INTO `qstn_answer` VALUES ('404', '1', '6', '2', '8', '68', '2', '15', 'มากที่สุด', '5', '60001');
INSERT INTO `qstn_answer` VALUES ('405', '1', '6', '2', '8', '69', '2', '15', 'มากที่สุด', '5', '60001');
INSERT INTO `qstn_answer` VALUES ('406', '1', '6', '2', '8', '70', '2', '15', 'มากที่สุด', '5', '60001');
INSERT INTO `qstn_answer` VALUES ('407', '1', '6', '2', '8', '71', '2', '15', 'มากที่สุด', '5', '60001');
INSERT INTO `qstn_answer` VALUES ('408', '1', '6', '2', '8', '72', '2', '15', 'มากที่สุด', '5', '60001');
INSERT INTO `qstn_answer` VALUES ('409', '1', '6', '2', '4', '39', '2', '15', 'มากที่สุด', '5', '58002');
INSERT INTO `qstn_answer` VALUES ('410', '1', '6', '2', '4', '40', '2', '15', 'มากที่สุด', '5', '58002');
INSERT INTO `qstn_answer` VALUES ('411', '1', '6', '2', '4', '41', '2', '15', 'มากที่สุด', '5', '58002');
INSERT INTO `qstn_answer` VALUES ('412', '1', '6', '2', '4', '42', '2', '15', 'มากที่สุด', '5', '58002');
INSERT INTO `qstn_answer` VALUES ('413', '1', '6', '2', '4', '43', '2', '15', 'มากที่สุด', '5', '58002');
INSERT INTO `qstn_answer` VALUES ('414', '1', '6', '2', '4', '44', '2', '15', 'มากที่สุด', '5', '58002');
INSERT INTO `qstn_answer` VALUES ('415', '1', '6', '2', '4', '45', '2', '15', 'มากที่สุด', '5', '58002');
INSERT INTO `qstn_answer` VALUES ('416', '1', '6', '2', '4', '46', '2', '15', 'มากที่สุด', '5', '58002');
INSERT INTO `qstn_answer` VALUES ('417', '1', '6', '2', '4', '47', '2', '15', 'มากที่สุด', '5', '58002');
INSERT INTO `qstn_answer` VALUES ('418', '1', '6', '2', '5', '48', '2', '15', 'มากที่สุด', '5', '58002');
INSERT INTO `qstn_answer` VALUES ('419', '1', '6', '2', '5', '49', '2', '15', 'มากที่สุด', '5', '58002');
INSERT INTO `qstn_answer` VALUES ('420', '1', '6', '2', '5', '50', '2', '15', 'มากที่สุด', '5', '58002');
INSERT INTO `qstn_answer` VALUES ('421', '1', '6', '2', '5', '51', '2', '15', 'มากที่สุด', '5', '58002');
INSERT INTO `qstn_answer` VALUES ('422', '1', '6', '2', '5', '52', '2', '15', 'มากที่สุด', '5', '58002');
INSERT INTO `qstn_answer` VALUES ('423', '1', '6', '2', '5', '53', '2', '15', 'มากที่สุด', '5', '58002');
INSERT INTO `qstn_answer` VALUES ('424', '1', '6', '2', '6', '54', '2', '15', 'มากที่สุด', '5', '58002');
INSERT INTO `qstn_answer` VALUES ('425', '1', '6', '2', '6', '55', '2', '15', 'มากที่สุด', '5', '58002');
INSERT INTO `qstn_answer` VALUES ('426', '1', '6', '2', '6', '56', '2', '15', 'มากที่สุด', '5', '58002');
INSERT INTO `qstn_answer` VALUES ('427', '1', '6', '2', '6', '57', '2', '15', 'มากที่สุด', '5', '58002');
INSERT INTO `qstn_answer` VALUES ('428', '1', '6', '2', '6', '58', '2', '15', 'มากที่สุด', '5', '58002');
INSERT INTO `qstn_answer` VALUES ('429', '1', '6', '2', '6', '59', '2', '15', 'มากที่สุด', '5', '58002');
INSERT INTO `qstn_answer` VALUES ('430', '1', '6', '2', '6', '60', '2', '15', 'มากที่สุด', '5', '58002');
INSERT INTO `qstn_answer` VALUES ('431', '1', '6', '2', '7', '61', '2', '15', 'มากที่สุด', '5', '58002');
INSERT INTO `qstn_answer` VALUES ('432', '1', '6', '2', '7', '62', '2', '15', 'มากที่สุด', '5', '58002');
INSERT INTO `qstn_answer` VALUES ('433', '1', '6', '2', '7', '63', '2', '15', 'มากที่สุด', '5', '58002');
INSERT INTO `qstn_answer` VALUES ('434', '1', '6', '2', '7', '64', '2', '15', 'มากที่สุด', '5', '58002');
INSERT INTO `qstn_answer` VALUES ('435', '1', '6', '2', '7', '65', '2', '15', 'มากที่สุด', '5', '58002');
INSERT INTO `qstn_answer` VALUES ('436', '1', '6', '2', '7', '66', '2', '15', 'มากที่สุด', '5', '58002');
INSERT INTO `qstn_answer` VALUES ('437', '1', '6', '2', '7', '67', '2', '15', 'มากที่สุด', '5', '58002');
INSERT INTO `qstn_answer` VALUES ('438', '1', '6', '2', '8', '68', '2', '15', 'มากที่สุด', '5', '58002');
INSERT INTO `qstn_answer` VALUES ('439', '1', '6', '2', '8', '69', '2', '15', 'มากที่สุด', '5', '58002');
INSERT INTO `qstn_answer` VALUES ('440', '1', '6', '2', '8', '70', '2', '15', 'มากที่สุด', '5', '58002');
INSERT INTO `qstn_answer` VALUES ('441', '1', '6', '2', '8', '71', '2', '15', 'มากที่สุด', '5', '58002');
INSERT INTO `qstn_answer` VALUES ('442', '1', '6', '2', '8', '72', '2', '15', 'มากที่สุด', '5', '58002');
INSERT INTO `qstn_answer` VALUES ('443', '1', '6', '2', '4', '39', '2', '15', 'มากที่สุด', '5', '63027');
INSERT INTO `qstn_answer` VALUES ('444', '1', '6', '2', '4', '40', '2', '15', 'มากที่สุด', '5', '63027');
INSERT INTO `qstn_answer` VALUES ('445', '1', '6', '2', '4', '41', '2', '15', 'มากที่สุด', '5', '63027');
INSERT INTO `qstn_answer` VALUES ('446', '1', '6', '2', '4', '42', '2', '15', 'มากที่สุด', '5', '63027');
INSERT INTO `qstn_answer` VALUES ('447', '1', '6', '2', '4', '43', '2', '15', 'มากที่สุด', '5', '63027');
INSERT INTO `qstn_answer` VALUES ('448', '1', '6', '2', '4', '44', '2', '15', 'มากที่สุด', '5', '63027');
INSERT INTO `qstn_answer` VALUES ('449', '1', '6', '2', '4', '45', '2', '15', 'มากที่สุด', '5', '63027');
INSERT INTO `qstn_answer` VALUES ('450', '1', '6', '2', '4', '46', '2', '15', 'มากที่สุด', '5', '63027');
INSERT INTO `qstn_answer` VALUES ('451', '1', '6', '2', '4', '47', '2', '15', 'มากที่สุด', '5', '63027');
INSERT INTO `qstn_answer` VALUES ('452', '1', '6', '2', '5', '48', '2', '15', 'มากที่สุด', '5', '63027');
INSERT INTO `qstn_answer` VALUES ('453', '1', '6', '2', '5', '49', '2', '15', 'มากที่สุด', '5', '63027');
INSERT INTO `qstn_answer` VALUES ('454', '1', '6', '2', '5', '50', '2', '15', 'มากที่สุด', '5', '63027');
INSERT INTO `qstn_answer` VALUES ('455', '1', '6', '2', '5', '51', '2', '15', 'มากที่สุด', '5', '63027');
INSERT INTO `qstn_answer` VALUES ('456', '1', '6', '2', '5', '52', '2', '15', 'มากที่สุด', '5', '63027');
INSERT INTO `qstn_answer` VALUES ('457', '1', '6', '2', '5', '53', '2', '15', 'มากที่สุด', '5', '63027');
INSERT INTO `qstn_answer` VALUES ('458', '1', '6', '2', '6', '54', '2', '15', 'มากที่สุด', '5', '63027');
INSERT INTO `qstn_answer` VALUES ('459', '1', '6', '2', '6', '55', '2', '15', 'มากที่สุด', '5', '63027');
INSERT INTO `qstn_answer` VALUES ('460', '1', '6', '2', '6', '56', '2', '15', 'มากที่สุด', '5', '63027');
INSERT INTO `qstn_answer` VALUES ('461', '1', '6', '2', '6', '57', '2', '15', 'มากที่สุด', '5', '63027');
INSERT INTO `qstn_answer` VALUES ('462', '1', '6', '2', '6', '58', '2', '15', 'มากที่สุด', '5', '63027');
INSERT INTO `qstn_answer` VALUES ('463', '1', '6', '2', '6', '59', '2', '15', 'มากที่สุด', '5', '63027');
INSERT INTO `qstn_answer` VALUES ('464', '1', '6', '2', '6', '60', '2', '15', 'มากที่สุด', '5', '63027');
INSERT INTO `qstn_answer` VALUES ('465', '1', '6', '2', '7', '61', '2', '15', 'มากที่สุด', '5', '63027');
INSERT INTO `qstn_answer` VALUES ('466', '1', '6', '2', '7', '62', '2', '15', 'มากที่สุด', '5', '63027');
INSERT INTO `qstn_answer` VALUES ('467', '1', '6', '2', '7', '63', '2', '15', 'มากที่สุด', '5', '63027');
INSERT INTO `qstn_answer` VALUES ('468', '1', '6', '2', '7', '64', '2', '15', 'มากที่สุด', '5', '63027');
INSERT INTO `qstn_answer` VALUES ('469', '1', '6', '2', '7', '65', '2', '15', 'มากที่สุด', '5', '63027');
INSERT INTO `qstn_answer` VALUES ('470', '1', '6', '2', '7', '66', '2', '15', 'มากที่สุด', '5', '63027');
INSERT INTO `qstn_answer` VALUES ('471', '1', '6', '2', '7', '67', '2', '15', 'มากที่สุด', '5', '63027');
INSERT INTO `qstn_answer` VALUES ('472', '1', '6', '2', '8', '68', '2', '15', 'มากที่สุด', '5', '63027');
INSERT INTO `qstn_answer` VALUES ('473', '1', '6', '2', '8', '69', '2', '15', 'มากที่สุด', '5', '63027');
INSERT INTO `qstn_answer` VALUES ('474', '1', '6', '2', '8', '70', '2', '15', 'มากที่สุด', '5', '63027');
INSERT INTO `qstn_answer` VALUES ('475', '1', '6', '2', '8', '71', '2', '15', 'มากที่สุด', '5', '63027');
INSERT INTO `qstn_answer` VALUES ('476', '1', '6', '2', '8', '72', '2', '15', 'มากที่สุด', '5', '63027');
INSERT INTO `qstn_answer` VALUES ('477', '1', '6', '2', '4', '39', '2', '13', 'ปานกลาง', '3', '62019');
INSERT INTO `qstn_answer` VALUES ('478', '1', '6', '2', '4', '40', '2', '13', 'ปานกลาง', '3', '62019');
INSERT INTO `qstn_answer` VALUES ('479', '1', '6', '2', '4', '41', '2', '13', 'ปานกลาง', '3', '62019');
INSERT INTO `qstn_answer` VALUES ('480', '1', '6', '2', '4', '42', '2', '13', 'ปานกลาง', '3', '62019');
INSERT INTO `qstn_answer` VALUES ('481', '1', '6', '2', '4', '43', '2', '13', 'ปานกลาง', '3', '62019');
INSERT INTO `qstn_answer` VALUES ('482', '1', '6', '2', '4', '44', '2', '13', 'ปานกลาง', '3', '62019');
INSERT INTO `qstn_answer` VALUES ('483', '1', '6', '2', '4', '45', '2', '13', 'ปานกลาง', '3', '62019');
INSERT INTO `qstn_answer` VALUES ('484', '1', '6', '2', '4', '46', '2', '13', 'ปานกลาง', '3', '62019');
INSERT INTO `qstn_answer` VALUES ('485', '1', '6', '2', '4', '47', '2', '13', 'ปานกลาง', '3', '62019');
INSERT INTO `qstn_answer` VALUES ('486', '1', '6', '2', '5', '48', '2', '13', 'ปานกลาง', '3', '62019');
INSERT INTO `qstn_answer` VALUES ('487', '1', '6', '2', '5', '49', '2', '13', 'ปานกลาง', '3', '62019');
INSERT INTO `qstn_answer` VALUES ('488', '1', '6', '2', '5', '50', '2', '13', 'ปานกลาง', '3', '62019');
INSERT INTO `qstn_answer` VALUES ('489', '1', '6', '2', '5', '51', '2', '13', 'ปานกลาง', '3', '62019');
INSERT INTO `qstn_answer` VALUES ('490', '1', '6', '2', '5', '52', '2', '13', 'ปานกลาง', '3', '62019');
INSERT INTO `qstn_answer` VALUES ('491', '1', '6', '2', '5', '53', '2', '13', 'ปานกลาง', '3', '62019');
INSERT INTO `qstn_answer` VALUES ('492', '1', '6', '2', '6', '54', '2', '13', 'ปานกลาง', '3', '62019');
INSERT INTO `qstn_answer` VALUES ('493', '1', '6', '2', '6', '55', '2', '13', 'ปานกลาง', '3', '62019');
INSERT INTO `qstn_answer` VALUES ('494', '1', '6', '2', '6', '56', '2', '13', 'ปานกลาง', '3', '62019');
INSERT INTO `qstn_answer` VALUES ('495', '1', '6', '2', '6', '57', '2', '13', 'ปานกลาง', '3', '62019');
INSERT INTO `qstn_answer` VALUES ('496', '1', '6', '2', '6', '58', '2', '14', 'มาก', '4', '62019');
INSERT INTO `qstn_answer` VALUES ('497', '1', '6', '2', '6', '59', '2', '13', 'ปานกลาง', '3', '62019');
INSERT INTO `qstn_answer` VALUES ('498', '1', '6', '2', '6', '60', '2', '13', 'ปานกลาง', '3', '62019');
INSERT INTO `qstn_answer` VALUES ('499', '1', '6', '2', '7', '61', '2', '13', 'ปานกลาง', '3', '62019');
INSERT INTO `qstn_answer` VALUES ('500', '1', '6', '2', '7', '62', '2', '13', 'ปานกลาง', '3', '62019');
INSERT INTO `qstn_answer` VALUES ('501', '1', '6', '2', '7', '63', '2', '13', 'ปานกลาง', '3', '62019');
INSERT INTO `qstn_answer` VALUES ('502', '1', '6', '2', '7', '64', '2', '13', 'ปานกลาง', '3', '62019');
INSERT INTO `qstn_answer` VALUES ('503', '1', '6', '2', '7', '65', '2', '13', 'ปานกลาง', '3', '62019');
INSERT INTO `qstn_answer` VALUES ('504', '1', '6', '2', '7', '66', '2', '13', 'ปานกลาง', '3', '62019');
INSERT INTO `qstn_answer` VALUES ('505', '1', '6', '2', '7', '67', '2', '13', 'ปานกลาง', '3', '62019');
INSERT INTO `qstn_answer` VALUES ('506', '1', '6', '2', '8', '68', '2', '13', 'ปานกลาง', '3', '62019');
INSERT INTO `qstn_answer` VALUES ('507', '1', '6', '2', '8', '69', '2', '13', 'ปานกลาง', '3', '62019');
INSERT INTO `qstn_answer` VALUES ('508', '1', '6', '2', '8', '70', '2', '13', 'ปานกลาง', '3', '62019');
INSERT INTO `qstn_answer` VALUES ('509', '1', '6', '2', '8', '71', '2', '13', 'ปานกลาง', '3', '62019');
INSERT INTO `qstn_answer` VALUES ('510', '1', '6', '2', '8', '72', '2', '13', 'ปานกลาง', '3', '62019');
INSERT INTO `qstn_answer` VALUES ('511', '1', '6', '2', '4', '39', '2', '15', 'มากที่สุด', '5', '56020');
INSERT INTO `qstn_answer` VALUES ('512', '1', '6', '2', '4', '40', '2', '15', 'มากที่สุด', '5', '56020');
INSERT INTO `qstn_answer` VALUES ('513', '1', '6', '2', '4', '41', '2', '15', 'มากที่สุด', '5', '56020');
INSERT INTO `qstn_answer` VALUES ('514', '1', '6', '2', '4', '42', '2', '15', 'มากที่สุด', '5', '56020');
INSERT INTO `qstn_answer` VALUES ('515', '1', '6', '2', '4', '43', '2', '15', 'มากที่สุด', '5', '56020');
INSERT INTO `qstn_answer` VALUES ('516', '1', '6', '2', '4', '44', '2', '15', 'มากที่สุด', '5', '56020');
INSERT INTO `qstn_answer` VALUES ('517', '1', '6', '2', '4', '45', '2', '15', 'มากที่สุด', '5', '56020');
INSERT INTO `qstn_answer` VALUES ('518', '1', '6', '2', '4', '46', '2', '15', 'มากที่สุด', '5', '56020');
INSERT INTO `qstn_answer` VALUES ('519', '1', '6', '2', '4', '47', '2', '15', 'มากที่สุด', '5', '56020');
INSERT INTO `qstn_answer` VALUES ('520', '1', '6', '2', '5', '48', '2', '15', 'มากที่สุด', '5', '56020');
INSERT INTO `qstn_answer` VALUES ('521', '1', '6', '2', '5', '49', '2', '14', 'มาก', '4', '56020');
INSERT INTO `qstn_answer` VALUES ('522', '1', '6', '2', '5', '50', '2', '15', 'มากที่สุด', '5', '56020');
INSERT INTO `qstn_answer` VALUES ('523', '1', '6', '2', '5', '51', '2', '14', 'มาก', '4', '56020');
INSERT INTO `qstn_answer` VALUES ('524', '1', '6', '2', '5', '52', '2', '15', 'มากที่สุด', '5', '56020');
INSERT INTO `qstn_answer` VALUES ('525', '1', '6', '2', '5', '53', '2', '14', 'มาก', '4', '56020');
INSERT INTO `qstn_answer` VALUES ('526', '1', '6', '2', '6', '54', '2', '15', 'มากที่สุด', '5', '56020');
INSERT INTO `qstn_answer` VALUES ('527', '1', '6', '2', '6', '55', '2', '15', 'มากที่สุด', '5', '56020');
INSERT INTO `qstn_answer` VALUES ('528', '1', '6', '2', '6', '56', '2', '15', 'มากที่สุด', '5', '56020');
INSERT INTO `qstn_answer` VALUES ('529', '1', '6', '2', '6', '57', '2', '14', 'มาก', '4', '56020');
INSERT INTO `qstn_answer` VALUES ('530', '1', '6', '2', '6', '58', '2', '15', 'มากที่สุด', '5', '56020');
INSERT INTO `qstn_answer` VALUES ('531', '1', '6', '2', '6', '59', '2', '14', 'มาก', '4', '56020');
INSERT INTO `qstn_answer` VALUES ('532', '1', '6', '2', '6', '60', '2', '15', 'มากที่สุด', '5', '56020');
INSERT INTO `qstn_answer` VALUES ('533', '1', '6', '2', '7', '61', '2', '15', 'มากที่สุด', '5', '56020');
INSERT INTO `qstn_answer` VALUES ('534', '1', '6', '2', '7', '62', '2', '15', 'มากที่สุด', '5', '56020');
INSERT INTO `qstn_answer` VALUES ('535', '1', '6', '2', '7', '63', '2', '15', 'มากที่สุด', '5', '56020');
INSERT INTO `qstn_answer` VALUES ('536', '1', '6', '2', '7', '64', '2', '15', 'มากที่สุด', '5', '56020');
INSERT INTO `qstn_answer` VALUES ('537', '1', '6', '2', '7', '65', '2', '15', 'มากที่สุด', '5', '56020');
INSERT INTO `qstn_answer` VALUES ('538', '1', '6', '2', '7', '66', '2', '15', 'มากที่สุด', '5', '56020');
INSERT INTO `qstn_answer` VALUES ('539', '1', '6', '2', '7', '67', '2', '15', 'มากที่สุด', '5', '56020');
INSERT INTO `qstn_answer` VALUES ('540', '1', '6', '2', '8', '68', '2', '15', 'มากที่สุด', '5', '56020');
INSERT INTO `qstn_answer` VALUES ('541', '1', '6', '2', '8', '69', '2', '15', 'มากที่สุด', '5', '56020');
INSERT INTO `qstn_answer` VALUES ('542', '1', '6', '2', '8', '70', '2', '15', 'มากที่สุด', '5', '56020');
INSERT INTO `qstn_answer` VALUES ('543', '1', '6', '2', '8', '71', '2', '15', 'มากที่สุด', '5', '56020');
INSERT INTO `qstn_answer` VALUES ('544', '1', '6', '2', '8', '72', '2', '15', 'มากที่สุด', '5', '56020');
INSERT INTO `qstn_answer` VALUES ('545', '1', '6', '2', '4', '39', '2', '13', 'ปานกลาง', '3', '62046');
INSERT INTO `qstn_answer` VALUES ('546', '1', '6', '2', '4', '40', '2', '14', 'มาก', '4', '62046');
INSERT INTO `qstn_answer` VALUES ('547', '1', '6', '2', '4', '41', '2', '14', 'มาก', '4', '62046');
INSERT INTO `qstn_answer` VALUES ('548', '1', '6', '2', '4', '42', '2', '14', 'มาก', '4', '62046');
INSERT INTO `qstn_answer` VALUES ('549', '1', '6', '2', '4', '43', '2', '14', 'มาก', '4', '62046');
INSERT INTO `qstn_answer` VALUES ('550', '1', '6', '2', '4', '44', '2', '13', 'ปานกลาง', '3', '62046');
INSERT INTO `qstn_answer` VALUES ('551', '1', '6', '2', '4', '45', '2', '14', 'มาก', '4', '62046');
INSERT INTO `qstn_answer` VALUES ('552', '1', '6', '2', '4', '46', '2', '14', 'มาก', '4', '62046');
INSERT INTO `qstn_answer` VALUES ('553', '1', '6', '2', '4', '47', '2', '13', 'ปานกลาง', '3', '62046');
INSERT INTO `qstn_answer` VALUES ('554', '1', '6', '2', '5', '48', '2', '15', 'มากที่สุด', '5', '62046');
INSERT INTO `qstn_answer` VALUES ('555', '1', '6', '2', '5', '49', '2', '13', 'ปานกลาง', '3', '62046');
INSERT INTO `qstn_answer` VALUES ('556', '1', '6', '2', '5', '50', '2', '14', 'มาก', '4', '62046');
INSERT INTO `qstn_answer` VALUES ('557', '1', '6', '2', '5', '51', '2', '13', 'ปานกลาง', '3', '62046');
INSERT INTO `qstn_answer` VALUES ('558', '1', '6', '2', '5', '52', '2', '14', 'มาก', '4', '62046');
INSERT INTO `qstn_answer` VALUES ('559', '1', '6', '2', '5', '53', '2', '14', 'มาก', '4', '62046');
INSERT INTO `qstn_answer` VALUES ('560', '1', '6', '2', '6', '54', '2', '15', 'มากที่สุด', '5', '62046');
INSERT INTO `qstn_answer` VALUES ('561', '1', '6', '2', '6', '55', '2', '13', 'ปานกลาง', '3', '62046');
INSERT INTO `qstn_answer` VALUES ('562', '1', '6', '2', '6', '56', '2', '14', 'มาก', '4', '62046');
INSERT INTO `qstn_answer` VALUES ('563', '1', '6', '2', '6', '57', '2', '14', 'มาก', '4', '62046');
INSERT INTO `qstn_answer` VALUES ('564', '1', '6', '2', '6', '58', '2', '13', 'ปานกลาง', '3', '62046');
INSERT INTO `qstn_answer` VALUES ('565', '1', '6', '2', '6', '59', '2', '13', 'ปานกลาง', '3', '62046');
INSERT INTO `qstn_answer` VALUES ('566', '1', '6', '2', '6', '60', '2', '13', 'ปานกลาง', '3', '62046');
INSERT INTO `qstn_answer` VALUES ('567', '1', '6', '2', '7', '61', '2', '14', 'มาก', '4', '62046');
INSERT INTO `qstn_answer` VALUES ('568', '1', '6', '2', '7', '62', '2', '13', 'ปานกลาง', '3', '62046');
INSERT INTO `qstn_answer` VALUES ('569', '1', '6', '2', '7', '63', '2', '13', 'ปานกลาง', '3', '62046');
INSERT INTO `qstn_answer` VALUES ('570', '1', '6', '2', '7', '64', '2', '13', 'ปานกลาง', '3', '62046');
INSERT INTO `qstn_answer` VALUES ('571', '1', '6', '2', '7', '65', '2', '14', 'มาก', '4', '62046');
INSERT INTO `qstn_answer` VALUES ('572', '1', '6', '2', '7', '66', '2', '13', 'ปานกลาง', '3', '62046');
INSERT INTO `qstn_answer` VALUES ('573', '1', '6', '2', '7', '67', '2', '13', 'ปานกลาง', '3', '62046');
INSERT INTO `qstn_answer` VALUES ('574', '1', '6', '2', '8', '68', '2', '14', 'มาก', '4', '62046');
INSERT INTO `qstn_answer` VALUES ('575', '1', '6', '2', '8', '69', '2', '13', 'ปานกลาง', '3', '62046');
INSERT INTO `qstn_answer` VALUES ('576', '1', '6', '2', '8', '70', '2', '14', 'มาก', '4', '62046');
INSERT INTO `qstn_answer` VALUES ('577', '1', '6', '2', '8', '71', '2', '14', 'มาก', '4', '62046');
INSERT INTO `qstn_answer` VALUES ('578', '1', '6', '2', '8', '72', '2', '14', 'มาก', '4', '62046');
INSERT INTO `qstn_answer` VALUES ('579', '1', '6', '2', '4', '39', '2', '15', 'มากที่สุด', '5', '62050');
INSERT INTO `qstn_answer` VALUES ('580', '1', '6', '2', '4', '40', '2', '15', 'มากที่สุด', '5', '62050');
INSERT INTO `qstn_answer` VALUES ('581', '1', '6', '2', '4', '41', '2', '15', 'มากที่สุด', '5', '62050');
INSERT INTO `qstn_answer` VALUES ('582', '1', '6', '2', '4', '42', '2', '15', 'มากที่สุด', '5', '62050');
INSERT INTO `qstn_answer` VALUES ('583', '1', '6', '2', '4', '43', '2', '14', 'มาก', '4', '62050');
INSERT INTO `qstn_answer` VALUES ('584', '1', '6', '2', '4', '44', '2', '15', 'มากที่สุด', '5', '62050');
INSERT INTO `qstn_answer` VALUES ('585', '1', '6', '2', '4', '45', '2', '15', 'มากที่สุด', '5', '62050');
INSERT INTO `qstn_answer` VALUES ('586', '1', '6', '2', '4', '46', '2', '15', 'มากที่สุด', '5', '62050');
INSERT INTO `qstn_answer` VALUES ('587', '1', '6', '2', '4', '47', '2', '15', 'มากที่สุด', '5', '62050');
INSERT INTO `qstn_answer` VALUES ('588', '1', '6', '2', '5', '48', '2', '15', 'มากที่สุด', '5', '62050');
INSERT INTO `qstn_answer` VALUES ('589', '1', '6', '2', '5', '49', '2', '15', 'มากที่สุด', '5', '62050');
INSERT INTO `qstn_answer` VALUES ('590', '1', '6', '2', '5', '50', '2', '15', 'มากที่สุด', '5', '62050');
INSERT INTO `qstn_answer` VALUES ('591', '1', '6', '2', '5', '51', '2', '15', 'มากที่สุด', '5', '62050');
INSERT INTO `qstn_answer` VALUES ('592', '1', '6', '2', '5', '52', '2', '15', 'มากที่สุด', '5', '62050');
INSERT INTO `qstn_answer` VALUES ('593', '1', '6', '2', '5', '53', '2', '15', 'มากที่สุด', '5', '62050');
INSERT INTO `qstn_answer` VALUES ('594', '1', '6', '2', '6', '54', '2', '15', 'มากที่สุด', '5', '62050');
INSERT INTO `qstn_answer` VALUES ('595', '1', '6', '2', '6', '55', '2', '15', 'มากที่สุด', '5', '62050');
INSERT INTO `qstn_answer` VALUES ('596', '1', '6', '2', '6', '56', '2', '14', 'มาก', '4', '62050');
INSERT INTO `qstn_answer` VALUES ('597', '1', '6', '2', '6', '57', '2', '15', 'มากที่สุด', '5', '62050');
INSERT INTO `qstn_answer` VALUES ('598', '1', '6', '2', '6', '58', '2', '15', 'มากที่สุด', '5', '62050');
INSERT INTO `qstn_answer` VALUES ('599', '1', '6', '2', '6', '59', '2', '15', 'มากที่สุด', '5', '62050');
INSERT INTO `qstn_answer` VALUES ('600', '1', '6', '2', '6', '60', '2', '15', 'มากที่สุด', '5', '62050');
INSERT INTO `qstn_answer` VALUES ('601', '1', '6', '2', '7', '61', '2', '15', 'มากที่สุด', '5', '62050');
INSERT INTO `qstn_answer` VALUES ('602', '1', '6', '2', '7', '62', '2', '15', 'มากที่สุด', '5', '62050');
INSERT INTO `qstn_answer` VALUES ('603', '1', '6', '2', '7', '63', '2', '15', 'มากที่สุด', '5', '62050');
INSERT INTO `qstn_answer` VALUES ('604', '1', '6', '2', '7', '64', '2', '15', 'มากที่สุด', '5', '62050');
INSERT INTO `qstn_answer` VALUES ('605', '1', '6', '2', '7', '65', '2', '15', 'มากที่สุด', '5', '62050');
INSERT INTO `qstn_answer` VALUES ('606', '1', '6', '2', '7', '66', '2', '15', 'มากที่สุด', '5', '62050');
INSERT INTO `qstn_answer` VALUES ('607', '1', '6', '2', '7', '67', '2', '15', 'มากที่สุด', '5', '62050');
INSERT INTO `qstn_answer` VALUES ('608', '1', '6', '2', '8', '68', '2', '15', 'มากที่สุด', '5', '62050');
INSERT INTO `qstn_answer` VALUES ('609', '1', '6', '2', '8', '69', '2', '15', 'มากที่สุด', '5', '62050');
INSERT INTO `qstn_answer` VALUES ('610', '1', '6', '2', '8', '70', '2', '15', 'มากที่สุด', '5', '62050');
INSERT INTO `qstn_answer` VALUES ('611', '1', '6', '2', '8', '71', '2', '15', 'มากที่สุด', '5', '62050');
INSERT INTO `qstn_answer` VALUES ('612', '1', '6', '2', '8', '72', '2', '15', 'มากที่สุด', '5', '62050');
INSERT INTO `qstn_answer` VALUES ('613', '1', '6', '2', '4', '39', '2', '13', 'ปานกลาง', '3', '62011');
INSERT INTO `qstn_answer` VALUES ('614', '1', '6', '2', '4', '40', '2', '13', 'ปานกลาง', '3', '62011');
INSERT INTO `qstn_answer` VALUES ('615', '1', '6', '2', '4', '41', '2', '13', 'ปานกลาง', '3', '62011');
INSERT INTO `qstn_answer` VALUES ('616', '1', '6', '2', '4', '42', '2', '13', 'ปานกลาง', '3', '62011');
INSERT INTO `qstn_answer` VALUES ('617', '1', '6', '2', '4', '43', '2', '13', 'ปานกลาง', '3', '62011');
INSERT INTO `qstn_answer` VALUES ('618', '1', '6', '2', '4', '44', '2', '13', 'ปานกลาง', '3', '62011');
INSERT INTO `qstn_answer` VALUES ('619', '1', '6', '2', '4', '45', '2', '13', 'ปานกลาง', '3', '62011');
INSERT INTO `qstn_answer` VALUES ('620', '1', '6', '2', '4', '46', '2', '13', 'ปานกลาง', '3', '62011');
INSERT INTO `qstn_answer` VALUES ('621', '1', '6', '2', '4', '47', '2', '13', 'ปานกลาง', '3', '62011');
INSERT INTO `qstn_answer` VALUES ('622', '1', '6', '2', '5', '48', '2', '14', 'มาก', '4', '62011');
INSERT INTO `qstn_answer` VALUES ('623', '1', '6', '2', '5', '49', '2', '13', 'ปานกลาง', '3', '62011');
INSERT INTO `qstn_answer` VALUES ('624', '1', '6', '2', '5', '50', '2', '12', 'น้อย', '2', '62011');
INSERT INTO `qstn_answer` VALUES ('625', '1', '6', '2', '5', '51', '2', '13', 'ปานกลาง', '3', '62011');
INSERT INTO `qstn_answer` VALUES ('626', '1', '6', '2', '5', '52', '2', '13', 'ปานกลาง', '3', '62011');
INSERT INTO `qstn_answer` VALUES ('627', '1', '6', '2', '5', '53', '2', '13', 'ปานกลาง', '3', '62011');
INSERT INTO `qstn_answer` VALUES ('628', '1', '6', '2', '6', '54', '2', '12', 'น้อย', '2', '62011');
INSERT INTO `qstn_answer` VALUES ('629', '1', '6', '2', '6', '55', '2', '12', 'น้อย', '2', '62011');
INSERT INTO `qstn_answer` VALUES ('630', '1', '6', '2', '6', '56', '2', '12', 'น้อย', '2', '62011');
INSERT INTO `qstn_answer` VALUES ('631', '1', '6', '2', '6', '57', '2', '12', 'น้อย', '2', '62011');
INSERT INTO `qstn_answer` VALUES ('632', '1', '6', '2', '6', '58', '2', '13', 'ปานกลาง', '3', '62011');
INSERT INTO `qstn_answer` VALUES ('633', '1', '6', '2', '6', '59', '2', '12', 'น้อย', '2', '62011');
INSERT INTO `qstn_answer` VALUES ('634', '1', '6', '2', '6', '60', '2', '12', 'น้อย', '2', '62011');
INSERT INTO `qstn_answer` VALUES ('635', '1', '6', '2', '7', '61', '2', '13', 'ปานกลาง', '3', '62011');
INSERT INTO `qstn_answer` VALUES ('636', '1', '6', '2', '7', '62', '2', '13', 'ปานกลาง', '3', '62011');
INSERT INTO `qstn_answer` VALUES ('637', '1', '6', '2', '7', '63', '2', '13', 'ปานกลาง', '3', '62011');
INSERT INTO `qstn_answer` VALUES ('638', '1', '6', '2', '7', '64', '2', '15', 'มากที่สุด', '5', '62011');
INSERT INTO `qstn_answer` VALUES ('639', '1', '6', '2', '7', '65', '2', '13', 'ปานกลาง', '3', '62011');
INSERT INTO `qstn_answer` VALUES ('640', '1', '6', '2', '7', '66', '2', '13', 'ปานกลาง', '3', '62011');
INSERT INTO `qstn_answer` VALUES ('641', '1', '6', '2', '7', '67', '2', '12', 'น้อย', '2', '62011');
INSERT INTO `qstn_answer` VALUES ('642', '1', '6', '2', '8', '68', '2', '12', 'น้อย', '2', '62011');
INSERT INTO `qstn_answer` VALUES ('643', '1', '6', '2', '8', '69', '2', '13', 'ปานกลาง', '3', '62011');
INSERT INTO `qstn_answer` VALUES ('644', '1', '6', '2', '8', '70', '2', '13', 'ปานกลาง', '3', '62011');
INSERT INTO `qstn_answer` VALUES ('645', '1', '6', '2', '8', '71', '2', '13', 'ปานกลาง', '3', '62011');
INSERT INTO `qstn_answer` VALUES ('646', '1', '6', '2', '8', '72', '2', '13', 'ปานกลาง', '3', '62011');
INSERT INTO `qstn_answer` VALUES ('647', '1', '6', '2', '4', '39', '2', '14', 'มาก', '4', '60024');
INSERT INTO `qstn_answer` VALUES ('648', '1', '6', '2', '4', '40', '2', '14', 'มาก', '4', '60024');
INSERT INTO `qstn_answer` VALUES ('649', '1', '6', '2', '4', '41', '2', '14', 'มาก', '4', '60024');
INSERT INTO `qstn_answer` VALUES ('650', '1', '6', '2', '4', '42', '2', '14', 'มาก', '4', '60024');
INSERT INTO `qstn_answer` VALUES ('651', '1', '6', '2', '4', '43', '2', '14', 'มาก', '4', '60024');
INSERT INTO `qstn_answer` VALUES ('652', '1', '6', '2', '4', '44', '2', '14', 'มาก', '4', '60024');
INSERT INTO `qstn_answer` VALUES ('653', '1', '6', '2', '4', '45', '2', '14', 'มาก', '4', '60024');
INSERT INTO `qstn_answer` VALUES ('654', '1', '6', '2', '4', '46', '2', '14', 'มาก', '4', '60024');
INSERT INTO `qstn_answer` VALUES ('655', '1', '6', '2', '4', '47', '2', '14', 'มาก', '4', '60024');
INSERT INTO `qstn_answer` VALUES ('656', '1', '6', '2', '5', '48', '2', '14', 'มาก', '4', '60024');
INSERT INTO `qstn_answer` VALUES ('657', '1', '6', '2', '5', '49', '2', '14', 'มาก', '4', '60024');
INSERT INTO `qstn_answer` VALUES ('658', '1', '6', '2', '5', '50', '2', '14', 'มาก', '4', '60024');
INSERT INTO `qstn_answer` VALUES ('659', '1', '6', '2', '5', '51', '2', '14', 'มาก', '4', '60024');
INSERT INTO `qstn_answer` VALUES ('660', '1', '6', '2', '5', '52', '2', '14', 'มาก', '4', '60024');
INSERT INTO `qstn_answer` VALUES ('661', '1', '6', '2', '5', '53', '2', '14', 'มาก', '4', '60024');
INSERT INTO `qstn_answer` VALUES ('662', '1', '6', '2', '6', '54', '2', '14', 'มาก', '4', '60024');
INSERT INTO `qstn_answer` VALUES ('663', '1', '6', '2', '6', '55', '2', '14', 'มาก', '4', '60024');
INSERT INTO `qstn_answer` VALUES ('664', '1', '6', '2', '6', '56', '2', '14', 'มาก', '4', '60024');
INSERT INTO `qstn_answer` VALUES ('665', '1', '6', '2', '6', '57', '2', '14', 'มาก', '4', '60024');
INSERT INTO `qstn_answer` VALUES ('666', '1', '6', '2', '6', '58', '2', '14', 'มาก', '4', '60024');
INSERT INTO `qstn_answer` VALUES ('667', '1', '6', '2', '6', '59', '2', '14', 'มาก', '4', '60024');
INSERT INTO `qstn_answer` VALUES ('668', '1', '6', '2', '6', '60', '2', '14', 'มาก', '4', '60024');
INSERT INTO `qstn_answer` VALUES ('669', '1', '6', '2', '7', '61', '2', '14', 'มาก', '4', '60024');
INSERT INTO `qstn_answer` VALUES ('670', '1', '6', '2', '7', '62', '2', '14', 'มาก', '4', '60024');
INSERT INTO `qstn_answer` VALUES ('671', '1', '6', '2', '7', '63', '2', '14', 'มาก', '4', '60024');
INSERT INTO `qstn_answer` VALUES ('672', '1', '6', '2', '7', '64', '2', '14', 'มาก', '4', '60024');
INSERT INTO `qstn_answer` VALUES ('673', '1', '6', '2', '7', '65', '2', '14', 'มาก', '4', '60024');
INSERT INTO `qstn_answer` VALUES ('674', '1', '6', '2', '7', '66', '2', '14', 'มาก', '4', '60024');
INSERT INTO `qstn_answer` VALUES ('675', '1', '6', '2', '7', '67', '2', '14', 'มาก', '4', '60024');
INSERT INTO `qstn_answer` VALUES ('676', '1', '6', '2', '8', '68', '2', '14', 'มาก', '4', '60024');
INSERT INTO `qstn_answer` VALUES ('677', '1', '6', '2', '8', '69', '2', '14', 'มาก', '4', '60024');
INSERT INTO `qstn_answer` VALUES ('678', '1', '6', '2', '8', '70', '2', '14', 'มาก', '4', '60024');
INSERT INTO `qstn_answer` VALUES ('679', '1', '6', '2', '8', '71', '2', '14', 'มาก', '4', '60024');
INSERT INTO `qstn_answer` VALUES ('680', '1', '6', '2', '8', '72', '2', '14', 'มาก', '4', '60024');
INSERT INTO `qstn_answer` VALUES ('681', '1', '6', '2', '4', '39', '2', '14', 'มาก', '4', '61055');
INSERT INTO `qstn_answer` VALUES ('682', '1', '6', '2', '4', '40', '2', '14', 'มาก', '4', '61055');
INSERT INTO `qstn_answer` VALUES ('683', '1', '6', '2', '4', '41', '2', '14', 'มาก', '4', '61055');
INSERT INTO `qstn_answer` VALUES ('684', '1', '6', '2', '4', '42', '2', '14', 'มาก', '4', '61055');
INSERT INTO `qstn_answer` VALUES ('685', '1', '6', '2', '4', '43', '2', '14', 'มาก', '4', '61055');
INSERT INTO `qstn_answer` VALUES ('686', '1', '6', '2', '4', '44', '2', '14', 'มาก', '4', '61055');
INSERT INTO `qstn_answer` VALUES ('687', '1', '6', '2', '4', '45', '2', '14', 'มาก', '4', '61055');
INSERT INTO `qstn_answer` VALUES ('688', '1', '6', '2', '4', '46', '2', '14', 'มาก', '4', '61055');
INSERT INTO `qstn_answer` VALUES ('689', '1', '6', '2', '4', '47', '2', '14', 'มาก', '4', '61055');
INSERT INTO `qstn_answer` VALUES ('690', '1', '6', '2', '5', '48', '2', '14', 'มาก', '4', '61055');
INSERT INTO `qstn_answer` VALUES ('691', '1', '6', '2', '5', '49', '2', '13', 'ปานกลาง', '3', '61055');
INSERT INTO `qstn_answer` VALUES ('692', '1', '6', '2', '5', '50', '2', '13', 'ปานกลาง', '3', '61055');
INSERT INTO `qstn_answer` VALUES ('693', '1', '6', '2', '5', '51', '2', '13', 'ปานกลาง', '3', '61055');
INSERT INTO `qstn_answer` VALUES ('694', '1', '6', '2', '5', '52', '2', '14', 'มาก', '4', '61055');
INSERT INTO `qstn_answer` VALUES ('695', '1', '6', '2', '5', '53', '2', '14', 'มาก', '4', '61055');
INSERT INTO `qstn_answer` VALUES ('696', '1', '6', '2', '6', '54', '2', '13', 'ปานกลาง', '3', '61055');
INSERT INTO `qstn_answer` VALUES ('697', '1', '6', '2', '6', '55', '2', '13', 'ปานกลาง', '3', '61055');
INSERT INTO `qstn_answer` VALUES ('698', '1', '6', '2', '6', '56', '2', '13', 'ปานกลาง', '3', '61055');
INSERT INTO `qstn_answer` VALUES ('699', '1', '6', '2', '6', '57', '2', '14', 'มาก', '4', '61055');
INSERT INTO `qstn_answer` VALUES ('700', '1', '6', '2', '6', '58', '2', '15', 'มากที่สุด', '5', '61055');
INSERT INTO `qstn_answer` VALUES ('701', '1', '6', '2', '6', '59', '2', '14', 'มาก', '4', '61055');
INSERT INTO `qstn_answer` VALUES ('702', '1', '6', '2', '6', '60', '2', '14', 'มาก', '4', '61055');
INSERT INTO `qstn_answer` VALUES ('703', '1', '6', '2', '7', '61', '2', '14', 'มาก', '4', '61055');
INSERT INTO `qstn_answer` VALUES ('704', '1', '6', '2', '7', '62', '2', '14', 'มาก', '4', '61055');
INSERT INTO `qstn_answer` VALUES ('705', '1', '6', '2', '7', '63', '2', '14', 'มาก', '4', '61055');
INSERT INTO `qstn_answer` VALUES ('706', '1', '6', '2', '7', '64', '2', '15', 'มากที่สุด', '5', '61055');
INSERT INTO `qstn_answer` VALUES ('707', '1', '6', '2', '7', '65', '2', '13', 'ปานกลาง', '3', '61055');
INSERT INTO `qstn_answer` VALUES ('708', '1', '6', '2', '7', '66', '2', '13', 'ปานกลาง', '3', '61055');
INSERT INTO `qstn_answer` VALUES ('709', '1', '6', '2', '7', '67', '2', '13', 'ปานกลาง', '3', '61055');
INSERT INTO `qstn_answer` VALUES ('710', '1', '6', '2', '8', '68', '2', '14', 'มาก', '4', '61055');
INSERT INTO `qstn_answer` VALUES ('711', '1', '6', '2', '8', '69', '2', '14', 'มาก', '4', '61055');
INSERT INTO `qstn_answer` VALUES ('712', '1', '6', '2', '8', '70', '2', '14', 'มาก', '4', '61055');
INSERT INTO `qstn_answer` VALUES ('713', '1', '6', '2', '8', '71', '2', '14', 'มาก', '4', '61055');
INSERT INTO `qstn_answer` VALUES ('714', '1', '6', '2', '8', '72', '2', '14', 'มาก', '4', '61055');
INSERT INTO `qstn_answer` VALUES ('715', '1', '6', '2', '4', '39', '2', '15', 'มากที่สุด', '5', '57011');
INSERT INTO `qstn_answer` VALUES ('716', '1', '6', '2', '4', '40', '2', '15', 'มากที่สุด', '5', '57011');
INSERT INTO `qstn_answer` VALUES ('717', '1', '6', '2', '4', '41', '2', '15', 'มากที่สุด', '5', '57011');
INSERT INTO `qstn_answer` VALUES ('718', '1', '6', '2', '4', '42', '2', '15', 'มากที่สุด', '5', '57011');
INSERT INTO `qstn_answer` VALUES ('719', '1', '6', '2', '4', '43', '2', '15', 'มากที่สุด', '5', '57011');
INSERT INTO `qstn_answer` VALUES ('720', '1', '6', '2', '4', '44', '2', '15', 'มากที่สุด', '5', '57011');
INSERT INTO `qstn_answer` VALUES ('721', '1', '6', '2', '4', '45', '2', '15', 'มากที่สุด', '5', '57011');
INSERT INTO `qstn_answer` VALUES ('722', '1', '6', '2', '4', '46', '2', '15', 'มากที่สุด', '5', '57011');
INSERT INTO `qstn_answer` VALUES ('723', '1', '6', '2', '4', '47', '2', '15', 'มากที่สุด', '5', '57011');
INSERT INTO `qstn_answer` VALUES ('724', '1', '6', '2', '5', '48', '2', '15', 'มากที่สุด', '5', '57011');
INSERT INTO `qstn_answer` VALUES ('725', '1', '6', '2', '5', '49', '2', '15', 'มากที่สุด', '5', '57011');
INSERT INTO `qstn_answer` VALUES ('726', '1', '6', '2', '5', '50', '2', '14', 'มาก', '4', '57011');
INSERT INTO `qstn_answer` VALUES ('727', '1', '6', '2', '5', '51', '2', '14', 'มาก', '4', '57011');
INSERT INTO `qstn_answer` VALUES ('728', '1', '6', '2', '5', '52', '2', '15', 'มากที่สุด', '5', '57011');
INSERT INTO `qstn_answer` VALUES ('729', '1', '6', '2', '5', '53', '2', '14', 'มาก', '4', '57011');
INSERT INTO `qstn_answer` VALUES ('730', '1', '6', '2', '6', '54', '2', '15', 'มากที่สุด', '5', '57011');
INSERT INTO `qstn_answer` VALUES ('731', '1', '6', '2', '6', '55', '2', '15', 'มากที่สุด', '5', '57011');
INSERT INTO `qstn_answer` VALUES ('732', '1', '6', '2', '6', '56', '2', '15', 'มากที่สุด', '5', '57011');
INSERT INTO `qstn_answer` VALUES ('733', '1', '6', '2', '6', '57', '2', '15', 'มากที่สุด', '5', '57011');
INSERT INTO `qstn_answer` VALUES ('734', '1', '6', '2', '6', '58', '2', '15', 'มากที่สุด', '5', '57011');
INSERT INTO `qstn_answer` VALUES ('735', '1', '6', '2', '6', '59', '2', '15', 'มากที่สุด', '5', '57011');
INSERT INTO `qstn_answer` VALUES ('736', '1', '6', '2', '6', '60', '2', '15', 'มากที่สุด', '5', '57011');
INSERT INTO `qstn_answer` VALUES ('737', '1', '6', '2', '7', '61', '2', '14', 'มาก', '4', '57011');
INSERT INTO `qstn_answer` VALUES ('738', '1', '6', '2', '7', '62', '2', '14', 'มาก', '4', '57011');
INSERT INTO `qstn_answer` VALUES ('739', '1', '6', '2', '7', '63', '2', '14', 'มาก', '4', '57011');
INSERT INTO `qstn_answer` VALUES ('740', '1', '6', '2', '7', '64', '2', '15', 'มากที่สุด', '5', '57011');
INSERT INTO `qstn_answer` VALUES ('741', '1', '6', '2', '7', '65', '2', '14', 'มาก', '4', '57011');
INSERT INTO `qstn_answer` VALUES ('742', '1', '6', '2', '7', '66', '2', '15', 'มากที่สุด', '5', '57011');
INSERT INTO `qstn_answer` VALUES ('743', '1', '6', '2', '7', '67', '2', '15', 'มากที่สุด', '5', '57011');
INSERT INTO `qstn_answer` VALUES ('744', '1', '6', '2', '8', '68', '2', '15', 'มากที่สุด', '5', '57011');
INSERT INTO `qstn_answer` VALUES ('745', '1', '6', '2', '8', '69', '2', '15', 'มากที่สุด', '5', '57011');
INSERT INTO `qstn_answer` VALUES ('746', '1', '6', '2', '8', '70', '2', '15', 'มากที่สุด', '5', '57011');
INSERT INTO `qstn_answer` VALUES ('747', '1', '6', '2', '8', '71', '2', '15', 'มากที่สุด', '5', '57011');
INSERT INTO `qstn_answer` VALUES ('748', '1', '6', '2', '8', '72', '2', '15', 'มากที่สุด', '5', '57011');
INSERT INTO `qstn_answer` VALUES ('749', '1', '6', '2', '4', '39', '2', '14', 'มาก', '4', '59012');
INSERT INTO `qstn_answer` VALUES ('750', '1', '6', '2', '4', '40', '2', '14', 'มาก', '4', '59012');
INSERT INTO `qstn_answer` VALUES ('751', '1', '6', '2', '4', '41', '2', '14', 'มาก', '4', '59012');
INSERT INTO `qstn_answer` VALUES ('752', '1', '6', '2', '4', '42', '2', '14', 'มาก', '4', '59012');
INSERT INTO `qstn_answer` VALUES ('753', '1', '6', '2', '4', '43', '2', '14', 'มาก', '4', '59012');
INSERT INTO `qstn_answer` VALUES ('754', '1', '6', '2', '4', '44', '2', '14', 'มาก', '4', '59012');
INSERT INTO `qstn_answer` VALUES ('755', '1', '6', '2', '4', '45', '2', '14', 'มาก', '4', '59012');
INSERT INTO `qstn_answer` VALUES ('756', '1', '6', '2', '4', '46', '2', '13', 'ปานกลาง', '3', '59012');
INSERT INTO `qstn_answer` VALUES ('757', '1', '6', '2', '4', '47', '2', '13', 'ปานกลาง', '3', '59012');
INSERT INTO `qstn_answer` VALUES ('758', '1', '6', '2', '5', '48', '2', '14', 'มาก', '4', '59012');
INSERT INTO `qstn_answer` VALUES ('759', '1', '6', '2', '5', '49', '2', '14', 'มาก', '4', '59012');
INSERT INTO `qstn_answer` VALUES ('760', '1', '6', '2', '5', '50', '2', '13', 'ปานกลาง', '3', '59012');
INSERT INTO `qstn_answer` VALUES ('761', '1', '6', '2', '5', '51', '2', '14', 'มาก', '4', '59012');
INSERT INTO `qstn_answer` VALUES ('762', '1', '6', '2', '5', '52', '2', '14', 'มาก', '4', '59012');
INSERT INTO `qstn_answer` VALUES ('763', '1', '6', '2', '5', '53', '2', '14', 'มาก', '4', '59012');
INSERT INTO `qstn_answer` VALUES ('764', '1', '6', '2', '6', '54', '2', '14', 'มาก', '4', '59012');
INSERT INTO `qstn_answer` VALUES ('765', '1', '6', '2', '6', '55', '2', '12', 'น้อย', '2', '59012');
INSERT INTO `qstn_answer` VALUES ('766', '1', '6', '2', '6', '56', '2', '13', 'ปานกลาง', '3', '59012');
INSERT INTO `qstn_answer` VALUES ('767', '1', '6', '2', '6', '57', '2', '13', 'ปานกลาง', '3', '59012');
INSERT INTO `qstn_answer` VALUES ('768', '1', '6', '2', '6', '58', '2', '15', 'มากที่สุด', '5', '59012');
INSERT INTO `qstn_answer` VALUES ('769', '1', '6', '2', '6', '59', '2', '14', 'มาก', '4', '59012');
INSERT INTO `qstn_answer` VALUES ('770', '1', '6', '2', '6', '60', '2', '14', 'มาก', '4', '59012');
INSERT INTO `qstn_answer` VALUES ('771', '1', '6', '2', '7', '61', '2', '14', 'มาก', '4', '59012');
INSERT INTO `qstn_answer` VALUES ('772', '1', '6', '2', '7', '62', '2', '14', 'มาก', '4', '59012');
INSERT INTO `qstn_answer` VALUES ('773', '1', '6', '2', '7', '63', '2', '13', 'ปานกลาง', '3', '59012');
INSERT INTO `qstn_answer` VALUES ('774', '1', '6', '2', '7', '64', '2', '14', 'มาก', '4', '59012');
INSERT INTO `qstn_answer` VALUES ('775', '1', '6', '2', '7', '65', '2', '12', 'น้อย', '2', '59012');
INSERT INTO `qstn_answer` VALUES ('776', '1', '6', '2', '7', '66', '2', '13', 'ปานกลาง', '3', '59012');
INSERT INTO `qstn_answer` VALUES ('777', '1', '6', '2', '7', '67', '2', '13', 'ปานกลาง', '3', '59012');
INSERT INTO `qstn_answer` VALUES ('778', '1', '6', '2', '8', '68', '2', '14', 'มาก', '4', '59012');
INSERT INTO `qstn_answer` VALUES ('779', '1', '6', '2', '8', '69', '2', '14', 'มาก', '4', '59012');
INSERT INTO `qstn_answer` VALUES ('780', '1', '6', '2', '8', '70', '2', '14', 'มาก', '4', '59012');
INSERT INTO `qstn_answer` VALUES ('781', '1', '6', '2', '8', '71', '2', '14', 'มาก', '4', '59012');
INSERT INTO `qstn_answer` VALUES ('782', '1', '6', '2', '8', '72', '2', '15', 'มากที่สุด', '5', '59012');
INSERT INTO `qstn_answer` VALUES ('783', '1', '6', '2', '4', '39', '2', '14', 'มาก', '4', '60002');
INSERT INTO `qstn_answer` VALUES ('784', '1', '6', '2', '4', '40', '2', '14', 'มาก', '4', '60002');
INSERT INTO `qstn_answer` VALUES ('785', '1', '6', '2', '4', '41', '2', '14', 'มาก', '4', '60002');
INSERT INTO `qstn_answer` VALUES ('786', '1', '6', '2', '4', '42', '2', '14', 'มาก', '4', '60002');
INSERT INTO `qstn_answer` VALUES ('787', '1', '6', '2', '4', '43', '2', '14', 'มาก', '4', '60002');
INSERT INTO `qstn_answer` VALUES ('788', '1', '6', '2', '4', '44', '2', '14', 'มาก', '4', '60002');
INSERT INTO `qstn_answer` VALUES ('789', '1', '6', '2', '4', '45', '2', '14', 'มาก', '4', '60002');
INSERT INTO `qstn_answer` VALUES ('790', '1', '6', '2', '4', '46', '2', '14', 'มาก', '4', '60002');
INSERT INTO `qstn_answer` VALUES ('791', '1', '6', '2', '4', '47', '2', '14', 'มาก', '4', '60002');
INSERT INTO `qstn_answer` VALUES ('792', '1', '6', '2', '5', '48', '2', '15', 'มากที่สุด', '5', '60002');
INSERT INTO `qstn_answer` VALUES ('793', '1', '6', '2', '5', '49', '2', '14', 'มาก', '4', '60002');
INSERT INTO `qstn_answer` VALUES ('794', '1', '6', '2', '5', '50', '2', '14', 'มาก', '4', '60002');
INSERT INTO `qstn_answer` VALUES ('795', '1', '6', '2', '5', '51', '2', '14', 'มาก', '4', '60002');
INSERT INTO `qstn_answer` VALUES ('796', '1', '6', '2', '5', '52', '2', '14', 'มาก', '4', '60002');
INSERT INTO `qstn_answer` VALUES ('797', '1', '6', '2', '5', '53', '2', '14', 'มาก', '4', '60002');
INSERT INTO `qstn_answer` VALUES ('798', '1', '6', '2', '6', '54', '2', '12', 'น้อย', '2', '60002');
INSERT INTO `qstn_answer` VALUES ('799', '1', '6', '2', '6', '55', '2', '13', 'ปานกลาง', '3', '60002');
INSERT INTO `qstn_answer` VALUES ('800', '1', '6', '2', '6', '56', '2', '14', 'มาก', '4', '60002');
INSERT INTO `qstn_answer` VALUES ('801', '1', '6', '2', '6', '57', '2', '14', 'มาก', '4', '60002');
INSERT INTO `qstn_answer` VALUES ('802', '1', '6', '2', '6', '58', '2', '15', 'มากที่สุด', '5', '60002');
INSERT INTO `qstn_answer` VALUES ('803', '1', '6', '2', '6', '59', '2', '14', 'มาก', '4', '60002');
INSERT INTO `qstn_answer` VALUES ('804', '1', '6', '2', '6', '60', '2', '14', 'มาก', '4', '60002');
INSERT INTO `qstn_answer` VALUES ('805', '1', '6', '2', '7', '61', '2', '14', 'มาก', '4', '60002');
INSERT INTO `qstn_answer` VALUES ('806', '1', '6', '2', '7', '62', '2', '14', 'มาก', '4', '60002');
INSERT INTO `qstn_answer` VALUES ('807', '1', '6', '2', '7', '63', '2', '14', 'มาก', '4', '60002');
INSERT INTO `qstn_answer` VALUES ('808', '1', '6', '2', '7', '64', '2', '14', 'มาก', '4', '60002');
INSERT INTO `qstn_answer` VALUES ('809', '1', '6', '2', '7', '65', '2', '14', 'มาก', '4', '60002');
INSERT INTO `qstn_answer` VALUES ('810', '1', '6', '2', '7', '66', '2', '14', 'มาก', '4', '60002');
INSERT INTO `qstn_answer` VALUES ('811', '1', '6', '2', '7', '67', '2', '13', 'ปานกลาง', '3', '60002');
INSERT INTO `qstn_answer` VALUES ('812', '1', '6', '2', '8', '68', '2', '14', 'มาก', '4', '60002');
INSERT INTO `qstn_answer` VALUES ('813', '1', '6', '2', '8', '69', '2', '14', 'มาก', '4', '60002');
INSERT INTO `qstn_answer` VALUES ('814', '1', '6', '2', '8', '70', '2', '14', 'มาก', '4', '60002');
INSERT INTO `qstn_answer` VALUES ('815', '1', '6', '2', '8', '71', '2', '14', 'มาก', '4', '60002');
INSERT INTO `qstn_answer` VALUES ('816', '1', '6', '2', '8', '72', '2', '14', 'มาก', '4', '60002');
INSERT INTO `qstn_answer` VALUES ('817', '1', '6', '2', '4', '39', '2', '14', 'มาก', '4', '56007');
INSERT INTO `qstn_answer` VALUES ('818', '1', '6', '2', '4', '40', '2', '14', 'มาก', '4', '56007');
INSERT INTO `qstn_answer` VALUES ('819', '1', '6', '2', '4', '41', '2', '14', 'มาก', '4', '56007');
INSERT INTO `qstn_answer` VALUES ('820', '1', '6', '2', '4', '42', '2', '14', 'มาก', '4', '56007');
INSERT INTO `qstn_answer` VALUES ('821', '1', '6', '2', '4', '43', '2', '14', 'มาก', '4', '56007');
INSERT INTO `qstn_answer` VALUES ('822', '1', '6', '2', '4', '44', '2', '15', 'มากที่สุด', '5', '56007');
INSERT INTO `qstn_answer` VALUES ('823', '1', '6', '2', '4', '45', '2', '14', 'มาก', '4', '56007');
INSERT INTO `qstn_answer` VALUES ('824', '1', '6', '2', '4', '46', '2', '15', 'มากที่สุด', '5', '56007');
INSERT INTO `qstn_answer` VALUES ('825', '1', '6', '2', '4', '47', '2', '15', 'มากที่สุด', '5', '56007');
INSERT INTO `qstn_answer` VALUES ('826', '1', '6', '2', '5', '48', '2', '14', 'มาก', '4', '56007');
INSERT INTO `qstn_answer` VALUES ('827', '1', '6', '2', '5', '49', '2', '14', 'มาก', '4', '56007');
INSERT INTO `qstn_answer` VALUES ('828', '1', '6', '2', '5', '50', '2', '14', 'มาก', '4', '56007');
INSERT INTO `qstn_answer` VALUES ('829', '1', '6', '2', '5', '51', '2', '14', 'มาก', '4', '56007');
INSERT INTO `qstn_answer` VALUES ('830', '1', '6', '2', '5', '52', '2', '14', 'มาก', '4', '56007');
INSERT INTO `qstn_answer` VALUES ('831', '1', '6', '2', '5', '53', '2', '14', 'มาก', '4', '56007');
INSERT INTO `qstn_answer` VALUES ('832', '1', '6', '2', '6', '54', '2', '14', 'มาก', '4', '56007');
INSERT INTO `qstn_answer` VALUES ('833', '1', '6', '2', '6', '55', '2', '14', 'มาก', '4', '56007');
INSERT INTO `qstn_answer` VALUES ('834', '1', '6', '2', '6', '56', '2', '15', 'มากที่สุด', '5', '56007');
INSERT INTO `qstn_answer` VALUES ('835', '1', '6', '2', '6', '57', '2', '14', 'มาก', '4', '56007');
INSERT INTO `qstn_answer` VALUES ('836', '1', '6', '2', '6', '58', '2', '14', 'มาก', '4', '56007');
INSERT INTO `qstn_answer` VALUES ('837', '1', '6', '2', '6', '59', '2', '14', 'มาก', '4', '56007');
INSERT INTO `qstn_answer` VALUES ('838', '1', '6', '2', '6', '60', '2', '14', 'มาก', '4', '56007');
INSERT INTO `qstn_answer` VALUES ('839', '1', '6', '2', '7', '61', '2', '14', 'มาก', '4', '56007');
INSERT INTO `qstn_answer` VALUES ('840', '1', '6', '2', '7', '62', '2', '14', 'มาก', '4', '56007');
INSERT INTO `qstn_answer` VALUES ('841', '1', '6', '2', '7', '63', '2', '15', 'มากที่สุด', '5', '56007');
INSERT INTO `qstn_answer` VALUES ('842', '1', '6', '2', '7', '64', '2', '14', 'มาก', '4', '56007');
INSERT INTO `qstn_answer` VALUES ('843', '1', '6', '2', '7', '65', '2', '14', 'มาก', '4', '56007');
INSERT INTO `qstn_answer` VALUES ('844', '1', '6', '2', '7', '66', '2', '15', 'มากที่สุด', '5', '56007');
INSERT INTO `qstn_answer` VALUES ('845', '1', '6', '2', '7', '67', '2', '14', 'มาก', '4', '56007');
INSERT INTO `qstn_answer` VALUES ('846', '1', '6', '2', '8', '68', '2', '15', 'มากที่สุด', '5', '56007');
INSERT INTO `qstn_answer` VALUES ('847', '1', '6', '2', '8', '69', '2', '14', 'มาก', '4', '56007');
INSERT INTO `qstn_answer` VALUES ('848', '1', '6', '2', '8', '70', '2', '14', 'มาก', '4', '56007');
INSERT INTO `qstn_answer` VALUES ('849', '1', '6', '2', '8', '71', '2', '14', 'มาก', '4', '56007');
INSERT INTO `qstn_answer` VALUES ('850', '1', '6', '2', '8', '72', '2', '14', 'มาก', '4', '56007');
INSERT INTO `qstn_answer` VALUES ('851', '1', '6', '2', '4', '39', '2', '14', 'มาก', '4', '60029');
INSERT INTO `qstn_answer` VALUES ('852', '1', '6', '2', '4', '40', '2', '14', 'มาก', '4', '60029');
INSERT INTO `qstn_answer` VALUES ('853', '1', '6', '2', '4', '41', '2', '14', 'มาก', '4', '60029');
INSERT INTO `qstn_answer` VALUES ('854', '1', '6', '2', '4', '42', '2', '14', 'มาก', '4', '60029');
INSERT INTO `qstn_answer` VALUES ('855', '1', '6', '2', '4', '43', '2', '14', 'มาก', '4', '60029');
INSERT INTO `qstn_answer` VALUES ('856', '1', '6', '2', '4', '44', '2', '14', 'มาก', '4', '60029');
INSERT INTO `qstn_answer` VALUES ('857', '1', '6', '2', '4', '45', '2', '14', 'มาก', '4', '60029');
INSERT INTO `qstn_answer` VALUES ('858', '1', '6', '2', '4', '46', '2', '14', 'มาก', '4', '60029');
INSERT INTO `qstn_answer` VALUES ('859', '1', '6', '2', '4', '47', '2', '14', 'มาก', '4', '60029');
INSERT INTO `qstn_answer` VALUES ('860', '1', '6', '2', '5', '48', '2', '14', 'มาก', '4', '60029');
INSERT INTO `qstn_answer` VALUES ('861', '1', '6', '2', '5', '49', '2', '14', 'มาก', '4', '60029');
INSERT INTO `qstn_answer` VALUES ('862', '1', '6', '2', '5', '50', '2', '14', 'มาก', '4', '60029');
INSERT INTO `qstn_answer` VALUES ('863', '1', '6', '2', '5', '51', '2', '14', 'มาก', '4', '60029');
INSERT INTO `qstn_answer` VALUES ('864', '1', '6', '2', '5', '52', '2', '14', 'มาก', '4', '60029');
INSERT INTO `qstn_answer` VALUES ('865', '1', '6', '2', '5', '53', '2', '14', 'มาก', '4', '60029');
INSERT INTO `qstn_answer` VALUES ('866', '1', '6', '2', '6', '54', '2', '14', 'มาก', '4', '60029');
INSERT INTO `qstn_answer` VALUES ('867', '1', '6', '2', '6', '55', '2', '14', 'มาก', '4', '60029');
INSERT INTO `qstn_answer` VALUES ('868', '1', '6', '2', '6', '56', '2', '14', 'มาก', '4', '60029');
INSERT INTO `qstn_answer` VALUES ('869', '1', '6', '2', '6', '57', '2', '14', 'มาก', '4', '60029');
INSERT INTO `qstn_answer` VALUES ('870', '1', '6', '2', '6', '58', '2', '14', 'มาก', '4', '60029');
INSERT INTO `qstn_answer` VALUES ('871', '1', '6', '2', '6', '59', '2', '14', 'มาก', '4', '60029');
INSERT INTO `qstn_answer` VALUES ('872', '1', '6', '2', '6', '60', '2', '14', 'มาก', '4', '60029');
INSERT INTO `qstn_answer` VALUES ('873', '1', '6', '2', '7', '61', '2', '14', 'มาก', '4', '60029');
INSERT INTO `qstn_answer` VALUES ('874', '1', '6', '2', '7', '62', '2', '14', 'มาก', '4', '60029');
INSERT INTO `qstn_answer` VALUES ('875', '1', '6', '2', '7', '63', '2', '14', 'มาก', '4', '60029');
INSERT INTO `qstn_answer` VALUES ('876', '1', '6', '2', '7', '64', '2', '14', 'มาก', '4', '60029');
INSERT INTO `qstn_answer` VALUES ('877', '1', '6', '2', '7', '65', '2', '14', 'มาก', '4', '60029');
INSERT INTO `qstn_answer` VALUES ('878', '1', '6', '2', '7', '66', '2', '14', 'มาก', '4', '60029');
INSERT INTO `qstn_answer` VALUES ('879', '1', '6', '2', '7', '67', '2', '14', 'มาก', '4', '60029');
INSERT INTO `qstn_answer` VALUES ('880', '1', '6', '2', '8', '68', '2', '14', 'มาก', '4', '60029');
INSERT INTO `qstn_answer` VALUES ('881', '1', '6', '2', '8', '69', '2', '14', 'มาก', '4', '60029');
INSERT INTO `qstn_answer` VALUES ('882', '1', '6', '2', '8', '70', '2', '14', 'มาก', '4', '60029');
INSERT INTO `qstn_answer` VALUES ('883', '1', '6', '2', '8', '71', '2', '14', 'มาก', '4', '60029');
INSERT INTO `qstn_answer` VALUES ('884', '1', '6', '2', '8', '72', '2', '14', 'มาก', '4', '60029');
INSERT INTO `qstn_answer` VALUES ('885', '1', '6', '2', '4', '39', '2', '15', 'มากที่สุด', '5', '59033');
INSERT INTO `qstn_answer` VALUES ('886', '1', '6', '2', '4', '40', '2', '15', 'มากที่สุด', '5', '59033');
INSERT INTO `qstn_answer` VALUES ('887', '1', '6', '2', '4', '41', '2', '15', 'มากที่สุด', '5', '59033');
INSERT INTO `qstn_answer` VALUES ('888', '1', '6', '2', '4', '42', '2', '15', 'มากที่สุด', '5', '59033');
INSERT INTO `qstn_answer` VALUES ('889', '1', '6', '2', '4', '43', '2', '15', 'มากที่สุด', '5', '59033');
INSERT INTO `qstn_answer` VALUES ('890', '1', '6', '2', '4', '44', '2', '15', 'มากที่สุด', '5', '59033');
INSERT INTO `qstn_answer` VALUES ('891', '1', '6', '2', '4', '45', '2', '15', 'มากที่สุด', '5', '59033');
INSERT INTO `qstn_answer` VALUES ('892', '1', '6', '2', '4', '46', '2', '15', 'มากที่สุด', '5', '59033');
INSERT INTO `qstn_answer` VALUES ('893', '1', '6', '2', '4', '47', '2', '15', 'มากที่สุด', '5', '59033');
INSERT INTO `qstn_answer` VALUES ('894', '1', '6', '2', '5', '48', '2', '15', 'มากที่สุด', '5', '59033');
INSERT INTO `qstn_answer` VALUES ('895', '1', '6', '2', '5', '49', '2', '15', 'มากที่สุด', '5', '59033');
INSERT INTO `qstn_answer` VALUES ('896', '1', '6', '2', '5', '50', '2', '15', 'มากที่สุด', '5', '59033');
INSERT INTO `qstn_answer` VALUES ('897', '1', '6', '2', '5', '51', '2', '15', 'มากที่สุด', '5', '59033');
INSERT INTO `qstn_answer` VALUES ('898', '1', '6', '2', '5', '52', '2', '15', 'มากที่สุด', '5', '59033');
INSERT INTO `qstn_answer` VALUES ('899', '1', '6', '2', '5', '53', '2', '15', 'มากที่สุด', '5', '59033');
INSERT INTO `qstn_answer` VALUES ('900', '1', '6', '2', '6', '54', '2', '15', 'มากที่สุด', '5', '59033');
INSERT INTO `qstn_answer` VALUES ('901', '1', '6', '2', '6', '55', '2', '15', 'มากที่สุด', '5', '59033');
INSERT INTO `qstn_answer` VALUES ('902', '1', '6', '2', '6', '56', '2', '15', 'มากที่สุด', '5', '59033');
INSERT INTO `qstn_answer` VALUES ('903', '1', '6', '2', '6', '57', '2', '15', 'มากที่สุด', '5', '59033');
INSERT INTO `qstn_answer` VALUES ('904', '1', '6', '2', '6', '58', '2', '15', 'มากที่สุด', '5', '59033');
INSERT INTO `qstn_answer` VALUES ('905', '1', '6', '2', '6', '59', '2', '15', 'มากที่สุด', '5', '59033');
INSERT INTO `qstn_answer` VALUES ('906', '1', '6', '2', '6', '60', '2', '15', 'มากที่สุด', '5', '59033');
INSERT INTO `qstn_answer` VALUES ('907', '1', '6', '2', '7', '61', '2', '15', 'มากที่สุด', '5', '59033');
INSERT INTO `qstn_answer` VALUES ('908', '1', '6', '2', '7', '62', '2', '15', 'มากที่สุด', '5', '59033');
INSERT INTO `qstn_answer` VALUES ('909', '1', '6', '2', '7', '63', '2', '15', 'มากที่สุด', '5', '59033');
INSERT INTO `qstn_answer` VALUES ('910', '1', '6', '2', '7', '64', '2', '15', 'มากที่สุด', '5', '59033');
INSERT INTO `qstn_answer` VALUES ('911', '1', '6', '2', '7', '65', '2', '15', 'มากที่สุด', '5', '59033');
INSERT INTO `qstn_answer` VALUES ('912', '1', '6', '2', '7', '66', '2', '15', 'มากที่สุด', '5', '59033');
INSERT INTO `qstn_answer` VALUES ('913', '1', '6', '2', '7', '67', '2', '15', 'มากที่สุด', '5', '59033');
INSERT INTO `qstn_answer` VALUES ('914', '1', '6', '2', '8', '68', '2', '15', 'มากที่สุด', '5', '59033');
INSERT INTO `qstn_answer` VALUES ('915', '1', '6', '2', '8', '69', '2', '15', 'มากที่สุด', '5', '59033');
INSERT INTO `qstn_answer` VALUES ('916', '1', '6', '2', '8', '70', '2', '15', 'มากที่สุด', '5', '59033');
INSERT INTO `qstn_answer` VALUES ('917', '1', '6', '2', '8', '71', '2', '15', 'มากที่สุด', '5', '59033');
INSERT INTO `qstn_answer` VALUES ('918', '1', '6', '2', '8', '72', '2', '15', 'มากที่สุด', '5', '59033');
INSERT INTO `qstn_answer` VALUES ('919', '1', '6', '2', '4', '39', '2', '13', 'ปานกลาง', '3', '59024');
INSERT INTO `qstn_answer` VALUES ('920', '1', '6', '2', '4', '40', '2', '13', 'ปานกลาง', '3', '59024');
INSERT INTO `qstn_answer` VALUES ('921', '1', '6', '2', '4', '41', '2', '13', 'ปานกลาง', '3', '59024');
INSERT INTO `qstn_answer` VALUES ('922', '1', '6', '2', '4', '42', '2', '13', 'ปานกลาง', '3', '59024');
INSERT INTO `qstn_answer` VALUES ('923', '1', '6', '2', '4', '43', '2', '13', 'ปานกลาง', '3', '59024');
INSERT INTO `qstn_answer` VALUES ('924', '1', '6', '2', '4', '44', '2', '12', 'น้อย', '2', '59024');
INSERT INTO `qstn_answer` VALUES ('925', '1', '6', '2', '4', '45', '2', '12', 'น้อย', '2', '59024');
INSERT INTO `qstn_answer` VALUES ('926', '1', '6', '2', '4', '46', '2', '12', 'น้อย', '2', '59024');
INSERT INTO `qstn_answer` VALUES ('927', '1', '6', '2', '4', '47', '2', '13', 'ปานกลาง', '3', '59024');
INSERT INTO `qstn_answer` VALUES ('928', '1', '6', '2', '5', '48', '2', '12', 'น้อย', '2', '59024');
INSERT INTO `qstn_answer` VALUES ('929', '1', '6', '2', '5', '49', '2', '13', 'ปานกลาง', '3', '59024');
INSERT INTO `qstn_answer` VALUES ('930', '1', '6', '2', '5', '50', '2', '12', 'น้อย', '2', '59024');
INSERT INTO `qstn_answer` VALUES ('931', '1', '6', '2', '5', '51', '2', '12', 'น้อย', '2', '59024');
INSERT INTO `qstn_answer` VALUES ('932', '1', '6', '2', '5', '52', '2', '12', 'น้อย', '2', '59024');
INSERT INTO `qstn_answer` VALUES ('933', '1', '6', '2', '5', '53', '2', '13', 'ปานกลาง', '3', '59024');
INSERT INTO `qstn_answer` VALUES ('934', '1', '6', '2', '6', '54', '2', '12', 'น้อย', '2', '59024');
INSERT INTO `qstn_answer` VALUES ('935', '1', '6', '2', '6', '55', '2', '12', 'น้อย', '2', '59024');
INSERT INTO `qstn_answer` VALUES ('936', '1', '6', '2', '6', '56', '2', '12', 'น้อย', '2', '59024');
INSERT INTO `qstn_answer` VALUES ('937', '1', '6', '2', '6', '57', '2', '13', 'ปานกลาง', '3', '59024');
INSERT INTO `qstn_answer` VALUES ('938', '1', '6', '2', '6', '58', '2', '13', 'ปานกลาง', '3', '59024');
INSERT INTO `qstn_answer` VALUES ('939', '1', '6', '2', '6', '59', '2', '13', 'ปานกลาง', '3', '59024');
INSERT INTO `qstn_answer` VALUES ('940', '1', '6', '2', '6', '60', '2', '13', 'ปานกลาง', '3', '59024');
INSERT INTO `qstn_answer` VALUES ('941', '1', '6', '2', '7', '61', '2', '12', 'น้อย', '2', '59024');
INSERT INTO `qstn_answer` VALUES ('942', '1', '6', '2', '7', '62', '2', '13', 'ปานกลาง', '3', '59024');
INSERT INTO `qstn_answer` VALUES ('943', '1', '6', '2', '7', '63', '2', '12', 'น้อย', '2', '59024');
INSERT INTO `qstn_answer` VALUES ('944', '1', '6', '2', '7', '64', '2', '13', 'ปานกลาง', '3', '59024');
INSERT INTO `qstn_answer` VALUES ('945', '1', '6', '2', '7', '65', '2', '12', 'น้อย', '2', '59024');
INSERT INTO `qstn_answer` VALUES ('946', '1', '6', '2', '7', '66', '2', '13', 'ปานกลาง', '3', '59024');
INSERT INTO `qstn_answer` VALUES ('947', '1', '6', '2', '7', '67', '2', '12', 'น้อย', '2', '59024');
INSERT INTO `qstn_answer` VALUES ('948', '1', '6', '2', '8', '68', '2', '12', 'น้อย', '2', '59024');
INSERT INTO `qstn_answer` VALUES ('949', '1', '6', '2', '8', '69', '2', '13', 'ปานกลาง', '3', '59024');
INSERT INTO `qstn_answer` VALUES ('950', '1', '6', '2', '8', '70', '2', '13', 'ปานกลาง', '3', '59024');
INSERT INTO `qstn_answer` VALUES ('951', '1', '6', '2', '8', '71', '2', '12', 'น้อย', '2', '59024');
INSERT INTO `qstn_answer` VALUES ('952', '1', '6', '2', '8', '72', '2', '13', 'ปานกลาง', '3', '59024');
INSERT INTO `qstn_answer` VALUES ('953', '1', '6', '2', '4', '39', '2', '14', 'มาก', '4', '62035');
INSERT INTO `qstn_answer` VALUES ('954', '1', '6', '2', '4', '40', '2', '14', 'มาก', '4', '62035');
INSERT INTO `qstn_answer` VALUES ('955', '1', '6', '2', '4', '41', '2', '14', 'มาก', '4', '62035');
INSERT INTO `qstn_answer` VALUES ('956', '1', '6', '2', '4', '42', '2', '14', 'มาก', '4', '62035');
INSERT INTO `qstn_answer` VALUES ('957', '1', '6', '2', '4', '43', '2', '13', 'ปานกลาง', '3', '62035');
INSERT INTO `qstn_answer` VALUES ('958', '1', '6', '2', '4', '44', '2', '14', 'มาก', '4', '62035');
INSERT INTO `qstn_answer` VALUES ('959', '1', '6', '2', '4', '45', '2', '14', 'มาก', '4', '62035');
INSERT INTO `qstn_answer` VALUES ('960', '1', '6', '2', '4', '46', '2', '14', 'มาก', '4', '62035');
INSERT INTO `qstn_answer` VALUES ('961', '1', '6', '2', '4', '47', '2', '14', 'มาก', '4', '62035');
INSERT INTO `qstn_answer` VALUES ('962', '1', '6', '2', '5', '48', '2', '15', 'มากที่สุด', '5', '62035');
INSERT INTO `qstn_answer` VALUES ('963', '1', '6', '2', '5', '49', '2', '14', 'มาก', '4', '62035');
INSERT INTO `qstn_answer` VALUES ('964', '1', '6', '2', '5', '50', '2', '14', 'มาก', '4', '62035');
INSERT INTO `qstn_answer` VALUES ('965', '1', '6', '2', '5', '51', '2', '14', 'มาก', '4', '62035');
INSERT INTO `qstn_answer` VALUES ('966', '1', '6', '2', '5', '52', '2', '14', 'มาก', '4', '62035');
INSERT INTO `qstn_answer` VALUES ('967', '1', '6', '2', '5', '53', '2', '14', 'มาก', '4', '62035');
INSERT INTO `qstn_answer` VALUES ('968', '1', '6', '2', '6', '54', '2', '13', 'ปานกลาง', '3', '62035');
INSERT INTO `qstn_answer` VALUES ('969', '1', '6', '2', '6', '55', '2', '14', 'มาก', '4', '62035');
INSERT INTO `qstn_answer` VALUES ('970', '1', '6', '2', '6', '56', '2', '14', 'มาก', '4', '62035');
INSERT INTO `qstn_answer` VALUES ('971', '1', '6', '2', '6', '57', '2', '14', 'มาก', '4', '62035');
INSERT INTO `qstn_answer` VALUES ('972', '1', '6', '2', '6', '58', '2', '14', 'มาก', '4', '62035');
INSERT INTO `qstn_answer` VALUES ('973', '1', '6', '2', '6', '59', '2', '14', 'มาก', '4', '62035');
INSERT INTO `qstn_answer` VALUES ('974', '1', '6', '2', '6', '60', '2', '14', 'มาก', '4', '62035');
INSERT INTO `qstn_answer` VALUES ('975', '1', '6', '2', '7', '61', '2', '14', 'มาก', '4', '62035');
INSERT INTO `qstn_answer` VALUES ('976', '1', '6', '2', '7', '62', '2', '14', 'มาก', '4', '62035');
INSERT INTO `qstn_answer` VALUES ('977', '1', '6', '2', '7', '63', '2', '14', 'มาก', '4', '62035');
INSERT INTO `qstn_answer` VALUES ('978', '1', '6', '2', '7', '64', '2', '14', 'มาก', '4', '62035');
INSERT INTO `qstn_answer` VALUES ('979', '1', '6', '2', '7', '65', '2', '13', 'ปานกลาง', '3', '62035');
INSERT INTO `qstn_answer` VALUES ('980', '1', '6', '2', '7', '66', '2', '15', 'มากที่สุด', '5', '62035');
INSERT INTO `qstn_answer` VALUES ('981', '1', '6', '2', '7', '67', '2', '15', 'มากที่สุด', '5', '62035');
INSERT INTO `qstn_answer` VALUES ('982', '1', '6', '2', '8', '68', '2', '14', 'มาก', '4', '62035');
INSERT INTO `qstn_answer` VALUES ('983', '1', '6', '2', '8', '69', '2', '14', 'มาก', '4', '62035');
INSERT INTO `qstn_answer` VALUES ('984', '1', '6', '2', '8', '70', '2', '14', 'มาก', '4', '62035');
INSERT INTO `qstn_answer` VALUES ('985', '1', '6', '2', '8', '71', '2', '14', 'มาก', '4', '62035');
INSERT INTO `qstn_answer` VALUES ('986', '1', '6', '2', '8', '72', '2', '14', 'มาก', '4', '62035');
INSERT INTO `qstn_answer` VALUES ('987', '1', '6', '2', '4', '39', '2', '15', 'มากที่สุด', '5', '60037');
INSERT INTO `qstn_answer` VALUES ('988', '1', '6', '2', '4', '40', '2', '15', 'มากที่สุด', '5', '60037');
INSERT INTO `qstn_answer` VALUES ('989', '1', '6', '2', '4', '41', '2', '14', 'มาก', '4', '60037');
INSERT INTO `qstn_answer` VALUES ('990', '1', '6', '2', '4', '42', '2', '14', 'มาก', '4', '60037');
INSERT INTO `qstn_answer` VALUES ('991', '1', '6', '2', '4', '43', '2', '14', 'มาก', '4', '60037');
INSERT INTO `qstn_answer` VALUES ('992', '1', '6', '2', '4', '44', '2', '14', 'มาก', '4', '60037');
INSERT INTO `qstn_answer` VALUES ('993', '1', '6', '2', '4', '45', '2', '14', 'มาก', '4', '60037');
INSERT INTO `qstn_answer` VALUES ('994', '1', '6', '2', '4', '46', '2', '14', 'มาก', '4', '60037');
INSERT INTO `qstn_answer` VALUES ('995', '1', '6', '2', '4', '47', '2', '14', 'มาก', '4', '60037');
INSERT INTO `qstn_answer` VALUES ('996', '1', '6', '2', '5', '48', '2', '14', 'มาก', '4', '60037');
INSERT INTO `qstn_answer` VALUES ('997', '1', '6', '2', '5', '49', '2', '14', 'มาก', '4', '60037');
INSERT INTO `qstn_answer` VALUES ('998', '1', '6', '2', '5', '50', '2', '15', 'มากที่สุด', '5', '60037');
INSERT INTO `qstn_answer` VALUES ('999', '1', '6', '2', '5', '51', '2', '14', 'มาก', '4', '60037');
INSERT INTO `qstn_answer` VALUES ('1000', '1', '6', '2', '5', '52', '2', '14', 'มาก', '4', '60037');
INSERT INTO `qstn_answer` VALUES ('1001', '1', '6', '2', '5', '53', '2', '14', 'มาก', '4', '60037');
INSERT INTO `qstn_answer` VALUES ('1002', '1', '6', '2', '6', '54', '2', '14', 'มาก', '4', '60037');
INSERT INTO `qstn_answer` VALUES ('1003', '1', '6', '2', '6', '55', '2', '14', 'มาก', '4', '60037');
INSERT INTO `qstn_answer` VALUES ('1004', '1', '6', '2', '6', '56', '2', '14', 'มาก', '4', '60037');
INSERT INTO `qstn_answer` VALUES ('1005', '1', '6', '2', '6', '57', '2', '15', 'มากที่สุด', '5', '60037');
INSERT INTO `qstn_answer` VALUES ('1006', '1', '6', '2', '6', '58', '2', '14', 'มาก', '4', '60037');
INSERT INTO `qstn_answer` VALUES ('1007', '1', '6', '2', '6', '59', '2', '14', 'มาก', '4', '60037');
INSERT INTO `qstn_answer` VALUES ('1008', '1', '6', '2', '6', '60', '2', '14', 'มาก', '4', '60037');
INSERT INTO `qstn_answer` VALUES ('1009', '1', '6', '2', '7', '61', '2', '14', 'มาก', '4', '60037');
INSERT INTO `qstn_answer` VALUES ('1010', '1', '6', '2', '7', '62', '2', '14', 'มาก', '4', '60037');
INSERT INTO `qstn_answer` VALUES ('1011', '1', '6', '2', '7', '63', '2', '14', 'มาก', '4', '60037');
INSERT INTO `qstn_answer` VALUES ('1012', '1', '6', '2', '7', '64', '2', '14', 'มาก', '4', '60037');
INSERT INTO `qstn_answer` VALUES ('1013', '1', '6', '2', '7', '65', '2', '14', 'มาก', '4', '60037');
INSERT INTO `qstn_answer` VALUES ('1014', '1', '6', '2', '7', '66', '2', '14', 'มาก', '4', '60037');
INSERT INTO `qstn_answer` VALUES ('1015', '1', '6', '2', '7', '67', '2', '14', 'มาก', '4', '60037');
INSERT INTO `qstn_answer` VALUES ('1016', '1', '6', '2', '8', '68', '2', '15', 'มากที่สุด', '5', '60037');
INSERT INTO `qstn_answer` VALUES ('1017', '1', '6', '2', '8', '69', '2', '14', 'มาก', '4', '60037');
INSERT INTO `qstn_answer` VALUES ('1018', '1', '6', '2', '8', '70', '2', '14', 'มาก', '4', '60037');
INSERT INTO `qstn_answer` VALUES ('1019', '1', '6', '2', '8', '71', '2', '14', 'มาก', '4', '60037');
INSERT INTO `qstn_answer` VALUES ('1020', '1', '6', '2', '8', '72', '2', '14', 'มาก', '4', '60037');
INSERT INTO `qstn_answer` VALUES ('1021', '1', '6', '2', '4', '39', '2', '13', 'ปานกลาง', '3', '59048');
INSERT INTO `qstn_answer` VALUES ('1022', '1', '6', '2', '4', '40', '2', '13', 'ปานกลาง', '3', '59048');
INSERT INTO `qstn_answer` VALUES ('1023', '1', '6', '2', '4', '41', '2', '13', 'ปานกลาง', '3', '59048');
INSERT INTO `qstn_answer` VALUES ('1024', '1', '6', '2', '4', '42', '2', '12', 'น้อย', '2', '59048');
INSERT INTO `qstn_answer` VALUES ('1025', '1', '6', '2', '4', '43', '2', '12', 'น้อย', '2', '59048');
INSERT INTO `qstn_answer` VALUES ('1026', '1', '6', '2', '4', '44', '2', '12', 'น้อย', '2', '59048');
INSERT INTO `qstn_answer` VALUES ('1027', '1', '6', '2', '4', '45', '2', '12', 'น้อย', '2', '59048');
INSERT INTO `qstn_answer` VALUES ('1028', '1', '6', '2', '4', '46', '2', '12', 'น้อย', '2', '59048');
INSERT INTO `qstn_answer` VALUES ('1029', '1', '6', '2', '4', '47', '2', '12', 'น้อย', '2', '59048');
INSERT INTO `qstn_answer` VALUES ('1030', '1', '6', '2', '5', '48', '2', '13', 'ปานกลาง', '3', '59048');
INSERT INTO `qstn_answer` VALUES ('1031', '1', '6', '2', '5', '49', '2', '13', 'ปานกลาง', '3', '59048');
INSERT INTO `qstn_answer` VALUES ('1032', '1', '6', '2', '5', '50', '2', '13', 'ปานกลาง', '3', '59048');
INSERT INTO `qstn_answer` VALUES ('1033', '1', '6', '2', '5', '51', '2', '12', 'น้อย', '2', '59048');
INSERT INTO `qstn_answer` VALUES ('1034', '1', '6', '2', '5', '52', '2', '12', 'น้อย', '2', '59048');
INSERT INTO `qstn_answer` VALUES ('1035', '1', '6', '2', '5', '53', '2', '12', 'น้อย', '2', '59048');
INSERT INTO `qstn_answer` VALUES ('1036', '1', '6', '2', '6', '54', '2', '13', 'ปานกลาง', '3', '59048');
INSERT INTO `qstn_answer` VALUES ('1037', '1', '6', '2', '6', '55', '2', '12', 'น้อย', '2', '59048');
INSERT INTO `qstn_answer` VALUES ('1038', '1', '6', '2', '6', '56', '2', '12', 'น้อย', '2', '59048');
INSERT INTO `qstn_answer` VALUES ('1039', '1', '6', '2', '6', '57', '2', '13', 'ปานกลาง', '3', '59048');
INSERT INTO `qstn_answer` VALUES ('1040', '1', '6', '2', '6', '58', '2', '13', 'ปานกลาง', '3', '59048');
INSERT INTO `qstn_answer` VALUES ('1041', '1', '6', '2', '6', '59', '2', '13', 'ปานกลาง', '3', '59048');
INSERT INTO `qstn_answer` VALUES ('1042', '1', '6', '2', '6', '60', '2', '13', 'ปานกลาง', '3', '59048');
INSERT INTO `qstn_answer` VALUES ('1043', '1', '6', '2', '7', '61', '2', '13', 'ปานกลาง', '3', '59048');
INSERT INTO `qstn_answer` VALUES ('1044', '1', '6', '2', '7', '62', '2', '13', 'ปานกลาง', '3', '59048');
INSERT INTO `qstn_answer` VALUES ('1045', '1', '6', '2', '7', '63', '2', '13', 'ปานกลาง', '3', '59048');
INSERT INTO `qstn_answer` VALUES ('1046', '1', '6', '2', '7', '64', '2', '13', 'ปานกลาง', '3', '59048');
INSERT INTO `qstn_answer` VALUES ('1047', '1', '6', '2', '7', '65', '2', '13', 'ปานกลาง', '3', '59048');
INSERT INTO `qstn_answer` VALUES ('1048', '1', '6', '2', '7', '66', '2', '13', 'ปานกลาง', '3', '59048');
INSERT INTO `qstn_answer` VALUES ('1049', '1', '6', '2', '7', '67', '2', '13', 'ปานกลาง', '3', '59048');
INSERT INTO `qstn_answer` VALUES ('1050', '1', '6', '2', '8', '68', '2', '13', 'ปานกลาง', '3', '59048');
INSERT INTO `qstn_answer` VALUES ('1051', '1', '6', '2', '8', '69', '2', '13', 'ปานกลาง', '3', '59048');
INSERT INTO `qstn_answer` VALUES ('1052', '1', '6', '2', '8', '70', '2', '13', 'ปานกลาง', '3', '59048');
INSERT INTO `qstn_answer` VALUES ('1053', '1', '6', '2', '8', '71', '2', '13', 'ปานกลาง', '3', '59048');
INSERT INTO `qstn_answer` VALUES ('1054', '1', '6', '2', '8', '72', '2', '13', 'ปานกลาง', '3', '59048');
INSERT INTO `qstn_answer` VALUES ('1055', '1', '6', '2', '4', '39', '2', '15', 'มากที่สุด', '5', '60046');
INSERT INTO `qstn_answer` VALUES ('1056', '1', '6', '2', '4', '40', '2', '15', 'มากที่สุด', '5', '60046');
INSERT INTO `qstn_answer` VALUES ('1057', '1', '6', '2', '4', '41', '2', '14', 'มาก', '4', '60046');
INSERT INTO `qstn_answer` VALUES ('1058', '1', '6', '2', '4', '42', '2', '14', 'มาก', '4', '60046');
INSERT INTO `qstn_answer` VALUES ('1059', '1', '6', '2', '4', '43', '2', '15', 'มากที่สุด', '5', '60046');
INSERT INTO `qstn_answer` VALUES ('1060', '1', '6', '2', '4', '44', '2', '15', 'มากที่สุด', '5', '60046');
INSERT INTO `qstn_answer` VALUES ('1061', '1', '6', '2', '4', '45', '2', '15', 'มากที่สุด', '5', '60046');
INSERT INTO `qstn_answer` VALUES ('1062', '1', '6', '2', '4', '46', '2', '15', 'มากที่สุด', '5', '60046');
INSERT INTO `qstn_answer` VALUES ('1063', '1', '6', '2', '4', '47', '2', '14', 'มาก', '4', '60046');
INSERT INTO `qstn_answer` VALUES ('1064', '1', '6', '2', '5', '48', '2', '15', 'มากที่สุด', '5', '60046');
INSERT INTO `qstn_answer` VALUES ('1065', '1', '6', '2', '5', '49', '2', '15', 'มากที่สุด', '5', '60046');
INSERT INTO `qstn_answer` VALUES ('1066', '1', '6', '2', '5', '50', '2', '14', 'มาก', '4', '60046');
INSERT INTO `qstn_answer` VALUES ('1067', '1', '6', '2', '5', '51', '2', '14', 'มาก', '4', '60046');
INSERT INTO `qstn_answer` VALUES ('1068', '1', '6', '2', '5', '52', '2', '15', 'มากที่สุด', '5', '60046');
INSERT INTO `qstn_answer` VALUES ('1069', '1', '6', '2', '5', '53', '2', '15', 'มากที่สุด', '5', '60046');
INSERT INTO `qstn_answer` VALUES ('1070', '1', '6', '2', '6', '54', '2', '15', 'มากที่สุด', '5', '60046');
INSERT INTO `qstn_answer` VALUES ('1071', '1', '6', '2', '6', '55', '2', '15', 'มากที่สุด', '5', '60046');
INSERT INTO `qstn_answer` VALUES ('1072', '1', '6', '2', '6', '56', '2', '14', 'มาก', '4', '60046');
INSERT INTO `qstn_answer` VALUES ('1073', '1', '6', '2', '6', '57', '2', '13', 'ปานกลาง', '3', '60046');
INSERT INTO `qstn_answer` VALUES ('1074', '1', '6', '2', '6', '58', '2', '14', 'มาก', '4', '60046');
INSERT INTO `qstn_answer` VALUES ('1075', '1', '6', '2', '6', '59', '2', '15', 'มากที่สุด', '5', '60046');
INSERT INTO `qstn_answer` VALUES ('1076', '1', '6', '2', '6', '60', '2', '14', 'มาก', '4', '60046');
INSERT INTO `qstn_answer` VALUES ('1077', '1', '6', '2', '7', '61', '2', '14', 'มาก', '4', '60046');
INSERT INTO `qstn_answer` VALUES ('1078', '1', '6', '2', '7', '62', '2', '15', 'มากที่สุด', '5', '60046');
INSERT INTO `qstn_answer` VALUES ('1079', '1', '6', '2', '7', '63', '2', '15', 'มากที่สุด', '5', '60046');
INSERT INTO `qstn_answer` VALUES ('1080', '1', '6', '2', '7', '64', '2', '14', 'มาก', '4', '60046');
INSERT INTO `qstn_answer` VALUES ('1081', '1', '6', '2', '7', '65', '2', '14', 'มาก', '4', '60046');
INSERT INTO `qstn_answer` VALUES ('1082', '1', '6', '2', '7', '66', '2', '15', 'มากที่สุด', '5', '60046');
INSERT INTO `qstn_answer` VALUES ('1083', '1', '6', '2', '7', '67', '2', '15', 'มากที่สุด', '5', '60046');
INSERT INTO `qstn_answer` VALUES ('1084', '1', '6', '2', '8', '68', '2', '15', 'มากที่สุด', '5', '60046');
INSERT INTO `qstn_answer` VALUES ('1085', '1', '6', '2', '8', '69', '2', '14', 'มาก', '4', '60046');
INSERT INTO `qstn_answer` VALUES ('1086', '1', '6', '2', '8', '70', '2', '15', 'มากที่สุด', '5', '60046');
INSERT INTO `qstn_answer` VALUES ('1087', '1', '6', '2', '8', '71', '2', '15', 'มากที่สุด', '5', '60046');
INSERT INTO `qstn_answer` VALUES ('1088', '1', '6', '2', '8', '72', '2', '15', 'มากที่สุด', '5', '60046');
INSERT INTO `qstn_answer` VALUES ('1089', '1', '6', '2', '4', '39', '2', '14', 'มาก', '4', '61043');
INSERT INTO `qstn_answer` VALUES ('1090', '1', '6', '2', '4', '40', '2', '14', 'มาก', '4', '61043');
INSERT INTO `qstn_answer` VALUES ('1091', '1', '6', '2', '4', '41', '2', '14', 'มาก', '4', '61043');
INSERT INTO `qstn_answer` VALUES ('1092', '1', '6', '2', '4', '42', '2', '14', 'มาก', '4', '61043');
INSERT INTO `qstn_answer` VALUES ('1093', '1', '6', '2', '4', '43', '2', '14', 'มาก', '4', '61043');
INSERT INTO `qstn_answer` VALUES ('1094', '1', '6', '2', '4', '44', '2', '14', 'มาก', '4', '61043');
INSERT INTO `qstn_answer` VALUES ('1095', '1', '6', '2', '4', '45', '2', '14', 'มาก', '4', '61043');
INSERT INTO `qstn_answer` VALUES ('1096', '1', '6', '2', '4', '46', '2', '14', 'มาก', '4', '61043');
INSERT INTO `qstn_answer` VALUES ('1097', '1', '6', '2', '4', '47', '2', '14', 'มาก', '4', '61043');
INSERT INTO `qstn_answer` VALUES ('1098', '1', '6', '2', '5', '48', '2', '14', 'มาก', '4', '61043');
INSERT INTO `qstn_answer` VALUES ('1099', '1', '6', '2', '5', '49', '2', '14', 'มาก', '4', '61043');
INSERT INTO `qstn_answer` VALUES ('1100', '1', '6', '2', '5', '50', '2', '14', 'มาก', '4', '61043');
INSERT INTO `qstn_answer` VALUES ('1101', '1', '6', '2', '5', '51', '2', '14', 'มาก', '4', '61043');
INSERT INTO `qstn_answer` VALUES ('1102', '1', '6', '2', '5', '52', '2', '14', 'มาก', '4', '61043');
INSERT INTO `qstn_answer` VALUES ('1103', '1', '6', '2', '5', '53', '2', '14', 'มาก', '4', '61043');
INSERT INTO `qstn_answer` VALUES ('1104', '1', '6', '2', '6', '54', '2', '14', 'มาก', '4', '61043');
INSERT INTO `qstn_answer` VALUES ('1105', '1', '6', '2', '6', '55', '2', '13', 'ปานกลาง', '3', '61043');
INSERT INTO `qstn_answer` VALUES ('1106', '1', '6', '2', '6', '56', '2', '14', 'มาก', '4', '61043');
INSERT INTO `qstn_answer` VALUES ('1107', '1', '6', '2', '6', '57', '2', '14', 'มาก', '4', '61043');
INSERT INTO `qstn_answer` VALUES ('1108', '1', '6', '2', '6', '58', '2', '13', 'ปานกลาง', '3', '61043');
INSERT INTO `qstn_answer` VALUES ('1109', '1', '6', '2', '6', '59', '2', '13', 'ปานกลาง', '3', '61043');
INSERT INTO `qstn_answer` VALUES ('1110', '1', '6', '2', '6', '60', '2', '14', 'มาก', '4', '61043');
INSERT INTO `qstn_answer` VALUES ('1111', '1', '6', '2', '7', '61', '2', '14', 'มาก', '4', '61043');
INSERT INTO `qstn_answer` VALUES ('1112', '1', '6', '2', '7', '62', '2', '14', 'มาก', '4', '61043');
INSERT INTO `qstn_answer` VALUES ('1113', '1', '6', '2', '7', '63', '2', '14', 'มาก', '4', '61043');
INSERT INTO `qstn_answer` VALUES ('1114', '1', '6', '2', '7', '64', '2', '14', 'มาก', '4', '61043');
INSERT INTO `qstn_answer` VALUES ('1115', '1', '6', '2', '7', '65', '2', '14', 'มาก', '4', '61043');
INSERT INTO `qstn_answer` VALUES ('1116', '1', '6', '2', '7', '66', '2', '14', 'มาก', '4', '61043');
INSERT INTO `qstn_answer` VALUES ('1117', '1', '6', '2', '7', '67', '2', '14', 'มาก', '4', '61043');
INSERT INTO `qstn_answer` VALUES ('1118', '1', '6', '2', '8', '68', '2', '14', 'มาก', '4', '61043');
INSERT INTO `qstn_answer` VALUES ('1119', '1', '6', '2', '8', '69', '2', '14', 'มาก', '4', '61043');
INSERT INTO `qstn_answer` VALUES ('1120', '1', '6', '2', '8', '70', '2', '14', 'มาก', '4', '61043');
INSERT INTO `qstn_answer` VALUES ('1121', '1', '6', '2', '8', '71', '2', '14', 'มาก', '4', '61043');
INSERT INTO `qstn_answer` VALUES ('1122', '1', '6', '2', '8', '72', '2', '14', 'มาก', '4', '61043');
INSERT INTO `qstn_answer` VALUES ('1123', '1', '6', '2', '4', '39', '2', '13', 'ปานกลาง', '3', '63030');
INSERT INTO `qstn_answer` VALUES ('1124', '1', '6', '2', '4', '40', '2', '13', 'ปานกลาง', '3', '63030');
INSERT INTO `qstn_answer` VALUES ('1125', '1', '6', '2', '4', '41', '2', '14', 'มาก', '4', '63030');
INSERT INTO `qstn_answer` VALUES ('1126', '1', '6', '2', '4', '42', '2', '13', 'ปานกลาง', '3', '63030');
INSERT INTO `qstn_answer` VALUES ('1127', '1', '6', '2', '4', '43', '2', '13', 'ปานกลาง', '3', '63030');
INSERT INTO `qstn_answer` VALUES ('1128', '1', '6', '2', '4', '44', '2', '14', 'มาก', '4', '63030');
INSERT INTO `qstn_answer` VALUES ('1129', '1', '6', '2', '4', '45', '2', '14', 'มาก', '4', '63030');
INSERT INTO `qstn_answer` VALUES ('1130', '1', '6', '2', '4', '46', '2', '14', 'มาก', '4', '63030');
INSERT INTO `qstn_answer` VALUES ('1131', '1', '6', '2', '4', '47', '2', '14', 'มาก', '4', '63030');
INSERT INTO `qstn_answer` VALUES ('1132', '1', '6', '2', '5', '48', '2', '13', 'ปานกลาง', '3', '63030');
INSERT INTO `qstn_answer` VALUES ('1133', '1', '6', '2', '5', '49', '2', '13', 'ปานกลาง', '3', '63030');
INSERT INTO `qstn_answer` VALUES ('1134', '1', '6', '2', '5', '50', '2', '13', 'ปานกลาง', '3', '63030');
INSERT INTO `qstn_answer` VALUES ('1135', '1', '6', '2', '5', '51', '2', '13', 'ปานกลาง', '3', '63030');
INSERT INTO `qstn_answer` VALUES ('1136', '1', '6', '2', '5', '52', '2', '14', 'มาก', '4', '63030');
INSERT INTO `qstn_answer` VALUES ('1137', '1', '6', '2', '5', '53', '2', '14', 'มาก', '4', '63030');
INSERT INTO `qstn_answer` VALUES ('1138', '1', '6', '2', '6', '54', '2', '13', 'ปานกลาง', '3', '63030');
INSERT INTO `qstn_answer` VALUES ('1139', '1', '6', '2', '6', '55', '2', '13', 'ปานกลาง', '3', '63030');
INSERT INTO `qstn_answer` VALUES ('1140', '1', '6', '2', '6', '56', '2', '13', 'ปานกลาง', '3', '63030');
INSERT INTO `qstn_answer` VALUES ('1141', '1', '6', '2', '6', '57', '2', '13', 'ปานกลาง', '3', '63030');
INSERT INTO `qstn_answer` VALUES ('1142', '1', '6', '2', '6', '58', '2', '13', 'ปานกลาง', '3', '63030');
INSERT INTO `qstn_answer` VALUES ('1143', '1', '6', '2', '6', '59', '2', '13', 'ปานกลาง', '3', '63030');
INSERT INTO `qstn_answer` VALUES ('1144', '1', '6', '2', '6', '60', '2', '14', 'มาก', '4', '63030');
INSERT INTO `qstn_answer` VALUES ('1145', '1', '6', '2', '7', '61', '2', '14', 'มาก', '4', '63030');
INSERT INTO `qstn_answer` VALUES ('1146', '1', '6', '2', '7', '62', '2', '14', 'มาก', '4', '63030');
INSERT INTO `qstn_answer` VALUES ('1147', '1', '6', '2', '7', '63', '2', '13', 'ปานกลาง', '3', '63030');
INSERT INTO `qstn_answer` VALUES ('1148', '1', '6', '2', '7', '64', '2', '14', 'มาก', '4', '63030');
INSERT INTO `qstn_answer` VALUES ('1149', '1', '6', '2', '7', '65', '2', '13', 'ปานกลาง', '3', '63030');
INSERT INTO `qstn_answer` VALUES ('1150', '1', '6', '2', '7', '66', '2', '14', 'มาก', '4', '63030');
INSERT INTO `qstn_answer` VALUES ('1151', '1', '6', '2', '7', '67', '2', '13', 'ปานกลาง', '3', '63030');
INSERT INTO `qstn_answer` VALUES ('1152', '1', '6', '2', '8', '68', '2', '14', 'มาก', '4', '63030');
INSERT INTO `qstn_answer` VALUES ('1153', '1', '6', '2', '8', '69', '2', '14', 'มาก', '4', '63030');
INSERT INTO `qstn_answer` VALUES ('1154', '1', '6', '2', '8', '70', '2', '13', 'ปานกลาง', '3', '63030');
INSERT INTO `qstn_answer` VALUES ('1155', '1', '6', '2', '8', '71', '2', '14', 'มาก', '4', '63030');
INSERT INTO `qstn_answer` VALUES ('1156', '1', '6', '2', '8', '72', '2', '14', 'มาก', '4', '63030');
INSERT INTO `qstn_answer` VALUES ('1157', '1', '6', '2', '4', '39', '2', '14', 'มาก', '4', '63003');
INSERT INTO `qstn_answer` VALUES ('1158', '1', '6', '2', '4', '40', '2', '14', 'มาก', '4', '63003');
INSERT INTO `qstn_answer` VALUES ('1159', '1', '6', '2', '4', '41', '2', '14', 'มาก', '4', '63003');
INSERT INTO `qstn_answer` VALUES ('1160', '1', '6', '2', '4', '42', '2', '14', 'มาก', '4', '63003');
INSERT INTO `qstn_answer` VALUES ('1161', '1', '6', '2', '4', '43', '2', '14', 'มาก', '4', '63003');
INSERT INTO `qstn_answer` VALUES ('1162', '1', '6', '2', '4', '44', '2', '14', 'มาก', '4', '63003');
INSERT INTO `qstn_answer` VALUES ('1163', '1', '6', '2', '4', '45', '2', '14', 'มาก', '4', '63003');
INSERT INTO `qstn_answer` VALUES ('1164', '1', '6', '2', '4', '46', '2', '14', 'มาก', '4', '63003');
INSERT INTO `qstn_answer` VALUES ('1165', '1', '6', '2', '4', '47', '2', '14', 'มาก', '4', '63003');
INSERT INTO `qstn_answer` VALUES ('1166', '1', '6', '2', '5', '48', '2', '14', 'มาก', '4', '63003');
INSERT INTO `qstn_answer` VALUES ('1167', '1', '6', '2', '5', '49', '2', '14', 'มาก', '4', '63003');
INSERT INTO `qstn_answer` VALUES ('1168', '1', '6', '2', '5', '50', '2', '14', 'มาก', '4', '63003');
INSERT INTO `qstn_answer` VALUES ('1169', '1', '6', '2', '5', '51', '2', '14', 'มาก', '4', '63003');
INSERT INTO `qstn_answer` VALUES ('1170', '1', '6', '2', '5', '52', '2', '14', 'มาก', '4', '63003');
INSERT INTO `qstn_answer` VALUES ('1171', '1', '6', '2', '5', '53', '2', '14', 'มาก', '4', '63003');
INSERT INTO `qstn_answer` VALUES ('1172', '1', '6', '2', '6', '54', '2', '14', 'มาก', '4', '63003');
INSERT INTO `qstn_answer` VALUES ('1173', '1', '6', '2', '6', '55', '2', '14', 'มาก', '4', '63003');
INSERT INTO `qstn_answer` VALUES ('1174', '1', '6', '2', '6', '56', '2', '14', 'มาก', '4', '63003');
INSERT INTO `qstn_answer` VALUES ('1175', '1', '6', '2', '6', '57', '2', '14', 'มาก', '4', '63003');
INSERT INTO `qstn_answer` VALUES ('1176', '1', '6', '2', '6', '58', '2', '14', 'มาก', '4', '63003');
INSERT INTO `qstn_answer` VALUES ('1177', '1', '6', '2', '6', '59', '2', '14', 'มาก', '4', '63003');
INSERT INTO `qstn_answer` VALUES ('1178', '1', '6', '2', '6', '60', '2', '14', 'มาก', '4', '63003');
INSERT INTO `qstn_answer` VALUES ('1179', '1', '6', '2', '7', '61', '2', '14', 'มาก', '4', '63003');
INSERT INTO `qstn_answer` VALUES ('1180', '1', '6', '2', '7', '62', '2', '14', 'มาก', '4', '63003');
INSERT INTO `qstn_answer` VALUES ('1181', '1', '6', '2', '7', '63', '2', '14', 'มาก', '4', '63003');
INSERT INTO `qstn_answer` VALUES ('1182', '1', '6', '2', '7', '64', '2', '14', 'มาก', '4', '63003');
INSERT INTO `qstn_answer` VALUES ('1183', '1', '6', '2', '7', '65', '2', '14', 'มาก', '4', '63003');
INSERT INTO `qstn_answer` VALUES ('1184', '1', '6', '2', '7', '66', '2', '14', 'มาก', '4', '63003');
INSERT INTO `qstn_answer` VALUES ('1185', '1', '6', '2', '7', '67', '2', '14', 'มาก', '4', '63003');
INSERT INTO `qstn_answer` VALUES ('1186', '1', '6', '2', '8', '68', '2', '14', 'มาก', '4', '63003');
INSERT INTO `qstn_answer` VALUES ('1187', '1', '6', '2', '8', '69', '2', '14', 'มาก', '4', '63003');
INSERT INTO `qstn_answer` VALUES ('1188', '1', '6', '2', '8', '70', '2', '14', 'มาก', '4', '63003');
INSERT INTO `qstn_answer` VALUES ('1189', '1', '6', '2', '8', '71', '2', '14', 'มาก', '4', '63003');
INSERT INTO `qstn_answer` VALUES ('1190', '1', '6', '2', '8', '72', '2', '14', 'มาก', '4', '63003');
INSERT INTO `qstn_answer` VALUES ('1191', '1', '6', '2', '4', '39', '2', '15', 'มากที่สุด', '5', '62030');
INSERT INTO `qstn_answer` VALUES ('1192', '1', '6', '2', '4', '40', '2', '15', 'มากที่สุด', '5', '62030');
INSERT INTO `qstn_answer` VALUES ('1193', '1', '6', '2', '4', '41', '2', '15', 'มากที่สุด', '5', '62030');
INSERT INTO `qstn_answer` VALUES ('1194', '1', '6', '2', '4', '42', '2', '14', 'มาก', '4', '62030');
INSERT INTO `qstn_answer` VALUES ('1195', '1', '6', '2', '4', '43', '2', '15', 'มากที่สุด', '5', '62030');
INSERT INTO `qstn_answer` VALUES ('1196', '1', '6', '2', '4', '44', '2', '15', 'มากที่สุด', '5', '62030');
INSERT INTO `qstn_answer` VALUES ('1197', '1', '6', '2', '4', '45', '2', '15', 'มากที่สุด', '5', '62030');
INSERT INTO `qstn_answer` VALUES ('1198', '1', '6', '2', '4', '46', '2', '15', 'มากที่สุด', '5', '62030');
INSERT INTO `qstn_answer` VALUES ('1199', '1', '6', '2', '4', '47', '2', '15', 'มากที่สุด', '5', '62030');
INSERT INTO `qstn_answer` VALUES ('1200', '1', '6', '2', '5', '48', '2', '15', 'มากที่สุด', '5', '62030');
INSERT INTO `qstn_answer` VALUES ('1201', '1', '6', '2', '5', '49', '2', '15', 'มากที่สุด', '5', '62030');
INSERT INTO `qstn_answer` VALUES ('1202', '1', '6', '2', '5', '50', '2', '15', 'มากที่สุด', '5', '62030');
INSERT INTO `qstn_answer` VALUES ('1203', '1', '6', '2', '5', '51', '2', '15', 'มากที่สุด', '5', '62030');
INSERT INTO `qstn_answer` VALUES ('1204', '1', '6', '2', '5', '52', '2', '15', 'มากที่สุด', '5', '62030');
INSERT INTO `qstn_answer` VALUES ('1205', '1', '6', '2', '5', '53', '2', '15', 'มากที่สุด', '5', '62030');
INSERT INTO `qstn_answer` VALUES ('1206', '1', '6', '2', '6', '54', '2', '15', 'มากที่สุด', '5', '62030');
INSERT INTO `qstn_answer` VALUES ('1207', '1', '6', '2', '6', '55', '2', '15', 'มากที่สุด', '5', '62030');
INSERT INTO `qstn_answer` VALUES ('1208', '1', '6', '2', '6', '56', '2', '15', 'มากที่สุด', '5', '62030');
INSERT INTO `qstn_answer` VALUES ('1209', '1', '6', '2', '6', '57', '2', '15', 'มากที่สุด', '5', '62030');
INSERT INTO `qstn_answer` VALUES ('1210', '1', '6', '2', '6', '58', '2', '15', 'มากที่สุด', '5', '62030');
INSERT INTO `qstn_answer` VALUES ('1211', '1', '6', '2', '6', '59', '2', '15', 'มากที่สุด', '5', '62030');
INSERT INTO `qstn_answer` VALUES ('1212', '1', '6', '2', '6', '60', '2', '15', 'มากที่สุด', '5', '62030');
INSERT INTO `qstn_answer` VALUES ('1213', '1', '6', '2', '7', '61', '2', '15', 'มากที่สุด', '5', '62030');
INSERT INTO `qstn_answer` VALUES ('1214', '1', '6', '2', '7', '62', '2', '15', 'มากที่สุด', '5', '62030');
INSERT INTO `qstn_answer` VALUES ('1215', '1', '6', '2', '7', '63', '2', '15', 'มากที่สุด', '5', '62030');
INSERT INTO `qstn_answer` VALUES ('1216', '1', '6', '2', '7', '64', '2', '15', 'มากที่สุด', '5', '62030');
INSERT INTO `qstn_answer` VALUES ('1217', '1', '6', '2', '7', '65', '2', '15', 'มากที่สุด', '5', '62030');
INSERT INTO `qstn_answer` VALUES ('1218', '1', '6', '2', '7', '66', '2', '15', 'มากที่สุด', '5', '62030');
INSERT INTO `qstn_answer` VALUES ('1219', '1', '6', '2', '7', '67', '2', '15', 'มากที่สุด', '5', '62030');
INSERT INTO `qstn_answer` VALUES ('1220', '1', '6', '2', '8', '68', '2', '15', 'มากที่สุด', '5', '62030');
INSERT INTO `qstn_answer` VALUES ('1221', '1', '6', '2', '8', '69', '2', '15', 'มากที่สุด', '5', '62030');
INSERT INTO `qstn_answer` VALUES ('1222', '1', '6', '2', '8', '70', '2', '15', 'มากที่สุด', '5', '62030');
INSERT INTO `qstn_answer` VALUES ('1223', '1', '6', '2', '8', '71', '2', '15', 'มากที่สุด', '5', '62030');
INSERT INTO `qstn_answer` VALUES ('1224', '1', '6', '2', '8', '72', '2', '15', 'มากที่สุด', '5', '62030');
INSERT INTO `qstn_answer` VALUES ('1225', '1', '6', '2', '4', '39', '2', '15', 'มากที่สุด', '5', '60030');
INSERT INTO `qstn_answer` VALUES ('1226', '1', '6', '2', '4', '40', '2', '15', 'มากที่สุด', '5', '60030');
INSERT INTO `qstn_answer` VALUES ('1227', '1', '6', '2', '4', '41', '2', '15', 'มากที่สุด', '5', '60030');
INSERT INTO `qstn_answer` VALUES ('1228', '1', '6', '2', '4', '42', '2', '15', 'มากที่สุด', '5', '60030');
INSERT INTO `qstn_answer` VALUES ('1229', '1', '6', '2', '4', '43', '2', '15', 'มากที่สุด', '5', '60030');
INSERT INTO `qstn_answer` VALUES ('1230', '1', '6', '2', '4', '44', '2', '15', 'มากที่สุด', '5', '60030');
INSERT INTO `qstn_answer` VALUES ('1231', '1', '6', '2', '4', '45', '2', '15', 'มากที่สุด', '5', '60030');
INSERT INTO `qstn_answer` VALUES ('1232', '1', '6', '2', '4', '46', '2', '15', 'มากที่สุด', '5', '60030');
INSERT INTO `qstn_answer` VALUES ('1233', '1', '6', '2', '4', '47', '2', '15', 'มากที่สุด', '5', '60030');
INSERT INTO `qstn_answer` VALUES ('1234', '1', '6', '2', '5', '48', '2', '15', 'มากที่สุด', '5', '60030');
INSERT INTO `qstn_answer` VALUES ('1235', '1', '6', '2', '5', '49', '2', '15', 'มากที่สุด', '5', '60030');
INSERT INTO `qstn_answer` VALUES ('1236', '1', '6', '2', '5', '50', '2', '13', 'ปานกลาง', '3', '60030');
INSERT INTO `qstn_answer` VALUES ('1237', '1', '6', '2', '5', '51', '2', '14', 'มาก', '4', '60030');
INSERT INTO `qstn_answer` VALUES ('1238', '1', '6', '2', '5', '52', '2', '14', 'มาก', '4', '60030');
INSERT INTO `qstn_answer` VALUES ('1239', '1', '6', '2', '5', '53', '2', '14', 'มาก', '4', '60030');
INSERT INTO `qstn_answer` VALUES ('1240', '1', '6', '2', '6', '54', '2', '15', 'มากที่สุด', '5', '60030');
INSERT INTO `qstn_answer` VALUES ('1241', '1', '6', '2', '6', '55', '2', '14', 'มาก', '4', '60030');
INSERT INTO `qstn_answer` VALUES ('1242', '1', '6', '2', '6', '56', '2', '15', 'มากที่สุด', '5', '60030');
INSERT INTO `qstn_answer` VALUES ('1243', '1', '6', '2', '6', '57', '2', '15', 'มากที่สุด', '5', '60030');
INSERT INTO `qstn_answer` VALUES ('1244', '1', '6', '2', '6', '58', '2', '15', 'มากที่สุด', '5', '60030');
INSERT INTO `qstn_answer` VALUES ('1245', '1', '6', '2', '6', '59', '2', '15', 'มากที่สุด', '5', '60030');
INSERT INTO `qstn_answer` VALUES ('1246', '1', '6', '2', '6', '60', '2', '15', 'มากที่สุด', '5', '60030');
INSERT INTO `qstn_answer` VALUES ('1247', '1', '6', '2', '7', '61', '2', '15', 'มากที่สุด', '5', '60030');
INSERT INTO `qstn_answer` VALUES ('1248', '1', '6', '2', '7', '62', '2', '15', 'มากที่สุด', '5', '60030');
INSERT INTO `qstn_answer` VALUES ('1249', '1', '6', '2', '7', '63', '2', '14', 'มาก', '4', '60030');
INSERT INTO `qstn_answer` VALUES ('1250', '1', '6', '2', '7', '64', '2', '15', 'มากที่สุด', '5', '60030');
INSERT INTO `qstn_answer` VALUES ('1251', '1', '6', '2', '7', '65', '2', '13', 'ปานกลาง', '3', '60030');
INSERT INTO `qstn_answer` VALUES ('1252', '1', '6', '2', '7', '66', '2', '15', 'มากที่สุด', '5', '60030');
INSERT INTO `qstn_answer` VALUES ('1253', '1', '6', '2', '7', '67', '2', '15', 'มากที่สุด', '5', '60030');
INSERT INTO `qstn_answer` VALUES ('1254', '1', '6', '2', '8', '68', '2', '15', 'มากที่สุด', '5', '60030');
INSERT INTO `qstn_answer` VALUES ('1255', '1', '6', '2', '8', '69', '2', '15', 'มากที่สุด', '5', '60030');
INSERT INTO `qstn_answer` VALUES ('1256', '1', '6', '2', '8', '70', '2', '15', 'มากที่สุด', '5', '60030');
INSERT INTO `qstn_answer` VALUES ('1257', '1', '6', '2', '8', '71', '2', '15', 'มากที่สุด', '5', '60030');
INSERT INTO `qstn_answer` VALUES ('1258', '1', '6', '2', '8', '72', '2', '15', 'มากที่สุด', '5', '60030');
INSERT INTO `qstn_answer` VALUES ('1259', '1', '6', '2', '4', '39', '2', '15', 'มากที่สุด', '5', '62039');
INSERT INTO `qstn_answer` VALUES ('1260', '1', '6', '2', '4', '40', '2', '14', 'มาก', '4', '62039');
INSERT INTO `qstn_answer` VALUES ('1261', '1', '6', '2', '4', '41', '2', '14', 'มาก', '4', '62039');
INSERT INTO `qstn_answer` VALUES ('1262', '1', '6', '2', '4', '42', '2', '14', 'มาก', '4', '62039');
INSERT INTO `qstn_answer` VALUES ('1263', '1', '6', '2', '4', '43', '2', '13', 'ปานกลาง', '3', '62039');
INSERT INTO `qstn_answer` VALUES ('1264', '1', '6', '2', '4', '44', '2', '14', 'มาก', '4', '62039');
INSERT INTO `qstn_answer` VALUES ('1265', '1', '6', '2', '4', '45', '2', '14', 'มาก', '4', '62039');
INSERT INTO `qstn_answer` VALUES ('1266', '1', '6', '2', '4', '46', '2', '13', 'ปานกลาง', '3', '62039');
INSERT INTO `qstn_answer` VALUES ('1267', '1', '6', '2', '4', '47', '2', '14', 'มาก', '4', '62039');
INSERT INTO `qstn_answer` VALUES ('1268', '1', '6', '2', '5', '48', '2', '14', 'มาก', '4', '62039');
INSERT INTO `qstn_answer` VALUES ('1269', '1', '6', '2', '5', '49', '2', '14', 'มาก', '4', '62039');
INSERT INTO `qstn_answer` VALUES ('1270', '1', '6', '2', '5', '50', '2', '13', 'ปานกลาง', '3', '62039');
INSERT INTO `qstn_answer` VALUES ('1271', '1', '6', '2', '5', '51', '2', '14', 'มาก', '4', '62039');
INSERT INTO `qstn_answer` VALUES ('1272', '1', '6', '2', '5', '52', '2', '14', 'มาก', '4', '62039');
INSERT INTO `qstn_answer` VALUES ('1273', '1', '6', '2', '5', '53', '2', '14', 'มาก', '4', '62039');
INSERT INTO `qstn_answer` VALUES ('1274', '1', '6', '2', '6', '54', '2', '13', 'ปานกลาง', '3', '62039');
INSERT INTO `qstn_answer` VALUES ('1275', '1', '6', '2', '6', '55', '2', '14', 'มาก', '4', '62039');
INSERT INTO `qstn_answer` VALUES ('1276', '1', '6', '2', '6', '56', '2', '14', 'มาก', '4', '62039');
INSERT INTO `qstn_answer` VALUES ('1277', '1', '6', '2', '6', '57', '2', '14', 'มาก', '4', '62039');
INSERT INTO `qstn_answer` VALUES ('1278', '1', '6', '2', '6', '58', '2', '13', 'ปานกลาง', '3', '62039');
INSERT INTO `qstn_answer` VALUES ('1279', '1', '6', '2', '6', '59', '2', '14', 'มาก', '4', '62039');
INSERT INTO `qstn_answer` VALUES ('1280', '1', '6', '2', '6', '60', '2', '14', 'มาก', '4', '62039');
INSERT INTO `qstn_answer` VALUES ('1281', '1', '6', '2', '7', '61', '2', '14', 'มาก', '4', '62039');
INSERT INTO `qstn_answer` VALUES ('1282', '1', '6', '2', '7', '62', '2', '14', 'มาก', '4', '62039');
INSERT INTO `qstn_answer` VALUES ('1283', '1', '6', '2', '7', '63', '2', '14', 'มาก', '4', '62039');
INSERT INTO `qstn_answer` VALUES ('1284', '1', '6', '2', '7', '64', '2', '14', 'มาก', '4', '62039');
INSERT INTO `qstn_answer` VALUES ('1285', '1', '6', '2', '7', '65', '2', '14', 'มาก', '4', '62039');
INSERT INTO `qstn_answer` VALUES ('1286', '1', '6', '2', '7', '66', '2', '14', 'มาก', '4', '62039');
INSERT INTO `qstn_answer` VALUES ('1287', '1', '6', '2', '7', '67', '2', '13', 'ปานกลาง', '3', '62039');
INSERT INTO `qstn_answer` VALUES ('1288', '1', '6', '2', '8', '68', '2', '14', 'มาก', '4', '62039');
INSERT INTO `qstn_answer` VALUES ('1289', '1', '6', '2', '8', '69', '2', '15', 'มากที่สุด', '5', '62039');
INSERT INTO `qstn_answer` VALUES ('1290', '1', '6', '2', '8', '70', '2', '14', 'มาก', '4', '62039');
INSERT INTO `qstn_answer` VALUES ('1291', '1', '6', '2', '8', '71', '2', '14', 'มาก', '4', '62039');
INSERT INTO `qstn_answer` VALUES ('1292', '1', '6', '2', '8', '72', '2', '15', 'มากที่สุด', '5', '62039');
INSERT INTO `qstn_answer` VALUES ('1293', '1', '6', '2', '4', '39', '2', '13', 'ปานกลาง', '3', '59017');
INSERT INTO `qstn_answer` VALUES ('1294', '1', '6', '2', '4', '40', '2', '13', 'ปานกลาง', '3', '59017');
INSERT INTO `qstn_answer` VALUES ('1295', '1', '6', '2', '4', '41', '2', '13', 'ปานกลาง', '3', '59017');
INSERT INTO `qstn_answer` VALUES ('1296', '1', '6', '2', '4', '42', '2', '13', 'ปานกลาง', '3', '59017');
INSERT INTO `qstn_answer` VALUES ('1297', '1', '6', '2', '4', '43', '2', '13', 'ปานกลาง', '3', '59017');
INSERT INTO `qstn_answer` VALUES ('1298', '1', '6', '2', '4', '44', '2', '13', 'ปานกลาง', '3', '59017');
INSERT INTO `qstn_answer` VALUES ('1299', '1', '6', '2', '4', '45', '2', '13', 'ปานกลาง', '3', '59017');
INSERT INTO `qstn_answer` VALUES ('1300', '1', '6', '2', '4', '46', '2', '13', 'ปานกลาง', '3', '59017');
INSERT INTO `qstn_answer` VALUES ('1301', '1', '6', '2', '4', '47', '2', '13', 'ปานกลาง', '3', '59017');
INSERT INTO `qstn_answer` VALUES ('1302', '1', '6', '2', '5', '48', '2', '13', 'ปานกลาง', '3', '59017');
INSERT INTO `qstn_answer` VALUES ('1303', '1', '6', '2', '5', '49', '2', '13', 'ปานกลาง', '3', '59017');
INSERT INTO `qstn_answer` VALUES ('1304', '1', '6', '2', '5', '50', '2', '13', 'ปานกลาง', '3', '59017');
INSERT INTO `qstn_answer` VALUES ('1305', '1', '6', '2', '5', '51', '2', '13', 'ปานกลาง', '3', '59017');
INSERT INTO `qstn_answer` VALUES ('1306', '1', '6', '2', '5', '52', '2', '13', 'ปานกลาง', '3', '59017');
INSERT INTO `qstn_answer` VALUES ('1307', '1', '6', '2', '5', '53', '2', '13', 'ปานกลาง', '3', '59017');
INSERT INTO `qstn_answer` VALUES ('1308', '1', '6', '2', '6', '54', '2', '13', 'ปานกลาง', '3', '59017');
INSERT INTO `qstn_answer` VALUES ('1309', '1', '6', '2', '6', '55', '2', '13', 'ปานกลาง', '3', '59017');
INSERT INTO `qstn_answer` VALUES ('1310', '1', '6', '2', '6', '56', '2', '13', 'ปานกลาง', '3', '59017');
INSERT INTO `qstn_answer` VALUES ('1311', '1', '6', '2', '6', '57', '2', '13', 'ปานกลาง', '3', '59017');
INSERT INTO `qstn_answer` VALUES ('1312', '1', '6', '2', '6', '58', '2', '12', 'น้อย', '2', '59017');
INSERT INTO `qstn_answer` VALUES ('1313', '1', '6', '2', '6', '59', '2', '13', 'ปานกลาง', '3', '59017');
INSERT INTO `qstn_answer` VALUES ('1314', '1', '6', '2', '6', '60', '2', '13', 'ปานกลาง', '3', '59017');
INSERT INTO `qstn_answer` VALUES ('1315', '1', '6', '2', '7', '61', '2', '13', 'ปานกลาง', '3', '59017');
INSERT INTO `qstn_answer` VALUES ('1316', '1', '6', '2', '7', '62', '2', '13', 'ปานกลาง', '3', '59017');
INSERT INTO `qstn_answer` VALUES ('1317', '1', '6', '2', '7', '63', '2', '13', 'ปานกลาง', '3', '59017');
INSERT INTO `qstn_answer` VALUES ('1318', '1', '6', '2', '7', '64', '2', '13', 'ปานกลาง', '3', '59017');
INSERT INTO `qstn_answer` VALUES ('1319', '1', '6', '2', '7', '65', '2', '13', 'ปานกลาง', '3', '59017');
INSERT INTO `qstn_answer` VALUES ('1320', '1', '6', '2', '7', '66', '2', '13', 'ปานกลาง', '3', '59017');
INSERT INTO `qstn_answer` VALUES ('1321', '1', '6', '2', '7', '67', '2', '13', 'ปานกลาง', '3', '59017');
INSERT INTO `qstn_answer` VALUES ('1322', '1', '6', '2', '8', '68', '2', '13', 'ปานกลาง', '3', '59017');
INSERT INTO `qstn_answer` VALUES ('1323', '1', '6', '2', '8', '69', '2', '13', 'ปานกลาง', '3', '59017');
INSERT INTO `qstn_answer` VALUES ('1324', '1', '6', '2', '8', '70', '2', '13', 'ปานกลาง', '3', '59017');
INSERT INTO `qstn_answer` VALUES ('1325', '1', '6', '2', '8', '71', '2', '12', 'น้อย', '2', '59017');
INSERT INTO `qstn_answer` VALUES ('1326', '1', '6', '2', '8', '72', '2', '13', 'ปานกลาง', '3', '59017');
INSERT INTO `qstn_answer` VALUES ('1327', '1', '6', '2', '4', '39', '2', '14', 'มาก', '4', '62016');
INSERT INTO `qstn_answer` VALUES ('1328', '1', '6', '2', '4', '40', '2', '14', 'มาก', '4', '62016');
INSERT INTO `qstn_answer` VALUES ('1329', '1', '6', '2', '4', '41', '2', '14', 'มาก', '4', '62016');
INSERT INTO `qstn_answer` VALUES ('1330', '1', '6', '2', '4', '42', '2', '14', 'มาก', '4', '62016');
INSERT INTO `qstn_answer` VALUES ('1331', '1', '6', '2', '4', '43', '2', '14', 'มาก', '4', '62016');
INSERT INTO `qstn_answer` VALUES ('1332', '1', '6', '2', '4', '44', '2', '14', 'มาก', '4', '62016');
INSERT INTO `qstn_answer` VALUES ('1333', '1', '6', '2', '4', '45', '2', '14', 'มาก', '4', '62016');
INSERT INTO `qstn_answer` VALUES ('1334', '1', '6', '2', '4', '46', '2', '14', 'มาก', '4', '62016');
INSERT INTO `qstn_answer` VALUES ('1335', '1', '6', '2', '4', '47', '2', '14', 'มาก', '4', '62016');
INSERT INTO `qstn_answer` VALUES ('1336', '1', '6', '2', '5', '48', '2', '14', 'มาก', '4', '62016');
INSERT INTO `qstn_answer` VALUES ('1337', '1', '6', '2', '5', '49', '2', '14', 'มาก', '4', '62016');
INSERT INTO `qstn_answer` VALUES ('1338', '1', '6', '2', '5', '50', '2', '14', 'มาก', '4', '62016');
INSERT INTO `qstn_answer` VALUES ('1339', '1', '6', '2', '5', '51', '2', '14', 'มาก', '4', '62016');
INSERT INTO `qstn_answer` VALUES ('1340', '1', '6', '2', '5', '52', '2', '14', 'มาก', '4', '62016');
INSERT INTO `qstn_answer` VALUES ('1341', '1', '6', '2', '5', '53', '2', '14', 'มาก', '4', '62016');
INSERT INTO `qstn_answer` VALUES ('1342', '1', '6', '2', '6', '54', '2', '14', 'มาก', '4', '62016');
INSERT INTO `qstn_answer` VALUES ('1343', '1', '6', '2', '6', '55', '2', '14', 'มาก', '4', '62016');
INSERT INTO `qstn_answer` VALUES ('1344', '1', '6', '2', '6', '56', '2', '14', 'มาก', '4', '62016');
INSERT INTO `qstn_answer` VALUES ('1345', '1', '6', '2', '6', '57', '2', '14', 'มาก', '4', '62016');
INSERT INTO `qstn_answer` VALUES ('1346', '1', '6', '2', '6', '58', '2', '14', 'มาก', '4', '62016');
INSERT INTO `qstn_answer` VALUES ('1347', '1', '6', '2', '6', '59', '2', '14', 'มาก', '4', '62016');
INSERT INTO `qstn_answer` VALUES ('1348', '1', '6', '2', '6', '60', '2', '14', 'มาก', '4', '62016');
INSERT INTO `qstn_answer` VALUES ('1349', '1', '6', '2', '7', '61', '2', '14', 'มาก', '4', '62016');
INSERT INTO `qstn_answer` VALUES ('1350', '1', '6', '2', '7', '62', '2', '14', 'มาก', '4', '62016');
INSERT INTO `qstn_answer` VALUES ('1351', '1', '6', '2', '7', '63', '2', '14', 'มาก', '4', '62016');
INSERT INTO `qstn_answer` VALUES ('1352', '1', '6', '2', '7', '64', '2', '14', 'มาก', '4', '62016');
INSERT INTO `qstn_answer` VALUES ('1353', '1', '6', '2', '7', '65', '2', '14', 'มาก', '4', '62016');
INSERT INTO `qstn_answer` VALUES ('1354', '1', '6', '2', '7', '66', '2', '14', 'มาก', '4', '62016');
INSERT INTO `qstn_answer` VALUES ('1355', '1', '6', '2', '7', '67', '2', '14', 'มาก', '4', '62016');
INSERT INTO `qstn_answer` VALUES ('1356', '1', '6', '2', '8', '68', '2', '14', 'มาก', '4', '62016');
INSERT INTO `qstn_answer` VALUES ('1357', '1', '6', '2', '8', '69', '2', '14', 'มาก', '4', '62016');
INSERT INTO `qstn_answer` VALUES ('1358', '1', '6', '2', '8', '70', '2', '14', 'มาก', '4', '62016');
INSERT INTO `qstn_answer` VALUES ('1359', '1', '6', '2', '8', '71', '2', '14', 'มาก', '4', '62016');
INSERT INTO `qstn_answer` VALUES ('1360', '1', '6', '2', '8', '72', '2', '14', 'มาก', '4', '62016');
INSERT INTO `qstn_answer` VALUES ('1361', '1', '6', '2', '4', '39', '2', '14', 'มาก', '4', '59061');
INSERT INTO `qstn_answer` VALUES ('1362', '1', '6', '2', '4', '40', '2', '14', 'มาก', '4', '59061');
INSERT INTO `qstn_answer` VALUES ('1363', '1', '6', '2', '4', '41', '2', '14', 'มาก', '4', '59061');
INSERT INTO `qstn_answer` VALUES ('1364', '1', '6', '2', '4', '42', '2', '13', 'ปานกลาง', '3', '59061');
INSERT INTO `qstn_answer` VALUES ('1365', '1', '6', '2', '4', '43', '2', '13', 'ปานกลาง', '3', '59061');
INSERT INTO `qstn_answer` VALUES ('1366', '1', '6', '2', '4', '44', '2', '14', 'มาก', '4', '59061');
INSERT INTO `qstn_answer` VALUES ('1367', '1', '6', '2', '4', '45', '2', '14', 'มาก', '4', '59061');
INSERT INTO `qstn_answer` VALUES ('1368', '1', '6', '2', '4', '46', '2', '14', 'มาก', '4', '59061');
INSERT INTO `qstn_answer` VALUES ('1369', '1', '6', '2', '4', '47', '2', '13', 'ปานกลาง', '3', '59061');
INSERT INTO `qstn_answer` VALUES ('1370', '1', '6', '2', '5', '48', '2', '14', 'มาก', '4', '59061');
INSERT INTO `qstn_answer` VALUES ('1371', '1', '6', '2', '5', '49', '2', '13', 'ปานกลาง', '3', '59061');
INSERT INTO `qstn_answer` VALUES ('1372', '1', '6', '2', '5', '50', '2', '13', 'ปานกลาง', '3', '59061');
INSERT INTO `qstn_answer` VALUES ('1373', '1', '6', '2', '5', '51', '2', '13', 'ปานกลาง', '3', '59061');
INSERT INTO `qstn_answer` VALUES ('1374', '1', '6', '2', '5', '52', '2', '13', 'ปานกลาง', '3', '59061');
INSERT INTO `qstn_answer` VALUES ('1375', '1', '6', '2', '5', '53', '2', '14', 'มาก', '4', '59061');
INSERT INTO `qstn_answer` VALUES ('1376', '1', '6', '2', '6', '54', '2', '14', 'มาก', '4', '59061');
INSERT INTO `qstn_answer` VALUES ('1377', '1', '6', '2', '6', '55', '2', '14', 'มาก', '4', '59061');
INSERT INTO `qstn_answer` VALUES ('1378', '1', '6', '2', '6', '56', '2', '14', 'มาก', '4', '59061');
INSERT INTO `qstn_answer` VALUES ('1379', '1', '6', '2', '6', '57', '2', '14', 'มาก', '4', '59061');
INSERT INTO `qstn_answer` VALUES ('1380', '1', '6', '2', '6', '58', '2', '14', 'มาก', '4', '59061');
INSERT INTO `qstn_answer` VALUES ('1381', '1', '6', '2', '6', '59', '2', '13', 'ปานกลาง', '3', '59061');
INSERT INTO `qstn_answer` VALUES ('1382', '1', '6', '2', '6', '60', '2', '14', 'มาก', '4', '59061');
INSERT INTO `qstn_answer` VALUES ('1383', '1', '6', '2', '7', '61', '2', '14', 'มาก', '4', '59061');
INSERT INTO `qstn_answer` VALUES ('1384', '1', '6', '2', '7', '62', '2', '13', 'ปานกลาง', '3', '59061');
INSERT INTO `qstn_answer` VALUES ('1385', '1', '6', '2', '7', '63', '2', '14', 'มาก', '4', '59061');
INSERT INTO `qstn_answer` VALUES ('1386', '1', '6', '2', '7', '64', '2', '14', 'มาก', '4', '59061');
INSERT INTO `qstn_answer` VALUES ('1387', '1', '6', '2', '7', '65', '2', '13', 'ปานกลาง', '3', '59061');
INSERT INTO `qstn_answer` VALUES ('1388', '1', '6', '2', '7', '66', '2', '13', 'ปานกลาง', '3', '59061');
INSERT INTO `qstn_answer` VALUES ('1389', '1', '6', '2', '7', '67', '2', '14', 'มาก', '4', '59061');
INSERT INTO `qstn_answer` VALUES ('1390', '1', '6', '2', '8', '68', '2', '14', 'มาก', '4', '59061');
INSERT INTO `qstn_answer` VALUES ('1391', '1', '6', '2', '8', '69', '2', '14', 'มาก', '4', '59061');
INSERT INTO `qstn_answer` VALUES ('1392', '1', '6', '2', '8', '70', '2', '14', 'มาก', '4', '59061');
INSERT INTO `qstn_answer` VALUES ('1393', '1', '6', '2', '8', '71', '2', '14', 'มาก', '4', '59061');
INSERT INTO `qstn_answer` VALUES ('1394', '1', '6', '2', '8', '72', '2', '14', 'มาก', '4', '59061');
INSERT INTO `qstn_answer` VALUES ('1395', '1', '6', '2', '4', '39', '2', '12', 'น้อย', '2', '60045');
INSERT INTO `qstn_answer` VALUES ('1396', '1', '6', '2', '4', '40', '2', '12', 'น้อย', '2', '60045');
INSERT INTO `qstn_answer` VALUES ('1397', '1', '6', '2', '4', '41', '2', '12', 'น้อย', '2', '60045');
INSERT INTO `qstn_answer` VALUES ('1398', '1', '6', '2', '4', '42', '2', '12', 'น้อย', '2', '60045');
INSERT INTO `qstn_answer` VALUES ('1399', '1', '6', '2', '4', '43', '2', '13', 'ปานกลาง', '3', '60045');
INSERT INTO `qstn_answer` VALUES ('1400', '1', '6', '2', '4', '44', '2', '13', 'ปานกลาง', '3', '60045');
INSERT INTO `qstn_answer` VALUES ('1401', '1', '6', '2', '4', '45', '2', '13', 'ปานกลาง', '3', '60045');
INSERT INTO `qstn_answer` VALUES ('1402', '1', '6', '2', '4', '46', '2', '11', 'น้อยที่สุด', '1', '60045');
INSERT INTO `qstn_answer` VALUES ('1403', '1', '6', '2', '4', '47', '2', '12', 'น้อย', '2', '60045');
INSERT INTO `qstn_answer` VALUES ('1404', '1', '6', '2', '5', '48', '2', '11', 'น้อยที่สุด', '1', '60045');
INSERT INTO `qstn_answer` VALUES ('1405', '1', '6', '2', '5', '49', '2', '12', 'น้อย', '2', '60045');
INSERT INTO `qstn_answer` VALUES ('1406', '1', '6', '2', '5', '50', '2', '13', 'ปานกลาง', '3', '60045');
INSERT INTO `qstn_answer` VALUES ('1407', '1', '6', '2', '5', '51', '2', '13', 'ปานกลาง', '3', '60045');
INSERT INTO `qstn_answer` VALUES ('1408', '1', '6', '2', '5', '52', '2', '12', 'น้อย', '2', '60045');
INSERT INTO `qstn_answer` VALUES ('1409', '1', '6', '2', '5', '53', '2', '13', 'ปานกลาง', '3', '60045');
INSERT INTO `qstn_answer` VALUES ('1410', '1', '6', '2', '6', '54', '2', '14', 'มาก', '4', '60045');
INSERT INTO `qstn_answer` VALUES ('1411', '1', '6', '2', '6', '55', '2', '13', 'ปานกลาง', '3', '60045');
INSERT INTO `qstn_answer` VALUES ('1412', '1', '6', '2', '6', '56', '2', '12', 'น้อย', '2', '60045');
INSERT INTO `qstn_answer` VALUES ('1413', '1', '6', '2', '6', '57', '2', '13', 'ปานกลาง', '3', '60045');
INSERT INTO `qstn_answer` VALUES ('1414', '1', '6', '2', '6', '58', '2', '13', 'ปานกลาง', '3', '60045');
INSERT INTO `qstn_answer` VALUES ('1415', '1', '6', '2', '6', '59', '2', '13', 'ปานกลาง', '3', '60045');
INSERT INTO `qstn_answer` VALUES ('1416', '1', '6', '2', '6', '60', '2', '14', 'มาก', '4', '60045');
INSERT INTO `qstn_answer` VALUES ('1417', '1', '6', '2', '7', '61', '2', '13', 'ปานกลาง', '3', '60045');
INSERT INTO `qstn_answer` VALUES ('1418', '1', '6', '2', '7', '62', '2', '12', 'น้อย', '2', '60045');
INSERT INTO `qstn_answer` VALUES ('1419', '1', '6', '2', '7', '63', '2', '12', 'น้อย', '2', '60045');
INSERT INTO `qstn_answer` VALUES ('1420', '1', '6', '2', '7', '64', '2', '14', 'มาก', '4', '60045');
INSERT INTO `qstn_answer` VALUES ('1421', '1', '6', '2', '7', '65', '2', '13', 'ปานกลาง', '3', '60045');
INSERT INTO `qstn_answer` VALUES ('1422', '1', '6', '2', '7', '66', '2', '13', 'ปานกลาง', '3', '60045');
INSERT INTO `qstn_answer` VALUES ('1423', '1', '6', '2', '7', '67', '2', '13', 'ปานกลาง', '3', '60045');
INSERT INTO `qstn_answer` VALUES ('1424', '1', '6', '2', '8', '68', '2', '12', 'น้อย', '2', '60045');
INSERT INTO `qstn_answer` VALUES ('1425', '1', '6', '2', '8', '69', '2', '12', 'น้อย', '2', '60045');
INSERT INTO `qstn_answer` VALUES ('1426', '1', '6', '2', '8', '70', '2', '12', 'น้อย', '2', '60045');
INSERT INTO `qstn_answer` VALUES ('1427', '1', '6', '2', '8', '71', '2', '14', 'มาก', '4', '60045');
INSERT INTO `qstn_answer` VALUES ('1428', '1', '6', '2', '8', '72', '2', '15', 'มากที่สุด', '5', '60045');
INSERT INTO `qstn_answer` VALUES ('1429', '1', '6', '2', '4', '39', '2', '14', 'มาก', '4', '56023');
INSERT INTO `qstn_answer` VALUES ('1430', '1', '6', '2', '4', '40', '2', '14', 'มาก', '4', '56023');
INSERT INTO `qstn_answer` VALUES ('1431', '1', '6', '2', '4', '41', '2', '14', 'มาก', '4', '56023');
INSERT INTO `qstn_answer` VALUES ('1432', '1', '6', '2', '4', '42', '2', '14', 'มาก', '4', '56023');
INSERT INTO `qstn_answer` VALUES ('1433', '1', '6', '2', '4', '43', '2', '14', 'มาก', '4', '56023');
INSERT INTO `qstn_answer` VALUES ('1434', '1', '6', '2', '4', '44', '2', '14', 'มาก', '4', '56023');
INSERT INTO `qstn_answer` VALUES ('1435', '1', '6', '2', '4', '45', '2', '13', 'ปานกลาง', '3', '56023');
INSERT INTO `qstn_answer` VALUES ('1436', '1', '6', '2', '4', '46', '2', '13', 'ปานกลาง', '3', '56023');
INSERT INTO `qstn_answer` VALUES ('1437', '1', '6', '2', '4', '47', '2', '13', 'ปานกลาง', '3', '56023');
INSERT INTO `qstn_answer` VALUES ('1438', '1', '6', '2', '5', '48', '2', '13', 'ปานกลาง', '3', '56023');
INSERT INTO `qstn_answer` VALUES ('1439', '1', '6', '2', '5', '49', '2', '13', 'ปานกลาง', '3', '56023');
INSERT INTO `qstn_answer` VALUES ('1440', '1', '6', '2', '5', '50', '2', '13', 'ปานกลาง', '3', '56023');
INSERT INTO `qstn_answer` VALUES ('1441', '1', '6', '2', '5', '51', '2', '13', 'ปานกลาง', '3', '56023');
INSERT INTO `qstn_answer` VALUES ('1442', '1', '6', '2', '5', '52', '2', '13', 'ปานกลาง', '3', '56023');
INSERT INTO `qstn_answer` VALUES ('1443', '1', '6', '2', '5', '53', '2', '13', 'ปานกลาง', '3', '56023');
INSERT INTO `qstn_answer` VALUES ('1444', '1', '6', '2', '6', '54', '2', '13', 'ปานกลาง', '3', '56023');
INSERT INTO `qstn_answer` VALUES ('1445', '1', '6', '2', '6', '55', '2', '12', 'น้อย', '2', '56023');
INSERT INTO `qstn_answer` VALUES ('1446', '1', '6', '2', '6', '56', '2', '12', 'น้อย', '2', '56023');
INSERT INTO `qstn_answer` VALUES ('1447', '1', '6', '2', '6', '57', '2', '12', 'น้อย', '2', '56023');
INSERT INTO `qstn_answer` VALUES ('1448', '1', '6', '2', '6', '58', '2', '13', 'ปานกลาง', '3', '56023');
INSERT INTO `qstn_answer` VALUES ('1449', '1', '6', '2', '6', '59', '2', '13', 'ปานกลาง', '3', '56023');
INSERT INTO `qstn_answer` VALUES ('1450', '1', '6', '2', '6', '60', '2', '13', 'ปานกลาง', '3', '56023');
INSERT INTO `qstn_answer` VALUES ('1451', '1', '6', '2', '7', '61', '2', '13', 'ปานกลาง', '3', '56023');
INSERT INTO `qstn_answer` VALUES ('1452', '1', '6', '2', '7', '62', '2', '13', 'ปานกลาง', '3', '56023');
INSERT INTO `qstn_answer` VALUES ('1453', '1', '6', '2', '7', '63', '2', '14', 'มาก', '4', '56023');
INSERT INTO `qstn_answer` VALUES ('1454', '1', '6', '2', '7', '64', '2', '14', 'มาก', '4', '56023');
INSERT INTO `qstn_answer` VALUES ('1455', '1', '6', '2', '7', '65', '2', '14', 'มาก', '4', '56023');
INSERT INTO `qstn_answer` VALUES ('1456', '1', '6', '2', '7', '66', '2', '14', 'มาก', '4', '56023');
INSERT INTO `qstn_answer` VALUES ('1457', '1', '6', '2', '7', '67', '2', '12', 'น้อย', '2', '56023');
INSERT INTO `qstn_answer` VALUES ('1458', '1', '6', '2', '8', '68', '2', '13', 'ปานกลาง', '3', '56023');
INSERT INTO `qstn_answer` VALUES ('1459', '1', '6', '2', '8', '69', '2', '13', 'ปานกลาง', '3', '56023');
INSERT INTO `qstn_answer` VALUES ('1460', '1', '6', '2', '8', '70', '2', '13', 'ปานกลาง', '3', '56023');
INSERT INTO `qstn_answer` VALUES ('1461', '1', '6', '2', '8', '71', '2', '13', 'ปานกลาง', '3', '56023');
INSERT INTO `qstn_answer` VALUES ('1462', '1', '6', '2', '8', '72', '2', '14', 'มาก', '4', '56023');
INSERT INTO `qstn_answer` VALUES ('1463', '1', '6', '2', '4', '39', '2', '13', 'ปานกลาง', '3', '63007');
INSERT INTO `qstn_answer` VALUES ('1464', '1', '6', '2', '4', '40', '2', '13', 'ปานกลาง', '3', '63007');
INSERT INTO `qstn_answer` VALUES ('1465', '1', '6', '2', '4', '41', '2', '13', 'ปานกลาง', '3', '63007');
INSERT INTO `qstn_answer` VALUES ('1466', '1', '6', '2', '4', '42', '2', '12', 'น้อย', '2', '63007');
INSERT INTO `qstn_answer` VALUES ('1467', '1', '6', '2', '4', '43', '2', '13', 'ปานกลาง', '3', '63007');
INSERT INTO `qstn_answer` VALUES ('1468', '1', '6', '2', '4', '44', '2', '13', 'ปานกลาง', '3', '63007');
INSERT INTO `qstn_answer` VALUES ('1469', '1', '6', '2', '4', '45', '2', '13', 'ปานกลาง', '3', '63007');
INSERT INTO `qstn_answer` VALUES ('1470', '1', '6', '2', '4', '46', '2', '12', 'น้อย', '2', '63007');
INSERT INTO `qstn_answer` VALUES ('1471', '1', '6', '2', '4', '47', '2', '12', 'น้อย', '2', '63007');
INSERT INTO `qstn_answer` VALUES ('1472', '1', '6', '2', '5', '48', '2', '13', 'ปานกลาง', '3', '63007');
INSERT INTO `qstn_answer` VALUES ('1473', '1', '6', '2', '5', '49', '2', '12', 'น้อย', '2', '63007');
INSERT INTO `qstn_answer` VALUES ('1474', '1', '6', '2', '5', '50', '2', '12', 'น้อย', '2', '63007');
INSERT INTO `qstn_answer` VALUES ('1475', '1', '6', '2', '5', '51', '2', '12', 'น้อย', '2', '63007');
INSERT INTO `qstn_answer` VALUES ('1476', '1', '6', '2', '5', '52', '2', '12', 'น้อย', '2', '63007');
INSERT INTO `qstn_answer` VALUES ('1477', '1', '6', '2', '5', '53', '2', '12', 'น้อย', '2', '63007');
INSERT INTO `qstn_answer` VALUES ('1478', '1', '6', '2', '6', '54', '2', '12', 'น้อย', '2', '63007');
INSERT INTO `qstn_answer` VALUES ('1479', '1', '6', '2', '6', '55', '2', '11', 'น้อยที่สุด', '1', '63007');
INSERT INTO `qstn_answer` VALUES ('1480', '1', '6', '2', '6', '56', '2', '12', 'น้อย', '2', '63007');
INSERT INTO `qstn_answer` VALUES ('1481', '1', '6', '2', '6', '57', '2', '12', 'น้อย', '2', '63007');
INSERT INTO `qstn_answer` VALUES ('1482', '1', '6', '2', '6', '58', '2', '13', 'ปานกลาง', '3', '63007');
INSERT INTO `qstn_answer` VALUES ('1483', '1', '6', '2', '6', '59', '2', '12', 'น้อย', '2', '63007');
INSERT INTO `qstn_answer` VALUES ('1484', '1', '6', '2', '6', '60', '2', '12', 'น้อย', '2', '63007');
INSERT INTO `qstn_answer` VALUES ('1485', '1', '6', '2', '7', '61', '2', '12', 'น้อย', '2', '63007');
INSERT INTO `qstn_answer` VALUES ('1486', '1', '6', '2', '7', '62', '2', '13', 'ปานกลาง', '3', '63007');
INSERT INTO `qstn_answer` VALUES ('1487', '1', '6', '2', '7', '63', '2', '12', 'น้อย', '2', '63007');
INSERT INTO `qstn_answer` VALUES ('1488', '1', '6', '2', '7', '64', '2', '13', 'ปานกลาง', '3', '63007');
INSERT INTO `qstn_answer` VALUES ('1489', '1', '6', '2', '7', '65', '2', '12', 'น้อย', '2', '63007');
INSERT INTO `qstn_answer` VALUES ('1490', '1', '6', '2', '7', '66', '2', '13', 'ปานกลาง', '3', '63007');
INSERT INTO `qstn_answer` VALUES ('1491', '1', '6', '2', '7', '67', '2', '12', 'น้อย', '2', '63007');
INSERT INTO `qstn_answer` VALUES ('1492', '1', '6', '2', '8', '68', '2', '13', 'ปานกลาง', '3', '63007');
INSERT INTO `qstn_answer` VALUES ('1493', '1', '6', '2', '8', '69', '2', '12', 'น้อย', '2', '63007');
INSERT INTO `qstn_answer` VALUES ('1494', '1', '6', '2', '8', '70', '2', '12', 'น้อย', '2', '63007');
INSERT INTO `qstn_answer` VALUES ('1495', '1', '6', '2', '8', '71', '2', '12', 'น้อย', '2', '63007');
INSERT INTO `qstn_answer` VALUES ('1496', '1', '6', '2', '8', '72', '2', '14', 'มาก', '4', '63007');
INSERT INTO `qstn_answer` VALUES ('1497', '1', '6', '2', '4', '39', '2', '15', 'มากที่สุด', '5', '62029');
INSERT INTO `qstn_answer` VALUES ('1498', '1', '6', '2', '4', '40', '2', '15', 'มากที่สุด', '5', '62029');
INSERT INTO `qstn_answer` VALUES ('1499', '1', '6', '2', '4', '41', '2', '15', 'มากที่สุด', '5', '62029');
INSERT INTO `qstn_answer` VALUES ('1500', '1', '6', '2', '4', '42', '2', '15', 'มากที่สุด', '5', '62029');
INSERT INTO `qstn_answer` VALUES ('1501', '1', '6', '2', '4', '43', '2', '15', 'มากที่สุด', '5', '62029');
INSERT INTO `qstn_answer` VALUES ('1502', '1', '6', '2', '4', '44', '2', '14', 'มาก', '4', '62029');
INSERT INTO `qstn_answer` VALUES ('1503', '1', '6', '2', '4', '45', '2', '14', 'มาก', '4', '62029');
INSERT INTO `qstn_answer` VALUES ('1504', '1', '6', '2', '4', '46', '2', '15', 'มากที่สุด', '5', '62029');
INSERT INTO `qstn_answer` VALUES ('1505', '1', '6', '2', '4', '47', '2', '14', 'มาก', '4', '62029');
INSERT INTO `qstn_answer` VALUES ('1506', '1', '6', '2', '5', '48', '2', '14', 'มาก', '4', '62029');
INSERT INTO `qstn_answer` VALUES ('1507', '1', '6', '2', '5', '49', '2', '15', 'มากที่สุด', '5', '62029');
INSERT INTO `qstn_answer` VALUES ('1508', '1', '6', '2', '5', '50', '2', '14', 'มาก', '4', '62029');
INSERT INTO `qstn_answer` VALUES ('1509', '1', '6', '2', '5', '51', '2', '14', 'มาก', '4', '62029');
INSERT INTO `qstn_answer` VALUES ('1510', '1', '6', '2', '5', '52', '2', '14', 'มาก', '4', '62029');
INSERT INTO `qstn_answer` VALUES ('1511', '1', '6', '2', '5', '53', '2', '15', 'มากที่สุด', '5', '62029');
INSERT INTO `qstn_answer` VALUES ('1512', '1', '6', '2', '6', '54', '2', '14', 'มาก', '4', '62029');
INSERT INTO `qstn_answer` VALUES ('1513', '1', '6', '2', '6', '55', '2', '15', 'มากที่สุด', '5', '62029');
INSERT INTO `qstn_answer` VALUES ('1514', '1', '6', '2', '6', '56', '2', '15', 'มากที่สุด', '5', '62029');
INSERT INTO `qstn_answer` VALUES ('1515', '1', '6', '2', '6', '57', '2', '14', 'มาก', '4', '62029');
INSERT INTO `qstn_answer` VALUES ('1516', '1', '6', '2', '6', '58', '2', '15', 'มากที่สุด', '5', '62029');
INSERT INTO `qstn_answer` VALUES ('1517', '1', '6', '2', '6', '59', '2', '15', 'มากที่สุด', '5', '62029');
INSERT INTO `qstn_answer` VALUES ('1518', '1', '6', '2', '6', '60', '2', '14', 'มาก', '4', '62029');
INSERT INTO `qstn_answer` VALUES ('1519', '1', '6', '2', '7', '61', '2', '14', 'มาก', '4', '62029');
INSERT INTO `qstn_answer` VALUES ('1520', '1', '6', '2', '7', '62', '2', '15', 'มากที่สุด', '5', '62029');
INSERT INTO `qstn_answer` VALUES ('1521', '1', '6', '2', '7', '63', '2', '14', 'มาก', '4', '62029');
INSERT INTO `qstn_answer` VALUES ('1522', '1', '6', '2', '7', '64', '2', '14', 'มาก', '4', '62029');
INSERT INTO `qstn_answer` VALUES ('1523', '1', '6', '2', '7', '65', '2', '14', 'มาก', '4', '62029');
INSERT INTO `qstn_answer` VALUES ('1524', '1', '6', '2', '7', '66', '2', '14', 'มาก', '4', '62029');
INSERT INTO `qstn_answer` VALUES ('1525', '1', '6', '2', '7', '67', '2', '14', 'มาก', '4', '62029');
INSERT INTO `qstn_answer` VALUES ('1526', '1', '6', '2', '8', '68', '2', '15', 'มากที่สุด', '5', '62029');
INSERT INTO `qstn_answer` VALUES ('1527', '1', '6', '2', '8', '69', '2', '14', 'มาก', '4', '62029');
INSERT INTO `qstn_answer` VALUES ('1528', '1', '6', '2', '8', '70', '2', '14', 'มาก', '4', '62029');
INSERT INTO `qstn_answer` VALUES ('1529', '1', '6', '2', '8', '71', '2', '14', 'มาก', '4', '62029');
INSERT INTO `qstn_answer` VALUES ('1530', '1', '6', '2', '8', '72', '2', '14', 'มาก', '4', '62029');
INSERT INTO `qstn_answer` VALUES ('1531', '1', '6', '2', '4', '39', '2', '14', 'มาก', '4', '61038');
INSERT INTO `qstn_answer` VALUES ('1532', '1', '6', '2', '4', '40', '2', '14', 'มาก', '4', '61038');
INSERT INTO `qstn_answer` VALUES ('1533', '1', '6', '2', '4', '41', '2', '15', 'มากที่สุด', '5', '61038');
INSERT INTO `qstn_answer` VALUES ('1534', '1', '6', '2', '4', '42', '2', '14', 'มาก', '4', '61038');
INSERT INTO `qstn_answer` VALUES ('1535', '1', '6', '2', '4', '43', '2', '14', 'มาก', '4', '61038');
INSERT INTO `qstn_answer` VALUES ('1536', '1', '6', '2', '4', '44', '2', '13', 'ปานกลาง', '3', '61038');
INSERT INTO `qstn_answer` VALUES ('1537', '1', '6', '2', '4', '45', '2', '13', 'ปานกลาง', '3', '61038');
INSERT INTO `qstn_answer` VALUES ('1538', '1', '6', '2', '4', '46', '2', '13', 'ปานกลาง', '3', '61038');
INSERT INTO `qstn_answer` VALUES ('1539', '1', '6', '2', '4', '47', '2', '13', 'ปานกลาง', '3', '61038');
INSERT INTO `qstn_answer` VALUES ('1540', '1', '6', '2', '5', '48', '2', '13', 'ปานกลาง', '3', '61038');
INSERT INTO `qstn_answer` VALUES ('1541', '1', '6', '2', '5', '49', '2', '14', 'มาก', '4', '61038');
INSERT INTO `qstn_answer` VALUES ('1542', '1', '6', '2', '5', '50', '2', '13', 'ปานกลาง', '3', '61038');
INSERT INTO `qstn_answer` VALUES ('1543', '1', '6', '2', '5', '51', '2', '13', 'ปานกลาง', '3', '61038');
INSERT INTO `qstn_answer` VALUES ('1544', '1', '6', '2', '5', '52', '2', '13', 'ปานกลาง', '3', '61038');
INSERT INTO `qstn_answer` VALUES ('1545', '1', '6', '2', '5', '53', '2', '13', 'ปานกลาง', '3', '61038');
INSERT INTO `qstn_answer` VALUES ('1546', '1', '6', '2', '6', '54', '2', '13', 'ปานกลาง', '3', '61038');
INSERT INTO `qstn_answer` VALUES ('1547', '1', '6', '2', '6', '55', '2', '13', 'ปานกลาง', '3', '61038');
INSERT INTO `qstn_answer` VALUES ('1548', '1', '6', '2', '6', '56', '2', '14', 'มาก', '4', '61038');
INSERT INTO `qstn_answer` VALUES ('1549', '1', '6', '2', '6', '57', '2', '14', 'มาก', '4', '61038');
INSERT INTO `qstn_answer` VALUES ('1550', '1', '6', '2', '6', '58', '2', '13', 'ปานกลาง', '3', '61038');
INSERT INTO `qstn_answer` VALUES ('1551', '1', '6', '2', '6', '59', '2', '13', 'ปานกลาง', '3', '61038');
INSERT INTO `qstn_answer` VALUES ('1552', '1', '6', '2', '6', '60', '2', '13', 'ปานกลาง', '3', '61038');
INSERT INTO `qstn_answer` VALUES ('1553', '1', '6', '2', '7', '61', '2', '13', 'ปานกลาง', '3', '61038');
INSERT INTO `qstn_answer` VALUES ('1554', '1', '6', '2', '7', '62', '2', '13', 'ปานกลาง', '3', '61038');
INSERT INTO `qstn_answer` VALUES ('1555', '1', '6', '2', '7', '63', '2', '13', 'ปานกลาง', '3', '61038');
INSERT INTO `qstn_answer` VALUES ('1556', '1', '6', '2', '7', '64', '2', '13', 'ปานกลาง', '3', '61038');
INSERT INTO `qstn_answer` VALUES ('1557', '1', '6', '2', '7', '65', '2', '13', 'ปานกลาง', '3', '61038');
INSERT INTO `qstn_answer` VALUES ('1558', '1', '6', '2', '7', '66', '2', '13', 'ปานกลาง', '3', '61038');
INSERT INTO `qstn_answer` VALUES ('1559', '1', '6', '2', '7', '67', '2', '13', 'ปานกลาง', '3', '61038');
INSERT INTO `qstn_answer` VALUES ('1560', '1', '6', '2', '8', '68', '2', '13', 'ปานกลาง', '3', '61038');
INSERT INTO `qstn_answer` VALUES ('1561', '1', '6', '2', '8', '69', '2', '13', 'ปานกลาง', '3', '61038');
INSERT INTO `qstn_answer` VALUES ('1562', '1', '6', '2', '8', '70', '2', '13', 'ปานกลาง', '3', '61038');
INSERT INTO `qstn_answer` VALUES ('1563', '1', '6', '2', '8', '71', '2', '14', 'มาก', '4', '61038');
INSERT INTO `qstn_answer` VALUES ('1564', '1', '6', '2', '8', '72', '2', '14', 'มาก', '4', '61038');
INSERT INTO `qstn_answer` VALUES ('1565', '1', '6', '2', '4', '39', '2', '14', 'มาก', '4', '63022');
INSERT INTO `qstn_answer` VALUES ('1566', '1', '6', '2', '4', '40', '2', '14', 'มาก', '4', '63022');
INSERT INTO `qstn_answer` VALUES ('1567', '1', '6', '2', '4', '41', '2', '14', 'มาก', '4', '63022');
INSERT INTO `qstn_answer` VALUES ('1568', '1', '6', '2', '4', '42', '2', '14', 'มาก', '4', '63022');
INSERT INTO `qstn_answer` VALUES ('1569', '1', '6', '2', '4', '43', '2', '14', 'มาก', '4', '63022');
INSERT INTO `qstn_answer` VALUES ('1570', '1', '6', '2', '4', '44', '2', '14', 'มาก', '4', '63022');
INSERT INTO `qstn_answer` VALUES ('1571', '1', '6', '2', '4', '45', '2', '14', 'มาก', '4', '63022');
INSERT INTO `qstn_answer` VALUES ('1572', '1', '6', '2', '4', '46', '2', '14', 'มาก', '4', '63022');
INSERT INTO `qstn_answer` VALUES ('1573', '1', '6', '2', '4', '47', '2', '14', 'มาก', '4', '63022');
INSERT INTO `qstn_answer` VALUES ('1574', '1', '6', '2', '5', '48', '2', '13', 'ปานกลาง', '3', '63022');
INSERT INTO `qstn_answer` VALUES ('1575', '1', '6', '2', '5', '49', '2', '13', 'ปานกลาง', '3', '63022');
INSERT INTO `qstn_answer` VALUES ('1576', '1', '6', '2', '5', '50', '2', '13', 'ปานกลาง', '3', '63022');
INSERT INTO `qstn_answer` VALUES ('1577', '1', '6', '2', '5', '51', '2', '14', 'มาก', '4', '63022');
INSERT INTO `qstn_answer` VALUES ('1578', '1', '6', '2', '5', '52', '2', '13', 'ปานกลาง', '3', '63022');
INSERT INTO `qstn_answer` VALUES ('1579', '1', '6', '2', '5', '53', '2', '14', 'มาก', '4', '63022');
INSERT INTO `qstn_answer` VALUES ('1580', '1', '6', '2', '6', '54', '2', '13', 'ปานกลาง', '3', '63022');
INSERT INTO `qstn_answer` VALUES ('1581', '1', '6', '2', '6', '55', '2', '13', 'ปานกลาง', '3', '63022');
INSERT INTO `qstn_answer` VALUES ('1582', '1', '6', '2', '6', '56', '2', '14', 'มาก', '4', '63022');
INSERT INTO `qstn_answer` VALUES ('1583', '1', '6', '2', '6', '57', '2', '13', 'ปานกลาง', '3', '63022');
INSERT INTO `qstn_answer` VALUES ('1584', '1', '6', '2', '6', '58', '2', '14', 'มาก', '4', '63022');
INSERT INTO `qstn_answer` VALUES ('1585', '1', '6', '2', '6', '59', '2', '13', 'ปานกลาง', '3', '63022');
INSERT INTO `qstn_answer` VALUES ('1586', '1', '6', '2', '6', '60', '2', '14', 'มาก', '4', '63022');
INSERT INTO `qstn_answer` VALUES ('1587', '1', '6', '2', '7', '61', '2', '13', 'ปานกลาง', '3', '63022');
INSERT INTO `qstn_answer` VALUES ('1588', '1', '6', '2', '7', '62', '2', '14', 'มาก', '4', '63022');
INSERT INTO `qstn_answer` VALUES ('1589', '1', '6', '2', '7', '63', '2', '13', 'ปานกลาง', '3', '63022');
INSERT INTO `qstn_answer` VALUES ('1590', '1', '6', '2', '7', '64', '2', '14', 'มาก', '4', '63022');
INSERT INTO `qstn_answer` VALUES ('1591', '1', '6', '2', '7', '65', '2', '13', 'ปานกลาง', '3', '63022');
INSERT INTO `qstn_answer` VALUES ('1592', '1', '6', '2', '7', '66', '2', '13', 'ปานกลาง', '3', '63022');
INSERT INTO `qstn_answer` VALUES ('1593', '1', '6', '2', '7', '67', '2', '14', 'มาก', '4', '63022');
INSERT INTO `qstn_answer` VALUES ('1594', '1', '6', '2', '8', '68', '2', '13', 'ปานกลาง', '3', '63022');
INSERT INTO `qstn_answer` VALUES ('1595', '1', '6', '2', '8', '69', '2', '14', 'มาก', '4', '63022');
INSERT INTO `qstn_answer` VALUES ('1596', '1', '6', '2', '8', '70', '2', '13', 'ปานกลาง', '3', '63022');
INSERT INTO `qstn_answer` VALUES ('1597', '1', '6', '2', '8', '71', '2', '13', 'ปานกลาง', '3', '63022');
INSERT INTO `qstn_answer` VALUES ('1598', '1', '6', '2', '8', '72', '2', '14', 'มาก', '4', '63022');
INSERT INTO `qstn_answer` VALUES ('1599', '1', '6', '2', '4', '39', '2', '15', 'มากที่สุด', '5', '58019');
INSERT INTO `qstn_answer` VALUES ('1600', '1', '6', '2', '4', '40', '2', '15', 'มากที่สุด', '5', '58019');
INSERT INTO `qstn_answer` VALUES ('1601', '1', '6', '2', '4', '41', '2', '15', 'มากที่สุด', '5', '58019');
INSERT INTO `qstn_answer` VALUES ('1602', '1', '6', '2', '4', '42', '2', '14', 'มาก', '4', '58019');
INSERT INTO `qstn_answer` VALUES ('1603', '1', '6', '2', '4', '43', '2', '14', 'มาก', '4', '58019');
INSERT INTO `qstn_answer` VALUES ('1604', '1', '6', '2', '4', '44', '2', '14', 'มาก', '4', '58019');
INSERT INTO `qstn_answer` VALUES ('1605', '1', '6', '2', '4', '45', '2', '14', 'มาก', '4', '58019');
INSERT INTO `qstn_answer` VALUES ('1606', '1', '6', '2', '4', '46', '2', '13', 'ปานกลาง', '3', '58019');
INSERT INTO `qstn_answer` VALUES ('1607', '1', '6', '2', '4', '47', '2', '14', 'มาก', '4', '58019');
INSERT INTO `qstn_answer` VALUES ('1608', '1', '6', '2', '5', '48', '2', '15', 'มากที่สุด', '5', '58019');
INSERT INTO `qstn_answer` VALUES ('1609', '1', '6', '2', '5', '49', '2', '13', 'ปานกลาง', '3', '58019');
INSERT INTO `qstn_answer` VALUES ('1610', '1', '6', '2', '5', '50', '2', '14', 'มาก', '4', '58019');
INSERT INTO `qstn_answer` VALUES ('1611', '1', '6', '2', '5', '51', '2', '14', 'มาก', '4', '58019');
INSERT INTO `qstn_answer` VALUES ('1612', '1', '6', '2', '5', '52', '2', '14', 'มาก', '4', '58019');
INSERT INTO `qstn_answer` VALUES ('1613', '1', '6', '2', '5', '53', '2', '13', 'ปานกลาง', '3', '58019');
INSERT INTO `qstn_answer` VALUES ('1614', '1', '6', '2', '6', '54', '2', '14', 'มาก', '4', '58019');
INSERT INTO `qstn_answer` VALUES ('1615', '1', '6', '2', '6', '55', '2', '13', 'ปานกลาง', '3', '58019');
INSERT INTO `qstn_answer` VALUES ('1616', '1', '6', '2', '6', '56', '2', '13', 'ปานกลาง', '3', '58019');
INSERT INTO `qstn_answer` VALUES ('1617', '1', '6', '2', '6', '57', '2', '14', 'มาก', '4', '58019');
INSERT INTO `qstn_answer` VALUES ('1618', '1', '6', '2', '6', '58', '2', '15', 'มากที่สุด', '5', '58019');
INSERT INTO `qstn_answer` VALUES ('1619', '1', '6', '2', '6', '59', '2', '14', 'มาก', '4', '58019');
INSERT INTO `qstn_answer` VALUES ('1620', '1', '6', '2', '6', '60', '2', '14', 'มาก', '4', '58019');
INSERT INTO `qstn_answer` VALUES ('1621', '1', '6', '2', '7', '61', '2', '14', 'มาก', '4', '58019');
INSERT INTO `qstn_answer` VALUES ('1622', '1', '6', '2', '7', '62', '2', '14', 'มาก', '4', '58019');
INSERT INTO `qstn_answer` VALUES ('1623', '1', '6', '2', '7', '63', '2', '13', 'ปานกลาง', '3', '58019');
INSERT INTO `qstn_answer` VALUES ('1624', '1', '6', '2', '7', '64', '2', '15', 'มากที่สุด', '5', '58019');
INSERT INTO `qstn_answer` VALUES ('1625', '1', '6', '2', '7', '65', '2', '13', 'ปานกลาง', '3', '58019');
INSERT INTO `qstn_answer` VALUES ('1626', '1', '6', '2', '7', '66', '2', '14', 'มาก', '4', '58019');
INSERT INTO `qstn_answer` VALUES ('1627', '1', '6', '2', '7', '67', '2', '13', 'ปานกลาง', '3', '58019');
INSERT INTO `qstn_answer` VALUES ('1628', '1', '6', '2', '8', '68', '2', '14', 'มาก', '4', '58019');
INSERT INTO `qstn_answer` VALUES ('1629', '1', '6', '2', '8', '69', '2', '14', 'มาก', '4', '58019');
INSERT INTO `qstn_answer` VALUES ('1630', '1', '6', '2', '8', '70', '2', '14', 'มาก', '4', '58019');
INSERT INTO `qstn_answer` VALUES ('1631', '1', '6', '2', '8', '71', '2', '14', 'มาก', '4', '58019');
INSERT INTO `qstn_answer` VALUES ('1632', '1', '6', '2', '8', '72', '2', '14', 'มาก', '4', '58019');
INSERT INTO `qstn_answer` VALUES ('1633', '1', '6', '2', '4', '39', '2', '14', 'มาก', '4', '63013');
INSERT INTO `qstn_answer` VALUES ('1634', '1', '6', '2', '4', '40', '2', '14', 'มาก', '4', '63013');
INSERT INTO `qstn_answer` VALUES ('1635', '1', '6', '2', '4', '41', '2', '14', 'มาก', '4', '63013');
INSERT INTO `qstn_answer` VALUES ('1636', '1', '6', '2', '4', '42', '2', '14', 'มาก', '4', '63013');
INSERT INTO `qstn_answer` VALUES ('1637', '1', '6', '2', '4', '43', '2', '14', 'มาก', '4', '63013');
INSERT INTO `qstn_answer` VALUES ('1638', '1', '6', '2', '4', '44', '2', '14', 'มาก', '4', '63013');
INSERT INTO `qstn_answer` VALUES ('1639', '1', '6', '2', '4', '45', '2', '14', 'มาก', '4', '63013');
INSERT INTO `qstn_answer` VALUES ('1640', '1', '6', '2', '4', '46', '2', '14', 'มาก', '4', '63013');
INSERT INTO `qstn_answer` VALUES ('1641', '1', '6', '2', '4', '47', '2', '14', 'มาก', '4', '63013');
INSERT INTO `qstn_answer` VALUES ('1642', '1', '6', '2', '5', '48', '2', '13', 'ปานกลาง', '3', '63013');
INSERT INTO `qstn_answer` VALUES ('1643', '1', '6', '2', '5', '49', '2', '14', 'มาก', '4', '63013');
INSERT INTO `qstn_answer` VALUES ('1644', '1', '6', '2', '5', '50', '2', '14', 'มาก', '4', '63013');
INSERT INTO `qstn_answer` VALUES ('1645', '1', '6', '2', '5', '51', '2', '14', 'มาก', '4', '63013');
INSERT INTO `qstn_answer` VALUES ('1646', '1', '6', '2', '5', '52', '2', '14', 'มาก', '4', '63013');
INSERT INTO `qstn_answer` VALUES ('1647', '1', '6', '2', '5', '53', '2', '14', 'มาก', '4', '63013');
INSERT INTO `qstn_answer` VALUES ('1648', '1', '6', '2', '6', '54', '2', '14', 'มาก', '4', '63013');
INSERT INTO `qstn_answer` VALUES ('1649', '1', '6', '2', '6', '55', '2', '14', 'มาก', '4', '63013');
INSERT INTO `qstn_answer` VALUES ('1650', '1', '6', '2', '6', '56', '2', '13', 'ปานกลาง', '3', '63013');
INSERT INTO `qstn_answer` VALUES ('1651', '1', '6', '2', '6', '57', '2', '13', 'ปานกลาง', '3', '63013');
INSERT INTO `qstn_answer` VALUES ('1652', '1', '6', '2', '6', '58', '2', '13', 'ปานกลาง', '3', '63013');
INSERT INTO `qstn_answer` VALUES ('1653', '1', '6', '2', '6', '59', '2', '14', 'มาก', '4', '63013');
INSERT INTO `qstn_answer` VALUES ('1654', '1', '6', '2', '6', '60', '2', '14', 'มาก', '4', '63013');
INSERT INTO `qstn_answer` VALUES ('1655', '1', '6', '2', '7', '61', '2', '14', 'มาก', '4', '63013');
INSERT INTO `qstn_answer` VALUES ('1656', '1', '6', '2', '7', '62', '2', '14', 'มาก', '4', '63013');
INSERT INTO `qstn_answer` VALUES ('1657', '1', '6', '2', '7', '63', '2', '14', 'มาก', '4', '63013');
INSERT INTO `qstn_answer` VALUES ('1658', '1', '6', '2', '7', '64', '2', '14', 'มาก', '4', '63013');
INSERT INTO `qstn_answer` VALUES ('1659', '1', '6', '2', '7', '65', '2', '14', 'มาก', '4', '63013');
INSERT INTO `qstn_answer` VALUES ('1660', '1', '6', '2', '7', '66', '2', '14', 'มาก', '4', '63013');
INSERT INTO `qstn_answer` VALUES ('1661', '1', '6', '2', '7', '67', '2', '14', 'มาก', '4', '63013');
INSERT INTO `qstn_answer` VALUES ('1662', '1', '6', '2', '8', '68', '2', '14', 'มาก', '4', '63013');
INSERT INTO `qstn_answer` VALUES ('1663', '1', '6', '2', '8', '69', '2', '14', 'มาก', '4', '63013');
INSERT INTO `qstn_answer` VALUES ('1664', '1', '6', '2', '8', '70', '2', '14', 'มาก', '4', '63013');
INSERT INTO `qstn_answer` VALUES ('1665', '1', '6', '2', '8', '71', '2', '14', 'มาก', '4', '63013');
INSERT INTO `qstn_answer` VALUES ('1666', '1', '6', '2', '8', '72', '2', '14', 'มาก', '4', '63013');
INSERT INTO `qstn_answer` VALUES ('1667', '1', '6', '2', '4', '39', '2', '14', 'มาก', '4', '61035');
INSERT INTO `qstn_answer` VALUES ('1668', '1', '6', '2', '4', '40', '2', '13', 'ปานกลาง', '3', '61035');
INSERT INTO `qstn_answer` VALUES ('1669', '1', '6', '2', '4', '41', '2', '13', 'ปานกลาง', '3', '61035');
INSERT INTO `qstn_answer` VALUES ('1670', '1', '6', '2', '4', '42', '2', '14', 'มาก', '4', '61035');
INSERT INTO `qstn_answer` VALUES ('1671', '1', '6', '2', '4', '43', '2', '13', 'ปานกลาง', '3', '61035');
INSERT INTO `qstn_answer` VALUES ('1672', '1', '6', '2', '4', '44', '2', '14', 'มาก', '4', '61035');
INSERT INTO `qstn_answer` VALUES ('1673', '1', '6', '2', '4', '45', '2', '14', 'มาก', '4', '61035');
INSERT INTO `qstn_answer` VALUES ('1674', '1', '6', '2', '4', '46', '2', '14', 'มาก', '4', '61035');
INSERT INTO `qstn_answer` VALUES ('1675', '1', '6', '2', '4', '47', '2', '13', 'ปานกลาง', '3', '61035');
INSERT INTO `qstn_answer` VALUES ('1676', '1', '6', '2', '5', '48', '2', '14', 'มาก', '4', '61035');
INSERT INTO `qstn_answer` VALUES ('1677', '1', '6', '2', '5', '49', '2', '14', 'มาก', '4', '61035');
INSERT INTO `qstn_answer` VALUES ('1678', '1', '6', '2', '5', '50', '2', '14', 'มาก', '4', '61035');
INSERT INTO `qstn_answer` VALUES ('1679', '1', '6', '2', '5', '51', '2', '14', 'มาก', '4', '61035');
INSERT INTO `qstn_answer` VALUES ('1680', '1', '6', '2', '5', '52', '2', '14', 'มาก', '4', '61035');
INSERT INTO `qstn_answer` VALUES ('1681', '1', '6', '2', '5', '53', '2', '13', 'ปานกลาง', '3', '61035');
INSERT INTO `qstn_answer` VALUES ('1682', '1', '6', '2', '6', '54', '2', '14', 'มาก', '4', '61035');
INSERT INTO `qstn_answer` VALUES ('1683', '1', '6', '2', '6', '55', '2', '14', 'มาก', '4', '61035');
INSERT INTO `qstn_answer` VALUES ('1684', '1', '6', '2', '6', '56', '2', '14', 'มาก', '4', '61035');
INSERT INTO `qstn_answer` VALUES ('1685', '1', '6', '2', '6', '57', '2', '14', 'มาก', '4', '61035');
INSERT INTO `qstn_answer` VALUES ('1686', '1', '6', '2', '6', '58', '2', '13', 'ปานกลาง', '3', '61035');
INSERT INTO `qstn_answer` VALUES ('1687', '1', '6', '2', '6', '59', '2', '14', 'มาก', '4', '61035');
INSERT INTO `qstn_answer` VALUES ('1688', '1', '6', '2', '6', '60', '2', '14', 'มาก', '4', '61035');
INSERT INTO `qstn_answer` VALUES ('1689', '1', '6', '2', '7', '61', '2', '14', 'มาก', '4', '61035');
INSERT INTO `qstn_answer` VALUES ('1690', '1', '6', '2', '7', '62', '2', '13', 'ปานกลาง', '3', '61035');
INSERT INTO `qstn_answer` VALUES ('1691', '1', '6', '2', '7', '63', '2', '14', 'มาก', '4', '61035');
INSERT INTO `qstn_answer` VALUES ('1692', '1', '6', '2', '7', '64', '2', '13', 'ปานกลาง', '3', '61035');
INSERT INTO `qstn_answer` VALUES ('1693', '1', '6', '2', '7', '65', '2', '14', 'มาก', '4', '61035');
INSERT INTO `qstn_answer` VALUES ('1694', '1', '6', '2', '7', '66', '2', '13', 'ปานกลาง', '3', '61035');
INSERT INTO `qstn_answer` VALUES ('1695', '1', '6', '2', '7', '67', '2', '14', 'มาก', '4', '61035');
INSERT INTO `qstn_answer` VALUES ('1696', '1', '6', '2', '8', '68', '2', '14', 'มาก', '4', '61035');
INSERT INTO `qstn_answer` VALUES ('1697', '1', '6', '2', '8', '69', '2', '14', 'มาก', '4', '61035');
INSERT INTO `qstn_answer` VALUES ('1698', '1', '6', '2', '8', '70', '2', '14', 'มาก', '4', '61035');
INSERT INTO `qstn_answer` VALUES ('1699', '1', '6', '2', '8', '71', '2', '14', 'มาก', '4', '61035');
INSERT INTO `qstn_answer` VALUES ('1700', '1', '6', '2', '8', '72', '2', '14', 'มาก', '4', '61035');
INSERT INTO `qstn_answer` VALUES ('1701', '1', '6', '2', '4', '39', '2', '14', 'มาก', '4', '61026');
INSERT INTO `qstn_answer` VALUES ('1702', '1', '6', '2', '4', '40', '2', '14', 'มาก', '4', '61026');
INSERT INTO `qstn_answer` VALUES ('1703', '1', '6', '2', '4', '41', '2', '14', 'มาก', '4', '61026');
INSERT INTO `qstn_answer` VALUES ('1704', '1', '6', '2', '4', '42', '2', '14', 'มาก', '4', '61026');
INSERT INTO `qstn_answer` VALUES ('1705', '1', '6', '2', '4', '43', '2', '14', 'มาก', '4', '61026');
INSERT INTO `qstn_answer` VALUES ('1706', '1', '6', '2', '4', '44', '2', '15', 'มากที่สุด', '5', '61026');
INSERT INTO `qstn_answer` VALUES ('1707', '1', '6', '2', '4', '45', '2', '15', 'มากที่สุด', '5', '61026');
INSERT INTO `qstn_answer` VALUES ('1708', '1', '6', '2', '4', '46', '2', '15', 'มากที่สุด', '5', '61026');
INSERT INTO `qstn_answer` VALUES ('1709', '1', '6', '2', '4', '47', '2', '15', 'มากที่สุด', '5', '61026');
INSERT INTO `qstn_answer` VALUES ('1710', '1', '6', '2', '5', '48', '2', '15', 'มากที่สุด', '5', '61026');
INSERT INTO `qstn_answer` VALUES ('1711', '1', '6', '2', '5', '49', '2', '14', 'มาก', '4', '61026');
INSERT INTO `qstn_answer` VALUES ('1712', '1', '6', '2', '5', '50', '2', '15', 'มากที่สุด', '5', '61026');
INSERT INTO `qstn_answer` VALUES ('1713', '1', '6', '2', '5', '51', '2', '15', 'มากที่สุด', '5', '61026');
INSERT INTO `qstn_answer` VALUES ('1714', '1', '6', '2', '5', '52', '2', '15', 'มากที่สุด', '5', '61026');
INSERT INTO `qstn_answer` VALUES ('1715', '1', '6', '2', '5', '53', '2', '14', 'มาก', '4', '61026');
INSERT INTO `qstn_answer` VALUES ('1716', '1', '6', '2', '6', '54', '2', '15', 'มากที่สุด', '5', '61026');
INSERT INTO `qstn_answer` VALUES ('1717', '1', '6', '2', '6', '55', '2', '15', 'มากที่สุด', '5', '61026');
INSERT INTO `qstn_answer` VALUES ('1718', '1', '6', '2', '6', '56', '2', '15', 'มากที่สุด', '5', '61026');
INSERT INTO `qstn_answer` VALUES ('1719', '1', '6', '2', '6', '57', '2', '15', 'มากที่สุด', '5', '61026');
INSERT INTO `qstn_answer` VALUES ('1720', '1', '6', '2', '6', '58', '2', '15', 'มากที่สุด', '5', '61026');
INSERT INTO `qstn_answer` VALUES ('1721', '1', '6', '2', '6', '59', '2', '15', 'มากที่สุด', '5', '61026');
INSERT INTO `qstn_answer` VALUES ('1722', '1', '6', '2', '6', '60', '2', '15', 'มากที่สุด', '5', '61026');
INSERT INTO `qstn_answer` VALUES ('1723', '1', '6', '2', '7', '61', '2', '14', 'มาก', '4', '61026');
INSERT INTO `qstn_answer` VALUES ('1724', '1', '6', '2', '7', '62', '2', '14', 'มาก', '4', '61026');
INSERT INTO `qstn_answer` VALUES ('1725', '1', '6', '2', '7', '63', '2', '15', 'มากที่สุด', '5', '61026');
INSERT INTO `qstn_answer` VALUES ('1726', '1', '6', '2', '7', '64', '2', '14', 'มาก', '4', '61026');
INSERT INTO `qstn_answer` VALUES ('1727', '1', '6', '2', '7', '65', '2', '14', 'มาก', '4', '61026');
INSERT INTO `qstn_answer` VALUES ('1728', '1', '6', '2', '7', '66', '2', '14', 'มาก', '4', '61026');
INSERT INTO `qstn_answer` VALUES ('1729', '1', '6', '2', '7', '67', '2', '15', 'มากที่สุด', '5', '61026');
INSERT INTO `qstn_answer` VALUES ('1730', '1', '6', '2', '8', '68', '2', '15', 'มากที่สุด', '5', '61026');
INSERT INTO `qstn_answer` VALUES ('1731', '1', '6', '2', '8', '69', '2', '15', 'มากที่สุด', '5', '61026');
INSERT INTO `qstn_answer` VALUES ('1732', '1', '6', '2', '8', '70', '2', '14', 'มาก', '4', '61026');
INSERT INTO `qstn_answer` VALUES ('1733', '1', '6', '2', '8', '71', '2', '14', 'มาก', '4', '61026');
INSERT INTO `qstn_answer` VALUES ('1734', '1', '6', '2', '8', '72', '2', '14', 'มาก', '4', '61026');
INSERT INTO `qstn_answer` VALUES ('1735', '1', '6', '2', '4', '39', '2', '15', 'มากที่สุด', '5', '55013');
INSERT INTO `qstn_answer` VALUES ('1736', '1', '6', '2', '4', '40', '2', '15', 'มากที่สุด', '5', '55013');
INSERT INTO `qstn_answer` VALUES ('1737', '1', '6', '2', '4', '41', '2', '15', 'มากที่สุด', '5', '55013');
INSERT INTO `qstn_answer` VALUES ('1738', '1', '6', '2', '4', '42', '2', '15', 'มากที่สุด', '5', '55013');
INSERT INTO `qstn_answer` VALUES ('1739', '1', '6', '2', '4', '43', '2', '15', 'มากที่สุด', '5', '55013');
INSERT INTO `qstn_answer` VALUES ('1740', '1', '6', '2', '4', '44', '2', '15', 'มากที่สุด', '5', '55013');
INSERT INTO `qstn_answer` VALUES ('1741', '1', '6', '2', '4', '45', '2', '15', 'มากที่สุด', '5', '55013');
INSERT INTO `qstn_answer` VALUES ('1742', '1', '6', '2', '4', '46', '2', '15', 'มากที่สุด', '5', '55013');
INSERT INTO `qstn_answer` VALUES ('1743', '1', '6', '2', '4', '47', '2', '15', 'มากที่สุด', '5', '55013');
INSERT INTO `qstn_answer` VALUES ('1744', '1', '6', '2', '5', '48', '2', '14', 'มาก', '4', '55013');
INSERT INTO `qstn_answer` VALUES ('1745', '1', '6', '2', '5', '49', '2', '14', 'มาก', '4', '55013');
INSERT INTO `qstn_answer` VALUES ('1746', '1', '6', '2', '5', '50', '2', '14', 'มาก', '4', '55013');
INSERT INTO `qstn_answer` VALUES ('1747', '1', '6', '2', '5', '51', '2', '14', 'มาก', '4', '55013');
INSERT INTO `qstn_answer` VALUES ('1748', '1', '6', '2', '5', '52', '2', '15', 'มากที่สุด', '5', '55013');
INSERT INTO `qstn_answer` VALUES ('1749', '1', '6', '2', '5', '53', '2', '14', 'มาก', '4', '55013');
INSERT INTO `qstn_answer` VALUES ('1750', '1', '6', '2', '6', '54', '2', '15', 'มากที่สุด', '5', '55013');
INSERT INTO `qstn_answer` VALUES ('1751', '1', '6', '2', '6', '55', '2', '13', 'ปานกลาง', '3', '55013');
INSERT INTO `qstn_answer` VALUES ('1752', '1', '6', '2', '6', '56', '2', '14', 'มาก', '4', '55013');
INSERT INTO `qstn_answer` VALUES ('1753', '1', '6', '2', '6', '57', '2', '14', 'มาก', '4', '55013');
INSERT INTO `qstn_answer` VALUES ('1754', '1', '6', '2', '6', '58', '2', '14', 'มาก', '4', '55013');
INSERT INTO `qstn_answer` VALUES ('1755', '1', '6', '2', '6', '59', '2', '13', 'ปานกลาง', '3', '55013');
INSERT INTO `qstn_answer` VALUES ('1756', '1', '6', '2', '6', '60', '2', '14', 'มาก', '4', '55013');
INSERT INTO `qstn_answer` VALUES ('1757', '1', '6', '2', '7', '61', '2', '14', 'มาก', '4', '55013');
INSERT INTO `qstn_answer` VALUES ('1758', '1', '6', '2', '7', '62', '2', '14', 'มาก', '4', '55013');
INSERT INTO `qstn_answer` VALUES ('1759', '1', '6', '2', '7', '63', '2', '13', 'ปานกลาง', '3', '55013');
INSERT INTO `qstn_answer` VALUES ('1760', '1', '6', '2', '7', '64', '2', '15', 'มากที่สุด', '5', '55013');
INSERT INTO `qstn_answer` VALUES ('1761', '1', '6', '2', '7', '65', '2', '14', 'มาก', '4', '55013');
INSERT INTO `qstn_answer` VALUES ('1762', '1', '6', '2', '7', '66', '2', '14', 'มาก', '4', '55013');
INSERT INTO `qstn_answer` VALUES ('1763', '1', '6', '2', '7', '67', '2', '12', 'น้อย', '2', '55013');
INSERT INTO `qstn_answer` VALUES ('1764', '1', '6', '2', '8', '68', '2', '15', 'มากที่สุด', '5', '55013');
INSERT INTO `qstn_answer` VALUES ('1765', '1', '6', '2', '8', '69', '2', '14', 'มาก', '4', '55013');
INSERT INTO `qstn_answer` VALUES ('1766', '1', '6', '2', '8', '70', '2', '13', 'ปานกลาง', '3', '55013');
INSERT INTO `qstn_answer` VALUES ('1767', '1', '6', '2', '8', '71', '2', '14', 'มาก', '4', '55013');
INSERT INTO `qstn_answer` VALUES ('1768', '1', '6', '2', '8', '72', '2', '15', 'มากที่สุด', '5', '55013');
INSERT INTO `qstn_answer` VALUES ('1769', '1', '6', '2', '4', '39', '2', '14', 'มาก', '4', '59020');
INSERT INTO `qstn_answer` VALUES ('1770', '1', '6', '2', '4', '40', '2', '14', 'มาก', '4', '59020');
INSERT INTO `qstn_answer` VALUES ('1771', '1', '6', '2', '4', '41', '2', '13', 'ปานกลาง', '3', '59020');
INSERT INTO `qstn_answer` VALUES ('1772', '1', '6', '2', '4', '42', '2', '13', 'ปานกลาง', '3', '59020');
INSERT INTO `qstn_answer` VALUES ('1773', '1', '6', '2', '4', '43', '2', '14', 'มาก', '4', '59020');
INSERT INTO `qstn_answer` VALUES ('1774', '1', '6', '2', '4', '44', '2', '14', 'มาก', '4', '59020');
INSERT INTO `qstn_answer` VALUES ('1775', '1', '6', '2', '4', '45', '2', '14', 'มาก', '4', '59020');
INSERT INTO `qstn_answer` VALUES ('1776', '1', '6', '2', '4', '46', '2', '14', 'มาก', '4', '59020');
INSERT INTO `qstn_answer` VALUES ('1777', '1', '6', '2', '4', '47', '2', '15', 'มากที่สุด', '5', '59020');
INSERT INTO `qstn_answer` VALUES ('1778', '1', '6', '2', '5', '48', '2', '13', 'ปานกลาง', '3', '59020');
INSERT INTO `qstn_answer` VALUES ('1779', '1', '6', '2', '5', '49', '2', '13', 'ปานกลาง', '3', '59020');
INSERT INTO `qstn_answer` VALUES ('1780', '1', '6', '2', '5', '50', '2', '14', 'มาก', '4', '59020');
INSERT INTO `qstn_answer` VALUES ('1781', '1', '6', '2', '5', '51', '2', '13', 'ปานกลาง', '3', '59020');
INSERT INTO `qstn_answer` VALUES ('1782', '1', '6', '2', '5', '52', '2', '14', 'มาก', '4', '59020');
INSERT INTO `qstn_answer` VALUES ('1783', '1', '6', '2', '5', '53', '2', '14', 'มาก', '4', '59020');
INSERT INTO `qstn_answer` VALUES ('1784', '1', '6', '2', '6', '54', '2', '13', 'ปานกลาง', '3', '59020');
INSERT INTO `qstn_answer` VALUES ('1785', '1', '6', '2', '6', '55', '2', '13', 'ปานกลาง', '3', '59020');
INSERT INTO `qstn_answer` VALUES ('1786', '1', '6', '2', '6', '56', '2', '13', 'ปานกลาง', '3', '59020');
INSERT INTO `qstn_answer` VALUES ('1787', '1', '6', '2', '6', '57', '2', '13', 'ปานกลาง', '3', '59020');
INSERT INTO `qstn_answer` VALUES ('1788', '1', '6', '2', '6', '58', '2', '13', 'ปานกลาง', '3', '59020');
INSERT INTO `qstn_answer` VALUES ('1789', '1', '6', '2', '6', '59', '2', '13', 'ปานกลาง', '3', '59020');
INSERT INTO `qstn_answer` VALUES ('1790', '1', '6', '2', '6', '60', '2', '14', 'มาก', '4', '59020');
INSERT INTO `qstn_answer` VALUES ('1791', '1', '6', '2', '7', '61', '2', '13', 'ปานกลาง', '3', '59020');
INSERT INTO `qstn_answer` VALUES ('1792', '1', '6', '2', '7', '62', '2', '13', 'ปานกลาง', '3', '59020');
INSERT INTO `qstn_answer` VALUES ('1793', '1', '6', '2', '7', '63', '2', '13', 'ปานกลาง', '3', '59020');
INSERT INTO `qstn_answer` VALUES ('1794', '1', '6', '2', '7', '64', '2', '14', 'มาก', '4', '59020');
INSERT INTO `qstn_answer` VALUES ('1795', '1', '6', '2', '7', '65', '2', '13', 'ปานกลาง', '3', '59020');
INSERT INTO `qstn_answer` VALUES ('1796', '1', '6', '2', '7', '66', '2', '13', 'ปานกลาง', '3', '59020');
INSERT INTO `qstn_answer` VALUES ('1797', '1', '6', '2', '7', '67', '2', '13', 'ปานกลาง', '3', '59020');
INSERT INTO `qstn_answer` VALUES ('1798', '1', '6', '2', '8', '68', '2', '13', 'ปานกลาง', '3', '59020');
INSERT INTO `qstn_answer` VALUES ('1799', '1', '6', '2', '8', '69', '2', '13', 'ปานกลาง', '3', '59020');
INSERT INTO `qstn_answer` VALUES ('1800', '1', '6', '2', '8', '70', '2', '13', 'ปานกลาง', '3', '59020');
INSERT INTO `qstn_answer` VALUES ('1801', '1', '6', '2', '8', '71', '2', '14', 'มาก', '4', '59020');
INSERT INTO `qstn_answer` VALUES ('1802', '1', '6', '2', '8', '72', '2', '14', 'มาก', '4', '59020');
INSERT INTO `qstn_answer` VALUES ('1803', '1', '6', '2', '4', '39', '2', '15', 'มากที่สุด', '5', '58025');
INSERT INTO `qstn_answer` VALUES ('1804', '1', '6', '2', '4', '40', '2', '15', 'มากที่สุด', '5', '58025');
INSERT INTO `qstn_answer` VALUES ('1805', '1', '6', '2', '4', '41', '2', '15', 'มากที่สุด', '5', '58025');
INSERT INTO `qstn_answer` VALUES ('1806', '1', '6', '2', '4', '42', '2', '15', 'มากที่สุด', '5', '58025');
INSERT INTO `qstn_answer` VALUES ('1807', '1', '6', '2', '4', '43', '2', '15', 'มากที่สุด', '5', '58025');
INSERT INTO `qstn_answer` VALUES ('1808', '1', '6', '2', '4', '44', '2', '15', 'มากที่สุด', '5', '58025');
INSERT INTO `qstn_answer` VALUES ('1809', '1', '6', '2', '4', '45', '2', '15', 'มากที่สุด', '5', '58025');
INSERT INTO `qstn_answer` VALUES ('1810', '1', '6', '2', '4', '46', '2', '15', 'มากที่สุด', '5', '58025');
INSERT INTO `qstn_answer` VALUES ('1811', '1', '6', '2', '4', '47', '2', '15', 'มากที่สุด', '5', '58025');
INSERT INTO `qstn_answer` VALUES ('1812', '1', '6', '2', '5', '48', '2', '15', 'มากที่สุด', '5', '58025');
INSERT INTO `qstn_answer` VALUES ('1813', '1', '6', '2', '5', '49', '2', '15', 'มากที่สุด', '5', '58025');
INSERT INTO `qstn_answer` VALUES ('1814', '1', '6', '2', '5', '50', '2', '15', 'มากที่สุด', '5', '58025');
INSERT INTO `qstn_answer` VALUES ('1815', '1', '6', '2', '5', '51', '2', '15', 'มากที่สุด', '5', '58025');
INSERT INTO `qstn_answer` VALUES ('1816', '1', '6', '2', '5', '52', '2', '15', 'มากที่สุด', '5', '58025');
INSERT INTO `qstn_answer` VALUES ('1817', '1', '6', '2', '5', '53', '2', '15', 'มากที่สุด', '5', '58025');
INSERT INTO `qstn_answer` VALUES ('1818', '1', '6', '2', '6', '54', '2', '15', 'มากที่สุด', '5', '58025');
INSERT INTO `qstn_answer` VALUES ('1819', '1', '6', '2', '6', '55', '2', '15', 'มากที่สุด', '5', '58025');
INSERT INTO `qstn_answer` VALUES ('1820', '1', '6', '2', '6', '56', '2', '15', 'มากที่สุด', '5', '58025');
INSERT INTO `qstn_answer` VALUES ('1821', '1', '6', '2', '6', '57', '2', '15', 'มากที่สุด', '5', '58025');
INSERT INTO `qstn_answer` VALUES ('1822', '1', '6', '2', '6', '58', '2', '15', 'มากที่สุด', '5', '58025');
INSERT INTO `qstn_answer` VALUES ('1823', '1', '6', '2', '6', '59', '2', '15', 'มากที่สุด', '5', '58025');
INSERT INTO `qstn_answer` VALUES ('1824', '1', '6', '2', '6', '60', '2', '15', 'มากที่สุด', '5', '58025');
INSERT INTO `qstn_answer` VALUES ('1825', '1', '6', '2', '7', '61', '2', '15', 'มากที่สุด', '5', '58025');
INSERT INTO `qstn_answer` VALUES ('1826', '1', '6', '2', '7', '62', '2', '15', 'มากที่สุด', '5', '58025');
INSERT INTO `qstn_answer` VALUES ('1827', '1', '6', '2', '7', '63', '2', '15', 'มากที่สุด', '5', '58025');
INSERT INTO `qstn_answer` VALUES ('1828', '1', '6', '2', '7', '64', '2', '15', 'มากที่สุด', '5', '58025');
INSERT INTO `qstn_answer` VALUES ('1829', '1', '6', '2', '7', '65', '2', '15', 'มากที่สุด', '5', '58025');
INSERT INTO `qstn_answer` VALUES ('1830', '1', '6', '2', '7', '66', '2', '14', 'มาก', '4', '58025');
INSERT INTO `qstn_answer` VALUES ('1831', '1', '6', '2', '7', '67', '2', '14', 'มาก', '4', '58025');
INSERT INTO `qstn_answer` VALUES ('1832', '1', '6', '2', '8', '68', '2', '14', 'มาก', '4', '58025');
INSERT INTO `qstn_answer` VALUES ('1833', '1', '6', '2', '8', '69', '2', '15', 'มากที่สุด', '5', '58025');
INSERT INTO `qstn_answer` VALUES ('1834', '1', '6', '2', '8', '70', '2', '15', 'มากที่สุด', '5', '58025');
INSERT INTO `qstn_answer` VALUES ('1835', '1', '6', '2', '8', '71', '2', '15', 'มากที่สุด', '5', '58025');
INSERT INTO `qstn_answer` VALUES ('1836', '1', '6', '2', '8', '72', '2', '15', 'มากที่สุด', '5', '58025');
INSERT INTO `qstn_answer` VALUES ('1837', '1', '6', '2', '4', '39', '2', '14', 'มาก', '4', '58008');
INSERT INTO `qstn_answer` VALUES ('1838', '1', '6', '2', '4', '40', '2', '13', 'ปานกลาง', '3', '58008');
INSERT INTO `qstn_answer` VALUES ('1839', '1', '6', '2', '4', '41', '2', '13', 'ปานกลาง', '3', '58008');
INSERT INTO `qstn_answer` VALUES ('1840', '1', '6', '2', '4', '42', '2', '13', 'ปานกลาง', '3', '58008');
INSERT INTO `qstn_answer` VALUES ('1841', '1', '6', '2', '4', '43', '2', '14', 'มาก', '4', '58008');
INSERT INTO `qstn_answer` VALUES ('1842', '1', '6', '2', '4', '44', '2', '15', 'มากที่สุด', '5', '58008');
INSERT INTO `qstn_answer` VALUES ('1843', '1', '6', '2', '4', '45', '2', '15', 'มากที่สุด', '5', '58008');
INSERT INTO `qstn_answer` VALUES ('1844', '1', '6', '2', '4', '46', '2', '14', 'มาก', '4', '58008');
INSERT INTO `qstn_answer` VALUES ('1845', '1', '6', '2', '4', '47', '2', '14', 'มาก', '4', '58008');
INSERT INTO `qstn_answer` VALUES ('1846', '1', '6', '2', '5', '48', '2', '13', 'ปานกลาง', '3', '58008');
INSERT INTO `qstn_answer` VALUES ('1847', '1', '6', '2', '5', '49', '2', '13', 'ปานกลาง', '3', '58008');
INSERT INTO `qstn_answer` VALUES ('1848', '1', '6', '2', '5', '50', '2', '13', 'ปานกลาง', '3', '58008');
INSERT INTO `qstn_answer` VALUES ('1849', '1', '6', '2', '5', '51', '2', '13', 'ปานกลาง', '3', '58008');
INSERT INTO `qstn_answer` VALUES ('1850', '1', '6', '2', '5', '52', '2', '13', 'ปานกลาง', '3', '58008');
INSERT INTO `qstn_answer` VALUES ('1851', '1', '6', '2', '5', '53', '2', '15', 'มากที่สุด', '5', '58008');
INSERT INTO `qstn_answer` VALUES ('1852', '1', '6', '2', '6', '54', '2', '13', 'ปานกลาง', '3', '58008');
INSERT INTO `qstn_answer` VALUES ('1853', '1', '6', '2', '6', '55', '2', '12', 'น้อย', '2', '58008');
INSERT INTO `qstn_answer` VALUES ('1854', '1', '6', '2', '6', '56', '2', '12', 'น้อย', '2', '58008');
INSERT INTO `qstn_answer` VALUES ('1855', '1', '6', '2', '6', '57', '2', '12', 'น้อย', '2', '58008');
INSERT INTO `qstn_answer` VALUES ('1856', '1', '6', '2', '6', '58', '2', '12', 'น้อย', '2', '58008');
INSERT INTO `qstn_answer` VALUES ('1857', '1', '6', '2', '6', '59', '2', '12', 'น้อย', '2', '58008');
INSERT INTO `qstn_answer` VALUES ('1858', '1', '6', '2', '6', '60', '2', '13', 'ปานกลาง', '3', '58008');
INSERT INTO `qstn_answer` VALUES ('1859', '1', '6', '2', '7', '61', '2', '12', 'น้อย', '2', '58008');
INSERT INTO `qstn_answer` VALUES ('1860', '1', '6', '2', '7', '62', '2', '12', 'น้อย', '2', '58008');
INSERT INTO `qstn_answer` VALUES ('1861', '1', '6', '2', '7', '63', '2', '13', 'ปานกลาง', '3', '58008');
INSERT INTO `qstn_answer` VALUES ('1862', '1', '6', '2', '7', '64', '2', '13', 'ปานกลาง', '3', '58008');
INSERT INTO `qstn_answer` VALUES ('1863', '1', '6', '2', '7', '65', '2', '12', 'น้อย', '2', '58008');
INSERT INTO `qstn_answer` VALUES ('1864', '1', '6', '2', '7', '66', '2', '13', 'ปานกลาง', '3', '58008');
INSERT INTO `qstn_answer` VALUES ('1865', '1', '6', '2', '7', '67', '2', '13', 'ปานกลาง', '3', '58008');
INSERT INTO `qstn_answer` VALUES ('1866', '1', '6', '2', '8', '68', '2', '14', 'มาก', '4', '58008');
INSERT INTO `qstn_answer` VALUES ('1867', '1', '6', '2', '8', '69', '2', '14', 'มาก', '4', '58008');
INSERT INTO `qstn_answer` VALUES ('1868', '1', '6', '2', '8', '70', '2', '14', 'มาก', '4', '58008');
INSERT INTO `qstn_answer` VALUES ('1869', '1', '6', '2', '8', '71', '2', '14', 'มาก', '4', '58008');
INSERT INTO `qstn_answer` VALUES ('1870', '1', '6', '2', '8', '72', '2', '15', 'มากที่สุด', '5', '58008');
INSERT INTO `qstn_answer` VALUES ('1871', '1', '6', '2', '4', '39', '2', '13', 'ปานกลาง', '3', '61013');
INSERT INTO `qstn_answer` VALUES ('1872', '1', '6', '2', '4', '40', '2', '13', 'ปานกลาง', '3', '61013');
INSERT INTO `qstn_answer` VALUES ('1873', '1', '6', '2', '4', '41', '2', '13', 'ปานกลาง', '3', '61013');
INSERT INTO `qstn_answer` VALUES ('1874', '1', '6', '2', '4', '42', '2', '13', 'ปานกลาง', '3', '61013');
INSERT INTO `qstn_answer` VALUES ('1875', '1', '6', '2', '4', '43', '2', '13', 'ปานกลาง', '3', '61013');
INSERT INTO `qstn_answer` VALUES ('1876', '1', '6', '2', '4', '44', '2', '13', 'ปานกลาง', '3', '61013');
INSERT INTO `qstn_answer` VALUES ('1877', '1', '6', '2', '4', '45', '2', '13', 'ปานกลาง', '3', '61013');
INSERT INTO `qstn_answer` VALUES ('1878', '1', '6', '2', '4', '46', '2', '13', 'ปานกลาง', '3', '61013');
INSERT INTO `qstn_answer` VALUES ('1879', '1', '6', '2', '4', '47', '2', '14', 'มาก', '4', '61013');
INSERT INTO `qstn_answer` VALUES ('1880', '1', '6', '2', '5', '48', '2', '13', 'ปานกลาง', '3', '61013');
INSERT INTO `qstn_answer` VALUES ('1881', '1', '6', '2', '5', '49', '2', '14', 'มาก', '4', '61013');
INSERT INTO `qstn_answer` VALUES ('1882', '1', '6', '2', '5', '50', '2', '13', 'ปานกลาง', '3', '61013');
INSERT INTO `qstn_answer` VALUES ('1883', '1', '6', '2', '5', '51', '2', '13', 'ปานกลาง', '3', '61013');
INSERT INTO `qstn_answer` VALUES ('1884', '1', '6', '2', '5', '52', '2', '13', 'ปานกลาง', '3', '61013');
INSERT INTO `qstn_answer` VALUES ('1885', '1', '6', '2', '5', '53', '2', '14', 'มาก', '4', '61013');
INSERT INTO `qstn_answer` VALUES ('1886', '1', '6', '2', '6', '54', '2', '13', 'ปานกลาง', '3', '61013');
INSERT INTO `qstn_answer` VALUES ('1887', '1', '6', '2', '6', '55', '2', '13', 'ปานกลาง', '3', '61013');
INSERT INTO `qstn_answer` VALUES ('1888', '1', '6', '2', '6', '56', '2', '13', 'ปานกลาง', '3', '61013');
INSERT INTO `qstn_answer` VALUES ('1889', '1', '6', '2', '6', '57', '2', '14', 'มาก', '4', '61013');
INSERT INTO `qstn_answer` VALUES ('1890', '1', '6', '2', '6', '58', '2', '13', 'ปานกลาง', '3', '61013');
INSERT INTO `qstn_answer` VALUES ('1891', '1', '6', '2', '6', '59', '2', '14', 'มาก', '4', '61013');
INSERT INTO `qstn_answer` VALUES ('1892', '1', '6', '2', '6', '60', '2', '13', 'ปานกลาง', '3', '61013');
INSERT INTO `qstn_answer` VALUES ('1893', '1', '6', '2', '7', '61', '2', '14', 'มาก', '4', '61013');
INSERT INTO `qstn_answer` VALUES ('1894', '1', '6', '2', '7', '62', '2', '14', 'มาก', '4', '61013');
INSERT INTO `qstn_answer` VALUES ('1895', '1', '6', '2', '7', '63', '2', '13', 'ปานกลาง', '3', '61013');
INSERT INTO `qstn_answer` VALUES ('1896', '1', '6', '2', '7', '64', '2', '14', 'มาก', '4', '61013');
INSERT INTO `qstn_answer` VALUES ('1897', '1', '6', '2', '7', '65', '2', '13', 'ปานกลาง', '3', '61013');
INSERT INTO `qstn_answer` VALUES ('1898', '1', '6', '2', '7', '66', '2', '13', 'ปานกลาง', '3', '61013');
INSERT INTO `qstn_answer` VALUES ('1899', '1', '6', '2', '7', '67', '2', '13', 'ปานกลาง', '3', '61013');
INSERT INTO `qstn_answer` VALUES ('1900', '1', '6', '2', '8', '68', '2', '13', 'ปานกลาง', '3', '61013');
INSERT INTO `qstn_answer` VALUES ('1901', '1', '6', '2', '8', '69', '2', '14', 'มาก', '4', '61013');
INSERT INTO `qstn_answer` VALUES ('1902', '1', '6', '2', '8', '70', '2', '13', 'ปานกลาง', '3', '61013');
INSERT INTO `qstn_answer` VALUES ('1903', '1', '6', '2', '8', '71', '2', '13', 'ปานกลาง', '3', '61013');
INSERT INTO `qstn_answer` VALUES ('1904', '1', '6', '2', '8', '72', '2', '13', 'ปานกลาง', '3', '61013');
INSERT INTO `qstn_answer` VALUES ('1905', '1', '6', '2', '4', '39', '2', '14', 'มาก', '4', '58024');
INSERT INTO `qstn_answer` VALUES ('1906', '1', '6', '2', '4', '40', '2', '14', 'มาก', '4', '58024');
INSERT INTO `qstn_answer` VALUES ('1907', '1', '6', '2', '4', '41', '2', '14', 'มาก', '4', '58024');
INSERT INTO `qstn_answer` VALUES ('1908', '1', '6', '2', '4', '42', '2', '14', 'มาก', '4', '58024');
INSERT INTO `qstn_answer` VALUES ('1909', '1', '6', '2', '4', '43', '2', '14', 'มาก', '4', '58024');
INSERT INTO `qstn_answer` VALUES ('1910', '1', '6', '2', '4', '44', '2', '14', 'มาก', '4', '58024');
INSERT INTO `qstn_answer` VALUES ('1911', '1', '6', '2', '4', '45', '2', '14', 'มาก', '4', '58024');
INSERT INTO `qstn_answer` VALUES ('1912', '1', '6', '2', '4', '46', '2', '13', 'ปานกลาง', '3', '58024');
INSERT INTO `qstn_answer` VALUES ('1913', '1', '6', '2', '4', '47', '2', '14', 'มาก', '4', '58024');
INSERT INTO `qstn_answer` VALUES ('1914', '1', '6', '2', '5', '48', '2', '15', 'มากที่สุด', '5', '58024');
INSERT INTO `qstn_answer` VALUES ('1915', '1', '6', '2', '5', '49', '2', '13', 'ปานกลาง', '3', '58024');
INSERT INTO `qstn_answer` VALUES ('1916', '1', '6', '2', '5', '50', '2', '13', 'ปานกลาง', '3', '58024');
INSERT INTO `qstn_answer` VALUES ('1917', '1', '6', '2', '5', '51', '2', '14', 'มาก', '4', '58024');
INSERT INTO `qstn_answer` VALUES ('1918', '1', '6', '2', '5', '52', '2', '14', 'มาก', '4', '58024');
INSERT INTO `qstn_answer` VALUES ('1919', '1', '6', '2', '5', '53', '2', '14', 'มาก', '4', '58024');
INSERT INTO `qstn_answer` VALUES ('1920', '1', '6', '2', '6', '54', '2', '12', 'น้อย', '2', '58024');
INSERT INTO `qstn_answer` VALUES ('1921', '1', '6', '2', '6', '55', '2', '13', 'ปานกลาง', '3', '58024');
INSERT INTO `qstn_answer` VALUES ('1922', '1', '6', '2', '6', '56', '2', '13', 'ปานกลาง', '3', '58024');
INSERT INTO `qstn_answer` VALUES ('1923', '1', '6', '2', '6', '57', '2', '14', 'มาก', '4', '58024');
INSERT INTO `qstn_answer` VALUES ('1924', '1', '6', '2', '6', '58', '2', '14', 'มาก', '4', '58024');
INSERT INTO `qstn_answer` VALUES ('1925', '1', '6', '2', '6', '59', '2', '14', 'มาก', '4', '58024');
INSERT INTO `qstn_answer` VALUES ('1926', '1', '6', '2', '6', '60', '2', '14', 'มาก', '4', '58024');
INSERT INTO `qstn_answer` VALUES ('1927', '1', '6', '2', '7', '61', '2', '14', 'มาก', '4', '58024');
INSERT INTO `qstn_answer` VALUES ('1928', '1', '6', '2', '7', '62', '2', '14', 'มาก', '4', '58024');
INSERT INTO `qstn_answer` VALUES ('1929', '1', '6', '2', '7', '63', '2', '13', 'ปานกลาง', '3', '58024');
INSERT INTO `qstn_answer` VALUES ('1930', '1', '6', '2', '7', '64', '2', '14', 'มาก', '4', '58024');
INSERT INTO `qstn_answer` VALUES ('1931', '1', '6', '2', '7', '65', '2', '12', 'น้อย', '2', '58024');
INSERT INTO `qstn_answer` VALUES ('1932', '1', '6', '2', '7', '66', '2', '14', 'มาก', '4', '58024');
INSERT INTO `qstn_answer` VALUES ('1933', '1', '6', '2', '7', '67', '2', '13', 'ปานกลาง', '3', '58024');
INSERT INTO `qstn_answer` VALUES ('1934', '1', '6', '2', '8', '68', '2', '13', 'ปานกลาง', '3', '58024');
INSERT INTO `qstn_answer` VALUES ('1935', '1', '6', '2', '8', '69', '2', '14', 'มาก', '4', '58024');
INSERT INTO `qstn_answer` VALUES ('1936', '1', '6', '2', '8', '70', '2', '14', 'มาก', '4', '58024');
INSERT INTO `qstn_answer` VALUES ('1937', '1', '6', '2', '8', '71', '2', '14', 'มาก', '4', '58024');
INSERT INTO `qstn_answer` VALUES ('1938', '1', '6', '2', '8', '72', '2', '14', 'มาก', '4', '58024');
INSERT INTO `qstn_answer` VALUES ('1939', '1', '6', '2', '4', '39', '2', '14', 'มาก', '4', '62008');
INSERT INTO `qstn_answer` VALUES ('1940', '1', '6', '2', '4', '40', '2', '14', 'มาก', '4', '62008');
INSERT INTO `qstn_answer` VALUES ('1941', '1', '6', '2', '4', '41', '2', '14', 'มาก', '4', '62008');
INSERT INTO `qstn_answer` VALUES ('1942', '1', '6', '2', '4', '42', '2', '14', 'มาก', '4', '62008');
INSERT INTO `qstn_answer` VALUES ('1943', '1', '6', '2', '4', '43', '2', '14', 'มาก', '4', '62008');
INSERT INTO `qstn_answer` VALUES ('1944', '1', '6', '2', '4', '44', '2', '14', 'มาก', '4', '62008');
INSERT INTO `qstn_answer` VALUES ('1945', '1', '6', '2', '4', '45', '2', '14', 'มาก', '4', '62008');
INSERT INTO `qstn_answer` VALUES ('1946', '1', '6', '2', '4', '46', '2', '14', 'มาก', '4', '62008');
INSERT INTO `qstn_answer` VALUES ('1947', '1', '6', '2', '4', '47', '2', '14', 'มาก', '4', '62008');
INSERT INTO `qstn_answer` VALUES ('1948', '1', '6', '2', '5', '48', '2', '14', 'มาก', '4', '62008');
INSERT INTO `qstn_answer` VALUES ('1949', '1', '6', '2', '5', '49', '2', '14', 'มาก', '4', '62008');
INSERT INTO `qstn_answer` VALUES ('1950', '1', '6', '2', '5', '50', '2', '14', 'มาก', '4', '62008');
INSERT INTO `qstn_answer` VALUES ('1951', '1', '6', '2', '5', '51', '2', '14', 'มาก', '4', '62008');
INSERT INTO `qstn_answer` VALUES ('1952', '1', '6', '2', '5', '52', '2', '14', 'มาก', '4', '62008');
INSERT INTO `qstn_answer` VALUES ('1953', '1', '6', '2', '5', '53', '2', '14', 'มาก', '4', '62008');
INSERT INTO `qstn_answer` VALUES ('1954', '1', '6', '2', '6', '54', '2', '14', 'มาก', '4', '62008');
INSERT INTO `qstn_answer` VALUES ('1955', '1', '6', '2', '6', '55', '2', '14', 'มาก', '4', '62008');
INSERT INTO `qstn_answer` VALUES ('1956', '1', '6', '2', '6', '56', '2', '14', 'มาก', '4', '62008');
INSERT INTO `qstn_answer` VALUES ('1957', '1', '6', '2', '6', '57', '2', '14', 'มาก', '4', '62008');
INSERT INTO `qstn_answer` VALUES ('1958', '1', '6', '2', '6', '58', '2', '14', 'มาก', '4', '62008');
INSERT INTO `qstn_answer` VALUES ('1959', '1', '6', '2', '6', '59', '2', '14', 'มาก', '4', '62008');
INSERT INTO `qstn_answer` VALUES ('1960', '1', '6', '2', '6', '60', '2', '14', 'มาก', '4', '62008');
INSERT INTO `qstn_answer` VALUES ('1961', '1', '6', '2', '7', '61', '2', '14', 'มาก', '4', '62008');
INSERT INTO `qstn_answer` VALUES ('1962', '1', '6', '2', '7', '62', '2', '14', 'มาก', '4', '62008');
INSERT INTO `qstn_answer` VALUES ('1963', '1', '6', '2', '7', '63', '2', '14', 'มาก', '4', '62008');
INSERT INTO `qstn_answer` VALUES ('1964', '1', '6', '2', '7', '64', '2', '14', 'มาก', '4', '62008');
INSERT INTO `qstn_answer` VALUES ('1965', '1', '6', '2', '7', '65', '2', '14', 'มาก', '4', '62008');
INSERT INTO `qstn_answer` VALUES ('1966', '1', '6', '2', '7', '66', '2', '14', 'มาก', '4', '62008');
INSERT INTO `qstn_answer` VALUES ('1967', '1', '6', '2', '7', '67', '2', '14', 'มาก', '4', '62008');
INSERT INTO `qstn_answer` VALUES ('1968', '1', '6', '2', '8', '68', '2', '14', 'มาก', '4', '62008');
INSERT INTO `qstn_answer` VALUES ('1969', '1', '6', '2', '8', '69', '2', '14', 'มาก', '4', '62008');
INSERT INTO `qstn_answer` VALUES ('1970', '1', '6', '2', '8', '70', '2', '14', 'มาก', '4', '62008');
INSERT INTO `qstn_answer` VALUES ('1971', '1', '6', '2', '8', '71', '2', '14', 'มาก', '4', '62008');
INSERT INTO `qstn_answer` VALUES ('1972', '1', '6', '2', '8', '72', '2', '14', 'มาก', '4', '62008');
INSERT INTO `qstn_answer` VALUES ('1973', '1', '6', '2', '4', '39', '2', '15', 'มากที่สุด', '5', '58005');
INSERT INTO `qstn_answer` VALUES ('1974', '1', '6', '2', '4', '40', '2', '15', 'มากที่สุด', '5', '58005');
INSERT INTO `qstn_answer` VALUES ('1975', '1', '6', '2', '4', '41', '2', '15', 'มากที่สุด', '5', '58005');
INSERT INTO `qstn_answer` VALUES ('1976', '1', '6', '2', '4', '42', '2', '15', 'มากที่สุด', '5', '58005');
INSERT INTO `qstn_answer` VALUES ('1977', '1', '6', '2', '4', '43', '2', '15', 'มากที่สุด', '5', '58005');
INSERT INTO `qstn_answer` VALUES ('1978', '1', '6', '2', '4', '44', '2', '15', 'มากที่สุด', '5', '58005');
INSERT INTO `qstn_answer` VALUES ('1979', '1', '6', '2', '4', '45', '2', '15', 'มากที่สุด', '5', '58005');
INSERT INTO `qstn_answer` VALUES ('1980', '1', '6', '2', '4', '46', '2', '15', 'มากที่สุด', '5', '58005');
INSERT INTO `qstn_answer` VALUES ('1981', '1', '6', '2', '4', '47', '2', '15', 'มากที่สุด', '5', '58005');
INSERT INTO `qstn_answer` VALUES ('1982', '1', '6', '2', '5', '48', '2', '15', 'มากที่สุด', '5', '58005');
INSERT INTO `qstn_answer` VALUES ('1983', '1', '6', '2', '5', '49', '2', '15', 'มากที่สุด', '5', '58005');
INSERT INTO `qstn_answer` VALUES ('1984', '1', '6', '2', '5', '50', '2', '15', 'มากที่สุด', '5', '58005');
INSERT INTO `qstn_answer` VALUES ('1985', '1', '6', '2', '5', '51', '2', '15', 'มากที่สุด', '5', '58005');
INSERT INTO `qstn_answer` VALUES ('1986', '1', '6', '2', '5', '52', '2', '15', 'มากที่สุด', '5', '58005');
INSERT INTO `qstn_answer` VALUES ('1987', '1', '6', '2', '5', '53', '2', '15', 'มากที่สุด', '5', '58005');
INSERT INTO `qstn_answer` VALUES ('1988', '1', '6', '2', '6', '54', '2', '15', 'มากที่สุด', '5', '58005');
INSERT INTO `qstn_answer` VALUES ('1989', '1', '6', '2', '6', '55', '2', '15', 'มากที่สุด', '5', '58005');
INSERT INTO `qstn_answer` VALUES ('1990', '1', '6', '2', '6', '56', '2', '15', 'มากที่สุด', '5', '58005');
INSERT INTO `qstn_answer` VALUES ('1991', '1', '6', '2', '6', '57', '2', '15', 'มากที่สุด', '5', '58005');
INSERT INTO `qstn_answer` VALUES ('1992', '1', '6', '2', '6', '58', '2', '15', 'มากที่สุด', '5', '58005');
INSERT INTO `qstn_answer` VALUES ('1993', '1', '6', '2', '6', '59', '2', '15', 'มากที่สุด', '5', '58005');
INSERT INTO `qstn_answer` VALUES ('1994', '1', '6', '2', '6', '60', '2', '15', 'มากที่สุด', '5', '58005');
INSERT INTO `qstn_answer` VALUES ('1995', '1', '6', '2', '7', '61', '2', '15', 'มากที่สุด', '5', '58005');
INSERT INTO `qstn_answer` VALUES ('1996', '1', '6', '2', '7', '62', '2', '15', 'มากที่สุด', '5', '58005');
INSERT INTO `qstn_answer` VALUES ('1997', '1', '6', '2', '7', '63', '2', '15', 'มากที่สุด', '5', '58005');
INSERT INTO `qstn_answer` VALUES ('1998', '1', '6', '2', '7', '64', '2', '15', 'มากที่สุด', '5', '58005');
INSERT INTO `qstn_answer` VALUES ('1999', '1', '6', '2', '7', '65', '2', '15', 'มากที่สุด', '5', '58005');
INSERT INTO `qstn_answer` VALUES ('2000', '1', '6', '2', '7', '66', '2', '15', 'มากที่สุด', '5', '58005');
INSERT INTO `qstn_answer` VALUES ('2001', '1', '6', '2', '7', '67', '2', '15', 'มากที่สุด', '5', '58005');
INSERT INTO `qstn_answer` VALUES ('2002', '1', '6', '2', '8', '68', '2', '15', 'มากที่สุด', '5', '58005');
INSERT INTO `qstn_answer` VALUES ('2003', '1', '6', '2', '8', '69', '2', '15', 'มากที่สุด', '5', '58005');
INSERT INTO `qstn_answer` VALUES ('2004', '1', '6', '2', '8', '70', '2', '15', 'มากที่สุด', '5', '58005');
INSERT INTO `qstn_answer` VALUES ('2005', '1', '6', '2', '8', '71', '2', '15', 'มากที่สุด', '5', '58005');
INSERT INTO `qstn_answer` VALUES ('2006', '1', '6', '2', '8', '72', '2', '15', 'มากที่สุด', '5', '58005');
INSERT INTO `qstn_answer` VALUES ('2007', '1', '6', '2', '4', '39', '2', '15', 'มากที่สุด', '5', '60023');
INSERT INTO `qstn_answer` VALUES ('2008', '1', '6', '2', '4', '40', '2', '14', 'มาก', '4', '60023');
INSERT INTO `qstn_answer` VALUES ('2009', '1', '6', '2', '4', '41', '2', '14', 'มาก', '4', '60023');
INSERT INTO `qstn_answer` VALUES ('2010', '1', '6', '2', '4', '42', '2', '15', 'มากที่สุด', '5', '60023');
INSERT INTO `qstn_answer` VALUES ('2011', '1', '6', '2', '4', '43', '2', '14', 'มาก', '4', '60023');
INSERT INTO `qstn_answer` VALUES ('2012', '1', '6', '2', '4', '44', '2', '14', 'มาก', '4', '60023');
INSERT INTO `qstn_answer` VALUES ('2013', '1', '6', '2', '4', '45', '2', '14', 'มาก', '4', '60023');
INSERT INTO `qstn_answer` VALUES ('2014', '1', '6', '2', '4', '46', '2', '13', 'ปานกลาง', '3', '60023');
INSERT INTO `qstn_answer` VALUES ('2015', '1', '6', '2', '4', '47', '2', '14', 'มาก', '4', '60023');
INSERT INTO `qstn_answer` VALUES ('2016', '1', '6', '2', '5', '48', '2', '14', 'มาก', '4', '60023');
INSERT INTO `qstn_answer` VALUES ('2017', '1', '6', '2', '5', '49', '2', '14', 'มาก', '4', '60023');
INSERT INTO `qstn_answer` VALUES ('2018', '1', '6', '2', '5', '50', '2', '14', 'มาก', '4', '60023');
INSERT INTO `qstn_answer` VALUES ('2019', '1', '6', '2', '5', '51', '2', '14', 'มาก', '4', '60023');
INSERT INTO `qstn_answer` VALUES ('2020', '1', '6', '2', '5', '52', '2', '14', 'มาก', '4', '60023');
INSERT INTO `qstn_answer` VALUES ('2021', '1', '6', '2', '5', '53', '2', '13', 'ปานกลาง', '3', '60023');
INSERT INTO `qstn_answer` VALUES ('2022', '1', '6', '2', '6', '54', '2', '14', 'มาก', '4', '60023');
INSERT INTO `qstn_answer` VALUES ('2023', '1', '6', '2', '6', '55', '2', '14', 'มาก', '4', '60023');
INSERT INTO `qstn_answer` VALUES ('2024', '1', '6', '2', '6', '56', '2', '13', 'ปานกลาง', '3', '60023');
INSERT INTO `qstn_answer` VALUES ('2025', '1', '6', '2', '6', '57', '2', '14', 'มาก', '4', '60023');
INSERT INTO `qstn_answer` VALUES ('2026', '1', '6', '2', '6', '58', '2', '13', 'ปานกลาง', '3', '60023');
INSERT INTO `qstn_answer` VALUES ('2027', '1', '6', '2', '6', '59', '2', '13', 'ปานกลาง', '3', '60023');
INSERT INTO `qstn_answer` VALUES ('2028', '1', '6', '2', '6', '60', '2', '13', 'ปานกลาง', '3', '60023');
INSERT INTO `qstn_answer` VALUES ('2029', '1', '6', '2', '7', '61', '2', '14', 'มาก', '4', '60023');
INSERT INTO `qstn_answer` VALUES ('2030', '1', '6', '2', '7', '62', '2', '15', 'มากที่สุด', '5', '60023');
INSERT INTO `qstn_answer` VALUES ('2031', '1', '6', '2', '7', '63', '2', '14', 'มาก', '4', '60023');
INSERT INTO `qstn_answer` VALUES ('2032', '1', '6', '2', '7', '64', '2', '15', 'มากที่สุด', '5', '60023');
INSERT INTO `qstn_answer` VALUES ('2033', '1', '6', '2', '7', '65', '2', '15', 'มากที่สุด', '5', '60023');
INSERT INTO `qstn_answer` VALUES ('2034', '1', '6', '2', '7', '66', '2', '15', 'มากที่สุด', '5', '60023');
INSERT INTO `qstn_answer` VALUES ('2035', '1', '6', '2', '7', '67', '2', '15', 'มากที่สุด', '5', '60023');
INSERT INTO `qstn_answer` VALUES ('2036', '1', '6', '2', '8', '68', '2', '15', 'มากที่สุด', '5', '60023');
INSERT INTO `qstn_answer` VALUES ('2037', '1', '6', '2', '8', '69', '2', '15', 'มากที่สุด', '5', '60023');
INSERT INTO `qstn_answer` VALUES ('2038', '1', '6', '2', '8', '70', '2', '14', 'มาก', '4', '60023');
INSERT INTO `qstn_answer` VALUES ('2039', '1', '6', '2', '8', '71', '2', '15', 'มากที่สุด', '5', '60023');
INSERT INTO `qstn_answer` VALUES ('2040', '1', '6', '2', '8', '72', '2', '15', 'มากที่สุด', '5', '60023');
INSERT INTO `qstn_answer` VALUES ('2041', '1', '6', '2', '4', '39', '2', '14', 'มาก', '4', '59062');
INSERT INTO `qstn_answer` VALUES ('2042', '1', '6', '2', '4', '40', '2', '13', 'ปานกลาง', '3', '59062');
INSERT INTO `qstn_answer` VALUES ('2043', '1', '6', '2', '4', '41', '2', '13', 'ปานกลาง', '3', '59062');
INSERT INTO `qstn_answer` VALUES ('2044', '1', '6', '2', '4', '42', '2', '13', 'ปานกลาง', '3', '59062');
INSERT INTO `qstn_answer` VALUES ('2045', '1', '6', '2', '4', '43', '2', '14', 'มาก', '4', '59062');
INSERT INTO `qstn_answer` VALUES ('2046', '1', '6', '2', '4', '44', '2', '13', 'ปานกลาง', '3', '59062');
INSERT INTO `qstn_answer` VALUES ('2047', '1', '6', '2', '4', '45', '2', '13', 'ปานกลาง', '3', '59062');
INSERT INTO `qstn_answer` VALUES ('2048', '1', '6', '2', '4', '46', '2', '14', 'มาก', '4', '59062');
INSERT INTO `qstn_answer` VALUES ('2049', '1', '6', '2', '4', '47', '2', '14', 'มาก', '4', '59062');
INSERT INTO `qstn_answer` VALUES ('2050', '1', '6', '2', '5', '48', '2', '14', 'มาก', '4', '59062');
INSERT INTO `qstn_answer` VALUES ('2051', '1', '6', '2', '5', '49', '2', '14', 'มาก', '4', '59062');
INSERT INTO `qstn_answer` VALUES ('2052', '1', '6', '2', '5', '50', '2', '14', 'มาก', '4', '59062');
INSERT INTO `qstn_answer` VALUES ('2053', '1', '6', '2', '5', '51', '2', '14', 'มาก', '4', '59062');
INSERT INTO `qstn_answer` VALUES ('2054', '1', '6', '2', '5', '52', '2', '14', 'มาก', '4', '59062');
INSERT INTO `qstn_answer` VALUES ('2055', '1', '6', '2', '5', '53', '2', '14', 'มาก', '4', '59062');
INSERT INTO `qstn_answer` VALUES ('2056', '1', '6', '2', '6', '54', '2', '14', 'มาก', '4', '59062');
INSERT INTO `qstn_answer` VALUES ('2057', '1', '6', '2', '6', '55', '2', '14', 'มาก', '4', '59062');
INSERT INTO `qstn_answer` VALUES ('2058', '1', '6', '2', '6', '56', '2', '13', 'ปานกลาง', '3', '59062');
INSERT INTO `qstn_answer` VALUES ('2059', '1', '6', '2', '6', '57', '2', '13', 'ปานกลาง', '3', '59062');
INSERT INTO `qstn_answer` VALUES ('2060', '1', '6', '2', '6', '58', '2', '13', 'ปานกลาง', '3', '59062');
INSERT INTO `qstn_answer` VALUES ('2061', '1', '6', '2', '6', '59', '2', '14', 'มาก', '4', '59062');
INSERT INTO `qstn_answer` VALUES ('2062', '1', '6', '2', '6', '60', '2', '14', 'มาก', '4', '59062');
INSERT INTO `qstn_answer` VALUES ('2063', '1', '6', '2', '7', '61', '2', '14', 'มาก', '4', '59062');
INSERT INTO `qstn_answer` VALUES ('2064', '1', '6', '2', '7', '62', '2', '14', 'มาก', '4', '59062');
INSERT INTO `qstn_answer` VALUES ('2065', '1', '6', '2', '7', '63', '2', '13', 'ปานกลาง', '3', '59062');
INSERT INTO `qstn_answer` VALUES ('2066', '1', '6', '2', '7', '64', '2', '14', 'มาก', '4', '59062');
INSERT INTO `qstn_answer` VALUES ('2067', '1', '6', '2', '7', '65', '2', '14', 'มาก', '4', '59062');
INSERT INTO `qstn_answer` VALUES ('2068', '1', '6', '2', '7', '66', '2', '14', 'มาก', '4', '59062');
INSERT INTO `qstn_answer` VALUES ('2069', '1', '6', '2', '7', '67', '2', '13', 'ปานกลาง', '3', '59062');
INSERT INTO `qstn_answer` VALUES ('2070', '1', '6', '2', '8', '68', '2', '13', 'ปานกลาง', '3', '59062');
INSERT INTO `qstn_answer` VALUES ('2071', '1', '6', '2', '8', '69', '2', '14', 'มาก', '4', '59062');
INSERT INTO `qstn_answer` VALUES ('2072', '1', '6', '2', '8', '70', '2', '14', 'มาก', '4', '59062');
INSERT INTO `qstn_answer` VALUES ('2073', '1', '6', '2', '8', '71', '2', '14', 'มาก', '4', '59062');
INSERT INTO `qstn_answer` VALUES ('2074', '1', '6', '2', '8', '72', '2', '14', 'มาก', '4', '59062');
INSERT INTO `qstn_answer` VALUES ('2075', '1', '6', '2', '4', '39', '2', '14', 'มาก', '4', '61024');
INSERT INTO `qstn_answer` VALUES ('2076', '1', '6', '2', '4', '40', '2', '14', 'มาก', '4', '61024');
INSERT INTO `qstn_answer` VALUES ('2077', '1', '6', '2', '4', '41', '2', '14', 'มาก', '4', '61024');
INSERT INTO `qstn_answer` VALUES ('2078', '1', '6', '2', '4', '42', '2', '14', 'มาก', '4', '61024');
INSERT INTO `qstn_answer` VALUES ('2079', '1', '6', '2', '4', '43', '2', '14', 'มาก', '4', '61024');
INSERT INTO `qstn_answer` VALUES ('2080', '1', '6', '2', '4', '44', '2', '15', 'มากที่สุด', '5', '61024');
INSERT INTO `qstn_answer` VALUES ('2081', '1', '6', '2', '4', '45', '2', '15', 'มากที่สุด', '5', '61024');
INSERT INTO `qstn_answer` VALUES ('2082', '1', '6', '2', '4', '46', '2', '15', 'มากที่สุด', '5', '61024');
INSERT INTO `qstn_answer` VALUES ('2083', '1', '6', '2', '4', '47', '2', '15', 'มากที่สุด', '5', '61024');
INSERT INTO `qstn_answer` VALUES ('2084', '1', '6', '2', '5', '48', '2', '14', 'มาก', '4', '61024');
INSERT INTO `qstn_answer` VALUES ('2085', '1', '6', '2', '5', '49', '2', '13', 'ปานกลาง', '3', '61024');
INSERT INTO `qstn_answer` VALUES ('2086', '1', '6', '2', '5', '50', '2', '13', 'ปานกลาง', '3', '61024');
INSERT INTO `qstn_answer` VALUES ('2087', '1', '6', '2', '5', '51', '2', '13', 'ปานกลาง', '3', '61024');
INSERT INTO `qstn_answer` VALUES ('2088', '1', '6', '2', '5', '52', '2', '15', 'มากที่สุด', '5', '61024');
INSERT INTO `qstn_answer` VALUES ('2089', '1', '6', '2', '5', '53', '2', '14', 'มาก', '4', '61024');
INSERT INTO `qstn_answer` VALUES ('2090', '1', '6', '2', '6', '54', '2', '15', 'มากที่สุด', '5', '61024');
INSERT INTO `qstn_answer` VALUES ('2091', '1', '6', '2', '6', '55', '2', '15', 'มากที่สุด', '5', '61024');
INSERT INTO `qstn_answer` VALUES ('2092', '1', '6', '2', '6', '56', '2', '15', 'มากที่สุด', '5', '61024');
INSERT INTO `qstn_answer` VALUES ('2093', '1', '6', '2', '6', '57', '2', '15', 'มากที่สุด', '5', '61024');
INSERT INTO `qstn_answer` VALUES ('2094', '1', '6', '2', '6', '58', '2', '15', 'มากที่สุด', '5', '61024');
INSERT INTO `qstn_answer` VALUES ('2095', '1', '6', '2', '6', '59', '2', '15', 'มากที่สุด', '5', '61024');
INSERT INTO `qstn_answer` VALUES ('2096', '1', '6', '2', '6', '60', '2', '13', 'ปานกลาง', '3', '61024');
INSERT INTO `qstn_answer` VALUES ('2097', '1', '6', '2', '7', '61', '2', '14', 'มาก', '4', '61024');
INSERT INTO `qstn_answer` VALUES ('2098', '1', '6', '2', '7', '62', '2', '14', 'มาก', '4', '61024');
INSERT INTO `qstn_answer` VALUES ('2099', '1', '6', '2', '7', '63', '2', '14', 'มาก', '4', '61024');
INSERT INTO `qstn_answer` VALUES ('2100', '1', '6', '2', '7', '64', '2', '14', 'มาก', '4', '61024');
INSERT INTO `qstn_answer` VALUES ('2101', '1', '6', '2', '7', '65', '2', '14', 'มาก', '4', '61024');
INSERT INTO `qstn_answer` VALUES ('2102', '1', '6', '2', '7', '66', '2', '14', 'มาก', '4', '61024');
INSERT INTO `qstn_answer` VALUES ('2103', '1', '6', '2', '7', '67', '2', '14', 'มาก', '4', '61024');
INSERT INTO `qstn_answer` VALUES ('2104', '1', '6', '2', '8', '68', '2', '14', 'มาก', '4', '61024');
INSERT INTO `qstn_answer` VALUES ('2105', '1', '6', '2', '8', '69', '2', '15', 'มากที่สุด', '5', '61024');
INSERT INTO `qstn_answer` VALUES ('2106', '1', '6', '2', '8', '70', '2', '15', 'มากที่สุด', '5', '61024');
INSERT INTO `qstn_answer` VALUES ('2107', '1', '6', '2', '8', '71', '2', '15', 'มากที่สุด', '5', '61024');
INSERT INTO `qstn_answer` VALUES ('2108', '1', '6', '2', '8', '72', '2', '15', 'มากที่สุด', '5', '61024');
INSERT INTO `qstn_answer` VALUES ('2109', '1', '6', '2', '4', '39', '2', '14', 'มาก', '4', '63031');
INSERT INTO `qstn_answer` VALUES ('2110', '1', '6', '2', '4', '40', '2', '14', 'มาก', '4', '63031');
INSERT INTO `qstn_answer` VALUES ('2111', '1', '6', '2', '4', '41', '2', '14', 'มาก', '4', '63031');
INSERT INTO `qstn_answer` VALUES ('2112', '1', '6', '2', '4', '42', '2', '14', 'มาก', '4', '63031');
INSERT INTO `qstn_answer` VALUES ('2113', '1', '6', '2', '4', '43', '2', '14', 'มาก', '4', '63031');
INSERT INTO `qstn_answer` VALUES ('2114', '1', '6', '2', '4', '44', '2', '14', 'มาก', '4', '63031');
INSERT INTO `qstn_answer` VALUES ('2115', '1', '6', '2', '4', '45', '2', '15', 'มากที่สุด', '5', '63031');
INSERT INTO `qstn_answer` VALUES ('2116', '1', '6', '2', '4', '46', '2', '14', 'มาก', '4', '63031');
INSERT INTO `qstn_answer` VALUES ('2117', '1', '6', '2', '4', '47', '2', '14', 'มาก', '4', '63031');
INSERT INTO `qstn_answer` VALUES ('2118', '1', '6', '2', '5', '48', '2', '14', 'มาก', '4', '63031');
INSERT INTO `qstn_answer` VALUES ('2119', '1', '6', '2', '5', '49', '2', '14', 'มาก', '4', '63031');
INSERT INTO `qstn_answer` VALUES ('2120', '1', '6', '2', '5', '50', '2', '13', 'ปานกลาง', '3', '63031');
INSERT INTO `qstn_answer` VALUES ('2121', '1', '6', '2', '5', '51', '2', '14', 'มาก', '4', '63031');
INSERT INTO `qstn_answer` VALUES ('2122', '1', '6', '2', '5', '52', '2', '14', 'มาก', '4', '63031');
INSERT INTO `qstn_answer` VALUES ('2123', '1', '6', '2', '5', '53', '2', '14', 'มาก', '4', '63031');
INSERT INTO `qstn_answer` VALUES ('2124', '1', '6', '2', '6', '54', '2', '14', 'มาก', '4', '63031');
INSERT INTO `qstn_answer` VALUES ('2125', '1', '6', '2', '6', '55', '2', '15', 'มากที่สุด', '5', '63031');
INSERT INTO `qstn_answer` VALUES ('2126', '1', '6', '2', '6', '56', '2', '14', 'มาก', '4', '63031');
INSERT INTO `qstn_answer` VALUES ('2127', '1', '6', '2', '6', '57', '2', '14', 'มาก', '4', '63031');
INSERT INTO `qstn_answer` VALUES ('2128', '1', '6', '2', '6', '58', '2', '15', 'มากที่สุด', '5', '63031');
INSERT INTO `qstn_answer` VALUES ('2129', '1', '6', '2', '6', '59', '2', '14', 'มาก', '4', '63031');
INSERT INTO `qstn_answer` VALUES ('2130', '1', '6', '2', '6', '60', '2', '14', 'มาก', '4', '63031');
INSERT INTO `qstn_answer` VALUES ('2131', '1', '6', '2', '7', '61', '2', '14', 'มาก', '4', '63031');
INSERT INTO `qstn_answer` VALUES ('2132', '1', '6', '2', '7', '62', '2', '15', 'มากที่สุด', '5', '63031');
INSERT INTO `qstn_answer` VALUES ('2133', '1', '6', '2', '7', '63', '2', '14', 'มาก', '4', '63031');
INSERT INTO `qstn_answer` VALUES ('2134', '1', '6', '2', '7', '64', '2', '14', 'มาก', '4', '63031');
INSERT INTO `qstn_answer` VALUES ('2135', '1', '6', '2', '7', '65', '2', '14', 'มาก', '4', '63031');
INSERT INTO `qstn_answer` VALUES ('2136', '1', '6', '2', '7', '66', '2', '14', 'มาก', '4', '63031');
INSERT INTO `qstn_answer` VALUES ('2137', '1', '6', '2', '7', '67', '2', '14', 'มาก', '4', '63031');
INSERT INTO `qstn_answer` VALUES ('2138', '1', '6', '2', '8', '68', '2', '14', 'มาก', '4', '63031');
INSERT INTO `qstn_answer` VALUES ('2139', '1', '6', '2', '8', '69', '2', '14', 'มาก', '4', '63031');
INSERT INTO `qstn_answer` VALUES ('2140', '1', '6', '2', '8', '70', '2', '15', 'มากที่สุด', '5', '63031');
INSERT INTO `qstn_answer` VALUES ('2141', '1', '6', '2', '8', '71', '2', '13', 'ปานกลาง', '3', '63031');
INSERT INTO `qstn_answer` VALUES ('2142', '1', '6', '2', '8', '72', '2', '15', 'มากที่สุด', '5', '63031');
INSERT INTO `qstn_answer` VALUES ('2143', '1', '6', '2', '4', '39', '2', '14', 'มาก', '4', '58040');
INSERT INTO `qstn_answer` VALUES ('2144', '1', '6', '2', '4', '40', '2', '14', 'มาก', '4', '58040');
INSERT INTO `qstn_answer` VALUES ('2145', '1', '6', '2', '4', '41', '2', '14', 'มาก', '4', '58040');
INSERT INTO `qstn_answer` VALUES ('2146', '1', '6', '2', '4', '42', '2', '14', 'มาก', '4', '58040');
INSERT INTO `qstn_answer` VALUES ('2147', '1', '6', '2', '4', '43', '2', '14', 'มาก', '4', '58040');
INSERT INTO `qstn_answer` VALUES ('2148', '1', '6', '2', '4', '44', '2', '14', 'มาก', '4', '58040');
INSERT INTO `qstn_answer` VALUES ('2149', '1', '6', '2', '4', '45', '2', '14', 'มาก', '4', '58040');
INSERT INTO `qstn_answer` VALUES ('2150', '1', '6', '2', '4', '46', '2', '14', 'มาก', '4', '58040');
INSERT INTO `qstn_answer` VALUES ('2151', '1', '6', '2', '4', '47', '2', '14', 'มาก', '4', '58040');
INSERT INTO `qstn_answer` VALUES ('2152', '1', '6', '2', '5', '48', '2', '14', 'มาก', '4', '58040');
INSERT INTO `qstn_answer` VALUES ('2153', '1', '6', '2', '5', '49', '2', '13', 'ปานกลาง', '3', '58040');
INSERT INTO `qstn_answer` VALUES ('2154', '1', '6', '2', '5', '50', '2', '13', 'ปานกลาง', '3', '58040');
INSERT INTO `qstn_answer` VALUES ('2155', '1', '6', '2', '5', '51', '2', '13', 'ปานกลาง', '3', '58040');
INSERT INTO `qstn_answer` VALUES ('2156', '1', '6', '2', '5', '52', '2', '13', 'ปานกลาง', '3', '58040');
INSERT INTO `qstn_answer` VALUES ('2157', '1', '6', '2', '5', '53', '2', '13', 'ปานกลาง', '3', '58040');
INSERT INTO `qstn_answer` VALUES ('2158', '1', '6', '2', '6', '54', '2', '13', 'ปานกลาง', '3', '58040');
INSERT INTO `qstn_answer` VALUES ('2159', '1', '6', '2', '6', '55', '2', '13', 'ปานกลาง', '3', '58040');
INSERT INTO `qstn_answer` VALUES ('2160', '1', '6', '2', '6', '56', '2', '14', 'มาก', '4', '58040');
INSERT INTO `qstn_answer` VALUES ('2161', '1', '6', '2', '6', '57', '2', '13', 'ปานกลาง', '3', '58040');
INSERT INTO `qstn_answer` VALUES ('2162', '1', '6', '2', '6', '58', '2', '14', 'มาก', '4', '58040');
INSERT INTO `qstn_answer` VALUES ('2163', '1', '6', '2', '6', '59', '2', '14', 'มาก', '4', '58040');
INSERT INTO `qstn_answer` VALUES ('2164', '1', '6', '2', '6', '60', '2', '13', 'ปานกลาง', '3', '58040');
INSERT INTO `qstn_answer` VALUES ('2165', '1', '6', '2', '7', '61', '2', '13', 'ปานกลาง', '3', '58040');
INSERT INTO `qstn_answer` VALUES ('2166', '1', '6', '2', '7', '62', '2', '13', 'ปานกลาง', '3', '58040');
INSERT INTO `qstn_answer` VALUES ('2167', '1', '6', '2', '7', '63', '2', '13', 'ปานกลาง', '3', '58040');
INSERT INTO `qstn_answer` VALUES ('2168', '1', '6', '2', '7', '64', '2', '14', 'มาก', '4', '58040');
INSERT INTO `qstn_answer` VALUES ('2169', '1', '6', '2', '7', '65', '2', '13', 'ปานกลาง', '3', '58040');
INSERT INTO `qstn_answer` VALUES ('2170', '1', '6', '2', '7', '66', '2', '13', 'ปานกลาง', '3', '58040');
INSERT INTO `qstn_answer` VALUES ('2171', '1', '6', '2', '7', '67', '2', '13', 'ปานกลาง', '3', '58040');
INSERT INTO `qstn_answer` VALUES ('2172', '1', '6', '2', '8', '68', '2', '14', 'มาก', '4', '58040');
INSERT INTO `qstn_answer` VALUES ('2173', '1', '6', '2', '8', '69', '2', '14', 'มาก', '4', '58040');
INSERT INTO `qstn_answer` VALUES ('2174', '1', '6', '2', '8', '70', '2', '14', 'มาก', '4', '58040');
INSERT INTO `qstn_answer` VALUES ('2175', '1', '6', '2', '8', '71', '2', '14', 'มาก', '4', '58040');
INSERT INTO `qstn_answer` VALUES ('2176', '1', '6', '2', '8', '72', '2', '14', 'มาก', '4', '58040');
INSERT INTO `qstn_answer` VALUES ('2177', '1', '6', '2', '4', '39', '2', '15', 'มากที่สุด', '5', '56010');
INSERT INTO `qstn_answer` VALUES ('2178', '1', '6', '2', '4', '40', '2', '15', 'มากที่สุด', '5', '56010');
INSERT INTO `qstn_answer` VALUES ('2179', '1', '6', '2', '4', '41', '2', '15', 'มากที่สุด', '5', '56010');
INSERT INTO `qstn_answer` VALUES ('2180', '1', '6', '2', '4', '42', '2', '15', 'มากที่สุด', '5', '56010');
INSERT INTO `qstn_answer` VALUES ('2181', '1', '6', '2', '4', '43', '2', '15', 'มากที่สุด', '5', '56010');
INSERT INTO `qstn_answer` VALUES ('2182', '1', '6', '2', '4', '44', '2', '14', 'มาก', '4', '56010');
INSERT INTO `qstn_answer` VALUES ('2183', '1', '6', '2', '4', '45', '2', '14', 'มาก', '4', '56010');
INSERT INTO `qstn_answer` VALUES ('2184', '1', '6', '2', '4', '46', '2', '13', 'ปานกลาง', '3', '56010');
INSERT INTO `qstn_answer` VALUES ('2185', '1', '6', '2', '4', '47', '2', '14', 'มาก', '4', '56010');
INSERT INTO `qstn_answer` VALUES ('2186', '1', '6', '2', '5', '48', '2', '15', 'มากที่สุด', '5', '56010');
INSERT INTO `qstn_answer` VALUES ('2187', '1', '6', '2', '5', '49', '2', '15', 'มากที่สุด', '5', '56010');
INSERT INTO `qstn_answer` VALUES ('2188', '1', '6', '2', '5', '50', '2', '15', 'มากที่สุด', '5', '56010');
INSERT INTO `qstn_answer` VALUES ('2189', '1', '6', '2', '5', '51', '2', '15', 'มากที่สุด', '5', '56010');
INSERT INTO `qstn_answer` VALUES ('2190', '1', '6', '2', '5', '52', '2', '15', 'มากที่สุด', '5', '56010');
INSERT INTO `qstn_answer` VALUES ('2191', '1', '6', '2', '5', '53', '2', '15', 'มากที่สุด', '5', '56010');
INSERT INTO `qstn_answer` VALUES ('2192', '1', '6', '2', '6', '54', '2', '15', 'มากที่สุด', '5', '56010');
INSERT INTO `qstn_answer` VALUES ('2193', '1', '6', '2', '6', '55', '2', '13', 'ปานกลาง', '3', '56010');
INSERT INTO `qstn_answer` VALUES ('2194', '1', '6', '2', '6', '56', '2', '14', 'มาก', '4', '56010');
INSERT INTO `qstn_answer` VALUES ('2195', '1', '6', '2', '6', '57', '2', '15', 'มากที่สุด', '5', '56010');
INSERT INTO `qstn_answer` VALUES ('2196', '1', '6', '2', '6', '58', '2', '15', 'มากที่สุด', '5', '56010');
INSERT INTO `qstn_answer` VALUES ('2197', '1', '6', '2', '6', '59', '2', '14', 'มาก', '4', '56010');
INSERT INTO `qstn_answer` VALUES ('2198', '1', '6', '2', '6', '60', '2', '15', 'มากที่สุด', '5', '56010');
INSERT INTO `qstn_answer` VALUES ('2199', '1', '6', '2', '7', '61', '2', '15', 'มากที่สุด', '5', '56010');
INSERT INTO `qstn_answer` VALUES ('2200', '1', '6', '2', '7', '62', '2', '15', 'มากที่สุด', '5', '56010');
INSERT INTO `qstn_answer` VALUES ('2201', '1', '6', '2', '7', '63', '2', '15', 'มากที่สุด', '5', '56010');
INSERT INTO `qstn_answer` VALUES ('2202', '1', '6', '2', '7', '64', '2', '15', 'มากที่สุด', '5', '56010');
INSERT INTO `qstn_answer` VALUES ('2203', '1', '6', '2', '7', '65', '2', '15', 'มากที่สุด', '5', '56010');
INSERT INTO `qstn_answer` VALUES ('2204', '1', '6', '2', '7', '66', '2', '15', 'มากที่สุด', '5', '56010');
INSERT INTO `qstn_answer` VALUES ('2205', '1', '6', '2', '7', '67', '2', '14', 'มาก', '4', '56010');
INSERT INTO `qstn_answer` VALUES ('2206', '1', '6', '2', '8', '68', '2', '15', 'มากที่สุด', '5', '56010');
INSERT INTO `qstn_answer` VALUES ('2207', '1', '6', '2', '8', '69', '2', '15', 'มากที่สุด', '5', '56010');
INSERT INTO `qstn_answer` VALUES ('2208', '1', '6', '2', '8', '70', '2', '15', 'มากที่สุด', '5', '56010');
INSERT INTO `qstn_answer` VALUES ('2209', '1', '6', '2', '8', '71', '2', '15', 'มากที่สุด', '5', '56010');
INSERT INTO `qstn_answer` VALUES ('2210', '1', '6', '2', '8', '72', '2', '15', 'มากที่สุด', '5', '56010');
INSERT INTO `qstn_answer` VALUES ('2211', '1', '6', '2', '4', '39', '2', '13', 'ปานกลาง', '3', '61018');
INSERT INTO `qstn_answer` VALUES ('2212', '1', '6', '2', '4', '40', '2', '14', 'มาก', '4', '61018');
INSERT INTO `qstn_answer` VALUES ('2213', '1', '6', '2', '4', '41', '2', '14', 'มาก', '4', '61018');
INSERT INTO `qstn_answer` VALUES ('2214', '1', '6', '2', '4', '42', '2', '14', 'มาก', '4', '61018');
INSERT INTO `qstn_answer` VALUES ('2215', '1', '6', '2', '4', '43', '2', '14', 'มาก', '4', '61018');
INSERT INTO `qstn_answer` VALUES ('2216', '1', '6', '2', '4', '44', '2', '14', 'มาก', '4', '61018');
INSERT INTO `qstn_answer` VALUES ('2217', '1', '6', '2', '4', '45', '2', '14', 'มาก', '4', '61018');
INSERT INTO `qstn_answer` VALUES ('2218', '1', '6', '2', '4', '46', '2', '11', 'น้อยที่สุด', '1', '61018');
INSERT INTO `qstn_answer` VALUES ('2219', '1', '6', '2', '4', '47', '2', '13', 'ปานกลาง', '3', '61018');
INSERT INTO `qstn_answer` VALUES ('2220', '1', '6', '2', '5', '48', '2', '14', 'มาก', '4', '61018');
INSERT INTO `qstn_answer` VALUES ('2221', '1', '6', '2', '5', '49', '2', '13', 'ปานกลาง', '3', '61018');
INSERT INTO `qstn_answer` VALUES ('2222', '1', '6', '2', '5', '50', '2', '13', 'ปานกลาง', '3', '61018');
INSERT INTO `qstn_answer` VALUES ('2223', '1', '6', '2', '5', '51', '2', '14', 'มาก', '4', '61018');
INSERT INTO `qstn_answer` VALUES ('2224', '1', '6', '2', '5', '52', '2', '13', 'ปานกลาง', '3', '61018');
INSERT INTO `qstn_answer` VALUES ('2225', '1', '6', '2', '5', '53', '2', '13', 'ปานกลาง', '3', '61018');
INSERT INTO `qstn_answer` VALUES ('2226', '1', '6', '2', '6', '54', '2', '12', 'น้อย', '2', '61018');
INSERT INTO `qstn_answer` VALUES ('2227', '1', '6', '2', '6', '55', '2', '12', 'น้อย', '2', '61018');
INSERT INTO `qstn_answer` VALUES ('2228', '1', '6', '2', '6', '56', '2', '13', 'ปานกลาง', '3', '61018');
INSERT INTO `qstn_answer` VALUES ('2229', '1', '6', '2', '6', '57', '2', '14', 'มาก', '4', '61018');
INSERT INTO `qstn_answer` VALUES ('2230', '1', '6', '2', '6', '58', '2', '13', 'ปานกลาง', '3', '61018');
INSERT INTO `qstn_answer` VALUES ('2231', '1', '6', '2', '6', '59', '2', '12', 'น้อย', '2', '61018');
INSERT INTO `qstn_answer` VALUES ('2232', '1', '6', '2', '6', '60', '2', '13', 'ปานกลาง', '3', '61018');
INSERT INTO `qstn_answer` VALUES ('2233', '1', '6', '2', '7', '61', '2', '13', 'ปานกลาง', '3', '61018');
INSERT INTO `qstn_answer` VALUES ('2234', '1', '6', '2', '7', '62', '2', '13', 'ปานกลาง', '3', '61018');
INSERT INTO `qstn_answer` VALUES ('2235', '1', '6', '2', '7', '63', '2', '13', 'ปานกลาง', '3', '61018');
INSERT INTO `qstn_answer` VALUES ('2236', '1', '6', '2', '7', '64', '2', '15', 'มากที่สุด', '5', '61018');
INSERT INTO `qstn_answer` VALUES ('2237', '1', '6', '2', '7', '65', '2', '13', 'ปานกลาง', '3', '61018');
INSERT INTO `qstn_answer` VALUES ('2238', '1', '6', '2', '7', '66', '2', '14', 'มาก', '4', '61018');
INSERT INTO `qstn_answer` VALUES ('2239', '1', '6', '2', '7', '67', '2', '11', 'น้อยที่สุด', '1', '61018');
INSERT INTO `qstn_answer` VALUES ('2240', '1', '6', '2', '8', '68', '2', '13', 'ปานกลาง', '3', '61018');
INSERT INTO `qstn_answer` VALUES ('2241', '1', '6', '2', '8', '69', '2', '14', 'มาก', '4', '61018');
INSERT INTO `qstn_answer` VALUES ('2242', '1', '6', '2', '8', '70', '2', '12', 'น้อย', '2', '61018');
INSERT INTO `qstn_answer` VALUES ('2243', '1', '6', '2', '8', '71', '2', '13', 'ปานกลาง', '3', '61018');
INSERT INTO `qstn_answer` VALUES ('2244', '1', '6', '2', '8', '72', '2', '14', 'มาก', '4', '61018');
INSERT INTO `qstn_answer` VALUES ('2245', '1', '6', '2', '4', '39', '2', '14', 'มาก', '4', '59060');
INSERT INTO `qstn_answer` VALUES ('2246', '1', '6', '2', '4', '40', '2', '14', 'มาก', '4', '59060');
INSERT INTO `qstn_answer` VALUES ('2247', '1', '6', '2', '4', '41', '2', '14', 'มาก', '4', '59060');
INSERT INTO `qstn_answer` VALUES ('2248', '1', '6', '2', '4', '42', '2', '14', 'มาก', '4', '59060');
INSERT INTO `qstn_answer` VALUES ('2249', '1', '6', '2', '4', '43', '2', '14', 'มาก', '4', '59060');
INSERT INTO `qstn_answer` VALUES ('2250', '1', '6', '2', '4', '44', '2', '15', 'มากที่สุด', '5', '59060');
INSERT INTO `qstn_answer` VALUES ('2251', '1', '6', '2', '4', '45', '2', '15', 'มากที่สุด', '5', '59060');
INSERT INTO `qstn_answer` VALUES ('2252', '1', '6', '2', '4', '46', '2', '13', 'ปานกลาง', '3', '59060');
INSERT INTO `qstn_answer` VALUES ('2253', '1', '6', '2', '4', '47', '2', '14', 'มาก', '4', '59060');
INSERT INTO `qstn_answer` VALUES ('2254', '1', '6', '2', '5', '48', '2', '14', 'มาก', '4', '59060');
INSERT INTO `qstn_answer` VALUES ('2255', '1', '6', '2', '5', '49', '2', '14', 'มาก', '4', '59060');
INSERT INTO `qstn_answer` VALUES ('2256', '1', '6', '2', '5', '50', '2', '14', 'มาก', '4', '59060');
INSERT INTO `qstn_answer` VALUES ('2257', '1', '6', '2', '5', '51', '2', '13', 'ปานกลาง', '3', '59060');
INSERT INTO `qstn_answer` VALUES ('2258', '1', '6', '2', '5', '52', '2', '13', 'ปานกลาง', '3', '59060');
INSERT INTO `qstn_answer` VALUES ('2259', '1', '6', '2', '5', '53', '2', '13', 'ปานกลาง', '3', '59060');
INSERT INTO `qstn_answer` VALUES ('2260', '1', '6', '2', '6', '54', '2', '14', 'มาก', '4', '59060');
INSERT INTO `qstn_answer` VALUES ('2261', '1', '6', '2', '6', '55', '2', '14', 'มาก', '4', '59060');
INSERT INTO `qstn_answer` VALUES ('2262', '1', '6', '2', '6', '56', '2', '13', 'ปานกลาง', '3', '59060');
INSERT INTO `qstn_answer` VALUES ('2263', '1', '6', '2', '6', '57', '2', '13', 'ปานกลาง', '3', '59060');
INSERT INTO `qstn_answer` VALUES ('2264', '1', '6', '2', '6', '58', '2', '14', 'มาก', '4', '59060');
INSERT INTO `qstn_answer` VALUES ('2265', '1', '6', '2', '6', '59', '2', '13', 'ปานกลาง', '3', '59060');
INSERT INTO `qstn_answer` VALUES ('2266', '1', '6', '2', '6', '60', '2', '14', 'มาก', '4', '59060');
INSERT INTO `qstn_answer` VALUES ('2267', '1', '6', '2', '7', '61', '2', '14', 'มาก', '4', '59060');
INSERT INTO `qstn_answer` VALUES ('2268', '1', '6', '2', '7', '62', '2', '14', 'มาก', '4', '59060');
INSERT INTO `qstn_answer` VALUES ('2269', '1', '6', '2', '7', '63', '2', '13', 'ปานกลาง', '3', '59060');
INSERT INTO `qstn_answer` VALUES ('2270', '1', '6', '2', '7', '64', '2', '14', 'มาก', '4', '59060');
INSERT INTO `qstn_answer` VALUES ('2271', '1', '6', '2', '7', '65', '2', '14', 'มาก', '4', '59060');
INSERT INTO `qstn_answer` VALUES ('2272', '1', '6', '2', '7', '66', '2', '14', 'มาก', '4', '59060');
INSERT INTO `qstn_answer` VALUES ('2273', '1', '6', '2', '7', '67', '2', '14', 'มาก', '4', '59060');
INSERT INTO `qstn_answer` VALUES ('2274', '1', '6', '2', '8', '68', '2', '13', 'ปานกลาง', '3', '59060');
INSERT INTO `qstn_answer` VALUES ('2275', '1', '6', '2', '8', '69', '2', '14', 'มาก', '4', '59060');
INSERT INTO `qstn_answer` VALUES ('2276', '1', '6', '2', '8', '70', '2', '14', 'มาก', '4', '59060');
INSERT INTO `qstn_answer` VALUES ('2277', '1', '6', '2', '8', '71', '2', '15', 'มากที่สุด', '5', '59060');
INSERT INTO `qstn_answer` VALUES ('2278', '1', '6', '2', '8', '72', '2', '15', 'มากที่สุด', '5', '59060');
INSERT INTO `qstn_answer` VALUES ('2279', '1', '6', '2', '4', '39', '2', '14', 'มาก', '4', '61028');
INSERT INTO `qstn_answer` VALUES ('2280', '1', '6', '2', '4', '40', '2', '14', 'มาก', '4', '61028');
INSERT INTO `qstn_answer` VALUES ('2281', '1', '6', '2', '4', '41', '2', '14', 'มาก', '4', '61028');
INSERT INTO `qstn_answer` VALUES ('2282', '1', '6', '2', '4', '42', '2', '14', 'มาก', '4', '61028');
INSERT INTO `qstn_answer` VALUES ('2283', '1', '6', '2', '4', '43', '2', '14', 'มาก', '4', '61028');
INSERT INTO `qstn_answer` VALUES ('2284', '1', '6', '2', '4', '44', '2', '14', 'มาก', '4', '61028');
INSERT INTO `qstn_answer` VALUES ('2285', '1', '6', '2', '4', '45', '2', '14', 'มาก', '4', '61028');
INSERT INTO `qstn_answer` VALUES ('2286', '1', '6', '2', '4', '46', '2', '14', 'มาก', '4', '61028');
INSERT INTO `qstn_answer` VALUES ('2287', '1', '6', '2', '4', '47', '2', '14', 'มาก', '4', '61028');
INSERT INTO `qstn_answer` VALUES ('2288', '1', '6', '2', '5', '48', '2', '14', 'มาก', '4', '61028');
INSERT INTO `qstn_answer` VALUES ('2289', '1', '6', '2', '5', '49', '2', '14', 'มาก', '4', '61028');
INSERT INTO `qstn_answer` VALUES ('2290', '1', '6', '2', '5', '50', '2', '14', 'มาก', '4', '61028');
INSERT INTO `qstn_answer` VALUES ('2291', '1', '6', '2', '5', '51', '2', '14', 'มาก', '4', '61028');
INSERT INTO `qstn_answer` VALUES ('2292', '1', '6', '2', '5', '52', '2', '14', 'มาก', '4', '61028');
INSERT INTO `qstn_answer` VALUES ('2293', '1', '6', '2', '5', '53', '2', '14', 'มาก', '4', '61028');
INSERT INTO `qstn_answer` VALUES ('2294', '1', '6', '2', '6', '54', '2', '15', 'มากที่สุด', '5', '61028');
INSERT INTO `qstn_answer` VALUES ('2295', '1', '6', '2', '6', '55', '2', '14', 'มาก', '4', '61028');
INSERT INTO `qstn_answer` VALUES ('2296', '1', '6', '2', '6', '56', '2', '14', 'มาก', '4', '61028');
INSERT INTO `qstn_answer` VALUES ('2297', '1', '6', '2', '6', '57', '2', '14', 'มาก', '4', '61028');
INSERT INTO `qstn_answer` VALUES ('2298', '1', '6', '2', '6', '58', '2', '14', 'มาก', '4', '61028');
INSERT INTO `qstn_answer` VALUES ('2299', '1', '6', '2', '6', '59', '2', '14', 'มาก', '4', '61028');
INSERT INTO `qstn_answer` VALUES ('2300', '1', '6', '2', '6', '60', '2', '14', 'มาก', '4', '61028');
INSERT INTO `qstn_answer` VALUES ('2301', '1', '6', '2', '7', '61', '2', '14', 'มาก', '4', '61028');
INSERT INTO `qstn_answer` VALUES ('2302', '1', '6', '2', '7', '62', '2', '14', 'มาก', '4', '61028');
INSERT INTO `qstn_answer` VALUES ('2303', '1', '6', '2', '7', '63', '2', '14', 'มาก', '4', '61028');
INSERT INTO `qstn_answer` VALUES ('2304', '1', '6', '2', '7', '64', '2', '14', 'มาก', '4', '61028');
INSERT INTO `qstn_answer` VALUES ('2305', '1', '6', '2', '7', '65', '2', '14', 'มาก', '4', '61028');
INSERT INTO `qstn_answer` VALUES ('2306', '1', '6', '2', '7', '66', '2', '14', 'มาก', '4', '61028');
INSERT INTO `qstn_answer` VALUES ('2307', '1', '6', '2', '7', '67', '2', '14', 'มาก', '4', '61028');
INSERT INTO `qstn_answer` VALUES ('2308', '1', '6', '2', '8', '68', '2', '14', 'มาก', '4', '61028');
INSERT INTO `qstn_answer` VALUES ('2309', '1', '6', '2', '8', '69', '2', '14', 'มาก', '4', '61028');
INSERT INTO `qstn_answer` VALUES ('2310', '1', '6', '2', '8', '70', '2', '14', 'มาก', '4', '61028');
INSERT INTO `qstn_answer` VALUES ('2311', '1', '6', '2', '8', '71', '2', '14', 'มาก', '4', '61028');
INSERT INTO `qstn_answer` VALUES ('2312', '1', '6', '2', '8', '72', '2', '14', 'มาก', '4', '61028');
INSERT INTO `qstn_answer` VALUES ('2313', '1', '6', '2', '4', '39', '2', '13', 'ปานกลาง', '3', '62036');
INSERT INTO `qstn_answer` VALUES ('2314', '1', '6', '2', '4', '40', '2', '13', 'ปานกลาง', '3', '62036');
INSERT INTO `qstn_answer` VALUES ('2315', '1', '6', '2', '4', '41', '2', '13', 'ปานกลาง', '3', '62036');
INSERT INTO `qstn_answer` VALUES ('2316', '1', '6', '2', '4', '42', '2', '13', 'ปานกลาง', '3', '62036');
INSERT INTO `qstn_answer` VALUES ('2317', '1', '6', '2', '4', '43', '2', '13', 'ปานกลาง', '3', '62036');
INSERT INTO `qstn_answer` VALUES ('2318', '1', '6', '2', '4', '44', '2', '13', 'ปานกลาง', '3', '62036');
INSERT INTO `qstn_answer` VALUES ('2319', '1', '6', '2', '4', '45', '2', '13', 'ปานกลาง', '3', '62036');
INSERT INTO `qstn_answer` VALUES ('2320', '1', '6', '2', '4', '46', '2', '13', 'ปานกลาง', '3', '62036');
INSERT INTO `qstn_answer` VALUES ('2321', '1', '6', '2', '4', '47', '2', '13', 'ปานกลาง', '3', '62036');
INSERT INTO `qstn_answer` VALUES ('2322', '1', '6', '2', '5', '48', '2', '13', 'ปานกลาง', '3', '62036');
INSERT INTO `qstn_answer` VALUES ('2323', '1', '6', '2', '5', '49', '2', '13', 'ปานกลาง', '3', '62036');
INSERT INTO `qstn_answer` VALUES ('2324', '1', '6', '2', '5', '50', '2', '13', 'ปานกลาง', '3', '62036');
INSERT INTO `qstn_answer` VALUES ('2325', '1', '6', '2', '5', '51', '2', '13', 'ปานกลาง', '3', '62036');
INSERT INTO `qstn_answer` VALUES ('2326', '1', '6', '2', '5', '52', '2', '13', 'ปานกลาง', '3', '62036');
INSERT INTO `qstn_answer` VALUES ('2327', '1', '6', '2', '5', '53', '2', '13', 'ปานกลาง', '3', '62036');
INSERT INTO `qstn_answer` VALUES ('2328', '1', '6', '2', '6', '54', '2', '13', 'ปานกลาง', '3', '62036');
INSERT INTO `qstn_answer` VALUES ('2329', '1', '6', '2', '6', '55', '2', '13', 'ปานกลาง', '3', '62036');
INSERT INTO `qstn_answer` VALUES ('2330', '1', '6', '2', '6', '56', '2', '13', 'ปานกลาง', '3', '62036');
INSERT INTO `qstn_answer` VALUES ('2331', '1', '6', '2', '6', '57', '2', '13', 'ปานกลาง', '3', '62036');
INSERT INTO `qstn_answer` VALUES ('2332', '1', '6', '2', '6', '58', '2', '13', 'ปานกลาง', '3', '62036');
INSERT INTO `qstn_answer` VALUES ('2333', '1', '6', '2', '6', '59', '2', '13', 'ปานกลาง', '3', '62036');
INSERT INTO `qstn_answer` VALUES ('2334', '1', '6', '2', '6', '60', '2', '13', 'ปานกลาง', '3', '62036');
INSERT INTO `qstn_answer` VALUES ('2335', '1', '6', '2', '7', '61', '2', '13', 'ปานกลาง', '3', '62036');
INSERT INTO `qstn_answer` VALUES ('2336', '1', '6', '2', '7', '62', '2', '13', 'ปานกลาง', '3', '62036');
INSERT INTO `qstn_answer` VALUES ('2337', '1', '6', '2', '7', '63', '2', '13', 'ปานกลาง', '3', '62036');
INSERT INTO `qstn_answer` VALUES ('2338', '1', '6', '2', '7', '64', '2', '13', 'ปานกลาง', '3', '62036');
INSERT INTO `qstn_answer` VALUES ('2339', '1', '6', '2', '7', '65', '2', '13', 'ปานกลาง', '3', '62036');
INSERT INTO `qstn_answer` VALUES ('2340', '1', '6', '2', '7', '66', '2', '13', 'ปานกลาง', '3', '62036');
INSERT INTO `qstn_answer` VALUES ('2341', '1', '6', '2', '7', '67', '2', '13', 'ปานกลาง', '3', '62036');
INSERT INTO `qstn_answer` VALUES ('2342', '1', '6', '2', '8', '68', '2', '13', 'ปานกลาง', '3', '62036');
INSERT INTO `qstn_answer` VALUES ('2343', '1', '6', '2', '8', '69', '2', '13', 'ปานกลาง', '3', '62036');
INSERT INTO `qstn_answer` VALUES ('2344', '1', '6', '2', '8', '70', '2', '13', 'ปานกลาง', '3', '62036');
INSERT INTO `qstn_answer` VALUES ('2345', '1', '6', '2', '8', '71', '2', '13', 'ปานกลาง', '3', '62036');
INSERT INTO `qstn_answer` VALUES ('2346', '1', '6', '2', '8', '72', '2', '13', 'ปานกลาง', '3', '62036');
INSERT INTO `qstn_answer` VALUES ('2347', '1', '6', '2', '4', '39', '2', '12', 'น้อย', '2', '58029');
INSERT INTO `qstn_answer` VALUES ('2348', '1', '6', '2', '4', '40', '2', '12', 'น้อย', '2', '58029');
INSERT INTO `qstn_answer` VALUES ('2349', '1', '6', '2', '4', '41', '2', '12', 'น้อย', '2', '58029');
INSERT INTO `qstn_answer` VALUES ('2350', '1', '6', '2', '4', '42', '2', '13', 'ปานกลาง', '3', '58029');
INSERT INTO `qstn_answer` VALUES ('2351', '1', '6', '2', '4', '43', '2', '13', 'ปานกลาง', '3', '58029');
INSERT INTO `qstn_answer` VALUES ('2352', '1', '6', '2', '4', '44', '2', '13', 'ปานกลาง', '3', '58029');
INSERT INTO `qstn_answer` VALUES ('2353', '1', '6', '2', '4', '45', '2', '13', 'ปานกลาง', '3', '58029');
INSERT INTO `qstn_answer` VALUES ('2354', '1', '6', '2', '4', '46', '2', '12', 'น้อย', '2', '58029');
INSERT INTO `qstn_answer` VALUES ('2355', '1', '6', '2', '4', '47', '2', '12', 'น้อย', '2', '58029');
INSERT INTO `qstn_answer` VALUES ('2356', '1', '6', '2', '5', '48', '2', '13', 'ปานกลาง', '3', '58029');
INSERT INTO `qstn_answer` VALUES ('2357', '1', '6', '2', '5', '49', '2', '12', 'น้อย', '2', '58029');
INSERT INTO `qstn_answer` VALUES ('2358', '1', '6', '2', '5', '50', '2', '12', 'น้อย', '2', '58029');
INSERT INTO `qstn_answer` VALUES ('2359', '1', '6', '2', '5', '51', '2', '12', 'น้อย', '2', '58029');
INSERT INTO `qstn_answer` VALUES ('2360', '1', '6', '2', '5', '52', '2', '12', 'น้อย', '2', '58029');
INSERT INTO `qstn_answer` VALUES ('2361', '1', '6', '2', '5', '53', '2', '12', 'น้อย', '2', '58029');
INSERT INTO `qstn_answer` VALUES ('2362', '1', '6', '2', '6', '54', '2', '13', 'ปานกลาง', '3', '58029');
INSERT INTO `qstn_answer` VALUES ('2363', '1', '6', '2', '6', '55', '2', '13', 'ปานกลาง', '3', '58029');
INSERT INTO `qstn_answer` VALUES ('2364', '1', '6', '2', '6', '56', '2', '13', 'ปานกลาง', '3', '58029');
INSERT INTO `qstn_answer` VALUES ('2365', '1', '6', '2', '6', '57', '2', '13', 'ปานกลาง', '3', '58029');
INSERT INTO `qstn_answer` VALUES ('2366', '1', '6', '2', '6', '58', '2', '13', 'ปานกลาง', '3', '58029');
INSERT INTO `qstn_answer` VALUES ('2367', '1', '6', '2', '6', '59', '2', '12', 'น้อย', '2', '58029');
INSERT INTO `qstn_answer` VALUES ('2368', '1', '6', '2', '6', '60', '2', '12', 'น้อย', '2', '58029');
INSERT INTO `qstn_answer` VALUES ('2369', '1', '6', '2', '7', '61', '2', '13', 'ปานกลาง', '3', '58029');
INSERT INTO `qstn_answer` VALUES ('2370', '1', '6', '2', '7', '62', '2', '12', 'น้อย', '2', '58029');
INSERT INTO `qstn_answer` VALUES ('2371', '1', '6', '2', '7', '63', '2', '12', 'น้อย', '2', '58029');
INSERT INTO `qstn_answer` VALUES ('2372', '1', '6', '2', '7', '64', '2', '13', 'ปานกลาง', '3', '58029');
INSERT INTO `qstn_answer` VALUES ('2373', '1', '6', '2', '7', '65', '2', '13', 'ปานกลาง', '3', '58029');
INSERT INTO `qstn_answer` VALUES ('2374', '1', '6', '2', '7', '66', '2', '12', 'น้อย', '2', '58029');
INSERT INTO `qstn_answer` VALUES ('2375', '1', '6', '2', '7', '67', '2', '12', 'น้อย', '2', '58029');
INSERT INTO `qstn_answer` VALUES ('2376', '1', '6', '2', '8', '68', '2', '12', 'น้อย', '2', '58029');
INSERT INTO `qstn_answer` VALUES ('2377', '1', '6', '2', '8', '69', '2', '13', 'ปานกลาง', '3', '58029');
INSERT INTO `qstn_answer` VALUES ('2378', '1', '6', '2', '8', '70', '2', '12', 'น้อย', '2', '58029');
INSERT INTO `qstn_answer` VALUES ('2379', '1', '6', '2', '8', '71', '2', '13', 'ปานกลาง', '3', '58029');
INSERT INTO `qstn_answer` VALUES ('2380', '1', '6', '2', '8', '72', '2', '13', 'ปานกลาง', '3', '58029');
INSERT INTO `qstn_answer` VALUES ('2381', '1', '6', '2', '4', '39', '2', '13', 'ปานกลาง', '3', '59027');
INSERT INTO `qstn_answer` VALUES ('2382', '1', '6', '2', '4', '40', '2', '13', 'ปานกลาง', '3', '59027');
INSERT INTO `qstn_answer` VALUES ('2383', '1', '6', '2', '4', '41', '2', '13', 'ปานกลาง', '3', '59027');
INSERT INTO `qstn_answer` VALUES ('2384', '1', '6', '2', '4', '42', '2', '13', 'ปานกลาง', '3', '59027');
INSERT INTO `qstn_answer` VALUES ('2385', '1', '6', '2', '4', '43', '2', '13', 'ปานกลาง', '3', '59027');
INSERT INTO `qstn_answer` VALUES ('2386', '1', '6', '2', '4', '44', '2', '13', 'ปานกลาง', '3', '59027');
INSERT INTO `qstn_answer` VALUES ('2387', '1', '6', '2', '4', '45', '2', '13', 'ปานกลาง', '3', '59027');
INSERT INTO `qstn_answer` VALUES ('2388', '1', '6', '2', '4', '46', '2', '13', 'ปานกลาง', '3', '59027');
INSERT INTO `qstn_answer` VALUES ('2389', '1', '6', '2', '4', '47', '2', '13', 'ปานกลาง', '3', '59027');
INSERT INTO `qstn_answer` VALUES ('2390', '1', '6', '2', '5', '48', '2', '13', 'ปานกลาง', '3', '59027');
INSERT INTO `qstn_answer` VALUES ('2391', '1', '6', '2', '5', '49', '2', '13', 'ปานกลาง', '3', '59027');
INSERT INTO `qstn_answer` VALUES ('2392', '1', '6', '2', '5', '50', '2', '13', 'ปานกลาง', '3', '59027');
INSERT INTO `qstn_answer` VALUES ('2393', '1', '6', '2', '5', '51', '2', '13', 'ปานกลาง', '3', '59027');
INSERT INTO `qstn_answer` VALUES ('2394', '1', '6', '2', '5', '52', '2', '13', 'ปานกลาง', '3', '59027');
INSERT INTO `qstn_answer` VALUES ('2395', '1', '6', '2', '5', '53', '2', '13', 'ปานกลาง', '3', '59027');
INSERT INTO `qstn_answer` VALUES ('2396', '1', '6', '2', '6', '54', '2', '13', 'ปานกลาง', '3', '59027');
INSERT INTO `qstn_answer` VALUES ('2397', '1', '6', '2', '6', '55', '2', '13', 'ปานกลาง', '3', '59027');
INSERT INTO `qstn_answer` VALUES ('2398', '1', '6', '2', '6', '56', '2', '13', 'ปานกลาง', '3', '59027');
INSERT INTO `qstn_answer` VALUES ('2399', '1', '6', '2', '6', '57', '2', '13', 'ปานกลาง', '3', '59027');
INSERT INTO `qstn_answer` VALUES ('2400', '1', '6', '2', '6', '58', '2', '13', 'ปานกลาง', '3', '59027');
INSERT INTO `qstn_answer` VALUES ('2401', '1', '6', '2', '6', '59', '2', '13', 'ปานกลาง', '3', '59027');
INSERT INTO `qstn_answer` VALUES ('2402', '1', '6', '2', '6', '60', '2', '13', 'ปานกลาง', '3', '59027');
INSERT INTO `qstn_answer` VALUES ('2403', '1', '6', '2', '7', '61', '2', '13', 'ปานกลาง', '3', '59027');
INSERT INTO `qstn_answer` VALUES ('2404', '1', '6', '2', '7', '62', '2', '13', 'ปานกลาง', '3', '59027');
INSERT INTO `qstn_answer` VALUES ('2405', '1', '6', '2', '7', '63', '2', '13', 'ปานกลาง', '3', '59027');
INSERT INTO `qstn_answer` VALUES ('2406', '1', '6', '2', '7', '64', '2', '13', 'ปานกลาง', '3', '59027');
INSERT INTO `qstn_answer` VALUES ('2407', '1', '6', '2', '7', '65', '2', '13', 'ปานกลาง', '3', '59027');
INSERT INTO `qstn_answer` VALUES ('2408', '1', '6', '2', '7', '66', '2', '13', 'ปานกลาง', '3', '59027');
INSERT INTO `qstn_answer` VALUES ('2409', '1', '6', '2', '7', '67', '2', '13', 'ปานกลาง', '3', '59027');
INSERT INTO `qstn_answer` VALUES ('2410', '1', '6', '2', '8', '68', '2', '13', 'ปานกลาง', '3', '59027');
INSERT INTO `qstn_answer` VALUES ('2411', '1', '6', '2', '8', '69', '2', '13', 'ปานกลาง', '3', '59027');
INSERT INTO `qstn_answer` VALUES ('2412', '1', '6', '2', '8', '70', '2', '13', 'ปานกลาง', '3', '59027');
INSERT INTO `qstn_answer` VALUES ('2413', '1', '6', '2', '8', '71', '2', '13', 'ปานกลาง', '3', '59027');
INSERT INTO `qstn_answer` VALUES ('2414', '1', '6', '2', '8', '72', '2', '13', 'ปานกลาง', '3', '59027');
INSERT INTO `qstn_answer` VALUES ('2415', '1', '6', '2', '4', '39', '2', '14', 'มาก', '4', '59034');
INSERT INTO `qstn_answer` VALUES ('2416', '1', '6', '2', '4', '40', '2', '14', 'มาก', '4', '59034');
INSERT INTO `qstn_answer` VALUES ('2417', '1', '6', '2', '4', '41', '2', '14', 'มาก', '4', '59034');
INSERT INTO `qstn_answer` VALUES ('2418', '1', '6', '2', '4', '42', '2', '14', 'มาก', '4', '59034');
INSERT INTO `qstn_answer` VALUES ('2419', '1', '6', '2', '4', '43', '2', '14', 'มาก', '4', '59034');
INSERT INTO `qstn_answer` VALUES ('2420', '1', '6', '2', '4', '44', '2', '14', 'มาก', '4', '59034');
INSERT INTO `qstn_answer` VALUES ('2421', '1', '6', '2', '4', '45', '2', '14', 'มาก', '4', '59034');
INSERT INTO `qstn_answer` VALUES ('2422', '1', '6', '2', '4', '46', '2', '14', 'มาก', '4', '59034');
INSERT INTO `qstn_answer` VALUES ('2423', '1', '6', '2', '4', '47', '2', '14', 'มาก', '4', '59034');
INSERT INTO `qstn_answer` VALUES ('2424', '1', '6', '2', '5', '48', '2', '14', 'มาก', '4', '59034');
INSERT INTO `qstn_answer` VALUES ('2425', '1', '6', '2', '5', '49', '2', '14', 'มาก', '4', '59034');
INSERT INTO `qstn_answer` VALUES ('2426', '1', '6', '2', '5', '50', '2', '13', 'ปานกลาง', '3', '59034');
INSERT INTO `qstn_answer` VALUES ('2427', '1', '6', '2', '5', '51', '2', '14', 'มาก', '4', '59034');
INSERT INTO `qstn_answer` VALUES ('2428', '1', '6', '2', '5', '52', '2', '14', 'มาก', '4', '59034');
INSERT INTO `qstn_answer` VALUES ('2429', '1', '6', '2', '5', '53', '2', '14', 'มาก', '4', '59034');
INSERT INTO `qstn_answer` VALUES ('2430', '1', '6', '2', '6', '54', '2', '14', 'มาก', '4', '59034');
INSERT INTO `qstn_answer` VALUES ('2431', '1', '6', '2', '6', '55', '2', '13', 'ปานกลาง', '3', '59034');
INSERT INTO `qstn_answer` VALUES ('2432', '1', '6', '2', '6', '56', '2', '14', 'มาก', '4', '59034');
INSERT INTO `qstn_answer` VALUES ('2433', '1', '6', '2', '6', '57', '2', '15', 'มากที่สุด', '5', '59034');
INSERT INTO `qstn_answer` VALUES ('2434', '1', '6', '2', '6', '58', '2', '14', 'มาก', '4', '59034');
INSERT INTO `qstn_answer` VALUES ('2435', '1', '6', '2', '6', '59', '2', '14', 'มาก', '4', '59034');
INSERT INTO `qstn_answer` VALUES ('2436', '1', '6', '2', '6', '60', '2', '14', 'มาก', '4', '59034');
INSERT INTO `qstn_answer` VALUES ('2437', '1', '6', '2', '7', '61', '2', '14', 'มาก', '4', '59034');
INSERT INTO `qstn_answer` VALUES ('2438', '1', '6', '2', '7', '62', '2', '14', 'มาก', '4', '59034');
INSERT INTO `qstn_answer` VALUES ('2439', '1', '6', '2', '7', '63', '2', '14', 'มาก', '4', '59034');
INSERT INTO `qstn_answer` VALUES ('2440', '1', '6', '2', '7', '64', '2', '14', 'มาก', '4', '59034');
INSERT INTO `qstn_answer` VALUES ('2441', '1', '6', '2', '7', '65', '2', '14', 'มาก', '4', '59034');
INSERT INTO `qstn_answer` VALUES ('2442', '1', '6', '2', '7', '66', '2', '14', 'มาก', '4', '59034');
INSERT INTO `qstn_answer` VALUES ('2443', '1', '6', '2', '7', '67', '2', '14', 'มาก', '4', '59034');
INSERT INTO `qstn_answer` VALUES ('2444', '1', '6', '2', '8', '68', '2', '14', 'มาก', '4', '59034');
INSERT INTO `qstn_answer` VALUES ('2445', '1', '6', '2', '8', '69', '2', '14', 'มาก', '4', '59034');
INSERT INTO `qstn_answer` VALUES ('2446', '1', '6', '2', '8', '70', '2', '14', 'มาก', '4', '59034');
INSERT INTO `qstn_answer` VALUES ('2447', '1', '6', '2', '8', '71', '2', '14', 'มาก', '4', '59034');
INSERT INTO `qstn_answer` VALUES ('2448', '1', '6', '2', '8', '72', '2', '14', 'มาก', '4', '59034');
INSERT INTO `qstn_answer` VALUES ('2449', '1', '6', '2', '4', '39', '2', '13', 'ปานกลาง', '3', '59032');
INSERT INTO `qstn_answer` VALUES ('2450', '1', '6', '2', '4', '40', '2', '13', 'ปานกลาง', '3', '59032');
INSERT INTO `qstn_answer` VALUES ('2451', '1', '6', '2', '4', '41', '2', '13', 'ปานกลาง', '3', '59032');
INSERT INTO `qstn_answer` VALUES ('2452', '1', '6', '2', '4', '42', '2', '13', 'ปานกลาง', '3', '59032');
INSERT INTO `qstn_answer` VALUES ('2453', '1', '6', '2', '4', '43', '2', '13', 'ปานกลาง', '3', '59032');
INSERT INTO `qstn_answer` VALUES ('2454', '1', '6', '2', '4', '44', '2', '13', 'ปานกลาง', '3', '59032');
INSERT INTO `qstn_answer` VALUES ('2455', '1', '6', '2', '4', '45', '2', '13', 'ปานกลาง', '3', '59032');
INSERT INTO `qstn_answer` VALUES ('2456', '1', '6', '2', '4', '46', '2', '13', 'ปานกลาง', '3', '59032');
INSERT INTO `qstn_answer` VALUES ('2457', '1', '6', '2', '4', '47', '2', '13', 'ปานกลาง', '3', '59032');
INSERT INTO `qstn_answer` VALUES ('2458', '1', '6', '2', '5', '48', '2', '13', 'ปานกลาง', '3', '59032');
INSERT INTO `qstn_answer` VALUES ('2459', '1', '6', '2', '5', '49', '2', '13', 'ปานกลาง', '3', '59032');
INSERT INTO `qstn_answer` VALUES ('2460', '1', '6', '2', '5', '50', '2', '13', 'ปานกลาง', '3', '59032');
INSERT INTO `qstn_answer` VALUES ('2461', '1', '6', '2', '5', '51', '2', '13', 'ปานกลาง', '3', '59032');
INSERT INTO `qstn_answer` VALUES ('2462', '1', '6', '2', '5', '52', '2', '13', 'ปานกลาง', '3', '59032');
INSERT INTO `qstn_answer` VALUES ('2463', '1', '6', '2', '5', '53', '2', '13', 'ปานกลาง', '3', '59032');
INSERT INTO `qstn_answer` VALUES ('2464', '1', '6', '2', '6', '54', '2', '13', 'ปานกลาง', '3', '59032');
INSERT INTO `qstn_answer` VALUES ('2465', '1', '6', '2', '6', '55', '2', '13', 'ปานกลาง', '3', '59032');
INSERT INTO `qstn_answer` VALUES ('2466', '1', '6', '2', '6', '56', '2', '13', 'ปานกลาง', '3', '59032');
INSERT INTO `qstn_answer` VALUES ('2467', '1', '6', '2', '6', '57', '2', '13', 'ปานกลาง', '3', '59032');
INSERT INTO `qstn_answer` VALUES ('2468', '1', '6', '2', '6', '58', '2', '13', 'ปานกลาง', '3', '59032');
INSERT INTO `qstn_answer` VALUES ('2469', '1', '6', '2', '6', '59', '2', '13', 'ปานกลาง', '3', '59032');
INSERT INTO `qstn_answer` VALUES ('2470', '1', '6', '2', '6', '60', '2', '13', 'ปานกลาง', '3', '59032');
INSERT INTO `qstn_answer` VALUES ('2471', '1', '6', '2', '7', '61', '2', '13', 'ปานกลาง', '3', '59032');
INSERT INTO `qstn_answer` VALUES ('2472', '1', '6', '2', '7', '62', '2', '13', 'ปานกลาง', '3', '59032');
INSERT INTO `qstn_answer` VALUES ('2473', '1', '6', '2', '7', '63', '2', '13', 'ปานกลาง', '3', '59032');
INSERT INTO `qstn_answer` VALUES ('2474', '1', '6', '2', '7', '64', '2', '13', 'ปานกลาง', '3', '59032');
INSERT INTO `qstn_answer` VALUES ('2475', '1', '6', '2', '7', '65', '2', '13', 'ปานกลาง', '3', '59032');
INSERT INTO `qstn_answer` VALUES ('2476', '1', '6', '2', '7', '66', '2', '13', 'ปานกลาง', '3', '59032');
INSERT INTO `qstn_answer` VALUES ('2477', '1', '6', '2', '7', '67', '2', '13', 'ปานกลาง', '3', '59032');
INSERT INTO `qstn_answer` VALUES ('2478', '1', '6', '2', '8', '68', '2', '13', 'ปานกลาง', '3', '59032');
INSERT INTO `qstn_answer` VALUES ('2479', '1', '6', '2', '8', '69', '2', '13', 'ปานกลาง', '3', '59032');
INSERT INTO `qstn_answer` VALUES ('2480', '1', '6', '2', '8', '70', '2', '13', 'ปานกลาง', '3', '59032');
INSERT INTO `qstn_answer` VALUES ('2481', '1', '6', '2', '8', '71', '2', '13', 'ปานกลาง', '3', '59032');
INSERT INTO `qstn_answer` VALUES ('2482', '1', '6', '2', '8', '72', '2', '13', 'ปานกลาง', '3', '59032');
INSERT INTO `qstn_answer` VALUES ('2483', '1', '6', '2', '4', '39', '2', '13', 'ปานกลาง', '3', '59019');
INSERT INTO `qstn_answer` VALUES ('2484', '1', '6', '2', '4', '40', '2', '13', 'ปานกลาง', '3', '59019');
INSERT INTO `qstn_answer` VALUES ('2485', '1', '6', '2', '4', '41', '2', '13', 'ปานกลาง', '3', '59019');
INSERT INTO `qstn_answer` VALUES ('2486', '1', '6', '2', '4', '42', '2', '13', 'ปานกลาง', '3', '59019');
INSERT INTO `qstn_answer` VALUES ('2487', '1', '6', '2', '4', '43', '2', '13', 'ปานกลาง', '3', '59019');
INSERT INTO `qstn_answer` VALUES ('2488', '1', '6', '2', '4', '44', '2', '13', 'ปานกลาง', '3', '59019');
INSERT INTO `qstn_answer` VALUES ('2489', '1', '6', '2', '4', '45', '2', '13', 'ปานกลาง', '3', '59019');
INSERT INTO `qstn_answer` VALUES ('2490', '1', '6', '2', '4', '46', '2', '13', 'ปานกลาง', '3', '59019');
INSERT INTO `qstn_answer` VALUES ('2491', '1', '6', '2', '4', '47', '2', '13', 'ปานกลาง', '3', '59019');
INSERT INTO `qstn_answer` VALUES ('2492', '1', '6', '2', '5', '48', '2', '13', 'ปานกลาง', '3', '59019');
INSERT INTO `qstn_answer` VALUES ('2493', '1', '6', '2', '5', '49', '2', '13', 'ปานกลาง', '3', '59019');
INSERT INTO `qstn_answer` VALUES ('2494', '1', '6', '2', '5', '50', '2', '13', 'ปานกลาง', '3', '59019');
INSERT INTO `qstn_answer` VALUES ('2495', '1', '6', '2', '5', '51', '2', '13', 'ปานกลาง', '3', '59019');
INSERT INTO `qstn_answer` VALUES ('2496', '1', '6', '2', '5', '52', '2', '13', 'ปานกลาง', '3', '59019');
INSERT INTO `qstn_answer` VALUES ('2497', '1', '6', '2', '5', '53', '2', '13', 'ปานกลาง', '3', '59019');
INSERT INTO `qstn_answer` VALUES ('2498', '1', '6', '2', '6', '54', '2', '13', 'ปานกลาง', '3', '59019');
INSERT INTO `qstn_answer` VALUES ('2499', '1', '6', '2', '6', '55', '2', '13', 'ปานกลาง', '3', '59019');
INSERT INTO `qstn_answer` VALUES ('2500', '1', '6', '2', '6', '56', '2', '13', 'ปานกลาง', '3', '59019');
INSERT INTO `qstn_answer` VALUES ('2501', '1', '6', '2', '6', '57', '2', '13', 'ปานกลาง', '3', '59019');
INSERT INTO `qstn_answer` VALUES ('2502', '1', '6', '2', '6', '58', '2', '13', 'ปานกลาง', '3', '59019');
INSERT INTO `qstn_answer` VALUES ('2503', '1', '6', '2', '6', '59', '2', '13', 'ปานกลาง', '3', '59019');
INSERT INTO `qstn_answer` VALUES ('2504', '1', '6', '2', '6', '60', '2', '13', 'ปานกลาง', '3', '59019');
INSERT INTO `qstn_answer` VALUES ('2505', '1', '6', '2', '7', '61', '2', '13', 'ปานกลาง', '3', '59019');
INSERT INTO `qstn_answer` VALUES ('2506', '1', '6', '2', '7', '62', '2', '13', 'ปานกลาง', '3', '59019');
INSERT INTO `qstn_answer` VALUES ('2507', '1', '6', '2', '7', '63', '2', '13', 'ปานกลาง', '3', '59019');
INSERT INTO `qstn_answer` VALUES ('2508', '1', '6', '2', '7', '64', '2', '13', 'ปานกลาง', '3', '59019');
INSERT INTO `qstn_answer` VALUES ('2509', '1', '6', '2', '7', '65', '2', '13', 'ปานกลาง', '3', '59019');
INSERT INTO `qstn_answer` VALUES ('2510', '1', '6', '2', '7', '66', '2', '13', 'ปานกลาง', '3', '59019');
INSERT INTO `qstn_answer` VALUES ('2511', '1', '6', '2', '7', '67', '2', '13', 'ปานกลาง', '3', '59019');
INSERT INTO `qstn_answer` VALUES ('2512', '1', '6', '2', '8', '68', '2', '13', 'ปานกลาง', '3', '59019');
INSERT INTO `qstn_answer` VALUES ('2513', '1', '6', '2', '8', '69', '2', '13', 'ปานกลาง', '3', '59019');
INSERT INTO `qstn_answer` VALUES ('2514', '1', '6', '2', '8', '70', '2', '13', 'ปานกลาง', '3', '59019');
INSERT INTO `qstn_answer` VALUES ('2515', '1', '6', '2', '8', '71', '2', '13', 'ปานกลาง', '3', '59019');
INSERT INTO `qstn_answer` VALUES ('2516', '1', '6', '2', '8', '72', '2', '13', 'ปานกลาง', '3', '59019');
INSERT INTO `qstn_answer` VALUES ('2517', '1', '6', '2', '4', '39', '2', '13', 'ปานกลาง', '3', '59030');
INSERT INTO `qstn_answer` VALUES ('2518', '1', '6', '2', '4', '40', '2', '13', 'ปานกลาง', '3', '59030');
INSERT INTO `qstn_answer` VALUES ('2519', '1', '6', '2', '4', '41', '2', '13', 'ปานกลาง', '3', '59030');
INSERT INTO `qstn_answer` VALUES ('2520', '1', '6', '2', '4', '42', '2', '13', 'ปานกลาง', '3', '59030');
INSERT INTO `qstn_answer` VALUES ('2521', '1', '6', '2', '4', '43', '2', '13', 'ปานกลาง', '3', '59030');
INSERT INTO `qstn_answer` VALUES ('2522', '1', '6', '2', '4', '44', '2', '13', 'ปานกลาง', '3', '59030');
INSERT INTO `qstn_answer` VALUES ('2523', '1', '6', '2', '4', '45', '2', '13', 'ปานกลาง', '3', '59030');
INSERT INTO `qstn_answer` VALUES ('2524', '1', '6', '2', '4', '46', '2', '13', 'ปานกลาง', '3', '59030');
INSERT INTO `qstn_answer` VALUES ('2525', '1', '6', '2', '4', '47', '2', '13', 'ปานกลาง', '3', '59030');
INSERT INTO `qstn_answer` VALUES ('2526', '1', '6', '2', '5', '48', '2', '13', 'ปานกลาง', '3', '59030');
INSERT INTO `qstn_answer` VALUES ('2527', '1', '6', '2', '5', '49', '2', '13', 'ปานกลาง', '3', '59030');
INSERT INTO `qstn_answer` VALUES ('2528', '1', '6', '2', '5', '50', '2', '13', 'ปานกลาง', '3', '59030');
INSERT INTO `qstn_answer` VALUES ('2529', '1', '6', '2', '5', '51', '2', '13', 'ปานกลาง', '3', '59030');
INSERT INTO `qstn_answer` VALUES ('2530', '1', '6', '2', '5', '52', '2', '13', 'ปานกลาง', '3', '59030');
INSERT INTO `qstn_answer` VALUES ('2531', '1', '6', '2', '5', '53', '2', '13', 'ปานกลาง', '3', '59030');
INSERT INTO `qstn_answer` VALUES ('2532', '1', '6', '2', '6', '54', '2', '13', 'ปานกลาง', '3', '59030');
INSERT INTO `qstn_answer` VALUES ('2533', '1', '6', '2', '6', '55', '2', '13', 'ปานกลาง', '3', '59030');
INSERT INTO `qstn_answer` VALUES ('2534', '1', '6', '2', '6', '56', '2', '13', 'ปานกลาง', '3', '59030');
INSERT INTO `qstn_answer` VALUES ('2535', '1', '6', '2', '6', '57', '2', '13', 'ปานกลาง', '3', '59030');
INSERT INTO `qstn_answer` VALUES ('2536', '1', '6', '2', '6', '58', '2', '13', 'ปานกลาง', '3', '59030');
INSERT INTO `qstn_answer` VALUES ('2537', '1', '6', '2', '6', '59', '2', '13', 'ปานกลาง', '3', '59030');
INSERT INTO `qstn_answer` VALUES ('2538', '1', '6', '2', '6', '60', '2', '13', 'ปานกลาง', '3', '59030');
INSERT INTO `qstn_answer` VALUES ('2539', '1', '6', '2', '7', '61', '2', '13', 'ปานกลาง', '3', '59030');
INSERT INTO `qstn_answer` VALUES ('2540', '1', '6', '2', '7', '62', '2', '13', 'ปานกลาง', '3', '59030');
INSERT INTO `qstn_answer` VALUES ('2541', '1', '6', '2', '7', '63', '2', '13', 'ปานกลาง', '3', '59030');
INSERT INTO `qstn_answer` VALUES ('2542', '1', '6', '2', '7', '64', '2', '13', 'ปานกลาง', '3', '59030');
INSERT INTO `qstn_answer` VALUES ('2543', '1', '6', '2', '7', '65', '2', '13', 'ปานกลาง', '3', '59030');
INSERT INTO `qstn_answer` VALUES ('2544', '1', '6', '2', '7', '66', '2', '13', 'ปานกลาง', '3', '59030');
INSERT INTO `qstn_answer` VALUES ('2545', '1', '6', '2', '7', '67', '2', '13', 'ปานกลาง', '3', '59030');
INSERT INTO `qstn_answer` VALUES ('2546', '1', '6', '2', '8', '68', '2', '13', 'ปานกลาง', '3', '59030');
INSERT INTO `qstn_answer` VALUES ('2547', '1', '6', '2', '8', '69', '2', '13', 'ปานกลาง', '3', '59030');
INSERT INTO `qstn_answer` VALUES ('2548', '1', '6', '2', '8', '70', '2', '13', 'ปานกลาง', '3', '59030');
INSERT INTO `qstn_answer` VALUES ('2549', '1', '6', '2', '8', '71', '2', '13', 'ปานกลาง', '3', '59030');
INSERT INTO `qstn_answer` VALUES ('2550', '1', '6', '2', '8', '72', '2', '13', 'ปานกลาง', '3', '59030');
INSERT INTO `qstn_answer` VALUES ('2551', '1', '6', '2', '4', '39', '2', '14', 'มาก', '4', '60044');
INSERT INTO `qstn_answer` VALUES ('2552', '1', '6', '2', '4', '40', '2', '15', 'มากที่สุด', '5', '60044');
INSERT INTO `qstn_answer` VALUES ('2553', '1', '6', '2', '4', '41', '2', '13', 'ปานกลาง', '3', '60044');
INSERT INTO `qstn_answer` VALUES ('2554', '1', '6', '2', '4', '42', '2', '14', 'มาก', '4', '60044');
INSERT INTO `qstn_answer` VALUES ('2555', '1', '6', '2', '4', '43', '2', '14', 'มาก', '4', '60044');
INSERT INTO `qstn_answer` VALUES ('2556', '1', '6', '2', '4', '44', '2', '15', 'มากที่สุด', '5', '60044');
INSERT INTO `qstn_answer` VALUES ('2557', '1', '6', '2', '4', '45', '2', '15', 'มากที่สุด', '5', '60044');
INSERT INTO `qstn_answer` VALUES ('2558', '1', '6', '2', '4', '46', '2', '13', 'ปานกลาง', '3', '60044');
INSERT INTO `qstn_answer` VALUES ('2559', '1', '6', '2', '4', '47', '2', '14', 'มาก', '4', '60044');
INSERT INTO `qstn_answer` VALUES ('2560', '1', '6', '2', '5', '48', '2', '13', 'ปานกลาง', '3', '60044');
INSERT INTO `qstn_answer` VALUES ('2561', '1', '6', '2', '5', '49', '2', '14', 'มาก', '4', '60044');
INSERT INTO `qstn_answer` VALUES ('2562', '1', '6', '2', '5', '50', '2', '14', 'มาก', '4', '60044');
INSERT INTO `qstn_answer` VALUES ('2563', '1', '6', '2', '5', '51', '2', '14', 'มาก', '4', '60044');
INSERT INTO `qstn_answer` VALUES ('2564', '1', '6', '2', '5', '52', '2', '14', 'มาก', '4', '60044');
INSERT INTO `qstn_answer` VALUES ('2565', '1', '6', '2', '5', '53', '2', '13', 'ปานกลาง', '3', '60044');
INSERT INTO `qstn_answer` VALUES ('2566', '1', '6', '2', '6', '54', '2', '14', 'มาก', '4', '60044');
INSERT INTO `qstn_answer` VALUES ('2567', '1', '6', '2', '6', '55', '2', '14', 'มาก', '4', '60044');
INSERT INTO `qstn_answer` VALUES ('2568', '1', '6', '2', '6', '56', '2', '14', 'มาก', '4', '60044');
INSERT INTO `qstn_answer` VALUES ('2569', '1', '6', '2', '6', '57', '2', '14', 'มาก', '4', '60044');
INSERT INTO `qstn_answer` VALUES ('2570', '1', '6', '2', '6', '58', '2', '13', 'ปานกลาง', '3', '60044');
INSERT INTO `qstn_answer` VALUES ('2571', '1', '6', '2', '6', '59', '2', '14', 'มาก', '4', '60044');
INSERT INTO `qstn_answer` VALUES ('2572', '1', '6', '2', '6', '60', '2', '14', 'มาก', '4', '60044');
INSERT INTO `qstn_answer` VALUES ('2573', '1', '6', '2', '7', '61', '2', '15', 'มากที่สุด', '5', '60044');
INSERT INTO `qstn_answer` VALUES ('2574', '1', '6', '2', '7', '62', '2', '14', 'มาก', '4', '60044');
INSERT INTO `qstn_answer` VALUES ('2575', '1', '6', '2', '7', '63', '2', '14', 'มาก', '4', '60044');
INSERT INTO `qstn_answer` VALUES ('2576', '1', '6', '2', '7', '64', '2', '15', 'มากที่สุด', '5', '60044');
INSERT INTO `qstn_answer` VALUES ('2577', '1', '6', '2', '7', '65', '2', '14', 'มาก', '4', '60044');
INSERT INTO `qstn_answer` VALUES ('2578', '1', '6', '2', '7', '66', '2', '14', 'มาก', '4', '60044');
INSERT INTO `qstn_answer` VALUES ('2579', '1', '6', '2', '7', '67', '2', '15', 'มากที่สุด', '5', '60044');
INSERT INTO `qstn_answer` VALUES ('2580', '1', '6', '2', '8', '68', '2', '14', 'มาก', '4', '60044');
INSERT INTO `qstn_answer` VALUES ('2581', '1', '6', '2', '8', '69', '2', '14', 'มาก', '4', '60044');
INSERT INTO `qstn_answer` VALUES ('2582', '1', '6', '2', '8', '70', '2', '13', 'ปานกลาง', '3', '60044');
INSERT INTO `qstn_answer` VALUES ('2583', '1', '6', '2', '8', '71', '2', '14', 'มาก', '4', '60044');
INSERT INTO `qstn_answer` VALUES ('2584', '1', '6', '2', '8', '72', '2', '14', 'มาก', '4', '60044');
INSERT INTO `qstn_answer` VALUES ('2585', '1', '6', '2', '4', '39', '2', '14', 'มาก', '4', '62022');
INSERT INTO `qstn_answer` VALUES ('2586', '1', '6', '2', '4', '40', '2', '14', 'มาก', '4', '62022');
INSERT INTO `qstn_answer` VALUES ('2587', '1', '6', '2', '4', '41', '2', '14', 'มาก', '4', '62022');
INSERT INTO `qstn_answer` VALUES ('2588', '1', '6', '2', '4', '42', '2', '14', 'มาก', '4', '62022');
INSERT INTO `qstn_answer` VALUES ('2589', '1', '6', '2', '4', '43', '2', '14', 'มาก', '4', '62022');
INSERT INTO `qstn_answer` VALUES ('2590', '1', '6', '2', '4', '44', '2', '14', 'มาก', '4', '62022');
INSERT INTO `qstn_answer` VALUES ('2591', '1', '6', '2', '4', '45', '2', '14', 'มาก', '4', '62022');
INSERT INTO `qstn_answer` VALUES ('2592', '1', '6', '2', '4', '46', '2', '14', 'มาก', '4', '62022');
INSERT INTO `qstn_answer` VALUES ('2593', '1', '6', '2', '4', '47', '2', '14', 'มาก', '4', '62022');
INSERT INTO `qstn_answer` VALUES ('2594', '1', '6', '2', '5', '48', '2', '14', 'มาก', '4', '62022');
INSERT INTO `qstn_answer` VALUES ('2595', '1', '6', '2', '5', '49', '2', '14', 'มาก', '4', '62022');
INSERT INTO `qstn_answer` VALUES ('2596', '1', '6', '2', '5', '50', '2', '14', 'มาก', '4', '62022');
INSERT INTO `qstn_answer` VALUES ('2597', '1', '6', '2', '5', '51', '2', '14', 'มาก', '4', '62022');
INSERT INTO `qstn_answer` VALUES ('2598', '1', '6', '2', '5', '52', '2', '14', 'มาก', '4', '62022');
INSERT INTO `qstn_answer` VALUES ('2599', '1', '6', '2', '5', '53', '2', '14', 'มาก', '4', '62022');
INSERT INTO `qstn_answer` VALUES ('2600', '1', '6', '2', '6', '54', '2', '14', 'มาก', '4', '62022');
INSERT INTO `qstn_answer` VALUES ('2601', '1', '6', '2', '6', '55', '2', '14', 'มาก', '4', '62022');
INSERT INTO `qstn_answer` VALUES ('2602', '1', '6', '2', '6', '56', '2', '14', 'มาก', '4', '62022');
INSERT INTO `qstn_answer` VALUES ('2603', '1', '6', '2', '6', '57', '2', '14', 'มาก', '4', '62022');
INSERT INTO `qstn_answer` VALUES ('2604', '1', '6', '2', '6', '58', '2', '14', 'มาก', '4', '62022');
INSERT INTO `qstn_answer` VALUES ('2605', '1', '6', '2', '6', '59', '2', '14', 'มาก', '4', '62022');
INSERT INTO `qstn_answer` VALUES ('2606', '1', '6', '2', '6', '60', '2', '14', 'มาก', '4', '62022');
INSERT INTO `qstn_answer` VALUES ('2607', '1', '6', '2', '7', '61', '2', '14', 'มาก', '4', '62022');
INSERT INTO `qstn_answer` VALUES ('2608', '1', '6', '2', '7', '62', '2', '14', 'มาก', '4', '62022');
INSERT INTO `qstn_answer` VALUES ('2609', '1', '6', '2', '7', '63', '2', '14', 'มาก', '4', '62022');
INSERT INTO `qstn_answer` VALUES ('2610', '1', '6', '2', '7', '64', '2', '14', 'มาก', '4', '62022');
INSERT INTO `qstn_answer` VALUES ('2611', '1', '6', '2', '7', '65', '2', '14', 'มาก', '4', '62022');
INSERT INTO `qstn_answer` VALUES ('2612', '1', '6', '2', '7', '66', '2', '14', 'มาก', '4', '62022');
INSERT INTO `qstn_answer` VALUES ('2613', '1', '6', '2', '7', '67', '2', '14', 'มาก', '4', '62022');
INSERT INTO `qstn_answer` VALUES ('2614', '1', '6', '2', '8', '68', '2', '14', 'มาก', '4', '62022');
INSERT INTO `qstn_answer` VALUES ('2615', '1', '6', '2', '8', '69', '2', '14', 'มาก', '4', '62022');
INSERT INTO `qstn_answer` VALUES ('2616', '1', '6', '2', '8', '70', '2', '14', 'มาก', '4', '62022');
INSERT INTO `qstn_answer` VALUES ('2617', '1', '6', '2', '8', '71', '2', '14', 'มาก', '4', '62022');
INSERT INTO `qstn_answer` VALUES ('2618', '1', '6', '2', '8', '72', '2', '14', 'มาก', '4', '62022');
INSERT INTO `qstn_answer` VALUES ('2619', '1', '6', '2', '4', '39', '2', '13', 'ปานกลาง', '3', '61045');
INSERT INTO `qstn_answer` VALUES ('2620', '1', '6', '2', '4', '40', '2', '13', 'ปานกลาง', '3', '61045');
INSERT INTO `qstn_answer` VALUES ('2621', '1', '6', '2', '4', '41', '2', '13', 'ปานกลาง', '3', '61045');
INSERT INTO `qstn_answer` VALUES ('2622', '1', '6', '2', '4', '42', '2', '12', 'น้อย', '2', '61045');
INSERT INTO `qstn_answer` VALUES ('2623', '1', '6', '2', '4', '43', '2', '13', 'ปานกลาง', '3', '61045');
INSERT INTO `qstn_answer` VALUES ('2624', '1', '6', '2', '4', '44', '2', '13', 'ปานกลาง', '3', '61045');
INSERT INTO `qstn_answer` VALUES ('2625', '1', '6', '2', '4', '45', '2', '13', 'ปานกลาง', '3', '61045');
INSERT INTO `qstn_answer` VALUES ('2626', '1', '6', '2', '4', '46', '2', '13', 'ปานกลาง', '3', '61045');
INSERT INTO `qstn_answer` VALUES ('2627', '1', '6', '2', '4', '47', '2', '13', 'ปานกลาง', '3', '61045');
INSERT INTO `qstn_answer` VALUES ('2628', '1', '6', '2', '5', '48', '2', '13', 'ปานกลาง', '3', '61045');
INSERT INTO `qstn_answer` VALUES ('2629', '1', '6', '2', '5', '49', '2', '13', 'ปานกลาง', '3', '61045');
INSERT INTO `qstn_answer` VALUES ('2630', '1', '6', '2', '5', '50', '2', '13', 'ปานกลาง', '3', '61045');
INSERT INTO `qstn_answer` VALUES ('2631', '1', '6', '2', '5', '51', '2', '13', 'ปานกลาง', '3', '61045');
INSERT INTO `qstn_answer` VALUES ('2632', '1', '6', '2', '5', '52', '2', '13', 'ปานกลาง', '3', '61045');
INSERT INTO `qstn_answer` VALUES ('2633', '1', '6', '2', '5', '53', '2', '13', 'ปานกลาง', '3', '61045');
INSERT INTO `qstn_answer` VALUES ('2634', '1', '6', '2', '6', '54', '2', '14', 'มาก', '4', '61045');
INSERT INTO `qstn_answer` VALUES ('2635', '1', '6', '2', '6', '55', '2', '13', 'ปานกลาง', '3', '61045');
INSERT INTO `qstn_answer` VALUES ('2636', '1', '6', '2', '6', '56', '2', '13', 'ปานกลาง', '3', '61045');
INSERT INTO `qstn_answer` VALUES ('2637', '1', '6', '2', '6', '57', '2', '13', 'ปานกลาง', '3', '61045');
INSERT INTO `qstn_answer` VALUES ('2638', '1', '6', '2', '6', '58', '2', '12', 'น้อย', '2', '61045');
INSERT INTO `qstn_answer` VALUES ('2639', '1', '6', '2', '6', '59', '2', '13', 'ปานกลาง', '3', '61045');
INSERT INTO `qstn_answer` VALUES ('2640', '1', '6', '2', '6', '60', '2', '13', 'ปานกลาง', '3', '61045');
INSERT INTO `qstn_answer` VALUES ('2641', '1', '6', '2', '7', '61', '2', '13', 'ปานกลาง', '3', '61045');
INSERT INTO `qstn_answer` VALUES ('2642', '1', '6', '2', '7', '62', '2', '12', 'น้อย', '2', '61045');
INSERT INTO `qstn_answer` VALUES ('2643', '1', '6', '2', '7', '63', '2', '13', 'ปานกลาง', '3', '61045');
INSERT INTO `qstn_answer` VALUES ('2644', '1', '6', '2', '7', '64', '2', '13', 'ปานกลาง', '3', '61045');
INSERT INTO `qstn_answer` VALUES ('2645', '1', '6', '2', '7', '65', '2', '13', 'ปานกลาง', '3', '61045');
INSERT INTO `qstn_answer` VALUES ('2646', '1', '6', '2', '7', '66', '2', '13', 'ปานกลาง', '3', '61045');
INSERT INTO `qstn_answer` VALUES ('2647', '1', '6', '2', '7', '67', '2', '13', 'ปานกลาง', '3', '61045');
INSERT INTO `qstn_answer` VALUES ('2648', '1', '6', '2', '8', '68', '2', '13', 'ปานกลาง', '3', '61045');
INSERT INTO `qstn_answer` VALUES ('2649', '1', '6', '2', '8', '69', '2', '13', 'ปานกลาง', '3', '61045');
INSERT INTO `qstn_answer` VALUES ('2650', '1', '6', '2', '8', '70', '2', '13', 'ปานกลาง', '3', '61045');
INSERT INTO `qstn_answer` VALUES ('2651', '1', '6', '2', '8', '71', '2', '13', 'ปานกลาง', '3', '61045');
INSERT INTO `qstn_answer` VALUES ('2652', '1', '6', '2', '8', '72', '2', '13', 'ปานกลาง', '3', '61045');
INSERT INTO `qstn_answer` VALUES ('2653', '1', '6', '2', '4', '39', '2', '14', 'มาก', '4', '61041');
INSERT INTO `qstn_answer` VALUES ('2654', '1', '6', '2', '4', '40', '2', '14', 'มาก', '4', '61041');
INSERT INTO `qstn_answer` VALUES ('2655', '1', '6', '2', '4', '41', '2', '14', 'มาก', '4', '61041');
INSERT INTO `qstn_answer` VALUES ('2656', '1', '6', '2', '4', '42', '2', '13', 'ปานกลาง', '3', '61041');
INSERT INTO `qstn_answer` VALUES ('2657', '1', '6', '2', '4', '43', '2', '14', 'มาก', '4', '61041');
INSERT INTO `qstn_answer` VALUES ('2658', '1', '6', '2', '4', '44', '2', '13', 'ปานกลาง', '3', '61041');
INSERT INTO `qstn_answer` VALUES ('2659', '1', '6', '2', '4', '45', '2', '13', 'ปานกลาง', '3', '61041');
INSERT INTO `qstn_answer` VALUES ('2660', '1', '6', '2', '4', '46', '2', '14', 'มาก', '4', '61041');
INSERT INTO `qstn_answer` VALUES ('2661', '1', '6', '2', '4', '47', '2', '13', 'ปานกลาง', '3', '61041');
INSERT INTO `qstn_answer` VALUES ('2662', '1', '6', '2', '5', '48', '2', '14', 'มาก', '4', '61041');
INSERT INTO `qstn_answer` VALUES ('2663', '1', '6', '2', '5', '49', '2', '14', 'มาก', '4', '61041');
INSERT INTO `qstn_answer` VALUES ('2664', '1', '6', '2', '5', '50', '2', '13', 'ปานกลาง', '3', '61041');
INSERT INTO `qstn_answer` VALUES ('2665', '1', '6', '2', '5', '51', '2', '14', 'มาก', '4', '61041');
INSERT INTO `qstn_answer` VALUES ('2666', '1', '6', '2', '5', '52', '2', '14', 'มาก', '4', '61041');
INSERT INTO `qstn_answer` VALUES ('2667', '1', '6', '2', '5', '53', '2', '13', 'ปานกลาง', '3', '61041');
INSERT INTO `qstn_answer` VALUES ('2668', '1', '6', '2', '6', '54', '2', '13', 'ปานกลาง', '3', '61041');
INSERT INTO `qstn_answer` VALUES ('2669', '1', '6', '2', '6', '55', '2', '14', 'มาก', '4', '61041');
INSERT INTO `qstn_answer` VALUES ('2670', '1', '6', '2', '6', '56', '2', '14', 'มาก', '4', '61041');
INSERT INTO `qstn_answer` VALUES ('2671', '1', '6', '2', '6', '57', '2', '14', 'มาก', '4', '61041');
INSERT INTO `qstn_answer` VALUES ('2672', '1', '6', '2', '6', '58', '2', '14', 'มาก', '4', '61041');
INSERT INTO `qstn_answer` VALUES ('2673', '1', '6', '2', '6', '59', '2', '14', 'มาก', '4', '61041');
INSERT INTO `qstn_answer` VALUES ('2674', '1', '6', '2', '6', '60', '2', '14', 'มาก', '4', '61041');
INSERT INTO `qstn_answer` VALUES ('2675', '1', '6', '2', '7', '61', '2', '13', 'ปานกลาง', '3', '61041');
INSERT INTO `qstn_answer` VALUES ('2676', '1', '6', '2', '7', '62', '2', '14', 'มาก', '4', '61041');
INSERT INTO `qstn_answer` VALUES ('2677', '1', '6', '2', '7', '63', '2', '14', 'มาก', '4', '61041');
INSERT INTO `qstn_answer` VALUES ('2678', '1', '6', '2', '7', '64', '2', '14', 'มาก', '4', '61041');
INSERT INTO `qstn_answer` VALUES ('2679', '1', '6', '2', '7', '65', '2', '14', 'มาก', '4', '61041');
INSERT INTO `qstn_answer` VALUES ('2680', '1', '6', '2', '7', '66', '2', '13', 'ปานกลาง', '3', '61041');
INSERT INTO `qstn_answer` VALUES ('2681', '1', '6', '2', '7', '67', '2', '14', 'มาก', '4', '61041');
INSERT INTO `qstn_answer` VALUES ('2682', '1', '6', '2', '8', '68', '2', '13', 'ปานกลาง', '3', '61041');
INSERT INTO `qstn_answer` VALUES ('2683', '1', '6', '2', '8', '69', '2', '13', 'ปานกลาง', '3', '61041');
INSERT INTO `qstn_answer` VALUES ('2684', '1', '6', '2', '8', '70', '2', '13', 'ปานกลาง', '3', '61041');
INSERT INTO `qstn_answer` VALUES ('2685', '1', '6', '2', '8', '71', '2', '13', 'ปานกลาง', '3', '61041');
INSERT INTO `qstn_answer` VALUES ('2686', '1', '6', '2', '8', '72', '2', '14', 'มาก', '4', '61041');
INSERT INTO `qstn_answer` VALUES ('2687', '1', '6', '2', '4', '39', '2', '13', 'ปานกลาง', '3', '57007');
INSERT INTO `qstn_answer` VALUES ('2688', '1', '6', '2', '4', '40', '2', '13', 'ปานกลาง', '3', '57007');
INSERT INTO `qstn_answer` VALUES ('2689', '1', '6', '2', '4', '41', '2', '13', 'ปานกลาง', '3', '57007');
INSERT INTO `qstn_answer` VALUES ('2690', '1', '6', '2', '4', '42', '2', '13', 'ปานกลาง', '3', '57007');
INSERT INTO `qstn_answer` VALUES ('2691', '1', '6', '2', '4', '43', '2', '13', 'ปานกลาง', '3', '57007');
INSERT INTO `qstn_answer` VALUES ('2692', '1', '6', '2', '4', '44', '2', '14', 'มาก', '4', '57007');
INSERT INTO `qstn_answer` VALUES ('2693', '1', '6', '2', '4', '45', '2', '14', 'มาก', '4', '57007');
INSERT INTO `qstn_answer` VALUES ('2694', '1', '6', '2', '4', '46', '2', '13', 'ปานกลาง', '3', '57007');
INSERT INTO `qstn_answer` VALUES ('2695', '1', '6', '2', '4', '47', '2', '13', 'ปานกลาง', '3', '57007');
INSERT INTO `qstn_answer` VALUES ('2696', '1', '6', '2', '5', '48', '2', '13', 'ปานกลาง', '3', '57007');
INSERT INTO `qstn_answer` VALUES ('2697', '1', '6', '2', '5', '49', '2', '13', 'ปานกลาง', '3', '57007');
INSERT INTO `qstn_answer` VALUES ('2698', '1', '6', '2', '5', '50', '2', '13', 'ปานกลาง', '3', '57007');
INSERT INTO `qstn_answer` VALUES ('2699', '1', '6', '2', '5', '51', '2', '13', 'ปานกลาง', '3', '57007');
INSERT INTO `qstn_answer` VALUES ('2700', '1', '6', '2', '5', '52', '2', '13', 'ปานกลาง', '3', '57007');
INSERT INTO `qstn_answer` VALUES ('2701', '1', '6', '2', '5', '53', '2', '12', 'น้อย', '2', '57007');
INSERT INTO `qstn_answer` VALUES ('2702', '1', '6', '2', '6', '54', '2', '13', 'ปานกลาง', '3', '57007');
INSERT INTO `qstn_answer` VALUES ('2703', '1', '6', '2', '6', '55', '2', '13', 'ปานกลาง', '3', '57007');
INSERT INTO `qstn_answer` VALUES ('2704', '1', '6', '2', '6', '56', '2', '13', 'ปานกลาง', '3', '57007');
INSERT INTO `qstn_answer` VALUES ('2705', '1', '6', '2', '6', '57', '2', '13', 'ปานกลาง', '3', '57007');
INSERT INTO `qstn_answer` VALUES ('2706', '1', '6', '2', '6', '58', '2', '13', 'ปานกลาง', '3', '57007');
INSERT INTO `qstn_answer` VALUES ('2707', '1', '6', '2', '6', '59', '2', '13', 'ปานกลาง', '3', '57007');
INSERT INTO `qstn_answer` VALUES ('2708', '1', '6', '2', '6', '60', '2', '13', 'ปานกลาง', '3', '57007');
INSERT INTO `qstn_answer` VALUES ('2709', '1', '6', '2', '7', '61', '2', '13', 'ปานกลาง', '3', '57007');
INSERT INTO `qstn_answer` VALUES ('2710', '1', '6', '2', '7', '62', '2', '13', 'ปานกลาง', '3', '57007');
INSERT INTO `qstn_answer` VALUES ('2711', '1', '6', '2', '7', '63', '2', '13', 'ปานกลาง', '3', '57007');
INSERT INTO `qstn_answer` VALUES ('2712', '1', '6', '2', '7', '64', '2', '14', 'มาก', '4', '57007');
INSERT INTO `qstn_answer` VALUES ('2713', '1', '6', '2', '7', '65', '2', '12', 'น้อย', '2', '57007');
INSERT INTO `qstn_answer` VALUES ('2714', '1', '6', '2', '7', '66', '2', '13', 'ปานกลาง', '3', '57007');
INSERT INTO `qstn_answer` VALUES ('2715', '1', '6', '2', '7', '67', '2', '12', 'น้อย', '2', '57007');
INSERT INTO `qstn_answer` VALUES ('2716', '1', '6', '2', '8', '68', '2', '13', 'ปานกลาง', '3', '57007');
INSERT INTO `qstn_answer` VALUES ('2717', '1', '6', '2', '8', '69', '2', '13', 'ปานกลาง', '3', '57007');
INSERT INTO `qstn_answer` VALUES ('2718', '1', '6', '2', '8', '70', '2', '13', 'ปานกลาง', '3', '57007');
INSERT INTO `qstn_answer` VALUES ('2719', '1', '6', '2', '8', '71', '2', '13', 'ปานกลาง', '3', '57007');
INSERT INTO `qstn_answer` VALUES ('2720', '1', '6', '2', '8', '72', '2', '13', 'ปานกลาง', '3', '57007');
INSERT INTO `qstn_answer` VALUES ('2721', '1', '6', '2', '4', '39', '2', '14', 'มาก', '4', '60055');
INSERT INTO `qstn_answer` VALUES ('2722', '1', '6', '2', '4', '40', '2', '13', 'ปานกลาง', '3', '60055');
INSERT INTO `qstn_answer` VALUES ('2723', '1', '6', '2', '4', '41', '2', '14', 'มาก', '4', '60055');
INSERT INTO `qstn_answer` VALUES ('2724', '1', '6', '2', '4', '42', '2', '13', 'ปานกลาง', '3', '60055');
INSERT INTO `qstn_answer` VALUES ('2725', '1', '6', '2', '4', '43', '2', '13', 'ปานกลาง', '3', '60055');
INSERT INTO `qstn_answer` VALUES ('2726', '1', '6', '2', '4', '44', '2', '15', 'มากที่สุด', '5', '60055');
INSERT INTO `qstn_answer` VALUES ('2727', '1', '6', '2', '4', '45', '2', '14', 'มาก', '4', '60055');
INSERT INTO `qstn_answer` VALUES ('2728', '1', '6', '2', '4', '46', '2', '14', 'มาก', '4', '60055');
INSERT INTO `qstn_answer` VALUES ('2729', '1', '6', '2', '4', '47', '2', '14', 'มาก', '4', '60055');
INSERT INTO `qstn_answer` VALUES ('2730', '1', '6', '2', '5', '48', '2', '13', 'ปานกลาง', '3', '60055');
INSERT INTO `qstn_answer` VALUES ('2731', '1', '6', '2', '5', '49', '2', '13', 'ปานกลาง', '3', '60055');
INSERT INTO `qstn_answer` VALUES ('2732', '1', '6', '2', '5', '50', '2', '13', 'ปานกลาง', '3', '60055');
INSERT INTO `qstn_answer` VALUES ('2733', '1', '6', '2', '5', '51', '2', '13', 'ปานกลาง', '3', '60055');
INSERT INTO `qstn_answer` VALUES ('2734', '1', '6', '2', '5', '52', '2', '13', 'ปานกลาง', '3', '60055');
INSERT INTO `qstn_answer` VALUES ('2735', '1', '6', '2', '5', '53', '2', '13', 'ปานกลาง', '3', '60055');
INSERT INTO `qstn_answer` VALUES ('2736', '1', '6', '2', '6', '54', '2', '14', 'มาก', '4', '60055');
INSERT INTO `qstn_answer` VALUES ('2737', '1', '6', '2', '6', '55', '2', '14', 'มาก', '4', '60055');
INSERT INTO `qstn_answer` VALUES ('2738', '1', '6', '2', '6', '56', '2', '14', 'มาก', '4', '60055');
INSERT INTO `qstn_answer` VALUES ('2739', '1', '6', '2', '6', '57', '2', '13', 'ปานกลาง', '3', '60055');
INSERT INTO `qstn_answer` VALUES ('2740', '1', '6', '2', '6', '58', '2', '13', 'ปานกลาง', '3', '60055');
INSERT INTO `qstn_answer` VALUES ('2741', '1', '6', '2', '6', '59', '2', '13', 'ปานกลาง', '3', '60055');
INSERT INTO `qstn_answer` VALUES ('2742', '1', '6', '2', '6', '60', '2', '13', 'ปานกลาง', '3', '60055');
INSERT INTO `qstn_answer` VALUES ('2743', '1', '6', '2', '7', '61', '2', '13', 'ปานกลาง', '3', '60055');
INSERT INTO `qstn_answer` VALUES ('2744', '1', '6', '2', '7', '62', '2', '13', 'ปานกลาง', '3', '60055');
INSERT INTO `qstn_answer` VALUES ('2745', '1', '6', '2', '7', '63', '2', '13', 'ปานกลาง', '3', '60055');
INSERT INTO `qstn_answer` VALUES ('2746', '1', '6', '2', '7', '64', '2', '13', 'ปานกลาง', '3', '60055');
INSERT INTO `qstn_answer` VALUES ('2747', '1', '6', '2', '7', '65', '2', '14', 'มาก', '4', '60055');
INSERT INTO `qstn_answer` VALUES ('2748', '1', '6', '2', '7', '66', '2', '13', 'ปานกลาง', '3', '60055');
INSERT INTO `qstn_answer` VALUES ('2749', '1', '6', '2', '7', '67', '2', '14', 'มาก', '4', '60055');
INSERT INTO `qstn_answer` VALUES ('2750', '1', '6', '2', '8', '68', '2', '14', 'มาก', '4', '60055');
INSERT INTO `qstn_answer` VALUES ('2751', '1', '6', '2', '8', '69', '2', '14', 'มาก', '4', '60055');
INSERT INTO `qstn_answer` VALUES ('2752', '1', '6', '2', '8', '70', '2', '14', 'มาก', '4', '60055');
INSERT INTO `qstn_answer` VALUES ('2753', '1', '6', '2', '8', '71', '2', '14', 'มาก', '4', '60055');
INSERT INTO `qstn_answer` VALUES ('2754', '1', '6', '2', '8', '72', '2', '14', 'มาก', '4', '60055');
INSERT INTO `qstn_answer` VALUES ('2755', '3', '9', '5', '12', '82', '4', '25', 'เห็นด้วย', '3', '60023');
INSERT INTO `qstn_answer` VALUES ('2756', '3', '9', '5', '12', '83', '4', '25', 'เห็นด้วย', '3', '60023');
INSERT INTO `qstn_answer` VALUES ('2757', '3', '9', '5', '12', '84', '4', '23', 'ไม่เห็นด้วย', '1', '60023');
INSERT INTO `qstn_answer` VALUES ('2758', '3', '9', '5', '12', '85', '4', '24', 'ไม่มีความเห็น', '2', '60023');
INSERT INTO `qstn_answer` VALUES ('2759', '3', '9', '5', '12', '86', '4', '23', 'ไม่เห็นด้วย', '1', '60023');
INSERT INTO `qstn_answer` VALUES ('2760', '3', '9', '5', '12', '87', '4', '25', 'เห็นด้วย', '3', '60023');
INSERT INTO `qstn_answer` VALUES ('2761', '3', '9', '5', '12', '88', '4', '25', 'เห็นด้วย', '3', '60023');
INSERT INTO `qstn_answer` VALUES ('2762', '3', '9', '5', '12', '89', '4', '24', 'ไม่มีความเห็น', '2', '60023');
INSERT INTO `qstn_answer` VALUES ('2763', '3', '9', '5', '12', '90', '4', '23', 'ไม่เห็นด้วย', '1', '60023');
INSERT INTO `qstn_answer` VALUES ('2764', '3', '9', '5', '12', '91', '4', '24', 'ไม่มีความเห็น', '2', '60023');
INSERT INTO `qstn_answer` VALUES ('2765', '3', '9', '5', '12', '92', '4', '25', 'เห็นด้วย', '3', '60023');
INSERT INTO `qstn_answer` VALUES ('2766', '3', '9', '5', '12', '93', '4', '22', 'ไม่เห็นด้วยอย่างยิ่ง', '0', '60023');
INSERT INTO `qstn_answer` VALUES ('2767', '3', '9', '5', '12', '94', '4', '25', 'เห็นด้วย', '3', '60023');
INSERT INTO `qstn_answer` VALUES ('2768', '3', '9', '5', '12', '95', '4', '23', 'ไม่เห็นด้วย', '1', '60023');
INSERT INTO `qstn_answer` VALUES ('2769', '3', '9', '5', '12', '96', '4', '22', 'ไม่เห็นด้วยอย่างยิ่ง', '0', '60023');
INSERT INTO `qstn_answer` VALUES ('2770', '3', '9', '5', '12', '97', '4', '22', 'ไม่เห็นด้วยอย่างยิ่ง', '0', '60023');
INSERT INTO `qstn_answer` VALUES ('2771', '3', '9', '5', '12', '98', '4', '22', 'ไม่เห็นด้วยอย่างยิ่ง', '0', '60023');
INSERT INTO `qstn_answer` VALUES ('2772', '3', '9', '5', '12', '99', '4', '23', 'ไม่เห็นด้วย', '1', '60023');
INSERT INTO `qstn_answer` VALUES ('2773', '3', '9', '5', '13', '100', '4', '26', 'เห็นด้วยอย่างยิ่ง', '4', '60023');
INSERT INTO `qstn_answer` VALUES ('2774', '3', '9', '5', '13', '101', '4', '22', 'ไม่เห็นด้วยอย่างยิ่ง', '0', '60023');
INSERT INTO `qstn_answer` VALUES ('2775', '3', '9', '5', '13', '102', '4', '22', 'ไม่เห็นด้วยอย่างยิ่ง', '0', '60023');
INSERT INTO `qstn_answer` VALUES ('2776', '3', '9', '5', '13', '103', '4', '24', 'ไม่มีความเห็น', '2', '60023');
INSERT INTO `qstn_answer` VALUES ('2777', '3', '9', '5', '14', '104', '4', '25', 'เห็นด้วย', '3', '60023');
INSERT INTO `qstn_answer` VALUES ('2778', '3', '9', '5', '14', '105', '4', '23', 'ไม่เห็นด้วย', '1', '60023');
INSERT INTO `qstn_answer` VALUES ('2779', '3', '9', '5', '14', '106', '4', '22', 'ไม่เห็นด้วยอย่างยิ่ง', '0', '60023');
INSERT INTO `qstn_answer` VALUES ('2780', '3', '9', '5', '14', '107', '4', '24', 'ไม่มีความเห็น', '2', '60023');
INSERT INTO `qstn_answer` VALUES ('2781', '3', '9', '5', '14', '108', '4', '24', 'ไม่มีความเห็น', '2', '60023');
INSERT INTO `qstn_answer` VALUES ('2782', '3', '9', '5', '14', '109', '4', '23', 'ไม่เห็นด้วย', '1', '60023');
INSERT INTO `qstn_answer` VALUES ('2783', '3', '9', '5', '15', '110', '4', '22', 'ไม่เห็นด้วยอย่างยิ่ง', '0', '60023');
INSERT INTO `qstn_answer` VALUES ('2784', '3', '9', '5', '15', '111', '4', '24', 'ไม่มีความเห็น', '2', '60023');
INSERT INTO `qstn_answer` VALUES ('2785', '3', '9', '5', '15', '112', '4', '23', 'ไม่เห็นด้วย', '1', '60023');
INSERT INTO `qstn_answer` VALUES ('2786', '3', '9', '5', '16', '113', '5', '30', 'ดีมาก Very good', '3', '60023');
INSERT INTO `qstn_answer` VALUES ('2787', '3', '9', '5', '17', '114', '4', '23', 'ไม่เห็นด้วย', '1', '60023');
INSERT INTO `qstn_answer` VALUES ('2788', '3', '9', '5', '17', '115', '4', '25', 'เห็นด้วย', '3', '60023');
INSERT INTO `qstn_answer` VALUES ('2789', '3', '9', '5', '17', '116', '4', '22', 'ไม่เห็นด้วยอย่างยิ่ง', '0', '60023');
INSERT INTO `qstn_answer` VALUES ('2790', '3', '9', '5', '17', '117', '4', '23', 'ไม่เห็นด้วย', '1', '60023');
INSERT INTO `qstn_answer` VALUES ('2791', '3', '9', '5', '17', '118', '4', '26', 'เห็นด้วยอย่างยิ่ง', '4', '60023');
INSERT INTO `qstn_answer` VALUES ('2792', '3', '9', '5', '17', '119', '4', '22', 'ไม่เห็นด้วยอย่างยิ่ง', '0', '60023');
INSERT INTO `qstn_answer` VALUES ('2793', '3', '9', '5', '17', '120', '4', '23', 'ไม่เห็นด้วย', '1', '60023');
INSERT INTO `qstn_answer` VALUES ('2794', '3', '9', '5', '17', '121', '4', '22', 'ไม่เห็นด้วยอย่างยิ่ง', '0', '60023');
INSERT INTO `qstn_answer` VALUES ('2795', '3', '9', '5', '17', '122', '4', '22', 'ไม่เห็นด้วยอย่างยิ่ง', '0', '60023');
INSERT INTO `qstn_answer` VALUES ('2796', '3', '9', '5', '17', '123', '4', '24', 'ไม่มีความเห็น', '2', '60023');
INSERT INTO `qstn_answer` VALUES ('2797', '3', '9', '5', '17', '124', '4', '23', 'ไม่เห็นด้วย', '1', '60023');
INSERT INTO `qstn_answer` VALUES ('2798', '3', '9', '5', '12', '82', '4', '25', 'เห็นด้วย', '3', '59033');
INSERT INTO `qstn_answer` VALUES ('2799', '3', '9', '5', '12', '83', '4', '25', 'เห็นด้วย', '3', '59033');
INSERT INTO `qstn_answer` VALUES ('2800', '3', '9', '5', '12', '84', '4', '26', 'เห็นด้วยอย่างยิ่ง', '4', '59033');
INSERT INTO `qstn_answer` VALUES ('2801', '3', '9', '5', '12', '85', '4', '23', 'ไม่เห็นด้วย', '1', '59033');
INSERT INTO `qstn_answer` VALUES ('2802', '3', '9', '5', '12', '86', '4', '24', 'ไม่มีความเห็น', '2', '59033');
INSERT INTO `qstn_answer` VALUES ('2803', '3', '9', '5', '12', '87', '4', '25', 'เห็นด้วย', '3', '59033');
INSERT INTO `qstn_answer` VALUES ('2804', '3', '9', '5', '12', '88', '4', '23', 'ไม่เห็นด้วย', '1', '59033');
INSERT INTO `qstn_answer` VALUES ('2805', '3', '9', '5', '12', '89', '4', '26', 'เห็นด้วยอย่างยิ่ง', '4', '59033');
INSERT INTO `qstn_answer` VALUES ('2806', '3', '9', '5', '12', '90', '4', '24', 'ไม่มีความเห็น', '2', '59033');
INSERT INTO `qstn_answer` VALUES ('2807', '3', '9', '5', '12', '91', '4', '26', 'เห็นด้วยอย่างยิ่ง', '4', '59033');
INSERT INTO `qstn_answer` VALUES ('2808', '3', '9', '5', '12', '92', '4', '23', 'ไม่เห็นด้วย', '1', '59033');
INSERT INTO `qstn_answer` VALUES ('2809', '3', '9', '5', '12', '93', '4', '25', 'เห็นด้วย', '3', '59033');
INSERT INTO `qstn_answer` VALUES ('2810', '3', '9', '5', '12', '94', '4', '24', 'ไม่มีความเห็น', '2', '59033');
INSERT INTO `qstn_answer` VALUES ('2811', '3', '9', '5', '12', '95', '4', '23', 'ไม่เห็นด้วย', '1', '59033');
INSERT INTO `qstn_answer` VALUES ('2812', '3', '9', '5', '12', '96', '4', '26', 'เห็นด้วยอย่างยิ่ง', '4', '59033');
INSERT INTO `qstn_answer` VALUES ('2813', '3', '9', '5', '12', '97', '4', '24', 'ไม่มีความเห็น', '2', '59033');
INSERT INTO `qstn_answer` VALUES ('2814', '3', '9', '5', '12', '98', '4', '25', 'เห็นด้วย', '3', '59033');
INSERT INTO `qstn_answer` VALUES ('2815', '3', '9', '5', '12', '99', '4', '24', 'ไม่มีความเห็น', '2', '59033');
INSERT INTO `qstn_answer` VALUES ('2816', '3', '9', '5', '13', '100', '4', '24', 'ไม่มีความเห็น', '2', '59033');
INSERT INTO `qstn_answer` VALUES ('2817', '3', '9', '5', '13', '101', '4', '24', 'ไม่มีความเห็น', '2', '59033');
INSERT INTO `qstn_answer` VALUES ('2818', '3', '9', '5', '13', '102', '4', '25', 'เห็นด้วย', '3', '59033');
INSERT INTO `qstn_answer` VALUES ('2819', '3', '9', '5', '13', '103', '4', '23', 'ไม่เห็นด้วย', '1', '59033');
INSERT INTO `qstn_answer` VALUES ('2820', '3', '9', '5', '14', '104', '4', '22', 'ไม่เห็นด้วยอย่างยิ่ง', '0', '59033');
INSERT INTO `qstn_answer` VALUES ('2821', '3', '9', '5', '14', '105', '4', '25', 'เห็นด้วย', '3', '59033');
INSERT INTO `qstn_answer` VALUES ('2822', '3', '9', '5', '14', '106', '4', '24', 'ไม่มีความเห็น', '2', '59033');
INSERT INTO `qstn_answer` VALUES ('2823', '3', '9', '5', '14', '107', '4', '25', 'เห็นด้วย', '3', '59033');
INSERT INTO `qstn_answer` VALUES ('2824', '3', '9', '5', '14', '108', '4', '24', 'ไม่มีความเห็น', '2', '59033');
INSERT INTO `qstn_answer` VALUES ('2825', '3', '9', '5', '14', '109', '4', '25', 'เห็นด้วย', '3', '59033');
INSERT INTO `qstn_answer` VALUES ('2826', '3', '9', '5', '15', '110', '4', '26', 'เห็นด้วยอย่างยิ่ง', '4', '59033');
INSERT INTO `qstn_answer` VALUES ('2827', '3', '9', '5', '15', '111', '4', '25', 'เห็นด้วย', '3', '59033');
INSERT INTO `qstn_answer` VALUES ('2828', '3', '9', '5', '15', '112', '4', '23', 'ไม่เห็นด้วย', '1', '59033');
INSERT INTO `qstn_answer` VALUES ('2829', '3', '9', '5', '16', '113', '5', '29', 'ยอมรับได้ Acceptable', '2', '59033');
INSERT INTO `qstn_answer` VALUES ('2830', '3', '9', '5', '17', '114', '4', '23', 'ไม่เห็นด้วย', '1', '59033');
INSERT INTO `qstn_answer` VALUES ('2831', '3', '9', '5', '17', '115', '4', '24', 'ไม่มีความเห็น', '2', '59033');
INSERT INTO `qstn_answer` VALUES ('2832', '3', '9', '5', '17', '116', '4', '24', 'ไม่มีความเห็น', '2', '59033');
INSERT INTO `qstn_answer` VALUES ('2833', '3', '9', '5', '17', '117', '4', '25', 'เห็นด้วย', '3', '59033');
INSERT INTO `qstn_answer` VALUES ('2834', '3', '9', '5', '17', '118', '4', '24', 'ไม่มีความเห็น', '2', '59033');
INSERT INTO `qstn_answer` VALUES ('2835', '3', '9', '5', '17', '119', '4', '25', 'เห็นด้วย', '3', '59033');
INSERT INTO `qstn_answer` VALUES ('2836', '3', '9', '5', '17', '120', '4', '24', 'ไม่มีความเห็น', '2', '59033');
INSERT INTO `qstn_answer` VALUES ('2837', '3', '9', '5', '17', '121', '4', '26', 'เห็นด้วยอย่างยิ่ง', '4', '59033');
INSERT INTO `qstn_answer` VALUES ('2838', '3', '9', '5', '17', '122', '4', '26', 'เห็นด้วยอย่างยิ่ง', '4', '59033');
INSERT INTO `qstn_answer` VALUES ('2839', '3', '9', '5', '17', '123', '4', '23', 'ไม่เห็นด้วย', '1', '59033');
INSERT INTO `qstn_answer` VALUES ('2840', '3', '9', '5', '17', '124', '4', '25', 'เห็นด้วย', '3', '59033');
INSERT INTO `qstn_answer` VALUES ('2841', '3', '9', '5', '12', '82', '4', '24', 'ไม่มีความเห็น', '2', '61018');
INSERT INTO `qstn_answer` VALUES ('2842', '3', '9', '5', '12', '83', '4', '22', 'ไม่เห็นด้วยอย่างยิ่ง', '0', '61018');
INSERT INTO `qstn_answer` VALUES ('2843', '3', '9', '5', '12', '84', '4', '25', 'เห็นด้วย', '3', '61018');
INSERT INTO `qstn_answer` VALUES ('2844', '3', '9', '5', '12', '85', '4', '23', 'ไม่เห็นด้วย', '1', '61018');
INSERT INTO `qstn_answer` VALUES ('2845', '3', '9', '5', '12', '86', '4', '26', 'เห็นด้วยอย่างยิ่ง', '4', '61018');
INSERT INTO `qstn_answer` VALUES ('2846', '3', '9', '5', '12', '87', '4', '24', 'ไม่มีความเห็น', '2', '61018');
INSERT INTO `qstn_answer` VALUES ('2847', '3', '9', '5', '12', '88', '4', '24', 'ไม่มีความเห็น', '2', '61018');
INSERT INTO `qstn_answer` VALUES ('2848', '3', '9', '5', '12', '89', '4', '25', 'เห็นด้วย', '3', '61018');
INSERT INTO `qstn_answer` VALUES ('2849', '3', '9', '5', '12', '90', '4', '22', 'ไม่เห็นด้วยอย่างยิ่ง', '0', '61018');
INSERT INTO `qstn_answer` VALUES ('2850', '3', '9', '5', '12', '91', '4', '23', 'ไม่เห็นด้วย', '1', '61018');
INSERT INTO `qstn_answer` VALUES ('2851', '3', '9', '5', '12', '92', '4', '23', 'ไม่เห็นด้วย', '1', '61018');
INSERT INTO `qstn_answer` VALUES ('2852', '3', '9', '5', '12', '93', '4', '24', 'ไม่มีความเห็น', '2', '61018');
INSERT INTO `qstn_answer` VALUES ('2853', '3', '9', '5', '12', '94', '4', '24', 'ไม่มีความเห็น', '2', '61018');
INSERT INTO `qstn_answer` VALUES ('2854', '3', '9', '5', '12', '95', '4', '24', 'ไม่มีความเห็น', '2', '61018');
INSERT INTO `qstn_answer` VALUES ('2855', '3', '9', '5', '12', '96', '4', '24', 'ไม่มีความเห็น', '2', '61018');
INSERT INTO `qstn_answer` VALUES ('2856', '3', '9', '5', '12', '97', '4', '25', 'เห็นด้วย', '3', '61018');
INSERT INTO `qstn_answer` VALUES ('2857', '3', '9', '5', '12', '98', '4', '25', 'เห็นด้วย', '3', '61018');
INSERT INTO `qstn_answer` VALUES ('2858', '3', '9', '5', '12', '99', '4', '26', 'เห็นด้วยอย่างยิ่ง', '4', '61018');
INSERT INTO `qstn_answer` VALUES ('2859', '3', '9', '5', '13', '100', '4', '22', 'ไม่เห็นด้วยอย่างยิ่ง', '0', '61018');
INSERT INTO `qstn_answer` VALUES ('2860', '3', '9', '5', '13', '101', '4', '23', 'ไม่เห็นด้วย', '1', '61018');
INSERT INTO `qstn_answer` VALUES ('2861', '3', '9', '5', '13', '102', '4', '25', 'เห็นด้วย', '3', '61018');
INSERT INTO `qstn_answer` VALUES ('2862', '3', '9', '5', '13', '103', '4', '26', 'เห็นด้วยอย่างยิ่ง', '4', '61018');
INSERT INTO `qstn_answer` VALUES ('2863', '3', '9', '5', '14', '104', '4', '22', 'ไม่เห็นด้วยอย่างยิ่ง', '0', '61018');
INSERT INTO `qstn_answer` VALUES ('2864', '3', '9', '5', '14', '105', '4', '23', 'ไม่เห็นด้วย', '1', '61018');
INSERT INTO `qstn_answer` VALUES ('2865', '3', '9', '5', '14', '106', '4', '24', 'ไม่มีความเห็น', '2', '61018');
INSERT INTO `qstn_answer` VALUES ('2866', '3', '9', '5', '14', '107', '4', '25', 'เห็นด้วย', '3', '61018');
INSERT INTO `qstn_answer` VALUES ('2867', '3', '9', '5', '14', '108', '4', '26', 'เห็นด้วยอย่างยิ่ง', '4', '61018');
INSERT INTO `qstn_answer` VALUES ('2868', '3', '9', '5', '14', '109', '4', '25', 'เห็นด้วย', '3', '61018');
INSERT INTO `qstn_answer` VALUES ('2869', '3', '9', '5', '15', '110', '4', '23', 'ไม่เห็นด้วย', '1', '61018');
INSERT INTO `qstn_answer` VALUES ('2870', '3', '9', '5', '15', '111', '4', '25', 'เห็นด้วย', '3', '61018');
INSERT INTO `qstn_answer` VALUES ('2871', '3', '9', '5', '15', '112', '4', '23', 'ไม่เห็นด้วย', '1', '61018');
INSERT INTO `qstn_answer` VALUES ('2872', '3', '9', '5', '16', '113', '5', '31', 'ดีเยี่ยม Excellent', '4', '61018');
INSERT INTO `qstn_answer` VALUES ('2873', '3', '9', '5', '17', '114', '4', '25', 'เห็นด้วย', '3', '61018');
INSERT INTO `qstn_answer` VALUES ('2874', '3', '9', '5', '17', '115', '4', '24', 'ไม่มีความเห็น', '2', '61018');
INSERT INTO `qstn_answer` VALUES ('2875', '3', '9', '5', '17', '116', '4', '26', 'เห็นด้วยอย่างยิ่ง', '4', '61018');
INSERT INTO `qstn_answer` VALUES ('2876', '3', '9', '5', '17', '117', '4', '22', 'ไม่เห็นด้วยอย่างยิ่ง', '0', '61018');
INSERT INTO `qstn_answer` VALUES ('2877', '3', '9', '5', '17', '118', '4', '22', 'ไม่เห็นด้วยอย่างยิ่ง', '0', '61018');
INSERT INTO `qstn_answer` VALUES ('2878', '3', '9', '5', '17', '119', '4', '23', 'ไม่เห็นด้วย', '1', '61018');
INSERT INTO `qstn_answer` VALUES ('2879', '3', '9', '5', '17', '120', '4', '23', 'ไม่เห็นด้วย', '1', '61018');
INSERT INTO `qstn_answer` VALUES ('2880', '3', '9', '5', '17', '121', '4', '24', 'ไม่มีความเห็น', '2', '61018');
INSERT INTO `qstn_answer` VALUES ('2881', '3', '9', '5', '17', '122', '4', '25', 'เห็นด้วย', '3', '61018');
INSERT INTO `qstn_answer` VALUES ('2882', '3', '9', '5', '17', '123', '4', '25', 'เห็นด้วย', '3', '61018');
INSERT INTO `qstn_answer` VALUES ('2883', '3', '9', '5', '17', '124', '4', '26', 'เห็นด้วยอย่างยิ่ง', '4', '61018');
INSERT INTO `qstn_answer` VALUES ('2884', '1', '6', '2', '4', '39', '2', '15', 'มากที่สุด', '5', '58007');
INSERT INTO `qstn_answer` VALUES ('2885', '1', '6', '2', '4', '40', '2', '14', 'มาก', '4', '58007');
INSERT INTO `qstn_answer` VALUES ('2886', '1', '6', '2', '4', '41', '2', '15', 'มากที่สุด', '5', '58007');
INSERT INTO `qstn_answer` VALUES ('2887', '1', '6', '2', '4', '42', '2', '15', 'มากที่สุด', '5', '58007');
INSERT INTO `qstn_answer` VALUES ('2888', '1', '6', '2', '4', '43', '2', '14', 'มาก', '4', '58007');
INSERT INTO `qstn_answer` VALUES ('2889', '1', '6', '2', '4', '44', '2', '15', 'มากที่สุด', '5', '58007');
INSERT INTO `qstn_answer` VALUES ('2890', '1', '6', '2', '4', '45', '2', '15', 'มากที่สุด', '5', '58007');
INSERT INTO `qstn_answer` VALUES ('2891', '1', '6', '2', '4', '46', '2', '13', 'ปานกลาง', '3', '58007');
INSERT INTO `qstn_answer` VALUES ('2892', '1', '6', '2', '4', '47', '2', '14', 'มาก', '4', '58007');
INSERT INTO `qstn_answer` VALUES ('2893', '1', '6', '2', '5', '48', '2', '13', 'ปานกลาง', '3', '58007');
INSERT INTO `qstn_answer` VALUES ('2894', '1', '6', '2', '5', '49', '2', '15', 'มากที่สุด', '5', '58007');
INSERT INTO `qstn_answer` VALUES ('2895', '1', '6', '2', '5', '50', '2', '15', 'มากที่สุด', '5', '58007');
INSERT INTO `qstn_answer` VALUES ('2896', '1', '6', '2', '5', '51', '2', '15', 'มากที่สุด', '5', '58007');
INSERT INTO `qstn_answer` VALUES ('2897', '1', '6', '2', '5', '52', '2', '13', 'ปานกลาง', '3', '58007');
INSERT INTO `qstn_answer` VALUES ('2898', '1', '6', '2', '5', '53', '2', '15', 'มากที่สุด', '5', '58007');
INSERT INTO `qstn_answer` VALUES ('2899', '1', '6', '2', '6', '54', '2', '15', 'มากที่สุด', '5', '58007');
INSERT INTO `qstn_answer` VALUES ('2900', '1', '6', '2', '6', '55', '2', '14', 'มาก', '4', '58007');
INSERT INTO `qstn_answer` VALUES ('2901', '1', '6', '2', '6', '56', '2', '15', 'มากที่สุด', '5', '58007');
INSERT INTO `qstn_answer` VALUES ('2902', '1', '6', '2', '6', '57', '2', '15', 'มากที่สุด', '5', '58007');
INSERT INTO `qstn_answer` VALUES ('2903', '1', '6', '2', '6', '58', '2', '15', 'มากที่สุด', '5', '58007');
INSERT INTO `qstn_answer` VALUES ('2904', '1', '6', '2', '6', '59', '2', '15', 'มากที่สุด', '5', '58007');
INSERT INTO `qstn_answer` VALUES ('2905', '1', '6', '2', '6', '60', '2', '15', 'มากที่สุด', '5', '58007');
INSERT INTO `qstn_answer` VALUES ('2906', '1', '6', '2', '7', '61', '2', '15', 'มากที่สุด', '5', '58007');
INSERT INTO `qstn_answer` VALUES ('2907', '1', '6', '2', '7', '62', '2', '15', 'มากที่สุด', '5', '58007');
INSERT INTO `qstn_answer` VALUES ('2908', '1', '6', '2', '7', '63', '2', '14', 'มาก', '4', '58007');
INSERT INTO `qstn_answer` VALUES ('2909', '1', '6', '2', '7', '64', '2', '15', 'มากที่สุด', '5', '58007');
INSERT INTO `qstn_answer` VALUES ('2910', '1', '6', '2', '7', '65', '2', '13', 'ปานกลาง', '3', '58007');
INSERT INTO `qstn_answer` VALUES ('2911', '1', '6', '2', '7', '66', '2', '15', 'มากที่สุด', '5', '58007');
INSERT INTO `qstn_answer` VALUES ('2912', '1', '6', '2', '7', '67', '2', '14', 'มาก', '4', '58007');
INSERT INTO `qstn_answer` VALUES ('2913', '1', '6', '2', '8', '68', '2', '15', 'มากที่สุด', '5', '58007');
INSERT INTO `qstn_answer` VALUES ('2914', '1', '6', '2', '8', '69', '2', '15', 'มากที่สุด', '5', '58007');
INSERT INTO `qstn_answer` VALUES ('2915', '1', '6', '2', '8', '70', '2', '15', 'มากที่สุด', '5', '58007');
INSERT INTO `qstn_answer` VALUES ('2916', '1', '6', '2', '8', '71', '2', '15', 'มากที่สุด', '5', '58007');
INSERT INTO `qstn_answer` VALUES ('2917', '1', '6', '2', '8', '72', '2', '15', 'มากที่สุด', '5', '58007');
INSERT INTO `qstn_answer` VALUES ('2918', '3', '9', '5', '12', '82', '4', '26', 'เห็นด้วยอย่างยิ่ง', '4', '58007');
INSERT INTO `qstn_answer` VALUES ('2919', '3', '9', '5', '12', '83', '4', '25', 'เห็นด้วย', '3', '58007');
INSERT INTO `qstn_answer` VALUES ('2920', '3', '9', '5', '12', '84', '4', '25', 'เห็นด้วย', '3', '58007');
INSERT INTO `qstn_answer` VALUES ('2921', '3', '9', '5', '12', '85', '4', '26', 'เห็นด้วยอย่างยิ่ง', '4', '58007');
INSERT INTO `qstn_answer` VALUES ('2922', '3', '9', '5', '12', '86', '4', '25', 'เห็นด้วย', '3', '58007');
INSERT INTO `qstn_answer` VALUES ('2923', '3', '9', '5', '12', '87', '4', '26', 'เห็นด้วยอย่างยิ่ง', '4', '58007');
INSERT INTO `qstn_answer` VALUES ('2924', '3', '9', '5', '12', '88', '4', '22', 'ไม่เห็นด้วยอย่างยิ่ง', '0', '58007');
INSERT INTO `qstn_answer` VALUES ('2925', '3', '9', '5', '12', '89', '4', '26', 'เห็นด้วยอย่างยิ่ง', '4', '58007');
INSERT INTO `qstn_answer` VALUES ('2926', '3', '9', '5', '12', '90', '4', '26', 'เห็นด้วยอย่างยิ่ง', '4', '58007');
INSERT INTO `qstn_answer` VALUES ('2927', '3', '9', '5', '12', '91', '4', '26', 'เห็นด้วยอย่างยิ่ง', '4', '58007');
INSERT INTO `qstn_answer` VALUES ('2928', '3', '9', '5', '12', '92', '4', '26', 'เห็นด้วยอย่างยิ่ง', '4', '58007');
INSERT INTO `qstn_answer` VALUES ('2929', '3', '9', '5', '12', '93', '4', '26', 'เห็นด้วยอย่างยิ่ง', '4', '58007');
INSERT INTO `qstn_answer` VALUES ('2930', '3', '9', '5', '12', '94', '4', '26', 'เห็นด้วยอย่างยิ่ง', '4', '58007');
INSERT INTO `qstn_answer` VALUES ('2931', '3', '9', '5', '12', '95', '4', '26', 'เห็นด้วยอย่างยิ่ง', '4', '58007');
INSERT INTO `qstn_answer` VALUES ('2932', '3', '9', '5', '12', '96', '4', '26', 'เห็นด้วยอย่างยิ่ง', '4', '58007');
INSERT INTO `qstn_answer` VALUES ('2933', '3', '9', '5', '12', '97', '4', '26', 'เห็นด้วยอย่างยิ่ง', '4', '58007');
INSERT INTO `qstn_answer` VALUES ('2934', '3', '9', '5', '12', '98', '4', '23', 'ไม่เห็นด้วย', '1', '58007');
INSERT INTO `qstn_answer` VALUES ('2935', '3', '9', '5', '12', '99', '4', '25', 'เห็นด้วย', '3', '58007');
INSERT INTO `qstn_answer` VALUES ('2936', '3', '9', '5', '13', '100', '4', '25', 'เห็นด้วย', '3', '58007');
INSERT INTO `qstn_answer` VALUES ('2937', '3', '9', '5', '13', '101', '4', '25', 'เห็นด้วย', '3', '58007');
INSERT INTO `qstn_answer` VALUES ('2938', '3', '9', '5', '13', '102', '4', '25', 'เห็นด้วย', '3', '58007');
INSERT INTO `qstn_answer` VALUES ('2939', '3', '9', '5', '13', '103', '4', '26', 'เห็นด้วยอย่างยิ่ง', '4', '58007');
INSERT INTO `qstn_answer` VALUES ('2940', '3', '9', '5', '14', '104', '4', '25', 'เห็นด้วย', '3', '58007');
INSERT INTO `qstn_answer` VALUES ('2941', '3', '9', '5', '14', '105', '4', '24', 'ไม่มีความเห็น', '2', '58007');
INSERT INTO `qstn_answer` VALUES ('2942', '3', '9', '5', '14', '106', '4', '24', 'ไม่มีความเห็น', '2', '58007');
INSERT INTO `qstn_answer` VALUES ('2943', '3', '9', '5', '14', '107', '4', '26', 'เห็นด้วยอย่างยิ่ง', '4', '58007');
INSERT INTO `qstn_answer` VALUES ('2944', '3', '9', '5', '14', '108', '4', '25', 'เห็นด้วย', '3', '58007');
INSERT INTO `qstn_answer` VALUES ('2945', '3', '9', '5', '14', '109', '4', '26', 'เห็นด้วยอย่างยิ่ง', '4', '58007');
INSERT INTO `qstn_answer` VALUES ('2946', '3', '9', '5', '15', '110', '4', '26', 'เห็นด้วยอย่างยิ่ง', '4', '58007');
INSERT INTO `qstn_answer` VALUES ('2947', '3', '9', '5', '15', '111', '4', '26', 'เห็นด้วยอย่างยิ่ง', '4', '58007');
INSERT INTO `qstn_answer` VALUES ('2948', '3', '9', '5', '15', '112', '4', '26', 'เห็นด้วยอย่างยิ่ง', '4', '58007');
INSERT INTO `qstn_answer` VALUES ('2949', '3', '9', '5', '16', '113', '5', '30', 'ดีมาก Very good', '3', '58007');
INSERT INTO `qstn_answer` VALUES ('2950', '3', '9', '5', '17', '114', '4', '26', 'เห็นด้วยอย่างยิ่ง', '4', '58007');
INSERT INTO `qstn_answer` VALUES ('2951', '3', '9', '5', '17', '115', '4', '25', 'เห็นด้วย', '3', '58007');
INSERT INTO `qstn_answer` VALUES ('2952', '3', '9', '5', '17', '116', '4', '26', 'เห็นด้วยอย่างยิ่ง', '4', '58007');
INSERT INTO `qstn_answer` VALUES ('2953', '3', '9', '5', '17', '117', '4', '25', 'เห็นด้วย', '3', '58007');
INSERT INTO `qstn_answer` VALUES ('2954', '3', '9', '5', '17', '118', '4', '25', 'เห็นด้วย', '3', '58007');
INSERT INTO `qstn_answer` VALUES ('2955', '3', '9', '5', '17', '119', '4', '26', 'เห็นด้วยอย่างยิ่ง', '4', '58007');
INSERT INTO `qstn_answer` VALUES ('2956', '3', '9', '5', '17', '120', '4', '25', 'เห็นด้วย', '3', '58007');
INSERT INTO `qstn_answer` VALUES ('2957', '3', '9', '5', '17', '121', '4', '26', 'เห็นด้วยอย่างยิ่ง', '4', '58007');
INSERT INTO `qstn_answer` VALUES ('2958', '3', '9', '5', '17', '122', '4', '26', 'เห็นด้วยอย่างยิ่ง', '4', '58007');
INSERT INTO `qstn_answer` VALUES ('2959', '3', '9', '5', '17', '123', '4', '26', 'เห็นด้วยอย่างยิ่ง', '4', '58007');
INSERT INTO `qstn_answer` VALUES ('2960', '3', '9', '5', '17', '124', '4', '25', 'เห็นด้วย', '3', '58007');
INSERT INTO `qstn_answer` VALUES ('2961', '1', '6', '2', '4', '39', '2', '13', 'ปานกลาง', '3', '60048');
INSERT INTO `qstn_answer` VALUES ('2962', '1', '6', '2', '4', '40', '2', '13', 'ปานกลาง', '3', '60048');
INSERT INTO `qstn_answer` VALUES ('2963', '1', '6', '2', '4', '41', '2', '13', 'ปานกลาง', '3', '60048');
INSERT INTO `qstn_answer` VALUES ('2964', '1', '6', '2', '4', '42', '2', '13', 'ปานกลาง', '3', '60048');
INSERT INTO `qstn_answer` VALUES ('2965', '1', '6', '2', '4', '43', '2', '13', 'ปานกลาง', '3', '60048');
INSERT INTO `qstn_answer` VALUES ('2966', '1', '6', '2', '4', '44', '2', '13', 'ปานกลาง', '3', '60048');
INSERT INTO `qstn_answer` VALUES ('2967', '1', '6', '2', '4', '45', '2', '13', 'ปานกลาง', '3', '60048');
INSERT INTO `qstn_answer` VALUES ('2968', '1', '6', '2', '4', '46', '2', '12', 'น้อย', '2', '60048');
INSERT INTO `qstn_answer` VALUES ('2969', '1', '6', '2', '4', '47', '2', '13', 'ปานกลาง', '3', '60048');
INSERT INTO `qstn_answer` VALUES ('2970', '1', '6', '2', '5', '48', '2', '14', 'มาก', '4', '60048');
INSERT INTO `qstn_answer` VALUES ('2971', '1', '6', '2', '5', '49', '2', '13', 'ปานกลาง', '3', '60048');
INSERT INTO `qstn_answer` VALUES ('2972', '1', '6', '2', '5', '50', '2', '13', 'ปานกลาง', '3', '60048');
INSERT INTO `qstn_answer` VALUES ('2973', '1', '6', '2', '5', '51', '2', '13', 'ปานกลาง', '3', '60048');
INSERT INTO `qstn_answer` VALUES ('2974', '1', '6', '2', '5', '52', '2', '13', 'ปานกลาง', '3', '60048');
INSERT INTO `qstn_answer` VALUES ('2975', '1', '6', '2', '5', '53', '2', '13', 'ปานกลาง', '3', '60048');
INSERT INTO `qstn_answer` VALUES ('2976', '1', '6', '2', '6', '54', '2', '13', 'ปานกลาง', '3', '60048');
INSERT INTO `qstn_answer` VALUES ('2977', '1', '6', '2', '6', '55', '2', '12', 'น้อย', '2', '60048');
INSERT INTO `qstn_answer` VALUES ('2978', '1', '6', '2', '6', '56', '2', '12', 'น้อย', '2', '60048');
INSERT INTO `qstn_answer` VALUES ('2979', '1', '6', '2', '6', '57', '2', '12', 'น้อย', '2', '60048');
INSERT INTO `qstn_answer` VALUES ('2980', '1', '6', '2', '6', '58', '2', '13', 'ปานกลาง', '3', '60048');
INSERT INTO `qstn_answer` VALUES ('2981', '1', '6', '2', '6', '59', '2', '13', 'ปานกลาง', '3', '60048');
INSERT INTO `qstn_answer` VALUES ('2982', '1', '6', '2', '6', '60', '2', '13', 'ปานกลาง', '3', '60048');
INSERT INTO `qstn_answer` VALUES ('2983', '1', '6', '2', '7', '61', '2', '14', 'มาก', '4', '60048');
INSERT INTO `qstn_answer` VALUES ('2984', '1', '6', '2', '7', '62', '2', '13', 'ปานกลาง', '3', '60048');
INSERT INTO `qstn_answer` VALUES ('2985', '1', '6', '2', '7', '63', '2', '14', 'มาก', '4', '60048');
INSERT INTO `qstn_answer` VALUES ('2986', '1', '6', '2', '7', '64', '2', '13', 'ปานกลาง', '3', '60048');
INSERT INTO `qstn_answer` VALUES ('2987', '1', '6', '2', '7', '65', '2', '12', 'น้อย', '2', '60048');
INSERT INTO `qstn_answer` VALUES ('2988', '1', '6', '2', '7', '66', '2', '13', 'ปานกลาง', '3', '60048');
INSERT INTO `qstn_answer` VALUES ('2989', '1', '6', '2', '7', '67', '2', '12', 'น้อย', '2', '60048');
INSERT INTO `qstn_answer` VALUES ('2990', '1', '6', '2', '8', '68', '2', '13', 'ปานกลาง', '3', '60048');
INSERT INTO `qstn_answer` VALUES ('2991', '1', '6', '2', '8', '69', '2', '13', 'ปานกลาง', '3', '60048');
INSERT INTO `qstn_answer` VALUES ('2992', '1', '6', '2', '8', '70', '2', '13', 'ปานกลาง', '3', '60048');
INSERT INTO `qstn_answer` VALUES ('2993', '1', '6', '2', '8', '71', '2', '13', 'ปานกลาง', '3', '60048');
INSERT INTO `qstn_answer` VALUES ('2994', '1', '6', '2', '8', '72', '2', '13', 'ปานกลาง', '3', '60048');
INSERT INTO `qstn_answer` VALUES ('2995', '1', '6', '2', '4', '39', '2', '14', 'มาก', '4', '58015');
INSERT INTO `qstn_answer` VALUES ('2996', '1', '6', '2', '4', '40', '2', '14', 'มาก', '4', '58015');
INSERT INTO `qstn_answer` VALUES ('2997', '1', '6', '2', '4', '41', '2', '14', 'มาก', '4', '58015');
INSERT INTO `qstn_answer` VALUES ('2998', '1', '6', '2', '4', '42', '2', '14', 'มาก', '4', '58015');
INSERT INTO `qstn_answer` VALUES ('2999', '1', '6', '2', '4', '43', '2', '14', 'มาก', '4', '58015');
INSERT INTO `qstn_answer` VALUES ('3000', '1', '6', '2', '4', '44', '2', '14', 'มาก', '4', '58015');
INSERT INTO `qstn_answer` VALUES ('3001', '1', '6', '2', '4', '45', '2', '14', 'มาก', '4', '58015');
INSERT INTO `qstn_answer` VALUES ('3002', '1', '6', '2', '4', '46', '2', '14', 'มาก', '4', '58015');
INSERT INTO `qstn_answer` VALUES ('3003', '1', '6', '2', '4', '47', '2', '14', 'มาก', '4', '58015');
INSERT INTO `qstn_answer` VALUES ('3004', '1', '6', '2', '5', '48', '2', '14', 'มาก', '4', '58015');
INSERT INTO `qstn_answer` VALUES ('3005', '1', '6', '2', '5', '49', '2', '14', 'มาก', '4', '58015');
INSERT INTO `qstn_answer` VALUES ('3006', '1', '6', '2', '5', '50', '2', '14', 'มาก', '4', '58015');
INSERT INTO `qstn_answer` VALUES ('3007', '1', '6', '2', '5', '51', '2', '14', 'มาก', '4', '58015');
INSERT INTO `qstn_answer` VALUES ('3008', '1', '6', '2', '5', '52', '2', '14', 'มาก', '4', '58015');
INSERT INTO `qstn_answer` VALUES ('3009', '1', '6', '2', '5', '53', '2', '14', 'มาก', '4', '58015');
INSERT INTO `qstn_answer` VALUES ('3010', '1', '6', '2', '6', '54', '2', '14', 'มาก', '4', '58015');
INSERT INTO `qstn_answer` VALUES ('3011', '1', '6', '2', '6', '55', '2', '14', 'มาก', '4', '58015');
INSERT INTO `qstn_answer` VALUES ('3012', '1', '6', '2', '6', '56', '2', '14', 'มาก', '4', '58015');
INSERT INTO `qstn_answer` VALUES ('3013', '1', '6', '2', '6', '57', '2', '14', 'มาก', '4', '58015');
INSERT INTO `qstn_answer` VALUES ('3014', '1', '6', '2', '6', '58', '2', '14', 'มาก', '4', '58015');
INSERT INTO `qstn_answer` VALUES ('3015', '1', '6', '2', '6', '59', '2', '14', 'มาก', '4', '58015');
INSERT INTO `qstn_answer` VALUES ('3016', '1', '6', '2', '6', '60', '2', '14', 'มาก', '4', '58015');
INSERT INTO `qstn_answer` VALUES ('3017', '1', '6', '2', '7', '61', '2', '14', 'มาก', '4', '58015');
INSERT INTO `qstn_answer` VALUES ('3018', '1', '6', '2', '7', '62', '2', '14', 'มาก', '4', '58015');
INSERT INTO `qstn_answer` VALUES ('3019', '1', '6', '2', '7', '63', '2', '14', 'มาก', '4', '58015');
INSERT INTO `qstn_answer` VALUES ('3020', '1', '6', '2', '7', '64', '2', '14', 'มาก', '4', '58015');
INSERT INTO `qstn_answer` VALUES ('3021', '1', '6', '2', '7', '65', '2', '14', 'มาก', '4', '58015');
INSERT INTO `qstn_answer` VALUES ('3022', '1', '6', '2', '7', '66', '2', '14', 'มาก', '4', '58015');
INSERT INTO `qstn_answer` VALUES ('3023', '1', '6', '2', '7', '67', '2', '14', 'มาก', '4', '58015');
INSERT INTO `qstn_answer` VALUES ('3024', '1', '6', '2', '8', '68', '2', '14', 'มาก', '4', '58015');
INSERT INTO `qstn_answer` VALUES ('3025', '1', '6', '2', '8', '69', '2', '14', 'มาก', '4', '58015');
INSERT INTO `qstn_answer` VALUES ('3026', '1', '6', '2', '8', '70', '2', '14', 'มาก', '4', '58015');
INSERT INTO `qstn_answer` VALUES ('3027', '1', '6', '2', '8', '71', '2', '14', 'มาก', '4', '58015');
INSERT INTO `qstn_answer` VALUES ('3028', '1', '6', '2', '8', '72', '2', '15', 'มากที่สุด', '5', '58015');
INSERT INTO `qstn_answer` VALUES ('3029', '1', '6', '2', '4', '39', '2', '13', 'ปานกลาง', '3', '62014');
INSERT INTO `qstn_answer` VALUES ('3030', '1', '6', '2', '4', '40', '2', '12', 'น้อย', '2', '62014');
INSERT INTO `qstn_answer` VALUES ('3031', '1', '6', '2', '4', '41', '2', '13', 'ปานกลาง', '3', '62014');
INSERT INTO `qstn_answer` VALUES ('3032', '1', '6', '2', '4', '42', '2', '12', 'น้อย', '2', '62014');
INSERT INTO `qstn_answer` VALUES ('3033', '1', '6', '2', '4', '43', '2', '12', 'น้อย', '2', '62014');
INSERT INTO `qstn_answer` VALUES ('3034', '1', '6', '2', '4', '44', '2', '13', 'ปานกลาง', '3', '62014');
INSERT INTO `qstn_answer` VALUES ('3035', '1', '6', '2', '4', '45', '2', '13', 'ปานกลาง', '3', '62014');
INSERT INTO `qstn_answer` VALUES ('3036', '1', '6', '2', '4', '46', '2', '12', 'น้อย', '2', '62014');
INSERT INTO `qstn_answer` VALUES ('3037', '1', '6', '2', '4', '47', '2', '12', 'น้อย', '2', '62014');
INSERT INTO `qstn_answer` VALUES ('3038', '1', '6', '2', '5', '48', '2', '13', 'ปานกลาง', '3', '62014');
INSERT INTO `qstn_answer` VALUES ('3039', '1', '6', '2', '5', '49', '2', '12', 'น้อย', '2', '62014');
INSERT INTO `qstn_answer` VALUES ('3040', '1', '6', '2', '5', '50', '2', '12', 'น้อย', '2', '62014');
INSERT INTO `qstn_answer` VALUES ('3041', '1', '6', '2', '5', '51', '2', '12', 'น้อย', '2', '62014');
INSERT INTO `qstn_answer` VALUES ('3042', '1', '6', '2', '5', '52', '2', '12', 'น้อย', '2', '62014');
INSERT INTO `qstn_answer` VALUES ('3043', '1', '6', '2', '5', '53', '2', '12', 'น้อย', '2', '62014');
INSERT INTO `qstn_answer` VALUES ('3044', '1', '6', '2', '6', '54', '2', '13', 'ปานกลาง', '3', '62014');
INSERT INTO `qstn_answer` VALUES ('3045', '1', '6', '2', '6', '55', '2', '13', 'ปานกลาง', '3', '62014');
INSERT INTO `qstn_answer` VALUES ('3046', '1', '6', '2', '6', '56', '2', '12', 'น้อย', '2', '62014');
INSERT INTO `qstn_answer` VALUES ('3047', '1', '6', '2', '6', '57', '2', '12', 'น้อย', '2', '62014');
INSERT INTO `qstn_answer` VALUES ('3048', '1', '6', '2', '6', '58', '2', '12', 'น้อย', '2', '62014');
INSERT INTO `qstn_answer` VALUES ('3049', '1', '6', '2', '6', '59', '2', '12', 'น้อย', '2', '62014');
INSERT INTO `qstn_answer` VALUES ('3050', '1', '6', '2', '6', '60', '2', '12', 'น้อย', '2', '62014');
INSERT INTO `qstn_answer` VALUES ('3051', '1', '6', '2', '7', '61', '2', '12', 'น้อย', '2', '62014');
INSERT INTO `qstn_answer` VALUES ('3052', '1', '6', '2', '7', '62', '2', '12', 'น้อย', '2', '62014');
INSERT INTO `qstn_answer` VALUES ('3053', '1', '6', '2', '7', '63', '2', '12', 'น้อย', '2', '62014');
INSERT INTO `qstn_answer` VALUES ('3054', '1', '6', '2', '7', '64', '2', '13', 'ปานกลาง', '3', '62014');
INSERT INTO `qstn_answer` VALUES ('3055', '1', '6', '2', '7', '65', '2', '12', 'น้อย', '2', '62014');
INSERT INTO `qstn_answer` VALUES ('3056', '1', '6', '2', '7', '66', '2', '13', 'ปานกลาง', '3', '62014');
INSERT INTO `qstn_answer` VALUES ('3057', '1', '6', '2', '7', '67', '2', '12', 'น้อย', '2', '62014');
INSERT INTO `qstn_answer` VALUES ('3058', '1', '6', '2', '8', '68', '2', '13', 'ปานกลาง', '3', '62014');
INSERT INTO `qstn_answer` VALUES ('3059', '1', '6', '2', '8', '69', '2', '13', 'ปานกลาง', '3', '62014');
INSERT INTO `qstn_answer` VALUES ('3060', '1', '6', '2', '8', '70', '2', '13', 'ปานกลาง', '3', '62014');
INSERT INTO `qstn_answer` VALUES ('3061', '1', '6', '2', '8', '71', '2', '13', 'ปานกลาง', '3', '62014');
INSERT INTO `qstn_answer` VALUES ('3062', '1', '6', '2', '8', '72', '2', '13', 'ปานกลาง', '3', '62014');
INSERT INTO `qstn_answer` VALUES ('3063', '1', '6', '2', '4', '39', '2', '14', 'มาก', '4', '20017');
INSERT INTO `qstn_answer` VALUES ('3064', '1', '6', '2', '4', '40', '2', '14', 'มาก', '4', '20017');
INSERT INTO `qstn_answer` VALUES ('3065', '1', '6', '2', '4', '41', '2', '14', 'มาก', '4', '20017');
INSERT INTO `qstn_answer` VALUES ('3066', '1', '6', '2', '4', '42', '2', '14', 'มาก', '4', '20017');
INSERT INTO `qstn_answer` VALUES ('3067', '1', '6', '2', '4', '43', '2', '14', 'มาก', '4', '20017');
INSERT INTO `qstn_answer` VALUES ('3068', '1', '6', '2', '4', '44', '2', '14', 'มาก', '4', '20017');
INSERT INTO `qstn_answer` VALUES ('3069', '1', '6', '2', '4', '45', '2', '14', 'มาก', '4', '20017');
INSERT INTO `qstn_answer` VALUES ('3070', '1', '6', '2', '4', '46', '2', '14', 'มาก', '4', '20017');
INSERT INTO `qstn_answer` VALUES ('3071', '1', '6', '2', '4', '47', '2', '14', 'มาก', '4', '20017');
INSERT INTO `qstn_answer` VALUES ('3072', '1', '6', '2', '5', '48', '2', '14', 'มาก', '4', '20017');
INSERT INTO `qstn_answer` VALUES ('3073', '1', '6', '2', '5', '49', '2', '14', 'มาก', '4', '20017');
INSERT INTO `qstn_answer` VALUES ('3074', '1', '6', '2', '5', '50', '2', '13', 'ปานกลาง', '3', '20017');
INSERT INTO `qstn_answer` VALUES ('3075', '1', '6', '2', '5', '51', '2', '14', 'มาก', '4', '20017');
INSERT INTO `qstn_answer` VALUES ('3076', '1', '6', '2', '5', '52', '2', '13', 'ปานกลาง', '3', '20017');
INSERT INTO `qstn_answer` VALUES ('3077', '1', '6', '2', '5', '53', '2', '14', 'มาก', '4', '20017');
INSERT INTO `qstn_answer` VALUES ('3078', '1', '6', '2', '6', '54', '2', '14', 'มาก', '4', '20017');
INSERT INTO `qstn_answer` VALUES ('3079', '1', '6', '2', '6', '55', '2', '13', 'ปานกลาง', '3', '20017');
INSERT INTO `qstn_answer` VALUES ('3080', '1', '6', '2', '6', '56', '2', '14', 'มาก', '4', '20017');
INSERT INTO `qstn_answer` VALUES ('3081', '1', '6', '2', '6', '57', '2', '14', 'มาก', '4', '20017');
INSERT INTO `qstn_answer` VALUES ('3082', '1', '6', '2', '6', '58', '2', '14', 'มาก', '4', '20017');
INSERT INTO `qstn_answer` VALUES ('3083', '1', '6', '2', '6', '59', '2', '14', 'มาก', '4', '20017');
INSERT INTO `qstn_answer` VALUES ('3084', '1', '6', '2', '6', '60', '2', '14', 'มาก', '4', '20017');
INSERT INTO `qstn_answer` VALUES ('3085', '1', '6', '2', '7', '61', '2', '14', 'มาก', '4', '20017');
INSERT INTO `qstn_answer` VALUES ('3086', '1', '6', '2', '7', '62', '2', '14', 'มาก', '4', '20017');
INSERT INTO `qstn_answer` VALUES ('3087', '1', '6', '2', '7', '63', '2', '14', 'มาก', '4', '20017');
INSERT INTO `qstn_answer` VALUES ('3088', '1', '6', '2', '7', '64', '2', '14', 'มาก', '4', '20017');
INSERT INTO `qstn_answer` VALUES ('3089', '1', '6', '2', '7', '65', '2', '13', 'ปานกลาง', '3', '20017');
INSERT INTO `qstn_answer` VALUES ('3090', '1', '6', '2', '7', '66', '2', '14', 'มาก', '4', '20017');
INSERT INTO `qstn_answer` VALUES ('3091', '1', '6', '2', '7', '67', '2', '13', 'ปานกลาง', '3', '20017');
INSERT INTO `qstn_answer` VALUES ('3092', '1', '6', '2', '8', '68', '2', '13', 'ปานกลาง', '3', '20017');
INSERT INTO `qstn_answer` VALUES ('3093', '1', '6', '2', '8', '69', '2', '14', 'มาก', '4', '20017');
INSERT INTO `qstn_answer` VALUES ('3094', '1', '6', '2', '8', '70', '2', '14', 'มาก', '4', '20017');
INSERT INTO `qstn_answer` VALUES ('3095', '1', '6', '2', '8', '71', '2', '14', 'มาก', '4', '20017');
INSERT INTO `qstn_answer` VALUES ('3096', '1', '6', '2', '8', '72', '2', '14', 'มาก', '4', '20017');
INSERT INTO `qstn_answer` VALUES ('3097', '1', '6', '2', '4', '39', '2', '14', 'มาก', '4', '59054');
INSERT INTO `qstn_answer` VALUES ('3098', '1', '6', '2', '4', '40', '2', '14', 'มาก', '4', '59054');
INSERT INTO `qstn_answer` VALUES ('3099', '1', '6', '2', '4', '41', '2', '14', 'มาก', '4', '59054');
INSERT INTO `qstn_answer` VALUES ('3100', '1', '6', '2', '4', '42', '2', '14', 'มาก', '4', '59054');
INSERT INTO `qstn_answer` VALUES ('3101', '1', '6', '2', '4', '43', '2', '14', 'มาก', '4', '59054');
INSERT INTO `qstn_answer` VALUES ('3102', '1', '6', '2', '4', '44', '2', '14', 'มาก', '4', '59054');
INSERT INTO `qstn_answer` VALUES ('3103', '1', '6', '2', '4', '45', '2', '14', 'มาก', '4', '59054');
INSERT INTO `qstn_answer` VALUES ('3104', '1', '6', '2', '4', '46', '2', '14', 'มาก', '4', '59054');
INSERT INTO `qstn_answer` VALUES ('3105', '1', '6', '2', '4', '47', '2', '14', 'มาก', '4', '59054');
INSERT INTO `qstn_answer` VALUES ('3106', '1', '6', '2', '5', '48', '2', '14', 'มาก', '4', '59054');
INSERT INTO `qstn_answer` VALUES ('3107', '1', '6', '2', '5', '49', '2', '13', 'ปานกลาง', '3', '59054');
INSERT INTO `qstn_answer` VALUES ('3108', '1', '6', '2', '5', '50', '2', '13', 'ปานกลาง', '3', '59054');
INSERT INTO `qstn_answer` VALUES ('3109', '1', '6', '2', '5', '51', '2', '13', 'ปานกลาง', '3', '59054');
INSERT INTO `qstn_answer` VALUES ('3110', '1', '6', '2', '5', '52', '2', '13', 'ปานกลาง', '3', '59054');
INSERT INTO `qstn_answer` VALUES ('3111', '1', '6', '2', '5', '53', '2', '13', 'ปานกลาง', '3', '59054');
INSERT INTO `qstn_answer` VALUES ('3112', '1', '6', '2', '6', '54', '2', '13', 'ปานกลาง', '3', '59054');
INSERT INTO `qstn_answer` VALUES ('3113', '1', '6', '2', '6', '55', '2', '13', 'ปานกลาง', '3', '59054');
INSERT INTO `qstn_answer` VALUES ('3114', '1', '6', '2', '6', '56', '2', '13', 'ปานกลาง', '3', '59054');
INSERT INTO `qstn_answer` VALUES ('3115', '1', '6', '2', '6', '57', '2', '13', 'ปานกลาง', '3', '59054');
INSERT INTO `qstn_answer` VALUES ('3116', '1', '6', '2', '6', '58', '2', '13', 'ปานกลาง', '3', '59054');
INSERT INTO `qstn_answer` VALUES ('3117', '1', '6', '2', '6', '59', '2', '13', 'ปานกลาง', '3', '59054');
INSERT INTO `qstn_answer` VALUES ('3118', '1', '6', '2', '6', '60', '2', '13', 'ปานกลาง', '3', '59054');
INSERT INTO `qstn_answer` VALUES ('3119', '1', '6', '2', '7', '61', '2', '13', 'ปานกลาง', '3', '59054');
INSERT INTO `qstn_answer` VALUES ('3120', '1', '6', '2', '7', '62', '2', '13', 'ปานกลาง', '3', '59054');
INSERT INTO `qstn_answer` VALUES ('3121', '1', '6', '2', '7', '63', '2', '13', 'ปานกลาง', '3', '59054');
INSERT INTO `qstn_answer` VALUES ('3122', '1', '6', '2', '7', '64', '2', '13', 'ปานกลาง', '3', '59054');
INSERT INTO `qstn_answer` VALUES ('3123', '1', '6', '2', '7', '65', '2', '13', 'ปานกลาง', '3', '59054');
INSERT INTO `qstn_answer` VALUES ('3124', '1', '6', '2', '7', '66', '2', '13', 'ปานกลาง', '3', '59054');
INSERT INTO `qstn_answer` VALUES ('3125', '1', '6', '2', '7', '67', '2', '13', 'ปานกลาง', '3', '59054');
INSERT INTO `qstn_answer` VALUES ('3126', '1', '6', '2', '8', '68', '2', '12', 'น้อย', '2', '59054');
INSERT INTO `qstn_answer` VALUES ('3127', '1', '6', '2', '8', '69', '2', '13', 'ปานกลาง', '3', '59054');
INSERT INTO `qstn_answer` VALUES ('3128', '1', '6', '2', '8', '70', '2', '13', 'ปานกลาง', '3', '59054');
INSERT INTO `qstn_answer` VALUES ('3129', '1', '6', '2', '8', '71', '2', '13', 'ปานกลาง', '3', '59054');
INSERT INTO `qstn_answer` VALUES ('3130', '1', '6', '2', '8', '72', '2', '13', 'ปานกลาง', '3', '59054');
INSERT INTO `qstn_answer` VALUES ('3131', '1', '6', '2', '4', '39', '2', '15', 'มากที่สุด', '5', '20041');
INSERT INTO `qstn_answer` VALUES ('3132', '1', '6', '2', '4', '40', '2', '15', 'มากที่สุด', '5', '20041');
INSERT INTO `qstn_answer` VALUES ('3133', '1', '6', '2', '4', '41', '2', '15', 'มากที่สุด', '5', '20041');
INSERT INTO `qstn_answer` VALUES ('3134', '1', '6', '2', '4', '42', '2', '14', 'มาก', '4', '20041');
INSERT INTO `qstn_answer` VALUES ('3135', '1', '6', '2', '4', '43', '2', '14', 'มาก', '4', '20041');
INSERT INTO `qstn_answer` VALUES ('3136', '1', '6', '2', '4', '44', '2', '14', 'มาก', '4', '20041');
INSERT INTO `qstn_answer` VALUES ('3137', '1', '6', '2', '4', '45', '2', '14', 'มาก', '4', '20041');
INSERT INTO `qstn_answer` VALUES ('3138', '1', '6', '2', '4', '46', '2', '14', 'มาก', '4', '20041');
INSERT INTO `qstn_answer` VALUES ('3139', '1', '6', '2', '4', '47', '2', '14', 'มาก', '4', '20041');
INSERT INTO `qstn_answer` VALUES ('3140', '1', '6', '2', '5', '48', '2', '14', 'มาก', '4', '20041');
INSERT INTO `qstn_answer` VALUES ('3141', '1', '6', '2', '5', '49', '2', '14', 'มาก', '4', '20041');
INSERT INTO `qstn_answer` VALUES ('3142', '1', '6', '2', '5', '50', '2', '13', 'ปานกลาง', '3', '20041');
INSERT INTO `qstn_answer` VALUES ('3143', '1', '6', '2', '5', '51', '2', '13', 'ปานกลาง', '3', '20041');
INSERT INTO `qstn_answer` VALUES ('3144', '1', '6', '2', '5', '52', '2', '14', 'มาก', '4', '20041');
INSERT INTO `qstn_answer` VALUES ('3145', '1', '6', '2', '5', '53', '2', '14', 'มาก', '4', '20041');
INSERT INTO `qstn_answer` VALUES ('3146', '1', '6', '2', '6', '54', '2', '14', 'มาก', '4', '20041');
INSERT INTO `qstn_answer` VALUES ('3147', '1', '6', '2', '6', '55', '2', '14', 'มาก', '4', '20041');
INSERT INTO `qstn_answer` VALUES ('3148', '1', '6', '2', '6', '56', '2', '14', 'มาก', '4', '20041');
INSERT INTO `qstn_answer` VALUES ('3149', '1', '6', '2', '6', '57', '2', '13', 'ปานกลาง', '3', '20041');
INSERT INTO `qstn_answer` VALUES ('3150', '1', '6', '2', '6', '58', '2', '13', 'ปานกลาง', '3', '20041');
INSERT INTO `qstn_answer` VALUES ('3151', '1', '6', '2', '6', '59', '2', '13', 'ปานกลาง', '3', '20041');
INSERT INTO `qstn_answer` VALUES ('3152', '1', '6', '2', '6', '60', '2', '14', 'มาก', '4', '20041');
INSERT INTO `qstn_answer` VALUES ('3153', '1', '6', '2', '7', '61', '2', '14', 'มาก', '4', '20041');
INSERT INTO `qstn_answer` VALUES ('3154', '1', '6', '2', '7', '62', '2', '14', 'มาก', '4', '20041');
INSERT INTO `qstn_answer` VALUES ('3155', '1', '6', '2', '7', '63', '2', '14', 'มาก', '4', '20041');
INSERT INTO `qstn_answer` VALUES ('3156', '1', '6', '2', '7', '64', '2', '14', 'มาก', '4', '20041');
INSERT INTO `qstn_answer` VALUES ('3157', '1', '6', '2', '7', '65', '2', '14', 'มาก', '4', '20041');
INSERT INTO `qstn_answer` VALUES ('3158', '1', '6', '2', '7', '66', '2', '14', 'มาก', '4', '20041');
INSERT INTO `qstn_answer` VALUES ('3159', '1', '6', '2', '7', '67', '2', '13', 'ปานกลาง', '3', '20041');
INSERT INTO `qstn_answer` VALUES ('3160', '1', '6', '2', '8', '68', '2', '14', 'มาก', '4', '20041');
INSERT INTO `qstn_answer` VALUES ('3161', '1', '6', '2', '8', '69', '2', '14', 'มาก', '4', '20041');
INSERT INTO `qstn_answer` VALUES ('3162', '1', '6', '2', '8', '70', '2', '13', 'ปานกลาง', '3', '20041');
INSERT INTO `qstn_answer` VALUES ('3163', '1', '6', '2', '8', '71', '2', '14', 'มาก', '4', '20041');
INSERT INTO `qstn_answer` VALUES ('3164', '1', '6', '2', '8', '72', '2', '14', 'มาก', '4', '20041');
INSERT INTO `qstn_answer` VALUES ('3165', '1', '6', '2', '4', '39', '2', '14', 'มาก', '4', '61015');
INSERT INTO `qstn_answer` VALUES ('3166', '1', '6', '2', '4', '40', '2', '14', 'มาก', '4', '61015');
INSERT INTO `qstn_answer` VALUES ('3167', '1', '6', '2', '4', '41', '2', '14', 'มาก', '4', '61015');
INSERT INTO `qstn_answer` VALUES ('3168', '1', '6', '2', '4', '42', '2', '14', 'มาก', '4', '61015');
INSERT INTO `qstn_answer` VALUES ('3169', '1', '6', '2', '4', '43', '2', '14', 'มาก', '4', '61015');
INSERT INTO `qstn_answer` VALUES ('3170', '1', '6', '2', '4', '44', '2', '14', 'มาก', '4', '61015');
INSERT INTO `qstn_answer` VALUES ('3171', '1', '6', '2', '4', '45', '2', '14', 'มาก', '4', '61015');
INSERT INTO `qstn_answer` VALUES ('3172', '1', '6', '2', '4', '46', '2', '14', 'มาก', '4', '61015');
INSERT INTO `qstn_answer` VALUES ('3173', '1', '6', '2', '4', '47', '2', '14', 'มาก', '4', '61015');
INSERT INTO `qstn_answer` VALUES ('3174', '1', '6', '2', '5', '48', '2', '14', 'มาก', '4', '61015');
INSERT INTO `qstn_answer` VALUES ('3175', '1', '6', '2', '5', '49', '2', '14', 'มาก', '4', '61015');
INSERT INTO `qstn_answer` VALUES ('3176', '1', '6', '2', '5', '50', '2', '14', 'มาก', '4', '61015');
INSERT INTO `qstn_answer` VALUES ('3177', '1', '6', '2', '5', '51', '2', '14', 'มาก', '4', '61015');
INSERT INTO `qstn_answer` VALUES ('3178', '1', '6', '2', '5', '52', '2', '14', 'มาก', '4', '61015');
INSERT INTO `qstn_answer` VALUES ('3179', '1', '6', '2', '5', '53', '2', '14', 'มาก', '4', '61015');
INSERT INTO `qstn_answer` VALUES ('3180', '1', '6', '2', '6', '54', '2', '14', 'มาก', '4', '61015');
INSERT INTO `qstn_answer` VALUES ('3181', '1', '6', '2', '6', '55', '2', '14', 'มาก', '4', '61015');
INSERT INTO `qstn_answer` VALUES ('3182', '1', '6', '2', '6', '56', '2', '14', 'มาก', '4', '61015');
INSERT INTO `qstn_answer` VALUES ('3183', '1', '6', '2', '6', '57', '2', '14', 'มาก', '4', '61015');
INSERT INTO `qstn_answer` VALUES ('3184', '1', '6', '2', '6', '58', '2', '14', 'มาก', '4', '61015');
INSERT INTO `qstn_answer` VALUES ('3185', '1', '6', '2', '6', '59', '2', '14', 'มาก', '4', '61015');
INSERT INTO `qstn_answer` VALUES ('3186', '1', '6', '2', '6', '60', '2', '14', 'มาก', '4', '61015');
INSERT INTO `qstn_answer` VALUES ('3187', '1', '6', '2', '7', '61', '2', '14', 'มาก', '4', '61015');
INSERT INTO `qstn_answer` VALUES ('3188', '1', '6', '2', '7', '62', '2', '14', 'มาก', '4', '61015');
INSERT INTO `qstn_answer` VALUES ('3189', '1', '6', '2', '7', '63', '2', '14', 'มาก', '4', '61015');
INSERT INTO `qstn_answer` VALUES ('3190', '1', '6', '2', '7', '64', '2', '14', 'มาก', '4', '61015');
INSERT INTO `qstn_answer` VALUES ('3191', '1', '6', '2', '7', '65', '2', '14', 'มาก', '4', '61015');
INSERT INTO `qstn_answer` VALUES ('3192', '1', '6', '2', '7', '66', '2', '14', 'มาก', '4', '61015');
INSERT INTO `qstn_answer` VALUES ('3193', '1', '6', '2', '7', '67', '2', '14', 'มาก', '4', '61015');
INSERT INTO `qstn_answer` VALUES ('3194', '1', '6', '2', '8', '68', '2', '14', 'มาก', '4', '61015');
INSERT INTO `qstn_answer` VALUES ('3195', '1', '6', '2', '8', '69', '2', '14', 'มาก', '4', '61015');
INSERT INTO `qstn_answer` VALUES ('3196', '1', '6', '2', '8', '70', '2', '14', 'มาก', '4', '61015');
INSERT INTO `qstn_answer` VALUES ('3197', '1', '6', '2', '8', '71', '2', '14', 'มาก', '4', '61015');
INSERT INTO `qstn_answer` VALUES ('3198', '1', '6', '2', '8', '72', '2', '14', 'มาก', '4', '61015');
INSERT INTO `qstn_answer` VALUES ('3199', '1', '6', '2', '4', '39', '2', '14', 'มาก', '4', '59007');
INSERT INTO `qstn_answer` VALUES ('3200', '1', '6', '2', '4', '40', '2', '14', 'มาก', '4', '59007');
INSERT INTO `qstn_answer` VALUES ('3201', '1', '6', '2', '4', '41', '2', '14', 'มาก', '4', '59007');
INSERT INTO `qstn_answer` VALUES ('3202', '1', '6', '2', '4', '42', '2', '14', 'มาก', '4', '59007');
INSERT INTO `qstn_answer` VALUES ('3203', '1', '6', '2', '4', '43', '2', '12', 'น้อย', '2', '59007');
INSERT INTO `qstn_answer` VALUES ('3204', '1', '6', '2', '4', '44', '2', '15', 'มากที่สุด', '5', '59007');
INSERT INTO `qstn_answer` VALUES ('3205', '1', '6', '2', '4', '45', '2', '15', 'มากที่สุด', '5', '59007');
INSERT INTO `qstn_answer` VALUES ('3206', '1', '6', '2', '4', '46', '2', '13', 'ปานกลาง', '3', '59007');
INSERT INTO `qstn_answer` VALUES ('3207', '1', '6', '2', '4', '47', '2', '13', 'ปานกลาง', '3', '59007');
INSERT INTO `qstn_answer` VALUES ('3208', '1', '6', '2', '5', '48', '2', '13', 'ปานกลาง', '3', '59007');
INSERT INTO `qstn_answer` VALUES ('3209', '1', '6', '2', '5', '49', '2', '12', 'น้อย', '2', '59007');
INSERT INTO `qstn_answer` VALUES ('3210', '1', '6', '2', '5', '50', '2', '13', 'ปานกลาง', '3', '59007');
INSERT INTO `qstn_answer` VALUES ('3211', '1', '6', '2', '5', '51', '2', '13', 'ปานกลาง', '3', '59007');
INSERT INTO `qstn_answer` VALUES ('3212', '1', '6', '2', '5', '52', '2', '13', 'ปานกลาง', '3', '59007');
INSERT INTO `qstn_answer` VALUES ('3213', '1', '6', '2', '5', '53', '2', '15', 'มากที่สุด', '5', '59007');
INSERT INTO `qstn_answer` VALUES ('3214', '1', '6', '2', '6', '54', '2', '13', 'ปานกลาง', '3', '59007');
INSERT INTO `qstn_answer` VALUES ('3215', '1', '6', '2', '6', '55', '2', '12', 'น้อย', '2', '59007');
INSERT INTO `qstn_answer` VALUES ('3216', '1', '6', '2', '6', '56', '2', '15', 'มากที่สุด', '5', '59007');
INSERT INTO `qstn_answer` VALUES ('3217', '1', '6', '2', '6', '57', '2', '14', 'มาก', '4', '59007');
INSERT INTO `qstn_answer` VALUES ('3218', '1', '6', '2', '6', '58', '2', '14', 'มาก', '4', '59007');
INSERT INTO `qstn_answer` VALUES ('3219', '1', '6', '2', '6', '59', '2', '12', 'น้อย', '2', '59007');
INSERT INTO `qstn_answer` VALUES ('3220', '1', '6', '2', '6', '60', '2', '14', 'มาก', '4', '59007');
INSERT INTO `qstn_answer` VALUES ('3221', '1', '6', '2', '7', '61', '2', '12', 'น้อย', '2', '59007');
INSERT INTO `qstn_answer` VALUES ('3222', '1', '6', '2', '7', '62', '2', '13', 'ปานกลาง', '3', '59007');
INSERT INTO `qstn_answer` VALUES ('3223', '1', '6', '2', '7', '63', '2', '13', 'ปานกลาง', '3', '59007');
INSERT INTO `qstn_answer` VALUES ('3224', '1', '6', '2', '7', '64', '2', '14', 'มาก', '4', '59007');
INSERT INTO `qstn_answer` VALUES ('3225', '1', '6', '2', '7', '65', '2', '14', 'มาก', '4', '59007');
INSERT INTO `qstn_answer` VALUES ('3226', '1', '6', '2', '7', '66', '2', '13', 'ปานกลาง', '3', '59007');
INSERT INTO `qstn_answer` VALUES ('3227', '1', '6', '2', '7', '67', '2', '11', 'น้อยที่สุด', '1', '59007');
INSERT INTO `qstn_answer` VALUES ('3228', '1', '6', '2', '8', '68', '2', '14', 'มาก', '4', '59007');
INSERT INTO `qstn_answer` VALUES ('3229', '1', '6', '2', '8', '69', '2', '15', 'มากที่สุด', '5', '59007');
INSERT INTO `qstn_answer` VALUES ('3230', '1', '6', '2', '8', '70', '2', '13', 'ปานกลาง', '3', '59007');
INSERT INTO `qstn_answer` VALUES ('3231', '1', '6', '2', '8', '71', '2', '14', 'มาก', '4', '59007');
INSERT INTO `qstn_answer` VALUES ('3232', '1', '6', '2', '8', '72', '2', '15', 'มากที่สุด', '5', '59007');
INSERT INTO `qstn_answer` VALUES ('3233', '1', '6', '2', '4', '39', '2', '15', 'มากที่สุด', '5', '56017');
INSERT INTO `qstn_answer` VALUES ('3234', '1', '6', '2', '4', '40', '2', '15', 'มากที่สุด', '5', '56017');
INSERT INTO `qstn_answer` VALUES ('3235', '1', '6', '2', '4', '41', '2', '15', 'มากที่สุด', '5', '56017');
INSERT INTO `qstn_answer` VALUES ('3236', '1', '6', '2', '4', '42', '2', '15', 'มากที่สุด', '5', '56017');
INSERT INTO `qstn_answer` VALUES ('3237', '1', '6', '2', '4', '43', '2', '15', 'มากที่สุด', '5', '56017');
INSERT INTO `qstn_answer` VALUES ('3238', '1', '6', '2', '4', '44', '2', '15', 'มากที่สุด', '5', '56017');
INSERT INTO `qstn_answer` VALUES ('3239', '1', '6', '2', '4', '45', '2', '13', 'ปานกลาง', '3', '56017');
INSERT INTO `qstn_answer` VALUES ('3240', '1', '6', '2', '4', '46', '2', '14', 'มาก', '4', '56017');
INSERT INTO `qstn_answer` VALUES ('3241', '1', '6', '2', '4', '47', '2', '14', 'มาก', '4', '56017');
INSERT INTO `qstn_answer` VALUES ('3242', '1', '6', '2', '5', '48', '2', '15', 'มากที่สุด', '5', '56017');
INSERT INTO `qstn_answer` VALUES ('3243', '1', '6', '2', '5', '49', '2', '14', 'มาก', '4', '56017');
INSERT INTO `qstn_answer` VALUES ('3244', '1', '6', '2', '5', '50', '2', '13', 'ปานกลาง', '3', '56017');
INSERT INTO `qstn_answer` VALUES ('3245', '1', '6', '2', '5', '51', '2', '12', 'น้อย', '2', '56017');
INSERT INTO `qstn_answer` VALUES ('3246', '1', '6', '2', '5', '52', '2', '12', 'น้อย', '2', '56017');
INSERT INTO `qstn_answer` VALUES ('3247', '1', '6', '2', '5', '53', '2', '13', 'ปานกลาง', '3', '56017');
INSERT INTO `qstn_answer` VALUES ('3248', '1', '6', '2', '6', '54', '2', '12', 'น้อย', '2', '56017');
INSERT INTO `qstn_answer` VALUES ('3249', '1', '6', '2', '6', '55', '2', '12', 'น้อย', '2', '56017');
INSERT INTO `qstn_answer` VALUES ('3250', '1', '6', '2', '6', '56', '2', '12', 'น้อย', '2', '56017');
INSERT INTO `qstn_answer` VALUES ('3251', '1', '6', '2', '6', '57', '2', '13', 'ปานกลาง', '3', '56017');
INSERT INTO `qstn_answer` VALUES ('3252', '1', '6', '2', '6', '58', '2', '13', 'ปานกลาง', '3', '56017');
INSERT INTO `qstn_answer` VALUES ('3253', '1', '6', '2', '6', '59', '2', '13', 'ปานกลาง', '3', '56017');
INSERT INTO `qstn_answer` VALUES ('3254', '1', '6', '2', '6', '60', '2', '13', 'ปานกลาง', '3', '56017');
INSERT INTO `qstn_answer` VALUES ('3255', '1', '6', '2', '7', '61', '2', '15', 'มากที่สุด', '5', '56017');
INSERT INTO `qstn_answer` VALUES ('3256', '1', '6', '2', '7', '62', '2', '15', 'มากที่สุด', '5', '56017');
INSERT INTO `qstn_answer` VALUES ('3257', '1', '6', '2', '7', '63', '2', '15', 'มากที่สุด', '5', '56017');
INSERT INTO `qstn_answer` VALUES ('3258', '1', '6', '2', '7', '64', '2', '15', 'มากที่สุด', '5', '56017');
INSERT INTO `qstn_answer` VALUES ('3259', '1', '6', '2', '7', '65', '2', '15', 'มากที่สุด', '5', '56017');
INSERT INTO `qstn_answer` VALUES ('3260', '1', '6', '2', '7', '66', '2', '14', 'มาก', '4', '56017');
INSERT INTO `qstn_answer` VALUES ('3261', '1', '6', '2', '7', '67', '2', '13', 'ปานกลาง', '3', '56017');
INSERT INTO `qstn_answer` VALUES ('3262', '1', '6', '2', '8', '68', '2', '14', 'มาก', '4', '56017');
INSERT INTO `qstn_answer` VALUES ('3263', '1', '6', '2', '8', '69', '2', '14', 'มาก', '4', '56017');
INSERT INTO `qstn_answer` VALUES ('3264', '1', '6', '2', '8', '70', '2', '14', 'มาก', '4', '56017');
INSERT INTO `qstn_answer` VALUES ('3265', '1', '6', '2', '8', '71', '2', '15', 'มากที่สุด', '5', '56017');
INSERT INTO `qstn_answer` VALUES ('3266', '1', '6', '2', '8', '72', '2', '13', 'ปานกลาง', '3', '56017');
INSERT INTO `qstn_answer` VALUES ('3267', '1', '6', '2', '4', '39', '2', '14', 'มาก', '4', '61003');
INSERT INTO `qstn_answer` VALUES ('3268', '1', '6', '2', '4', '40', '2', '14', 'มาก', '4', '61003');
INSERT INTO `qstn_answer` VALUES ('3269', '1', '6', '2', '4', '41', '2', '14', 'มาก', '4', '61003');
INSERT INTO `qstn_answer` VALUES ('3270', '1', '6', '2', '4', '42', '2', '14', 'มาก', '4', '61003');
INSERT INTO `qstn_answer` VALUES ('3271', '1', '6', '2', '4', '43', '2', '14', 'มาก', '4', '61003');
INSERT INTO `qstn_answer` VALUES ('3272', '1', '6', '2', '4', '44', '2', '14', 'มาก', '4', '61003');
INSERT INTO `qstn_answer` VALUES ('3273', '1', '6', '2', '4', '45', '2', '14', 'มาก', '4', '61003');
INSERT INTO `qstn_answer` VALUES ('3274', '1', '6', '2', '4', '46', '2', '14', 'มาก', '4', '61003');
INSERT INTO `qstn_answer` VALUES ('3275', '1', '6', '2', '4', '47', '2', '14', 'มาก', '4', '61003');
INSERT INTO `qstn_answer` VALUES ('3276', '1', '6', '2', '5', '48', '2', '14', 'มาก', '4', '61003');
INSERT INTO `qstn_answer` VALUES ('3277', '1', '6', '2', '5', '49', '2', '14', 'มาก', '4', '61003');
INSERT INTO `qstn_answer` VALUES ('3278', '1', '6', '2', '5', '50', '2', '14', 'มาก', '4', '61003');
INSERT INTO `qstn_answer` VALUES ('3279', '1', '6', '2', '5', '51', '2', '14', 'มาก', '4', '61003');
INSERT INTO `qstn_answer` VALUES ('3280', '1', '6', '2', '5', '52', '2', '14', 'มาก', '4', '61003');
INSERT INTO `qstn_answer` VALUES ('3281', '1', '6', '2', '5', '53', '2', '14', 'มาก', '4', '61003');
INSERT INTO `qstn_answer` VALUES ('3282', '1', '6', '2', '6', '54', '2', '14', 'มาก', '4', '61003');
INSERT INTO `qstn_answer` VALUES ('3283', '1', '6', '2', '6', '55', '2', '14', 'มาก', '4', '61003');
INSERT INTO `qstn_answer` VALUES ('3284', '1', '6', '2', '6', '56', '2', '14', 'มาก', '4', '61003');
INSERT INTO `qstn_answer` VALUES ('3285', '1', '6', '2', '6', '57', '2', '14', 'มาก', '4', '61003');
INSERT INTO `qstn_answer` VALUES ('3286', '1', '6', '2', '6', '58', '2', '14', 'มาก', '4', '61003');
INSERT INTO `qstn_answer` VALUES ('3287', '1', '6', '2', '6', '59', '2', '14', 'มาก', '4', '61003');
INSERT INTO `qstn_answer` VALUES ('3288', '1', '6', '2', '6', '60', '2', '14', 'มาก', '4', '61003');
INSERT INTO `qstn_answer` VALUES ('3289', '1', '6', '2', '7', '61', '2', '14', 'มาก', '4', '61003');
INSERT INTO `qstn_answer` VALUES ('3290', '1', '6', '2', '7', '62', '2', '14', 'มาก', '4', '61003');
INSERT INTO `qstn_answer` VALUES ('3291', '1', '6', '2', '7', '63', '2', '14', 'มาก', '4', '61003');
INSERT INTO `qstn_answer` VALUES ('3292', '1', '6', '2', '7', '64', '2', '14', 'มาก', '4', '61003');
INSERT INTO `qstn_answer` VALUES ('3293', '1', '6', '2', '7', '65', '2', '14', 'มาก', '4', '61003');
INSERT INTO `qstn_answer` VALUES ('3294', '1', '6', '2', '7', '66', '2', '14', 'มาก', '4', '61003');
INSERT INTO `qstn_answer` VALUES ('3295', '1', '6', '2', '7', '67', '2', '14', 'มาก', '4', '61003');
INSERT INTO `qstn_answer` VALUES ('3296', '1', '6', '2', '8', '68', '2', '14', 'มาก', '4', '61003');
INSERT INTO `qstn_answer` VALUES ('3297', '1', '6', '2', '8', '69', '2', '14', 'มาก', '4', '61003');
INSERT INTO `qstn_answer` VALUES ('3298', '1', '6', '2', '8', '70', '2', '14', 'มาก', '4', '61003');
INSERT INTO `qstn_answer` VALUES ('3299', '1', '6', '2', '8', '71', '2', '14', 'มาก', '4', '61003');
INSERT INTO `qstn_answer` VALUES ('3300', '1', '6', '2', '8', '72', '2', '14', 'มาก', '4', '61003');
INSERT INTO `qstn_answer` VALUES ('3301', '1', '6', '2', '4', '39', '2', '14', 'มาก', '4', '58035');
INSERT INTO `qstn_answer` VALUES ('3302', '1', '6', '2', '4', '40', '2', '13', 'ปานกลาง', '3', '58035');
INSERT INTO `qstn_answer` VALUES ('3303', '1', '6', '2', '4', '41', '2', '14', 'มาก', '4', '58035');
INSERT INTO `qstn_answer` VALUES ('3304', '1', '6', '2', '4', '42', '2', '13', 'ปานกลาง', '3', '58035');
INSERT INTO `qstn_answer` VALUES ('3305', '1', '6', '2', '4', '43', '2', '13', 'ปานกลาง', '3', '58035');
INSERT INTO `qstn_answer` VALUES ('3306', '1', '6', '2', '4', '44', '2', '14', 'มาก', '4', '58035');
INSERT INTO `qstn_answer` VALUES ('3307', '1', '6', '2', '4', '45', '2', '14', 'มาก', '4', '58035');
INSERT INTO `qstn_answer` VALUES ('3308', '1', '6', '2', '4', '46', '2', '14', 'มาก', '4', '58035');
INSERT INTO `qstn_answer` VALUES ('3309', '1', '6', '2', '4', '47', '2', '13', 'ปานกลาง', '3', '58035');
INSERT INTO `qstn_answer` VALUES ('3310', '1', '6', '2', '5', '48', '2', '12', 'น้อย', '2', '58035');
INSERT INTO `qstn_answer` VALUES ('3311', '1', '6', '2', '5', '49', '2', '13', 'ปานกลาง', '3', '58035');
INSERT INTO `qstn_answer` VALUES ('3312', '1', '6', '2', '5', '50', '2', '13', 'ปานกลาง', '3', '58035');
INSERT INTO `qstn_answer` VALUES ('3313', '1', '6', '2', '5', '51', '2', '13', 'ปานกลาง', '3', '58035');
INSERT INTO `qstn_answer` VALUES ('3314', '1', '6', '2', '5', '52', '2', '12', 'น้อย', '2', '58035');
INSERT INTO `qstn_answer` VALUES ('3315', '1', '6', '2', '5', '53', '2', '13', 'ปานกลาง', '3', '58035');
INSERT INTO `qstn_answer` VALUES ('3316', '1', '6', '2', '6', '54', '2', '12', 'น้อย', '2', '58035');
INSERT INTO `qstn_answer` VALUES ('3317', '1', '6', '2', '6', '55', '2', '11', 'น้อยที่สุด', '1', '58035');
INSERT INTO `qstn_answer` VALUES ('3318', '1', '6', '2', '6', '56', '2', '13', 'ปานกลาง', '3', '58035');
INSERT INTO `qstn_answer` VALUES ('3319', '1', '6', '2', '6', '57', '2', '14', 'มาก', '4', '58035');
INSERT INTO `qstn_answer` VALUES ('3320', '1', '6', '2', '6', '58', '2', '13', 'ปานกลาง', '3', '58035');
INSERT INTO `qstn_answer` VALUES ('3321', '1', '6', '2', '6', '59', '2', '13', 'ปานกลาง', '3', '58035');
INSERT INTO `qstn_answer` VALUES ('3322', '1', '6', '2', '6', '60', '2', '14', 'มาก', '4', '58035');
INSERT INTO `qstn_answer` VALUES ('3323', '1', '6', '2', '7', '61', '2', '13', 'ปานกลาง', '3', '58035');
INSERT INTO `qstn_answer` VALUES ('3324', '1', '6', '2', '7', '62', '2', '13', 'ปานกลาง', '3', '58035');
INSERT INTO `qstn_answer` VALUES ('3325', '1', '6', '2', '7', '63', '2', '12', 'น้อย', '2', '58035');
INSERT INTO `qstn_answer` VALUES ('3326', '1', '6', '2', '7', '64', '2', '15', 'มากที่สุด', '5', '58035');
INSERT INTO `qstn_answer` VALUES ('3327', '1', '6', '2', '7', '65', '2', '13', 'ปานกลาง', '3', '58035');
INSERT INTO `qstn_answer` VALUES ('3328', '1', '6', '2', '7', '66', '2', '13', 'ปานกลาง', '3', '58035');
INSERT INTO `qstn_answer` VALUES ('3329', '1', '6', '2', '7', '67', '2', '14', 'มาก', '4', '58035');
INSERT INTO `qstn_answer` VALUES ('3330', '1', '6', '2', '8', '68', '2', '11', 'น้อยที่สุด', '1', '58035');
INSERT INTO `qstn_answer` VALUES ('3331', '1', '6', '2', '8', '69', '2', '14', 'มาก', '4', '58035');
INSERT INTO `qstn_answer` VALUES ('3332', '1', '6', '2', '8', '70', '2', '14', 'มาก', '4', '58035');
INSERT INTO `qstn_answer` VALUES ('3333', '1', '6', '2', '8', '71', '2', '14', 'มาก', '4', '58035');
INSERT INTO `qstn_answer` VALUES ('3334', '1', '6', '2', '8', '72', '2', '14', 'มาก', '4', '58035');
INSERT INTO `qstn_answer` VALUES ('3335', '1', '6', '2', '4', '39', '2', '15', 'มากที่สุด', '5', '56004');
INSERT INTO `qstn_answer` VALUES ('3336', '1', '6', '2', '4', '40', '2', '14', 'มาก', '4', '56004');
INSERT INTO `qstn_answer` VALUES ('3337', '1', '6', '2', '4', '41', '2', '14', 'มาก', '4', '56004');
INSERT INTO `qstn_answer` VALUES ('3338', '1', '6', '2', '4', '42', '2', '14', 'มาก', '4', '56004');
INSERT INTO `qstn_answer` VALUES ('3339', '1', '6', '2', '4', '43', '2', '15', 'มากที่สุด', '5', '56004');
INSERT INTO `qstn_answer` VALUES ('3340', '1', '6', '2', '4', '44', '2', '15', 'มากที่สุด', '5', '56004');
INSERT INTO `qstn_answer` VALUES ('3341', '1', '6', '2', '4', '45', '2', '15', 'มากที่สุด', '5', '56004');
INSERT INTO `qstn_answer` VALUES ('3342', '1', '6', '2', '4', '46', '2', '14', 'มาก', '4', '56004');
INSERT INTO `qstn_answer` VALUES ('3343', '1', '6', '2', '4', '47', '2', '14', 'มาก', '4', '56004');
INSERT INTO `qstn_answer` VALUES ('3344', '1', '6', '2', '5', '48', '2', '15', 'มากที่สุด', '5', '56004');
INSERT INTO `qstn_answer` VALUES ('3345', '1', '6', '2', '5', '49', '2', '15', 'มากที่สุด', '5', '56004');
INSERT INTO `qstn_answer` VALUES ('3346', '1', '6', '2', '5', '50', '2', '15', 'มากที่สุด', '5', '56004');
INSERT INTO `qstn_answer` VALUES ('3347', '1', '6', '2', '5', '51', '2', '15', 'มากที่สุด', '5', '56004');
INSERT INTO `qstn_answer` VALUES ('3348', '1', '6', '2', '5', '52', '2', '15', 'มากที่สุด', '5', '56004');
INSERT INTO `qstn_answer` VALUES ('3349', '1', '6', '2', '5', '53', '2', '15', 'มากที่สุด', '5', '56004');
INSERT INTO `qstn_answer` VALUES ('3350', '1', '6', '2', '6', '54', '2', '15', 'มากที่สุด', '5', '56004');
INSERT INTO `qstn_answer` VALUES ('3351', '1', '6', '2', '6', '55', '2', '15', 'มากที่สุด', '5', '56004');
INSERT INTO `qstn_answer` VALUES ('3352', '1', '6', '2', '6', '56', '2', '15', 'มากที่สุด', '5', '56004');
INSERT INTO `qstn_answer` VALUES ('3353', '1', '6', '2', '6', '57', '2', '15', 'มากที่สุด', '5', '56004');
INSERT INTO `qstn_answer` VALUES ('3354', '1', '6', '2', '6', '58', '2', '15', 'มากที่สุด', '5', '56004');
INSERT INTO `qstn_answer` VALUES ('3355', '1', '6', '2', '6', '59', '2', '15', 'มากที่สุด', '5', '56004');
INSERT INTO `qstn_answer` VALUES ('3356', '1', '6', '2', '6', '60', '2', '15', 'มากที่สุด', '5', '56004');
INSERT INTO `qstn_answer` VALUES ('3357', '1', '6', '2', '7', '61', '2', '14', 'มาก', '4', '56004');
INSERT INTO `qstn_answer` VALUES ('3358', '1', '6', '2', '7', '62', '2', '14', 'มาก', '4', '56004');
INSERT INTO `qstn_answer` VALUES ('3359', '1', '6', '2', '7', '63', '2', '14', 'มาก', '4', '56004');
INSERT INTO `qstn_answer` VALUES ('3360', '1', '6', '2', '7', '64', '2', '15', 'มากที่สุด', '5', '56004');
INSERT INTO `qstn_answer` VALUES ('3361', '1', '6', '2', '7', '65', '2', '15', 'มากที่สุด', '5', '56004');
INSERT INTO `qstn_answer` VALUES ('3362', '1', '6', '2', '7', '66', '2', '15', 'มากที่สุด', '5', '56004');
INSERT INTO `qstn_answer` VALUES ('3363', '1', '6', '2', '7', '67', '2', '15', 'มากที่สุด', '5', '56004');
INSERT INTO `qstn_answer` VALUES ('3364', '1', '6', '2', '8', '68', '2', '15', 'มากที่สุด', '5', '56004');
INSERT INTO `qstn_answer` VALUES ('3365', '1', '6', '2', '8', '69', '2', '15', 'มากที่สุด', '5', '56004');
INSERT INTO `qstn_answer` VALUES ('3366', '1', '6', '2', '8', '70', '2', '15', 'มากที่สุด', '5', '56004');
INSERT INTO `qstn_answer` VALUES ('3367', '1', '6', '2', '8', '71', '2', '15', 'มากที่สุด', '5', '56004');
INSERT INTO `qstn_answer` VALUES ('3368', '1', '6', '2', '8', '72', '2', '15', 'มากที่สุด', '5', '56004');
INSERT INTO `qstn_answer` VALUES ('3369', '1', '6', '2', '4', '39', '2', '14', 'มาก', '4', '62006');
INSERT INTO `qstn_answer` VALUES ('3370', '1', '6', '2', '4', '40', '2', '14', 'มาก', '4', '62006');
INSERT INTO `qstn_answer` VALUES ('3371', '1', '6', '2', '4', '41', '2', '14', 'มาก', '4', '62006');
INSERT INTO `qstn_answer` VALUES ('3372', '1', '6', '2', '4', '42', '2', '14', 'มาก', '4', '62006');
INSERT INTO `qstn_answer` VALUES ('3373', '1', '6', '2', '4', '43', '2', '14', 'มาก', '4', '62006');
INSERT INTO `qstn_answer` VALUES ('3374', '1', '6', '2', '4', '44', '2', '14', 'มาก', '4', '62006');
INSERT INTO `qstn_answer` VALUES ('3375', '1', '6', '2', '4', '45', '2', '14', 'มาก', '4', '62006');
INSERT INTO `qstn_answer` VALUES ('3376', '1', '6', '2', '4', '46', '2', '14', 'มาก', '4', '62006');
INSERT INTO `qstn_answer` VALUES ('3377', '1', '6', '2', '4', '47', '2', '14', 'มาก', '4', '62006');
INSERT INTO `qstn_answer` VALUES ('3378', '1', '6', '2', '5', '48', '2', '14', 'มาก', '4', '62006');
INSERT INTO `qstn_answer` VALUES ('3379', '1', '6', '2', '5', '49', '2', '14', 'มาก', '4', '62006');
INSERT INTO `qstn_answer` VALUES ('3380', '1', '6', '2', '5', '50', '2', '14', 'มาก', '4', '62006');
INSERT INTO `qstn_answer` VALUES ('3381', '1', '6', '2', '5', '51', '2', '14', 'มาก', '4', '62006');
INSERT INTO `qstn_answer` VALUES ('3382', '1', '6', '2', '5', '52', '2', '14', 'มาก', '4', '62006');
INSERT INTO `qstn_answer` VALUES ('3383', '1', '6', '2', '5', '53', '2', '14', 'มาก', '4', '62006');
INSERT INTO `qstn_answer` VALUES ('3384', '1', '6', '2', '6', '54', '2', '14', 'มาก', '4', '62006');
INSERT INTO `qstn_answer` VALUES ('3385', '1', '6', '2', '6', '55', '2', '14', 'มาก', '4', '62006');
INSERT INTO `qstn_answer` VALUES ('3386', '1', '6', '2', '6', '56', '2', '14', 'มาก', '4', '62006');
INSERT INTO `qstn_answer` VALUES ('3387', '1', '6', '2', '6', '57', '2', '14', 'มาก', '4', '62006');
INSERT INTO `qstn_answer` VALUES ('3388', '1', '6', '2', '6', '58', '2', '14', 'มาก', '4', '62006');
INSERT INTO `qstn_answer` VALUES ('3389', '1', '6', '2', '6', '59', '2', '14', 'มาก', '4', '62006');
INSERT INTO `qstn_answer` VALUES ('3390', '1', '6', '2', '6', '60', '2', '14', 'มาก', '4', '62006');
INSERT INTO `qstn_answer` VALUES ('3391', '1', '6', '2', '7', '61', '2', '14', 'มาก', '4', '62006');
INSERT INTO `qstn_answer` VALUES ('3392', '1', '6', '2', '7', '62', '2', '14', 'มาก', '4', '62006');
INSERT INTO `qstn_answer` VALUES ('3393', '1', '6', '2', '7', '63', '2', '14', 'มาก', '4', '62006');
INSERT INTO `qstn_answer` VALUES ('3394', '1', '6', '2', '7', '64', '2', '14', 'มาก', '4', '62006');
INSERT INTO `qstn_answer` VALUES ('3395', '1', '6', '2', '7', '65', '2', '14', 'มาก', '4', '62006');
INSERT INTO `qstn_answer` VALUES ('3396', '1', '6', '2', '7', '66', '2', '14', 'มาก', '4', '62006');
INSERT INTO `qstn_answer` VALUES ('3397', '1', '6', '2', '7', '67', '2', '14', 'มาก', '4', '62006');
INSERT INTO `qstn_answer` VALUES ('3398', '1', '6', '2', '8', '68', '2', '14', 'มาก', '4', '62006');
INSERT INTO `qstn_answer` VALUES ('3399', '1', '6', '2', '8', '69', '2', '14', 'มาก', '4', '62006');
INSERT INTO `qstn_answer` VALUES ('3400', '1', '6', '2', '8', '70', '2', '14', 'มาก', '4', '62006');
INSERT INTO `qstn_answer` VALUES ('3401', '1', '6', '2', '8', '71', '2', '14', 'มาก', '4', '62006');
INSERT INTO `qstn_answer` VALUES ('3402', '1', '6', '2', '8', '72', '2', '14', 'มาก', '4', '62006');
INSERT INTO `qstn_answer` VALUES ('3403', '1', '6', '2', '4', '39', '2', '15', 'มากที่สุด', '5', '60052');
INSERT INTO `qstn_answer` VALUES ('3404', '1', '6', '2', '4', '40', '2', '15', 'มากที่สุด', '5', '60052');
INSERT INTO `qstn_answer` VALUES ('3405', '1', '6', '2', '4', '41', '2', '15', 'มากที่สุด', '5', '60052');
INSERT INTO `qstn_answer` VALUES ('3406', '1', '6', '2', '4', '42', '2', '15', 'มากที่สุด', '5', '60052');
INSERT INTO `qstn_answer` VALUES ('3407', '1', '6', '2', '4', '43', '2', '15', 'มากที่สุด', '5', '60052');
INSERT INTO `qstn_answer` VALUES ('3408', '1', '6', '2', '4', '44', '2', '15', 'มากที่สุด', '5', '60052');
INSERT INTO `qstn_answer` VALUES ('3409', '1', '6', '2', '4', '45', '2', '15', 'มากที่สุด', '5', '60052');
INSERT INTO `qstn_answer` VALUES ('3410', '1', '6', '2', '4', '46', '2', '15', 'มากที่สุด', '5', '60052');
INSERT INTO `qstn_answer` VALUES ('3411', '1', '6', '2', '4', '47', '2', '15', 'มากที่สุด', '5', '60052');
INSERT INTO `qstn_answer` VALUES ('3412', '1', '6', '2', '5', '48', '2', '15', 'มากที่สุด', '5', '60052');
INSERT INTO `qstn_answer` VALUES ('3413', '1', '6', '2', '5', '49', '2', '15', 'มากที่สุด', '5', '60052');
INSERT INTO `qstn_answer` VALUES ('3414', '1', '6', '2', '5', '50', '2', '15', 'มากที่สุด', '5', '60052');
INSERT INTO `qstn_answer` VALUES ('3415', '1', '6', '2', '5', '51', '2', '15', 'มากที่สุด', '5', '60052');
INSERT INTO `qstn_answer` VALUES ('3416', '1', '6', '2', '5', '52', '2', '15', 'มากที่สุด', '5', '60052');
INSERT INTO `qstn_answer` VALUES ('3417', '1', '6', '2', '5', '53', '2', '15', 'มากที่สุด', '5', '60052');
INSERT INTO `qstn_answer` VALUES ('3418', '1', '6', '2', '6', '54', '2', '15', 'มากที่สุด', '5', '60052');
INSERT INTO `qstn_answer` VALUES ('3419', '1', '6', '2', '6', '55', '2', '15', 'มากที่สุด', '5', '60052');
INSERT INTO `qstn_answer` VALUES ('3420', '1', '6', '2', '6', '56', '2', '14', 'มาก', '4', '60052');
INSERT INTO `qstn_answer` VALUES ('3421', '1', '6', '2', '6', '57', '2', '15', 'มากที่สุด', '5', '60052');
INSERT INTO `qstn_answer` VALUES ('3422', '1', '6', '2', '6', '58', '2', '14', 'มาก', '4', '60052');
INSERT INTO `qstn_answer` VALUES ('3423', '1', '6', '2', '6', '59', '2', '15', 'มากที่สุด', '5', '60052');
INSERT INTO `qstn_answer` VALUES ('3424', '1', '6', '2', '6', '60', '2', '15', 'มากที่สุด', '5', '60052');
INSERT INTO `qstn_answer` VALUES ('3425', '1', '6', '2', '7', '61', '2', '15', 'มากที่สุด', '5', '60052');
INSERT INTO `qstn_answer` VALUES ('3426', '1', '6', '2', '7', '62', '2', '15', 'มากที่สุด', '5', '60052');
INSERT INTO `qstn_answer` VALUES ('3427', '1', '6', '2', '7', '63', '2', '15', 'มากที่สุด', '5', '60052');
INSERT INTO `qstn_answer` VALUES ('3428', '1', '6', '2', '7', '64', '2', '15', 'มากที่สุด', '5', '60052');
INSERT INTO `qstn_answer` VALUES ('3429', '1', '6', '2', '7', '65', '2', '15', 'มากที่สุด', '5', '60052');
INSERT INTO `qstn_answer` VALUES ('3430', '1', '6', '2', '7', '66', '2', '15', 'มากที่สุด', '5', '60052');
INSERT INTO `qstn_answer` VALUES ('3431', '1', '6', '2', '7', '67', '2', '15', 'มากที่สุด', '5', '60052');
INSERT INTO `qstn_answer` VALUES ('3432', '1', '6', '2', '8', '68', '2', '15', 'มากที่สุด', '5', '60052');
INSERT INTO `qstn_answer` VALUES ('3433', '1', '6', '2', '8', '69', '2', '15', 'มากที่สุด', '5', '60052');
INSERT INTO `qstn_answer` VALUES ('3434', '1', '6', '2', '8', '70', '2', '15', 'มากที่สุด', '5', '60052');
INSERT INTO `qstn_answer` VALUES ('3435', '1', '6', '2', '8', '71', '2', '15', 'มากที่สุด', '5', '60052');
INSERT INTO `qstn_answer` VALUES ('3436', '1', '6', '2', '8', '72', '2', '15', 'มากที่สุด', '5', '60052');
INSERT INTO `qstn_answer` VALUES ('3437', '1', '6', '2', '4', '39', '2', '15', 'มากที่สุด', '5', '56018');
INSERT INTO `qstn_answer` VALUES ('3438', '1', '6', '2', '4', '40', '2', '15', 'มากที่สุด', '5', '56018');
INSERT INTO `qstn_answer` VALUES ('3439', '1', '6', '2', '4', '41', '2', '15', 'มากที่สุด', '5', '56018');
INSERT INTO `qstn_answer` VALUES ('3440', '1', '6', '2', '4', '42', '2', '15', 'มากที่สุด', '5', '56018');
INSERT INTO `qstn_answer` VALUES ('3441', '1', '6', '2', '4', '43', '2', '15', 'มากที่สุด', '5', '56018');
INSERT INTO `qstn_answer` VALUES ('3442', '1', '6', '2', '4', '44', '2', '15', 'มากที่สุด', '5', '56018');
INSERT INTO `qstn_answer` VALUES ('3443', '1', '6', '2', '4', '45', '2', '14', 'มาก', '4', '56018');
INSERT INTO `qstn_answer` VALUES ('3444', '1', '6', '2', '4', '46', '2', '15', 'มากที่สุด', '5', '56018');
INSERT INTO `qstn_answer` VALUES ('3445', '1', '6', '2', '4', '47', '2', '15', 'มากที่สุด', '5', '56018');
INSERT INTO `qstn_answer` VALUES ('3446', '1', '6', '2', '5', '48', '2', '15', 'มากที่สุด', '5', '56018');
INSERT INTO `qstn_answer` VALUES ('3447', '1', '6', '2', '5', '49', '2', '15', 'มากที่สุด', '5', '56018');
INSERT INTO `qstn_answer` VALUES ('3448', '1', '6', '2', '5', '50', '2', '15', 'มากที่สุด', '5', '56018');
INSERT INTO `qstn_answer` VALUES ('3449', '1', '6', '2', '5', '51', '2', '15', 'มากที่สุด', '5', '56018');
INSERT INTO `qstn_answer` VALUES ('3450', '1', '6', '2', '5', '52', '2', '15', 'มากที่สุด', '5', '56018');
INSERT INTO `qstn_answer` VALUES ('3451', '1', '6', '2', '5', '53', '2', '15', 'มากที่สุด', '5', '56018');
INSERT INTO `qstn_answer` VALUES ('3452', '1', '6', '2', '6', '54', '2', '15', 'มากที่สุด', '5', '56018');
INSERT INTO `qstn_answer` VALUES ('3453', '1', '6', '2', '6', '55', '2', '15', 'มากที่สุด', '5', '56018');
INSERT INTO `qstn_answer` VALUES ('3454', '1', '6', '2', '6', '56', '2', '15', 'มากที่สุด', '5', '56018');
INSERT INTO `qstn_answer` VALUES ('3455', '1', '6', '2', '6', '57', '2', '15', 'มากที่สุด', '5', '56018');
INSERT INTO `qstn_answer` VALUES ('3456', '1', '6', '2', '6', '58', '2', '13', 'ปานกลาง', '3', '56018');
INSERT INTO `qstn_answer` VALUES ('3457', '1', '6', '2', '6', '59', '2', '15', 'มากที่สุด', '5', '56018');
INSERT INTO `qstn_answer` VALUES ('3458', '1', '6', '2', '6', '60', '2', '15', 'มากที่สุด', '5', '56018');
INSERT INTO `qstn_answer` VALUES ('3459', '1', '6', '2', '7', '61', '2', '15', 'มากที่สุด', '5', '56018');
INSERT INTO `qstn_answer` VALUES ('3460', '1', '6', '2', '7', '62', '2', '15', 'มากที่สุด', '5', '56018');
INSERT INTO `qstn_answer` VALUES ('3461', '1', '6', '2', '7', '63', '2', '15', 'มากที่สุด', '5', '56018');
INSERT INTO `qstn_answer` VALUES ('3462', '1', '6', '2', '7', '64', '2', '15', 'มากที่สุด', '5', '56018');
INSERT INTO `qstn_answer` VALUES ('3463', '1', '6', '2', '7', '65', '2', '15', 'มากที่สุด', '5', '56018');
INSERT INTO `qstn_answer` VALUES ('3464', '1', '6', '2', '7', '66', '2', '15', 'มากที่สุด', '5', '56018');
INSERT INTO `qstn_answer` VALUES ('3465', '1', '6', '2', '7', '67', '2', '15', 'มากที่สุด', '5', '56018');
INSERT INTO `qstn_answer` VALUES ('3466', '1', '6', '2', '8', '68', '2', '15', 'มากที่สุด', '5', '56018');
INSERT INTO `qstn_answer` VALUES ('3467', '1', '6', '2', '8', '69', '2', '15', 'มากที่สุด', '5', '56018');
INSERT INTO `qstn_answer` VALUES ('3468', '1', '6', '2', '8', '70', '2', '15', 'มากที่สุด', '5', '56018');
INSERT INTO `qstn_answer` VALUES ('3469', '1', '6', '2', '8', '71', '2', '15', 'มากที่สุด', '5', '56018');
INSERT INTO `qstn_answer` VALUES ('3470', '1', '6', '2', '8', '72', '2', '15', 'มากที่สุด', '5', '56018');
INSERT INTO `qstn_answer` VALUES ('3471', '1', '6', '2', '4', '39', '2', '14', 'มาก', '4', '63004');
INSERT INTO `qstn_answer` VALUES ('3472', '1', '6', '2', '4', '40', '2', '14', 'มาก', '4', '63004');
INSERT INTO `qstn_answer` VALUES ('3473', '1', '6', '2', '4', '41', '2', '14', 'มาก', '4', '63004');
INSERT INTO `qstn_answer` VALUES ('3474', '1', '6', '2', '4', '42', '2', '14', 'มาก', '4', '63004');
INSERT INTO `qstn_answer` VALUES ('3475', '1', '6', '2', '4', '43', '2', '13', 'ปานกลาง', '3', '63004');
INSERT INTO `qstn_answer` VALUES ('3476', '1', '6', '2', '4', '44', '2', '15', 'มากที่สุด', '5', '63004');
INSERT INTO `qstn_answer` VALUES ('3477', '1', '6', '2', '4', '45', '2', '15', 'มากที่สุด', '5', '63004');
INSERT INTO `qstn_answer` VALUES ('3478', '1', '6', '2', '4', '46', '2', '15', 'มากที่สุด', '5', '63004');
INSERT INTO `qstn_answer` VALUES ('3479', '1', '6', '2', '4', '47', '2', '14', 'มาก', '4', '63004');
INSERT INTO `qstn_answer` VALUES ('3480', '1', '6', '2', '5', '48', '2', '13', 'ปานกลาง', '3', '63004');
INSERT INTO `qstn_answer` VALUES ('3481', '1', '6', '2', '5', '49', '2', '14', 'มาก', '4', '63004');
INSERT INTO `qstn_answer` VALUES ('3482', '1', '6', '2', '5', '50', '2', '13', 'ปานกลาง', '3', '63004');
INSERT INTO `qstn_answer` VALUES ('3483', '1', '6', '2', '5', '51', '2', '13', 'ปานกลาง', '3', '63004');
INSERT INTO `qstn_answer` VALUES ('3484', '1', '6', '2', '5', '52', '2', '14', 'มาก', '4', '63004');
INSERT INTO `qstn_answer` VALUES ('3485', '1', '6', '2', '5', '53', '2', '13', 'ปานกลาง', '3', '63004');
INSERT INTO `qstn_answer` VALUES ('3486', '1', '6', '2', '6', '54', '2', '14', 'มาก', '4', '63004');
INSERT INTO `qstn_answer` VALUES ('3487', '1', '6', '2', '6', '55', '2', '13', 'ปานกลาง', '3', '63004');
INSERT INTO `qstn_answer` VALUES ('3488', '1', '6', '2', '6', '56', '2', '14', 'มาก', '4', '63004');
INSERT INTO `qstn_answer` VALUES ('3489', '1', '6', '2', '6', '57', '2', '14', 'มาก', '4', '63004');
INSERT INTO `qstn_answer` VALUES ('3490', '1', '6', '2', '6', '58', '2', '14', 'มาก', '4', '63004');
INSERT INTO `qstn_answer` VALUES ('3491', '1', '6', '2', '6', '59', '2', '13', 'ปานกลาง', '3', '63004');
INSERT INTO `qstn_answer` VALUES ('3492', '1', '6', '2', '6', '60', '2', '14', 'มาก', '4', '63004');
INSERT INTO `qstn_answer` VALUES ('3493', '1', '6', '2', '7', '61', '2', '15', 'มากที่สุด', '5', '63004');
INSERT INTO `qstn_answer` VALUES ('3494', '1', '6', '2', '7', '62', '2', '15', 'มากที่สุด', '5', '63004');
INSERT INTO `qstn_answer` VALUES ('3495', '1', '6', '2', '7', '63', '2', '14', 'มาก', '4', '63004');
INSERT INTO `qstn_answer` VALUES ('3496', '1', '6', '2', '7', '64', '2', '14', 'มาก', '4', '63004');
INSERT INTO `qstn_answer` VALUES ('3497', '1', '6', '2', '7', '65', '2', '14', 'มาก', '4', '63004');
INSERT INTO `qstn_answer` VALUES ('3498', '1', '6', '2', '7', '66', '2', '15', 'มากที่สุด', '5', '63004');
INSERT INTO `qstn_answer` VALUES ('3499', '1', '6', '2', '7', '67', '2', '13', 'ปานกลาง', '3', '63004');
INSERT INTO `qstn_answer` VALUES ('3500', '1', '6', '2', '8', '68', '2', '15', 'มากที่สุด', '5', '63004');
INSERT INTO `qstn_answer` VALUES ('3501', '1', '6', '2', '8', '69', '2', '15', 'มากที่สุด', '5', '63004');
INSERT INTO `qstn_answer` VALUES ('3502', '1', '6', '2', '8', '70', '2', '15', 'มากที่สุด', '5', '63004');
INSERT INTO `qstn_answer` VALUES ('3503', '1', '6', '2', '8', '71', '2', '15', 'มากที่สุด', '5', '63004');
INSERT INTO `qstn_answer` VALUES ('3504', '1', '6', '2', '8', '72', '2', '15', 'มากที่สุด', '5', '63004');
INSERT INTO `qstn_answer` VALUES ('3505', '1', '6', '2', '4', '39', '2', '14', 'มาก', '4', '61022');
INSERT INTO `qstn_answer` VALUES ('3506', '1', '6', '2', '4', '40', '2', '14', 'มาก', '4', '61022');
INSERT INTO `qstn_answer` VALUES ('3507', '1', '6', '2', '4', '41', '2', '14', 'มาก', '4', '61022');
INSERT INTO `qstn_answer` VALUES ('3508', '1', '6', '2', '4', '42', '2', '14', 'มาก', '4', '61022');
INSERT INTO `qstn_answer` VALUES ('3509', '1', '6', '2', '4', '43', '2', '14', 'มาก', '4', '61022');
INSERT INTO `qstn_answer` VALUES ('3510', '1', '6', '2', '4', '44', '2', '15', 'มากที่สุด', '5', '61022');
INSERT INTO `qstn_answer` VALUES ('3511', '1', '6', '2', '4', '45', '2', '15', 'มากที่สุด', '5', '61022');
INSERT INTO `qstn_answer` VALUES ('3512', '1', '6', '2', '4', '46', '2', '14', 'มาก', '4', '61022');
INSERT INTO `qstn_answer` VALUES ('3513', '1', '6', '2', '4', '47', '2', '14', 'มาก', '4', '61022');
INSERT INTO `qstn_answer` VALUES ('3514', '1', '6', '2', '5', '48', '2', '14', 'มาก', '4', '61022');
INSERT INTO `qstn_answer` VALUES ('3515', '1', '6', '2', '5', '49', '2', '13', 'ปานกลาง', '3', '61022');
INSERT INTO `qstn_answer` VALUES ('3516', '1', '6', '2', '5', '50', '2', '13', 'ปานกลาง', '3', '61022');
INSERT INTO `qstn_answer` VALUES ('3517', '1', '6', '2', '5', '51', '2', '13', 'ปานกลาง', '3', '61022');
INSERT INTO `qstn_answer` VALUES ('3518', '1', '6', '2', '5', '52', '2', '14', 'มาก', '4', '61022');
INSERT INTO `qstn_answer` VALUES ('3519', '1', '6', '2', '5', '53', '2', '14', 'มาก', '4', '61022');
INSERT INTO `qstn_answer` VALUES ('3520', '1', '6', '2', '6', '54', '2', '13', 'ปานกลาง', '3', '61022');
INSERT INTO `qstn_answer` VALUES ('3521', '1', '6', '2', '6', '55', '2', '13', 'ปานกลาง', '3', '61022');
INSERT INTO `qstn_answer` VALUES ('3522', '1', '6', '2', '6', '56', '2', '14', 'มาก', '4', '61022');
INSERT INTO `qstn_answer` VALUES ('3523', '1', '6', '2', '6', '57', '2', '13', 'ปานกลาง', '3', '61022');
INSERT INTO `qstn_answer` VALUES ('3524', '1', '6', '2', '6', '58', '2', '13', 'ปานกลาง', '3', '61022');
INSERT INTO `qstn_answer` VALUES ('3525', '1', '6', '2', '6', '59', '2', '14', 'มาก', '4', '61022');
INSERT INTO `qstn_answer` VALUES ('3526', '1', '6', '2', '6', '60', '2', '14', 'มาก', '4', '61022');
INSERT INTO `qstn_answer` VALUES ('3527', '1', '6', '2', '7', '61', '2', '14', 'มาก', '4', '61022');
INSERT INTO `qstn_answer` VALUES ('3528', '1', '6', '2', '7', '62', '2', '14', 'มาก', '4', '61022');
INSERT INTO `qstn_answer` VALUES ('3529', '1', '6', '2', '7', '63', '2', '14', 'มาก', '4', '61022');
INSERT INTO `qstn_answer` VALUES ('3530', '1', '6', '2', '7', '64', '2', '14', 'มาก', '4', '61022');
INSERT INTO `qstn_answer` VALUES ('3531', '1', '6', '2', '7', '65', '2', '13', 'ปานกลาง', '3', '61022');
INSERT INTO `qstn_answer` VALUES ('3532', '1', '6', '2', '7', '66', '2', '13', 'ปานกลาง', '3', '61022');
INSERT INTO `qstn_answer` VALUES ('3533', '1', '6', '2', '7', '67', '2', '13', 'ปานกลาง', '3', '61022');
INSERT INTO `qstn_answer` VALUES ('3534', '1', '6', '2', '8', '68', '2', '14', 'มาก', '4', '61022');
INSERT INTO `qstn_answer` VALUES ('3535', '1', '6', '2', '8', '69', '2', '14', 'มาก', '4', '61022');
INSERT INTO `qstn_answer` VALUES ('3536', '1', '6', '2', '8', '70', '2', '14', 'มาก', '4', '61022');
INSERT INTO `qstn_answer` VALUES ('3537', '1', '6', '2', '8', '71', '2', '14', 'มาก', '4', '61022');
INSERT INTO `qstn_answer` VALUES ('3538', '1', '6', '2', '8', '72', '2', '15', 'มากที่สุด', '5', '61022');
INSERT INTO `qstn_answer` VALUES ('3539', '1', '6', '2', '4', '39', '2', '15', 'มากที่สุด', '5', '61054');
INSERT INTO `qstn_answer` VALUES ('3540', '1', '6', '2', '4', '40', '2', '14', 'มาก', '4', '61054');
INSERT INTO `qstn_answer` VALUES ('3541', '1', '6', '2', '4', '41', '2', '14', 'มาก', '4', '61054');
INSERT INTO `qstn_answer` VALUES ('3542', '1', '6', '2', '4', '42', '2', '14', 'มาก', '4', '61054');
INSERT INTO `qstn_answer` VALUES ('3543', '1', '6', '2', '4', '43', '2', '14', 'มาก', '4', '61054');
INSERT INTO `qstn_answer` VALUES ('3544', '1', '6', '2', '4', '44', '2', '14', 'มาก', '4', '61054');
INSERT INTO `qstn_answer` VALUES ('3545', '1', '6', '2', '4', '45', '2', '14', 'มาก', '4', '61054');
INSERT INTO `qstn_answer` VALUES ('3546', '1', '6', '2', '4', '46', '2', '14', 'มาก', '4', '61054');
INSERT INTO `qstn_answer` VALUES ('3547', '1', '6', '2', '4', '47', '2', '15', 'มากที่สุด', '5', '61054');
INSERT INTO `qstn_answer` VALUES ('3548', '1', '6', '2', '5', '48', '2', '14', 'มาก', '4', '61054');
INSERT INTO `qstn_answer` VALUES ('3549', '1', '6', '2', '5', '49', '2', '14', 'มาก', '4', '61054');
INSERT INTO `qstn_answer` VALUES ('3550', '1', '6', '2', '5', '50', '2', '14', 'มาก', '4', '61054');
INSERT INTO `qstn_answer` VALUES ('3551', '1', '6', '2', '5', '51', '2', '13', 'ปานกลาง', '3', '61054');
INSERT INTO `qstn_answer` VALUES ('3552', '1', '6', '2', '5', '52', '2', '14', 'มาก', '4', '61054');
INSERT INTO `qstn_answer` VALUES ('3553', '1', '6', '2', '5', '53', '2', '14', 'มาก', '4', '61054');
INSERT INTO `qstn_answer` VALUES ('3554', '1', '6', '2', '6', '54', '2', '13', 'ปานกลาง', '3', '61054');
INSERT INTO `qstn_answer` VALUES ('3555', '1', '6', '2', '6', '55', '2', '14', 'มาก', '4', '61054');
INSERT INTO `qstn_answer` VALUES ('3556', '1', '6', '2', '6', '56', '2', '14', 'มาก', '4', '61054');
INSERT INTO `qstn_answer` VALUES ('3557', '1', '6', '2', '6', '57', '2', '14', 'มาก', '4', '61054');
INSERT INTO `qstn_answer` VALUES ('3558', '1', '6', '2', '6', '58', '2', '14', 'มาก', '4', '61054');
INSERT INTO `qstn_answer` VALUES ('3559', '1', '6', '2', '6', '59', '2', '14', 'มาก', '4', '61054');
INSERT INTO `qstn_answer` VALUES ('3560', '1', '6', '2', '6', '60', '2', '14', 'มาก', '4', '61054');
INSERT INTO `qstn_answer` VALUES ('3561', '1', '6', '2', '7', '61', '2', '14', 'มาก', '4', '61054');
INSERT INTO `qstn_answer` VALUES ('3562', '1', '6', '2', '7', '62', '2', '14', 'มาก', '4', '61054');
INSERT INTO `qstn_answer` VALUES ('3563', '1', '6', '2', '7', '63', '2', '13', 'ปานกลาง', '3', '61054');
INSERT INTO `qstn_answer` VALUES ('3564', '1', '6', '2', '7', '64', '2', '15', 'มากที่สุด', '5', '61054');
INSERT INTO `qstn_answer` VALUES ('3565', '1', '6', '2', '7', '65', '2', '14', 'มาก', '4', '61054');
INSERT INTO `qstn_answer` VALUES ('3566', '1', '6', '2', '7', '66', '2', '14', 'มาก', '4', '61054');
INSERT INTO `qstn_answer` VALUES ('3567', '1', '6', '2', '7', '67', '2', '13', 'ปานกลาง', '3', '61054');
INSERT INTO `qstn_answer` VALUES ('3568', '1', '6', '2', '8', '68', '2', '14', 'มาก', '4', '61054');
INSERT INTO `qstn_answer` VALUES ('3569', '1', '6', '2', '8', '69', '2', '14', 'มาก', '4', '61054');
INSERT INTO `qstn_answer` VALUES ('3570', '1', '6', '2', '8', '70', '2', '14', 'มาก', '4', '61054');
INSERT INTO `qstn_answer` VALUES ('3571', '1', '6', '2', '8', '71', '2', '14', 'มาก', '4', '61054');
INSERT INTO `qstn_answer` VALUES ('3572', '1', '6', '2', '8', '72', '2', '15', 'มากที่สุด', '5', '61054');
INSERT INTO `qstn_answer` VALUES ('3573', '1', '6', '2', '4', '39', '2', '13', 'ปานกลาง', '3', '61012');
INSERT INTO `qstn_answer` VALUES ('3574', '1', '6', '2', '4', '40', '2', '14', 'มาก', '4', '61012');
INSERT INTO `qstn_answer` VALUES ('3575', '1', '6', '2', '4', '41', '2', '14', 'มาก', '4', '61012');
INSERT INTO `qstn_answer` VALUES ('3576', '1', '6', '2', '4', '42', '2', '13', 'ปานกลาง', '3', '61012');
INSERT INTO `qstn_answer` VALUES ('3577', '1', '6', '2', '4', '43', '2', '13', 'ปานกลาง', '3', '61012');
INSERT INTO `qstn_answer` VALUES ('3578', '1', '6', '2', '4', '44', '2', '13', 'ปานกลาง', '3', '61012');
INSERT INTO `qstn_answer` VALUES ('3579', '1', '6', '2', '4', '45', '2', '13', 'ปานกลาง', '3', '61012');
INSERT INTO `qstn_answer` VALUES ('3580', '1', '6', '2', '4', '46', '2', '13', 'ปานกลาง', '3', '61012');
INSERT INTO `qstn_answer` VALUES ('3581', '1', '6', '2', '4', '47', '2', '13', 'ปานกลาง', '3', '61012');
INSERT INTO `qstn_answer` VALUES ('3582', '1', '6', '2', '5', '48', '2', '13', 'ปานกลาง', '3', '61012');
INSERT INTO `qstn_answer` VALUES ('3583', '1', '6', '2', '5', '49', '2', '13', 'ปานกลาง', '3', '61012');
INSERT INTO `qstn_answer` VALUES ('3584', '1', '6', '2', '5', '50', '2', '13', 'ปานกลาง', '3', '61012');
INSERT INTO `qstn_answer` VALUES ('3585', '1', '6', '2', '5', '51', '2', '12', 'น้อย', '2', '61012');
INSERT INTO `qstn_answer` VALUES ('3586', '1', '6', '2', '5', '52', '2', '12', 'น้อย', '2', '61012');
INSERT INTO `qstn_answer` VALUES ('3587', '1', '6', '2', '5', '53', '2', '13', 'ปานกลาง', '3', '61012');
INSERT INTO `qstn_answer` VALUES ('3588', '1', '6', '2', '6', '54', '2', '13', 'ปานกลาง', '3', '61012');
INSERT INTO `qstn_answer` VALUES ('3589', '1', '6', '2', '6', '55', '2', '12', 'น้อย', '2', '61012');
INSERT INTO `qstn_answer` VALUES ('3590', '1', '6', '2', '6', '56', '2', '13', 'ปานกลาง', '3', '61012');
INSERT INTO `qstn_answer` VALUES ('3591', '1', '6', '2', '6', '57', '2', '13', 'ปานกลาง', '3', '61012');
INSERT INTO `qstn_answer` VALUES ('3592', '1', '6', '2', '6', '58', '2', '12', 'น้อย', '2', '61012');
INSERT INTO `qstn_answer` VALUES ('3593', '1', '6', '2', '6', '59', '2', '13', 'ปานกลาง', '3', '61012');
INSERT INTO `qstn_answer` VALUES ('3594', '1', '6', '2', '6', '60', '2', '13', 'ปานกลาง', '3', '61012');
INSERT INTO `qstn_answer` VALUES ('3595', '1', '6', '2', '7', '61', '2', '13', 'ปานกลาง', '3', '61012');
INSERT INTO `qstn_answer` VALUES ('3596', '1', '6', '2', '7', '62', '2', '13', 'ปานกลาง', '3', '61012');
INSERT INTO `qstn_answer` VALUES ('3597', '1', '6', '2', '7', '63', '2', '13', 'ปานกลาง', '3', '61012');
INSERT INTO `qstn_answer` VALUES ('3598', '1', '6', '2', '7', '64', '2', '13', 'ปานกลาง', '3', '61012');
INSERT INTO `qstn_answer` VALUES ('3599', '1', '6', '2', '7', '65', '2', '13', 'ปานกลาง', '3', '61012');
INSERT INTO `qstn_answer` VALUES ('3600', '1', '6', '2', '7', '66', '2', '13', 'ปานกลาง', '3', '61012');
INSERT INTO `qstn_answer` VALUES ('3601', '1', '6', '2', '7', '67', '2', '12', 'น้อย', '2', '61012');
INSERT INTO `qstn_answer` VALUES ('3602', '1', '6', '2', '8', '68', '2', '12', 'น้อย', '2', '61012');
INSERT INTO `qstn_answer` VALUES ('3603', '1', '6', '2', '8', '69', '2', '13', 'ปานกลาง', '3', '61012');
INSERT INTO `qstn_answer` VALUES ('3604', '1', '6', '2', '8', '70', '2', '13', 'ปานกลาง', '3', '61012');
INSERT INTO `qstn_answer` VALUES ('3605', '1', '6', '2', '8', '71', '2', '13', 'ปานกลาง', '3', '61012');
INSERT INTO `qstn_answer` VALUES ('3606', '1', '6', '2', '8', '72', '2', '13', 'ปานกลาง', '3', '61012');
INSERT INTO `qstn_answer` VALUES ('3607', '1', '6', '2', '4', '39', '2', '14', 'มาก', '4', '59031');
INSERT INTO `qstn_answer` VALUES ('3608', '1', '6', '2', '4', '40', '2', '14', 'มาก', '4', '59031');
INSERT INTO `qstn_answer` VALUES ('3609', '1', '6', '2', '4', '41', '2', '13', 'ปานกลาง', '3', '59031');
INSERT INTO `qstn_answer` VALUES ('3610', '1', '6', '2', '4', '42', '2', '14', 'มาก', '4', '59031');
INSERT INTO `qstn_answer` VALUES ('3611', '1', '6', '2', '4', '43', '2', '14', 'มาก', '4', '59031');
INSERT INTO `qstn_answer` VALUES ('3612', '1', '6', '2', '4', '44', '2', '13', 'ปานกลาง', '3', '59031');
INSERT INTO `qstn_answer` VALUES ('3613', '1', '6', '2', '4', '45', '2', '13', 'ปานกลาง', '3', '59031');
INSERT INTO `qstn_answer` VALUES ('3614', '1', '6', '2', '4', '46', '2', '13', 'ปานกลาง', '3', '59031');
INSERT INTO `qstn_answer` VALUES ('3615', '1', '6', '2', '4', '47', '2', '14', 'มาก', '4', '59031');
INSERT INTO `qstn_answer` VALUES ('3616', '1', '6', '2', '5', '48', '2', '14', 'มาก', '4', '59031');
INSERT INTO `qstn_answer` VALUES ('3617', '1', '6', '2', '5', '49', '2', '14', 'มาก', '4', '59031');
INSERT INTO `qstn_answer` VALUES ('3618', '1', '6', '2', '5', '50', '2', '12', 'น้อย', '2', '59031');
INSERT INTO `qstn_answer` VALUES ('3619', '1', '6', '2', '5', '51', '2', '13', 'ปานกลาง', '3', '59031');
INSERT INTO `qstn_answer` VALUES ('3620', '1', '6', '2', '5', '52', '2', '13', 'ปานกลาง', '3', '59031');
INSERT INTO `qstn_answer` VALUES ('3621', '1', '6', '2', '5', '53', '2', '14', 'มาก', '4', '59031');
INSERT INTO `qstn_answer` VALUES ('3622', '1', '6', '2', '6', '54', '2', '13', 'ปานกลาง', '3', '59031');
INSERT INTO `qstn_answer` VALUES ('3623', '1', '6', '2', '6', '55', '2', '13', 'ปานกลาง', '3', '59031');
INSERT INTO `qstn_answer` VALUES ('3624', '1', '6', '2', '6', '56', '2', '12', 'น้อย', '2', '59031');
INSERT INTO `qstn_answer` VALUES ('3625', '1', '6', '2', '6', '57', '2', '14', 'มาก', '4', '59031');
INSERT INTO `qstn_answer` VALUES ('3626', '1', '6', '2', '6', '58', '2', '13', 'ปานกลาง', '3', '59031');
INSERT INTO `qstn_answer` VALUES ('3627', '1', '6', '2', '6', '59', '2', '14', 'มาก', '4', '59031');
INSERT INTO `qstn_answer` VALUES ('3628', '1', '6', '2', '6', '60', '2', '14', 'มาก', '4', '59031');
INSERT INTO `qstn_answer` VALUES ('3629', '1', '6', '2', '7', '61', '2', '13', 'ปานกลาง', '3', '59031');
INSERT INTO `qstn_answer` VALUES ('3630', '1', '6', '2', '7', '62', '2', '14', 'มาก', '4', '59031');
INSERT INTO `qstn_answer` VALUES ('3631', '1', '6', '2', '7', '63', '2', '13', 'ปานกลาง', '3', '59031');
INSERT INTO `qstn_answer` VALUES ('3632', '1', '6', '2', '7', '64', '2', '14', 'มาก', '4', '59031');
INSERT INTO `qstn_answer` VALUES ('3633', '1', '6', '2', '7', '65', '2', '13', 'ปานกลาง', '3', '59031');
INSERT INTO `qstn_answer` VALUES ('3634', '1', '6', '2', '7', '66', '2', '14', 'มาก', '4', '59031');
INSERT INTO `qstn_answer` VALUES ('3635', '1', '6', '2', '7', '67', '2', '13', 'ปานกลาง', '3', '59031');
INSERT INTO `qstn_answer` VALUES ('3636', '1', '6', '2', '8', '68', '2', '13', 'ปานกลาง', '3', '59031');
INSERT INTO `qstn_answer` VALUES ('3637', '1', '6', '2', '8', '69', '2', '14', 'มาก', '4', '59031');
INSERT INTO `qstn_answer` VALUES ('3638', '1', '6', '2', '8', '70', '2', '14', 'มาก', '4', '59031');
INSERT INTO `qstn_answer` VALUES ('3639', '1', '6', '2', '8', '71', '2', '14', 'มาก', '4', '59031');
INSERT INTO `qstn_answer` VALUES ('3640', '1', '6', '2', '8', '72', '2', '14', 'มาก', '4', '59031');
INSERT INTO `qstn_answer` VALUES ('3641', '1', '6', '2', '4', '39', '2', '14', 'มาก', '4', '59043');
INSERT INTO `qstn_answer` VALUES ('3642', '1', '6', '2', '4', '40', '2', '14', 'มาก', '4', '59043');
INSERT INTO `qstn_answer` VALUES ('3643', '1', '6', '2', '4', '41', '2', '15', 'มากที่สุด', '5', '59043');
INSERT INTO `qstn_answer` VALUES ('3644', '1', '6', '2', '4', '42', '2', '15', 'มากที่สุด', '5', '59043');
INSERT INTO `qstn_answer` VALUES ('3645', '1', '6', '2', '4', '43', '2', '14', 'มาก', '4', '59043');
INSERT INTO `qstn_answer` VALUES ('3646', '1', '6', '2', '4', '44', '2', '14', 'มาก', '4', '59043');
INSERT INTO `qstn_answer` VALUES ('3647', '1', '6', '2', '4', '45', '2', '14', 'มาก', '4', '59043');
INSERT INTO `qstn_answer` VALUES ('3648', '1', '6', '2', '4', '46', '2', '15', 'มากที่สุด', '5', '59043');
INSERT INTO `qstn_answer` VALUES ('3649', '1', '6', '2', '4', '47', '2', '14', 'มาก', '4', '59043');
INSERT INTO `qstn_answer` VALUES ('3650', '1', '6', '2', '5', '48', '2', '15', 'มากที่สุด', '5', '59043');
INSERT INTO `qstn_answer` VALUES ('3651', '1', '6', '2', '5', '49', '2', '15', 'มากที่สุด', '5', '59043');
INSERT INTO `qstn_answer` VALUES ('3652', '1', '6', '2', '5', '50', '2', '15', 'มากที่สุด', '5', '59043');
INSERT INTO `qstn_answer` VALUES ('3653', '1', '6', '2', '5', '51', '2', '14', 'มาก', '4', '59043');
INSERT INTO `qstn_answer` VALUES ('3654', '1', '6', '2', '5', '52', '2', '14', 'มาก', '4', '59043');
INSERT INTO `qstn_answer` VALUES ('3655', '1', '6', '2', '5', '53', '2', '14', 'มาก', '4', '59043');
INSERT INTO `qstn_answer` VALUES ('3656', '1', '6', '2', '6', '54', '2', '14', 'มาก', '4', '59043');
INSERT INTO `qstn_answer` VALUES ('3657', '1', '6', '2', '6', '55', '2', '13', 'ปานกลาง', '3', '59043');
INSERT INTO `qstn_answer` VALUES ('3658', '1', '6', '2', '6', '56', '2', '14', 'มาก', '4', '59043');
INSERT INTO `qstn_answer` VALUES ('3659', '1', '6', '2', '6', '57', '2', '14', 'มาก', '4', '59043');
INSERT INTO `qstn_answer` VALUES ('3660', '1', '6', '2', '6', '58', '2', '15', 'มากที่สุด', '5', '59043');
INSERT INTO `qstn_answer` VALUES ('3661', '1', '6', '2', '6', '59', '2', '14', 'มาก', '4', '59043');
INSERT INTO `qstn_answer` VALUES ('3662', '1', '6', '2', '6', '60', '2', '14', 'มาก', '4', '59043');
INSERT INTO `qstn_answer` VALUES ('3663', '1', '6', '2', '7', '61', '2', '14', 'มาก', '4', '59043');
INSERT INTO `qstn_answer` VALUES ('3664', '1', '6', '2', '7', '62', '2', '14', 'มาก', '4', '59043');
INSERT INTO `qstn_answer` VALUES ('3665', '1', '6', '2', '7', '63', '2', '14', 'มาก', '4', '59043');
INSERT INTO `qstn_answer` VALUES ('3666', '1', '6', '2', '7', '64', '2', '15', 'มากที่สุด', '5', '59043');
INSERT INTO `qstn_answer` VALUES ('3667', '1', '6', '2', '7', '65', '2', '14', 'มาก', '4', '59043');
INSERT INTO `qstn_answer` VALUES ('3668', '1', '6', '2', '7', '66', '2', '14', 'มาก', '4', '59043');
INSERT INTO `qstn_answer` VALUES ('3669', '1', '6', '2', '7', '67', '2', '14', 'มาก', '4', '59043');
INSERT INTO `qstn_answer` VALUES ('3670', '1', '6', '2', '8', '68', '2', '15', 'มากที่สุด', '5', '59043');
INSERT INTO `qstn_answer` VALUES ('3671', '1', '6', '2', '8', '69', '2', '15', 'มากที่สุด', '5', '59043');
INSERT INTO `qstn_answer` VALUES ('3672', '1', '6', '2', '8', '70', '2', '15', 'มากที่สุด', '5', '59043');
INSERT INTO `qstn_answer` VALUES ('3673', '1', '6', '2', '8', '71', '2', '15', 'มากที่สุด', '5', '59043');
INSERT INTO `qstn_answer` VALUES ('3674', '1', '6', '2', '8', '72', '2', '15', 'มากที่สุด', '5', '59043');
INSERT INTO `qstn_answer` VALUES ('3675', '1', '6', '2', '4', '39', '2', '12', 'น้อย', '2', '58050');
INSERT INTO `qstn_answer` VALUES ('3676', '1', '6', '2', '4', '40', '2', '12', 'น้อย', '2', '58050');
INSERT INTO `qstn_answer` VALUES ('3677', '1', '6', '2', '4', '41', '2', '13', 'ปานกลาง', '3', '58050');
INSERT INTO `qstn_answer` VALUES ('3678', '1', '6', '2', '4', '42', '2', '13', 'ปานกลาง', '3', '58050');
INSERT INTO `qstn_answer` VALUES ('3679', '1', '6', '2', '4', '43', '2', '12', 'น้อย', '2', '58050');
INSERT INTO `qstn_answer` VALUES ('3680', '1', '6', '2', '4', '44', '2', '12', 'น้อย', '2', '58050');
INSERT INTO `qstn_answer` VALUES ('3681', '1', '6', '2', '4', '45', '2', '12', 'น้อย', '2', '58050');
INSERT INTO `qstn_answer` VALUES ('3682', '1', '6', '2', '4', '46', '2', '11', 'น้อยที่สุด', '1', '58050');
INSERT INTO `qstn_answer` VALUES ('3683', '1', '6', '2', '4', '47', '2', '12', 'น้อย', '2', '58050');
INSERT INTO `qstn_answer` VALUES ('3684', '1', '6', '2', '5', '48', '2', '12', 'น้อย', '2', '58050');
INSERT INTO `qstn_answer` VALUES ('3685', '1', '6', '2', '5', '49', '2', '12', 'น้อย', '2', '58050');
INSERT INTO `qstn_answer` VALUES ('3686', '1', '6', '2', '5', '50', '2', '13', 'ปานกลาง', '3', '58050');
INSERT INTO `qstn_answer` VALUES ('3687', '1', '6', '2', '5', '51', '2', '13', 'ปานกลาง', '3', '58050');
INSERT INTO `qstn_answer` VALUES ('3688', '1', '6', '2', '5', '52', '2', '12', 'น้อย', '2', '58050');
INSERT INTO `qstn_answer` VALUES ('3689', '1', '6', '2', '5', '53', '2', '12', 'น้อย', '2', '58050');
INSERT INTO `qstn_answer` VALUES ('3690', '1', '6', '2', '6', '54', '2', '13', 'ปานกลาง', '3', '58050');
INSERT INTO `qstn_answer` VALUES ('3691', '1', '6', '2', '6', '55', '2', '11', 'น้อยที่สุด', '1', '58050');
INSERT INTO `qstn_answer` VALUES ('3692', '1', '6', '2', '6', '56', '2', '11', 'น้อยที่สุด', '1', '58050');
INSERT INTO `qstn_answer` VALUES ('3693', '1', '6', '2', '6', '57', '2', '13', 'ปานกลาง', '3', '58050');
INSERT INTO `qstn_answer` VALUES ('3694', '1', '6', '2', '6', '58', '2', '15', 'มากที่สุด', '5', '58050');
INSERT INTO `qstn_answer` VALUES ('3695', '1', '6', '2', '6', '59', '2', '13', 'ปานกลาง', '3', '58050');
INSERT INTO `qstn_answer` VALUES ('3696', '1', '6', '2', '6', '60', '2', '13', 'ปานกลาง', '3', '58050');
INSERT INTO `qstn_answer` VALUES ('3697', '1', '6', '2', '7', '61', '2', '12', 'น้อย', '2', '58050');
INSERT INTO `qstn_answer` VALUES ('3698', '1', '6', '2', '7', '62', '2', '13', 'ปานกลาง', '3', '58050');
INSERT INTO `qstn_answer` VALUES ('3699', '1', '6', '2', '7', '63', '2', '11', 'น้อยที่สุด', '1', '58050');
INSERT INTO `qstn_answer` VALUES ('3700', '1', '6', '2', '7', '64', '2', '13', 'ปานกลาง', '3', '58050');
INSERT INTO `qstn_answer` VALUES ('3701', '1', '6', '2', '7', '65', '2', '11', 'น้อยที่สุด', '1', '58050');
INSERT INTO `qstn_answer` VALUES ('3702', '1', '6', '2', '7', '66', '2', '13', 'ปานกลาง', '3', '58050');
INSERT INTO `qstn_answer` VALUES ('3703', '1', '6', '2', '7', '67', '2', '11', 'น้อยที่สุด', '1', '58050');
INSERT INTO `qstn_answer` VALUES ('3704', '1', '6', '2', '8', '68', '2', '11', 'น้อยที่สุด', '1', '58050');
INSERT INTO `qstn_answer` VALUES ('3705', '1', '6', '2', '8', '69', '2', '13', 'ปานกลาง', '3', '58050');
INSERT INTO `qstn_answer` VALUES ('3706', '1', '6', '2', '8', '70', '2', '12', 'น้อย', '2', '58050');
INSERT INTO `qstn_answer` VALUES ('3707', '1', '6', '2', '8', '71', '2', '12', 'น้อย', '2', '58050');
INSERT INTO `qstn_answer` VALUES ('3708', '1', '6', '2', '8', '72', '2', '13', 'ปานกลาง', '3', '58050');
INSERT INTO `qstn_answer` VALUES ('3709', '4', '11', '7', '19', '127', '4', '25', 'เห็นด้วย', '3', '61018');
INSERT INTO `qstn_answer` VALUES ('3710', '4', '11', '7', '19', '128', '4', '25', 'เห็นด้วย', '3', '61018');
INSERT INTO `qstn_answer` VALUES ('3711', '4', '11', '7', '19', '129', '4', '25', 'เห็นด้วย', '3', '61018');
INSERT INTO `qstn_answer` VALUES ('3712', '4', '11', '7', '19', '130', '4', '22', 'ไม่เห็นด้วยอย่างยิ่ง', '0', '61018');
INSERT INTO `qstn_answer` VALUES ('3713', '4', '11', '7', '20', '131', '4', '25', 'เห็นด้วย', '3', '61018');
INSERT INTO `qstn_answer` VALUES ('3714', '4', '11', '7', '20', '132', '4', '25', 'เห็นด้วย', '3', '61018');
INSERT INTO `qstn_answer` VALUES ('3715', '4', '11', '7', '20', '133', '4', '25', 'เห็นด้วย', '3', '61018');
INSERT INTO `qstn_answer` VALUES ('3716', '4', '11', '7', '21', '134', '4', '23', 'ไม่เห็นด้วย', '1', '61018');
INSERT INTO `qstn_answer` VALUES ('3717', '4', '11', '7', '21', '135', '4', '24', 'ไม่มีความเห็น', '2', '61018');
INSERT INTO `qstn_answer` VALUES ('3718', '4', '11', '7', '21', '136', '4', '23', 'ไม่เห็นด้วย', '1', '61018');
INSERT INTO `qstn_answer` VALUES ('3719', '4', '11', '7', '21', '137', '4', '22', 'ไม่เห็นด้วยอย่างยิ่ง', '0', '61018');
INSERT INTO `qstn_answer` VALUES ('3720', '4', '11', '7', '22', '138', '4', '23', 'ไม่เห็นด้วย', '1', '61018');
INSERT INTO `qstn_answer` VALUES ('3721', '4', '11', '7', '22', '139', '4', '23', 'ไม่เห็นด้วย', '1', '61018');
INSERT INTO `qstn_answer` VALUES ('3722', '4', '11', '7', '22', '140', '4', '23', 'ไม่เห็นด้วย', '1', '61018');
INSERT INTO `qstn_answer` VALUES ('3723', '4', '11', '7', '23', '141', '4', '22', 'ไม่เห็นด้วยอย่างยิ่ง', '0', '61018');
INSERT INTO `qstn_answer` VALUES ('3724', '4', '11', '7', '23', '142', '4', '24', 'ไม่มีความเห็น', '2', '61018');
INSERT INTO `qstn_answer` VALUES ('3725', '4', '11', '7', '23', '143', '4', '24', 'ไม่มีความเห็น', '2', '61018');
INSERT INTO `qstn_answer` VALUES ('3726', '4', '11', '7', '23', '144', '4', '24', 'ไม่มีความเห็น', '2', '61018');
INSERT INTO `qstn_answer` VALUES ('3727', '4', '11', '9', '25', '149', '4', '25', 'เห็นด้วย', '3', '61018');
INSERT INTO `qstn_answer` VALUES ('3728', '4', '11', '9', '25', '150', '4', '24', 'ไม่มีความเห็น', '2', '61018');
INSERT INTO `qstn_answer` VALUES ('3729', '4', '11', '9', '25', '151', '4', '24', 'ไม่มีความเห็น', '2', '61018');
INSERT INTO `qstn_answer` VALUES ('3730', '4', '11', '9', '26', '152', '4', '22', 'ไม่เห็นด้วยอย่างยิ่ง', '0', '61018');
INSERT INTO `qstn_answer` VALUES ('3731', '4', '11', '9', '26', '153', '4', '22', 'ไม่เห็นด้วยอย่างยิ่ง', '0', '61018');
INSERT INTO `qstn_answer` VALUES ('3732', '4', '11', '9', '26', '154', '4', '25', 'เห็นด้วย', '3', '61018');
INSERT INTO `qstn_answer` VALUES ('3733', '4', '11', '10', '27', '155', '4', '24', 'ไม่มีความเห็น', '2', '61018');
INSERT INTO `qstn_answer` VALUES ('3734', '4', '11', '10', '27', '156', '4', '24', 'ไม่มีความเห็น', '2', '61018');
INSERT INTO `qstn_answer` VALUES ('3735', '4', '11', '10', '27', '157', '4', '24', 'ไม่มีความเห็น', '2', '61018');
INSERT INTO `qstn_answer` VALUES ('3736', '4', '11', '11', '28', '158', '5', '29', 'ยอมรับได้ Acceptable', '2', '61018');
INSERT INTO `qstn_answer` VALUES ('3737', '4', '11', '12', '29', '159', '4', '24', 'ไม่มีความเห็น', '2', '61018');
INSERT INTO `qstn_answer` VALUES ('3738', '4', '11', '12', '29', '160', '4', '24', 'ไม่มีความเห็น', '2', '61018');
INSERT INTO `qstn_answer` VALUES ('3739', '4', '11', '12', '29', '161', '4', '26', 'เห็นด้วยอย่างยิ่ง', '4', '61018');
INSERT INTO `qstn_answer` VALUES ('3740', '4', '11', '12', '30', '162', '4', '24', 'ไม่มีความเห็น', '2', '61018');
INSERT INTO `qstn_answer` VALUES ('3741', '4', '11', '12', '30', '163', '4', '24', 'ไม่มีความเห็น', '2', '61018');
INSERT INTO `qstn_answer` VALUES ('3742', '4', '11', '12', '30', '164', '4', '23', 'ไม่เห็นด้วย', '1', '61018');
INSERT INTO `qstn_answer` VALUES ('3743', '4', '11', '12', '30', '165', '4', '25', 'เห็นด้วย', '3', '61018');
INSERT INTO `qstn_answer` VALUES ('3744', '4', '11', '12', '31', '166', '4', '24', 'ไม่มีความเห็น', '2', '61018');
INSERT INTO `qstn_answer` VALUES ('3745', '4', '11', '12', '31', '167', '4', '24', 'ไม่มีความเห็น', '2', '61018');
INSERT INTO `qstn_answer` VALUES ('3746', '4', '11', '12', '31', '168', '4', '24', 'ไม่มีความเห็น', '2', '61018');
INSERT INTO `qstn_answer` VALUES ('3747', '4', '11', '12', '31', '169', '4', '24', 'ไม่มีความเห็น', '2', '61018');
INSERT INTO `qstn_answer` VALUES ('3748', '4', '11', '8', '24', '145', '4', '24', 'ไม่มีความเห็น', '2', '61018');
INSERT INTO `qstn_answer` VALUES ('3749', '4', '11', '8', '24', '146', '4', '24', 'ไม่มีความเห็น', '2', '61018');
INSERT INTO `qstn_answer` VALUES ('3750', '4', '11', '8', '24', '147', '4', '24', 'ไม่มีความเห็น', '2', '61018');
INSERT INTO `qstn_answer` VALUES ('3751', '4', '11', '8', '24', '148', '4', '24', 'ไม่มีความเห็น', '2', '61018');
INSERT INTO `qstn_answer` VALUES ('3752', '1', '6', '2', '4', '39', '2', '14', 'มาก', '4', '58047');
INSERT INTO `qstn_answer` VALUES ('3753', '1', '6', '2', '4', '40', '2', '14', 'มาก', '4', '58047');
INSERT INTO `qstn_answer` VALUES ('3754', '1', '6', '2', '4', '41', '2', '13', 'ปานกลาง', '3', '58047');
INSERT INTO `qstn_answer` VALUES ('3755', '1', '6', '2', '4', '42', '2', '13', 'ปานกลาง', '3', '58047');
INSERT INTO `qstn_answer` VALUES ('3756', '1', '6', '2', '4', '43', '2', '14', 'มาก', '4', '58047');
INSERT INTO `qstn_answer` VALUES ('3757', '1', '6', '2', '4', '44', '2', '13', 'ปานกลาง', '3', '58047');
INSERT INTO `qstn_answer` VALUES ('3758', '1', '6', '2', '4', '45', '2', '13', 'ปานกลาง', '3', '58047');
INSERT INTO `qstn_answer` VALUES ('3759', '1', '6', '2', '4', '46', '2', '13', 'ปานกลาง', '3', '58047');
INSERT INTO `qstn_answer` VALUES ('3760', '1', '6', '2', '4', '47', '2', '13', 'ปานกลาง', '3', '58047');
INSERT INTO `qstn_answer` VALUES ('3761', '1', '6', '2', '5', '48', '2', '13', 'ปานกลาง', '3', '58047');
INSERT INTO `qstn_answer` VALUES ('3762', '1', '6', '2', '5', '49', '2', '13', 'ปานกลาง', '3', '58047');
INSERT INTO `qstn_answer` VALUES ('3763', '1', '6', '2', '5', '50', '2', '12', 'น้อย', '2', '58047');
INSERT INTO `qstn_answer` VALUES ('3764', '1', '6', '2', '5', '51', '2', '14', 'มาก', '4', '58047');
INSERT INTO `qstn_answer` VALUES ('3765', '1', '6', '2', '5', '52', '2', '13', 'ปานกลาง', '3', '58047');
INSERT INTO `qstn_answer` VALUES ('3766', '1', '6', '2', '5', '53', '2', '13', 'ปานกลาง', '3', '58047');
INSERT INTO `qstn_answer` VALUES ('3767', '1', '6', '2', '6', '54', '2', '13', 'ปานกลาง', '3', '58047');
INSERT INTO `qstn_answer` VALUES ('3768', '1', '6', '2', '6', '55', '2', '13', 'ปานกลาง', '3', '58047');
INSERT INTO `qstn_answer` VALUES ('3769', '1', '6', '2', '6', '56', '2', '12', 'น้อย', '2', '58047');
INSERT INTO `qstn_answer` VALUES ('3770', '1', '6', '2', '6', '57', '2', '13', 'ปานกลาง', '3', '58047');
INSERT INTO `qstn_answer` VALUES ('3771', '1', '6', '2', '6', '58', '2', '13', 'ปานกลาง', '3', '58047');
INSERT INTO `qstn_answer` VALUES ('3772', '1', '6', '2', '6', '59', '2', '13', 'ปานกลาง', '3', '58047');
INSERT INTO `qstn_answer` VALUES ('3773', '1', '6', '2', '6', '60', '2', '13', 'ปานกลาง', '3', '58047');
INSERT INTO `qstn_answer` VALUES ('3774', '1', '6', '2', '7', '61', '2', '12', 'น้อย', '2', '58047');
INSERT INTO `qstn_answer` VALUES ('3775', '1', '6', '2', '7', '62', '2', '13', 'ปานกลาง', '3', '58047');
INSERT INTO `qstn_answer` VALUES ('3776', '1', '6', '2', '7', '63', '2', '12', 'น้อย', '2', '58047');
INSERT INTO `qstn_answer` VALUES ('3777', '1', '6', '2', '7', '64', '2', '14', 'มาก', '4', '58047');
INSERT INTO `qstn_answer` VALUES ('3778', '1', '6', '2', '7', '65', '2', '12', 'น้อย', '2', '58047');
INSERT INTO `qstn_answer` VALUES ('3779', '1', '6', '2', '7', '66', '2', '14', 'มาก', '4', '58047');
INSERT INTO `qstn_answer` VALUES ('3780', '1', '6', '2', '7', '67', '2', '13', 'ปานกลาง', '3', '58047');
INSERT INTO `qstn_answer` VALUES ('3781', '1', '6', '2', '8', '68', '2', '13', 'ปานกลาง', '3', '58047');
INSERT INTO `qstn_answer` VALUES ('3782', '1', '6', '2', '8', '69', '2', '14', 'มาก', '4', '58047');
INSERT INTO `qstn_answer` VALUES ('3783', '1', '6', '2', '8', '70', '2', '13', 'ปานกลาง', '3', '58047');
INSERT INTO `qstn_answer` VALUES ('3784', '1', '6', '2', '8', '71', '2', '13', 'ปานกลาง', '3', '58047');
INSERT INTO `qstn_answer` VALUES ('3785', '1', '6', '2', '8', '72', '2', '13', 'ปานกลาง', '3', '58047');

-- ----------------------------
-- Table structure for qstn_category
-- ----------------------------
DROP TABLE IF EXISTS `qstn_category`;
CREATE TABLE `qstn_category` (
  `category_id` int(11) NOT NULL AUTO_INCREMENT,
  `category_number` varchar(5) NOT NULL,
  `category_name` text NOT NULL,
  `form_id` int(11) NOT NULL,
  PRIMARY KEY (`category_id`)
) ENGINE=InnoDB AUTO_INCREMENT=13 DEFAULT CHARSET=utf8;

-- ----------------------------
-- Records of qstn_category
-- ----------------------------
INSERT INTO `qstn_category` VALUES ('1', '1', 'มิติที่สำรวจ', '5');
INSERT INTO `qstn_category` VALUES ('2', '1', 'ความพึงพอใจต่อการนำองค์กรของผู้บริหาร', '6');
INSERT INTO `qstn_category` VALUES ('3', '1', 'test', '7');
INSERT INTO `qstn_category` VALUES ('4', '1', 'ความพึงพอใจของผู้รับบริการ', '8');
INSERT INTO `qstn_category` VALUES ('5', '1', '\"Hospital Survey on Patient Safety\"', '9');
INSERT INTO `qstn_category` VALUES ('6', '1', 'test c', '10');
INSERT INTO `qstn_category` VALUES ('7', 'A', 'ความเห็นต่อการทำงานในหน่วยงานของท่าน', '11');
INSERT INTO `qstn_category` VALUES ('8', 'ฺB', 'ความเห็นต่อ หัวหน้าหน่วยงาน / หัวหน้าที่อยู่เหนือขึ้นไป ของท่าน', '11');
INSERT INTO `qstn_category` VALUES ('9', 'C', 'ความเห็นต่อการสื่อสาร', '11');
INSERT INTO `qstn_category` VALUES ('10', 'D', 'ความเห็นต่อความถี่ในการรายงานเหตุการณ์', '11');
INSERT INTO `qstn_category` VALUES ('11', 'E', 'ภาพรวม   ระดับความปลอดภัยของผู้ป่วย ในหน่วยงานของท่าน', '11');
INSERT INTO `qstn_category` VALUES ('12', 'F', 'ความเห็นต่อ ศูนย์ความเป็นเลิศทางการแพทย์ ของท่าน', '11');

-- ----------------------------
-- Table structure for qstn_choice
-- ----------------------------
DROP TABLE IF EXISTS `qstn_choice`;
CREATE TABLE `qstn_choice` (
  `choice_id` int(11) NOT NULL AUTO_INCREMENT,
  `choice_number` varchar(5) NOT NULL,
  `choice_name` varchar(100) NOT NULL,
  `choice_point` varchar(10) NOT NULL,
  `choice_group_id` int(11) NOT NULL,
  PRIMARY KEY (`choice_id`)
) ENGINE=InnoDB AUTO_INCREMENT=32 DEFAULT CHARSET=utf8;

-- ----------------------------
-- Records of qstn_choice
-- ----------------------------
INSERT INTO `qstn_choice` VALUES ('1', '1', 'ไม่เห็นด้วยอย่างยิ่ง', '1', '0');
INSERT INTO `qstn_choice` VALUES ('2', '2', 'ไม่เห็นด้วย', '2', '0');
INSERT INTO `qstn_choice` VALUES ('3', '3', 'ไม่มีความเห็น', '3', '0');
INSERT INTO `qstn_choice` VALUES ('4', '4', 'เห็นด้วย', '4', '0');
INSERT INTO `qstn_choice` VALUES ('5', '5', 'เห็นด้วยอย่างยิ่ง', '5', '0');
INSERT INTO `qstn_choice` VALUES ('6', '1', 'ไม่เห็นด้วยอย่างยิ่ง', '1', '1');
INSERT INTO `qstn_choice` VALUES ('7', '2', 'ไม่เห็นด้วย', '2', '1');
INSERT INTO `qstn_choice` VALUES ('8', '3', 'ไม่มีความเห็น', '3', '1');
INSERT INTO `qstn_choice` VALUES ('9', '4', 'เห็นด้วย', '4', '1');
INSERT INTO `qstn_choice` VALUES ('10', '5', 'เห็นด้วยอย่างยิ่ง', '5', '1');
INSERT INTO `qstn_choice` VALUES ('11', '1', 'น้อยที่สุด', '1', '2');
INSERT INTO `qstn_choice` VALUES ('12', '2', 'น้อย', '2', '2');
INSERT INTO `qstn_choice` VALUES ('13', '3', 'ปานกลาง', '3', '2');
INSERT INTO `qstn_choice` VALUES ('14', '4', 'มาก', '4', '2');
INSERT INTO `qstn_choice` VALUES ('15', '5', 'มากที่สุด', '5', '2');
INSERT INTO `qstn_choice` VALUES ('16', '1', 'ไม่เคยแสดงออก', '0', '3');
INSERT INTO `qstn_choice` VALUES ('17', '2', 'น้อยครั้ง', '1', '3');
INSERT INTO `qstn_choice` VALUES ('18', '3', 'บางครั้ง', '2', '3');
INSERT INTO `qstn_choice` VALUES ('19', '4', 'บ่อยครั้ง', '3', '3');
INSERT INTO `qstn_choice` VALUES ('20', '5', 'เกือบสม่ำเสมอ', '4', '3');
INSERT INTO `qstn_choice` VALUES ('21', '6', 'สม่ำเสมอ', '5', '3');
INSERT INTO `qstn_choice` VALUES ('22', '1', 'ไม่เห็นด้วยอย่างยิ่ง', '0', '4');
INSERT INTO `qstn_choice` VALUES ('23', '2', 'ไม่เห็นด้วย', '1', '4');
INSERT INTO `qstn_choice` VALUES ('24', '3', 'ไม่มีความเห็น', '2', '4');
INSERT INTO `qstn_choice` VALUES ('25', '4', 'เห็นด้วย', '3', '4');
INSERT INTO `qstn_choice` VALUES ('26', '5', 'เห็นด้วยอย่างยิ่ง', '4', '4');
INSERT INTO `qstn_choice` VALUES ('27', '1', 'ล้มเหลวไม่ปลอดภัย Failing', '0', '5');
INSERT INTO `qstn_choice` VALUES ('28', '2', 'ไม่ดี Poor', '1', '5');
INSERT INTO `qstn_choice` VALUES ('29', '3', 'ยอมรับได้ Acceptable', '2', '5');
INSERT INTO `qstn_choice` VALUES ('30', '4', 'ดีมาก Very good', '3', '5');
INSERT INTO `qstn_choice` VALUES ('31', '5', 'ดีเยี่ยม Excellent', '4', '5');

-- ----------------------------
-- Table structure for qstn_choice_group
-- ----------------------------
DROP TABLE IF EXISTS `qstn_choice_group`;
CREATE TABLE `qstn_choice_group` (
  `choice_group_id` int(11) NOT NULL AUTO_INCREMENT,
  `choice_group_name` text NOT NULL,
  `choice_group_name_show` text NOT NULL,
  PRIMARY KEY (`choice_group_id`)
) ENGINE=InnoDB AUTO_INCREMENT=6 DEFAULT CHARSET=utf8;

-- ----------------------------
-- Records of qstn_choice_group
-- ----------------------------
INSERT INTO `qstn_choice_group` VALUES ('1', 'ระดับความคิดเห็น ไม่เห็นด้วยอย่างยิ่ง-ไม่เห็นด้วยอย่างยิ่ง (1-5)', 'ระดับความคิดเห็น');
INSERT INTO `qstn_choice_group` VALUES ('2', 'ระดับความพึงพอใจ น้อยที่สุด-มากที่สุด (1-5)', 'ระดับความพึงพอใจ');
INSERT INTO `qstn_choice_group` VALUES ('3', 'ระดับการแสดงพฤติกรรม ไม่เคยแสดงออก ถึง สม่ำเสมอ (0-5)', 'ระดับการแสดงพฤติกรรม');
INSERT INTO `qstn_choice_group` VALUES ('4', 'ระดับความคิดเห็น \"Hospital Survey on Patient Safety\"', 'ระดับความคิดเห็น');
INSERT INTO `qstn_choice_group` VALUES ('5', 'ระดับความปลอดภัยของผู้ป่วยในหน่วยงาน (E)', 'ภาพรวมระดับความปลอดภัยของผู้ป่วย');

-- ----------------------------
-- Table structure for qstn_evaluate_person
-- ----------------------------
DROP TABLE IF EXISTS `qstn_evaluate_person`;
CREATE TABLE `qstn_evaluate_person` (
  `evaluate_person_id` int(11) NOT NULL AUTO_INCREMENT,
  `evaluation_id` int(11) NOT NULL,
  `person_id` varchar(10) NOT NULL,
  `evaluate_time` datetime NOT NULL,
  PRIMARY KEY (`evaluate_person_id`)
) ENGINE=InnoDB AUTO_INCREMENT=479 DEFAULT CHARSET=utf8;

-- ----------------------------
-- Records of qstn_evaluate_person
-- ----------------------------
INSERT INTO `qstn_evaluate_person` VALUES ('5', '1', '20017', '2020-09-22 18:02:40');
INSERT INTO `qstn_evaluate_person` VALUES ('6', '1', '20041', '2020-09-22 18:51:49');
INSERT INTO `qstn_evaluate_person` VALUES ('7', '1', '54009', '0000-00-00 00:00:00');
INSERT INTO `qstn_evaluate_person` VALUES ('8', '1', '55012', '0000-00-00 00:00:00');
INSERT INTO `qstn_evaluate_person` VALUES ('9', '1', '55013', '2020-09-21 13:53:38');
INSERT INTO `qstn_evaluate_person` VALUES ('10', '1', '55015', '0000-00-00 00:00:00');
INSERT INTO `qstn_evaluate_person` VALUES ('11', '1', '56003', '0000-00-00 00:00:00');
INSERT INTO `qstn_evaluate_person` VALUES ('12', '1', '56004', '2020-09-23 09:09:08');
INSERT INTO `qstn_evaluate_person` VALUES ('13', '1', '56006', '0000-00-00 00:00:00');
INSERT INTO `qstn_evaluate_person` VALUES ('14', '1', '56007', '2020-09-21 12:21:07');
INSERT INTO `qstn_evaluate_person` VALUES ('15', '1', '56010', '2020-09-22 08:29:30');
INSERT INTO `qstn_evaluate_person` VALUES ('16', '1', '56011', '0000-00-00 00:00:00');
INSERT INTO `qstn_evaluate_person` VALUES ('17', '1', '56016', '0000-00-00 00:00:00');
INSERT INTO `qstn_evaluate_person` VALUES ('18', '1', '56017', '2020-09-22 20:39:41');
INSERT INTO `qstn_evaluate_person` VALUES ('19', '1', '56018', '2020-09-23 09:28:12');
INSERT INTO `qstn_evaluate_person` VALUES ('20', '1', '56020', '2020-09-21 12:11:35');
INSERT INTO `qstn_evaluate_person` VALUES ('21', '1', '56023', '2020-09-21 13:31:48');
INSERT INTO `qstn_evaluate_person` VALUES ('22', '1', '56025', '0000-00-00 00:00:00');
INSERT INTO `qstn_evaluate_person` VALUES ('23', '1', '57002', '0000-00-00 00:00:00');
INSERT INTO `qstn_evaluate_person` VALUES ('24', '1', '57003', '0000-00-00 00:00:00');
INSERT INTO `qstn_evaluate_person` VALUES ('25', '1', '57004', '0000-00-00 00:00:00');
INSERT INTO `qstn_evaluate_person` VALUES ('26', '1', '57005', '0000-00-00 00:00:00');
INSERT INTO `qstn_evaluate_person` VALUES ('27', '1', '57007', '2020-09-22 16:09:02');
INSERT INTO `qstn_evaluate_person` VALUES ('28', '1', '57008', '0000-00-00 00:00:00');
INSERT INTO `qstn_evaluate_person` VALUES ('29', '1', '57011', '2020-09-21 12:16:20');
INSERT INTO `qstn_evaluate_person` VALUES ('30', '1', '57015', '0000-00-00 00:00:00');
INSERT INTO `qstn_evaluate_person` VALUES ('31', '1', '58001', '0000-00-00 00:00:00');
INSERT INTO `qstn_evaluate_person` VALUES ('32', '1', '58002', '2020-09-21 12:09:55');
INSERT INTO `qstn_evaluate_person` VALUES ('33', '1', '58003', '0000-00-00 00:00:00');
INSERT INTO `qstn_evaluate_person` VALUES ('34', '1', '58004', '0000-00-00 00:00:00');
INSERT INTO `qstn_evaluate_person` VALUES ('35', '1', '58005', '2020-09-21 15:48:57');
INSERT INTO `qstn_evaluate_person` VALUES ('36', '1', '58007', '2020-09-22 16:35:09');
INSERT INTO `qstn_evaluate_person` VALUES ('37', '1', '58008', '2020-09-21 14:03:26');
INSERT INTO `qstn_evaluate_person` VALUES ('38', '1', '58009', '0000-00-00 00:00:00');
INSERT INTO `qstn_evaluate_person` VALUES ('39', '1', '58012', '0000-00-00 00:00:00');
INSERT INTO `qstn_evaluate_person` VALUES ('40', '1', '58015', '2020-09-22 17:14:47');
INSERT INTO `qstn_evaluate_person` VALUES ('41', '1', '58016', '0000-00-00 00:00:00');
INSERT INTO `qstn_evaluate_person` VALUES ('42', '1', '58018', '0000-00-00 00:00:00');
INSERT INTO `qstn_evaluate_person` VALUES ('43', '1', '58019', '2020-09-21 13:41:02');
INSERT INTO `qstn_evaluate_person` VALUES ('44', '1', '58022', '0000-00-00 00:00:00');
INSERT INTO `qstn_evaluate_person` VALUES ('45', '1', '58023', '0000-00-00 00:00:00');
INSERT INTO `qstn_evaluate_person` VALUES ('46', '1', '58024', '2020-09-21 14:55:36');
INSERT INTO `qstn_evaluate_person` VALUES ('47', '1', '58025', '2020-09-21 14:01:03');
INSERT INTO `qstn_evaluate_person` VALUES ('48', '1', '58026', '0000-00-00 00:00:00');
INSERT INTO `qstn_evaluate_person` VALUES ('49', '1', '58027', '0000-00-00 00:00:00');
INSERT INTO `qstn_evaluate_person` VALUES ('50', '1', '58028', '0000-00-00 00:00:00');
INSERT INTO `qstn_evaluate_person` VALUES ('51', '1', '58029', '2020-09-22 09:36:50');
INSERT INTO `qstn_evaluate_person` VALUES ('52', '1', '58032', '0000-00-00 00:00:00');
INSERT INTO `qstn_evaluate_person` VALUES ('53', '1', '58034', '0000-00-00 00:00:00');
INSERT INTO `qstn_evaluate_person` VALUES ('54', '1', '58035', '2020-09-22 22:50:03');
INSERT INTO `qstn_evaluate_person` VALUES ('55', '1', '58037', '0000-00-00 00:00:00');
INSERT INTO `qstn_evaluate_person` VALUES ('56', '1', '58039', '0000-00-00 00:00:00');
INSERT INTO `qstn_evaluate_person` VALUES ('57', '1', '58040', '2020-09-22 06:00:32');
INSERT INTO `qstn_evaluate_person` VALUES ('58', '1', '58044', '0000-00-00 00:00:00');
INSERT INTO `qstn_evaluate_person` VALUES ('59', '1', '58046', '0000-00-00 00:00:00');
INSERT INTO `qstn_evaluate_person` VALUES ('60', '1', '58047', '2020-09-28 09:19:44');
INSERT INTO `qstn_evaluate_person` VALUES ('61', '1', '58050', '2020-09-24 10:02:45');
INSERT INTO `qstn_evaluate_person` VALUES ('62', '1', '58052', '0000-00-00 00:00:00');
INSERT INTO `qstn_evaluate_person` VALUES ('63', '1', '58053', '0000-00-00 00:00:00');
INSERT INTO `qstn_evaluate_person` VALUES ('64', '1', '59003', '0000-00-00 00:00:00');
INSERT INTO `qstn_evaluate_person` VALUES ('65', '1', '59005', '0000-00-00 00:00:00');
INSERT INTO `qstn_evaluate_person` VALUES ('66', '1', '59006', '0000-00-00 00:00:00');
INSERT INTO `qstn_evaluate_person` VALUES ('67', '1', '59007', '2020-09-22 20:18:08');
INSERT INTO `qstn_evaluate_person` VALUES ('68', '1', '59008', '0000-00-00 00:00:00');
INSERT INTO `qstn_evaluate_person` VALUES ('69', '1', '59009', '0000-00-00 00:00:00');
INSERT INTO `qstn_evaluate_person` VALUES ('70', '1', '59010', '0000-00-00 00:00:00');
INSERT INTO `qstn_evaluate_person` VALUES ('71', '1', '59011', '0000-00-00 00:00:00');
INSERT INTO `qstn_evaluate_person` VALUES ('72', '1', '59012', '2020-09-21 12:19:39');
INSERT INTO `qstn_evaluate_person` VALUES ('73', '1', '59014', '0000-00-00 00:00:00');
INSERT INTO `qstn_evaluate_person` VALUES ('74', '1', '59015', '0000-00-00 00:00:00');
INSERT INTO `qstn_evaluate_person` VALUES ('75', '1', '59017', '2020-09-21 13:19:30');
INSERT INTO `qstn_evaluate_person` VALUES ('76', '1', '59019', '2020-09-22 15:07:46');
INSERT INTO `qstn_evaluate_person` VALUES ('77', '1', '59020', '2020-09-21 14:00:06');
INSERT INTO `qstn_evaluate_person` VALUES ('78', '1', '59021', '0000-00-00 00:00:00');
INSERT INTO `qstn_evaluate_person` VALUES ('79', '1', '59022', '0000-00-00 00:00:00');
INSERT INTO `qstn_evaluate_person` VALUES ('80', '1', '59024', '2020-09-21 12:29:26');
INSERT INTO `qstn_evaluate_person` VALUES ('81', '1', '59025', '0000-00-00 00:00:00');
INSERT INTO `qstn_evaluate_person` VALUES ('82', '1', '59027', '2020-09-22 09:37:44');
INSERT INTO `qstn_evaluate_person` VALUES ('83', '1', '59028', '0000-00-00 00:00:00');
INSERT INTO `qstn_evaluate_person` VALUES ('84', '1', '59029', '0000-00-00 00:00:00');
INSERT INTO `qstn_evaluate_person` VALUES ('85', '1', '59030', '2020-09-22 15:10:00');
INSERT INTO `qstn_evaluate_person` VALUES ('86', '1', '59031', '2020-09-23 10:35:05');
INSERT INTO `qstn_evaluate_person` VALUES ('87', '1', '59032', '2020-09-22 14:34:26');
INSERT INTO `qstn_evaluate_person` VALUES ('88', '1', '59033', '2020-09-21 12:22:05');
INSERT INTO `qstn_evaluate_person` VALUES ('89', '1', '59034', '2020-09-22 09:50:06');
INSERT INTO `qstn_evaluate_person` VALUES ('90', '1', '59038', '0000-00-00 00:00:00');
INSERT INTO `qstn_evaluate_person` VALUES ('91', '1', '59039', '0000-00-00 00:00:00');
INSERT INTO `qstn_evaluate_person` VALUES ('92', '1', '59043', '2020-09-23 20:00:25');
INSERT INTO `qstn_evaluate_person` VALUES ('93', '1', '59045', '0000-00-00 00:00:00');
INSERT INTO `qstn_evaluate_person` VALUES ('94', '1', '59047', '0000-00-00 00:00:00');
INSERT INTO `qstn_evaluate_person` VALUES ('95', '1', '59048', '2020-09-21 12:33:41');
INSERT INTO `qstn_evaluate_person` VALUES ('96', '1', '59049', '0000-00-00 00:00:00');
INSERT INTO `qstn_evaluate_person` VALUES ('97', '1', '59050', '0000-00-00 00:00:00');
INSERT INTO `qstn_evaluate_person` VALUES ('98', '1', '59051', '0000-00-00 00:00:00');
INSERT INTO `qstn_evaluate_person` VALUES ('99', '1', '59052', '0000-00-00 00:00:00');
INSERT INTO `qstn_evaluate_person` VALUES ('100', '1', '59053', '0000-00-00 00:00:00');
INSERT INTO `qstn_evaluate_person` VALUES ('101', '1', '59054', '2020-09-22 18:10:10');
INSERT INTO `qstn_evaluate_person` VALUES ('102', '1', '59056', '0000-00-00 00:00:00');
INSERT INTO `qstn_evaluate_person` VALUES ('103', '1', '59060', '2020-09-22 09:08:19');
INSERT INTO `qstn_evaluate_person` VALUES ('104', '1', '59061', '2020-09-21 13:25:33');
INSERT INTO `qstn_evaluate_person` VALUES ('105', '1', '59062', '2020-09-21 16:21:50');
INSERT INTO `qstn_evaluate_person` VALUES ('106', '1', '59065', '0000-00-00 00:00:00');
INSERT INTO `qstn_evaluate_person` VALUES ('107', '1', '60001', '2020-09-21 12:09:25');
INSERT INTO `qstn_evaluate_person` VALUES ('108', '1', '60002', '2020-09-21 12:19:46');
INSERT INTO `qstn_evaluate_person` VALUES ('109', '1', '60005', '0000-00-00 00:00:00');
INSERT INTO `qstn_evaluate_person` VALUES ('110', '1', '60008', '0000-00-00 00:00:00');
INSERT INTO `qstn_evaluate_person` VALUES ('111', '1', '60009', '0000-00-00 00:00:00');
INSERT INTO `qstn_evaluate_person` VALUES ('112', '1', '60010', '0000-00-00 00:00:00');
INSERT INTO `qstn_evaluate_person` VALUES ('113', '1', '60012', '0000-00-00 00:00:00');
INSERT INTO `qstn_evaluate_person` VALUES ('114', '1', '60017', '0000-00-00 00:00:00');
INSERT INTO `qstn_evaluate_person` VALUES ('115', '1', '60021', '0000-00-00 00:00:00');
INSERT INTO `qstn_evaluate_person` VALUES ('116', '1', '60023', '2020-09-21 16:16:06');
INSERT INTO `qstn_evaluate_person` VALUES ('117', '1', '60024', '2020-09-21 12:14:56');
INSERT INTO `qstn_evaluate_person` VALUES ('118', '1', '60025', '0000-00-00 00:00:00');
INSERT INTO `qstn_evaluate_person` VALUES ('119', '1', '60027', '0000-00-00 00:00:00');
INSERT INTO `qstn_evaluate_person` VALUES ('120', '1', '60029', '2020-09-21 12:21:59');
INSERT INTO `qstn_evaluate_person` VALUES ('121', '1', '60030', '2020-09-21 13:10:09');
INSERT INTO `qstn_evaluate_person` VALUES ('122', '1', '60032', '0000-00-00 00:00:00');
INSERT INTO `qstn_evaluate_person` VALUES ('123', '1', '60034', '0000-00-00 00:00:00');
INSERT INTO `qstn_evaluate_person` VALUES ('124', '1', '60035', '0000-00-00 00:00:00');
INSERT INTO `qstn_evaluate_person` VALUES ('125', '1', '60037', '2020-09-21 12:31:56');
INSERT INTO `qstn_evaluate_person` VALUES ('126', '1', '60038', '0000-00-00 00:00:00');
INSERT INTO `qstn_evaluate_person` VALUES ('127', '1', '60043', '0000-00-00 00:00:00');
INSERT INTO `qstn_evaluate_person` VALUES ('128', '1', '60044', '2020-09-22 15:11:49');
INSERT INTO `qstn_evaluate_person` VALUES ('129', '1', '60045', '2020-09-21 13:26:19');
INSERT INTO `qstn_evaluate_person` VALUES ('130', '1', '60046', '2020-09-21 12:44:04');
INSERT INTO `qstn_evaluate_person` VALUES ('131', '1', '60048', '2020-09-22 16:51:56');
INSERT INTO `qstn_evaluate_person` VALUES ('132', '1', '60050', '0000-00-00 00:00:00');
INSERT INTO `qstn_evaluate_person` VALUES ('133', '1', '60051', '0000-00-00 00:00:00');
INSERT INTO `qstn_evaluate_person` VALUES ('134', '1', '60052', '2020-09-23 09:21:33');
INSERT INTO `qstn_evaluate_person` VALUES ('135', '1', '60054', '0000-00-00 00:00:00');
INSERT INTO `qstn_evaluate_person` VALUES ('136', '1', '60055', '2020-09-22 16:10:01');
INSERT INTO `qstn_evaluate_person` VALUES ('137', '1', '60060', '0000-00-00 00:00:00');
INSERT INTO `qstn_evaluate_person` VALUES ('138', '1', '61001', '0000-00-00 00:00:00');
INSERT INTO `qstn_evaluate_person` VALUES ('139', '1', '61003', '2020-09-22 21:20:44');
INSERT INTO `qstn_evaluate_person` VALUES ('140', '1', '61004', '0000-00-00 00:00:00');
INSERT INTO `qstn_evaluate_person` VALUES ('141', '1', '61006', '0000-00-00 00:00:00');
INSERT INTO `qstn_evaluate_person` VALUES ('142', '1', '61008', '0000-00-00 00:00:00');
INSERT INTO `qstn_evaluate_person` VALUES ('143', '1', '61011', '0000-00-00 00:00:00');
INSERT INTO `qstn_evaluate_person` VALUES ('144', '1', '61012', '2020-09-23 10:33:18');
INSERT INTO `qstn_evaluate_person` VALUES ('145', '1', '61013', '2020-09-21 14:18:51');
INSERT INTO `qstn_evaluate_person` VALUES ('146', '1', '61015', '2020-09-22 19:31:37');
INSERT INTO `qstn_evaluate_person` VALUES ('147', '1', '61016', '0000-00-00 00:00:00');
INSERT INTO `qstn_evaluate_person` VALUES ('148', '1', '61018', '2020-09-22 08:52:06');
INSERT INTO `qstn_evaluate_person` VALUES ('149', '1', '61019', '0000-00-00 00:00:00');
INSERT INTO `qstn_evaluate_person` VALUES ('150', '1', '61020', '0000-00-00 00:00:00');
INSERT INTO `qstn_evaluate_person` VALUES ('151', '1', '61022', '2020-09-23 10:09:47');
INSERT INTO `qstn_evaluate_person` VALUES ('152', '1', '61024', '2020-09-21 18:10:38');
INSERT INTO `qstn_evaluate_person` VALUES ('153', '1', '61026', '2020-09-21 13:49:54');
INSERT INTO `qstn_evaluate_person` VALUES ('154', '1', '61028', '2020-09-22 09:22:28');
INSERT INTO `qstn_evaluate_person` VALUES ('155', '1', '61032', '0000-00-00 00:00:00');
INSERT INTO `qstn_evaluate_person` VALUES ('156', '1', '61033', '0000-00-00 00:00:00');
INSERT INTO `qstn_evaluate_person` VALUES ('157', '1', '61034', '0000-00-00 00:00:00');
INSERT INTO `qstn_evaluate_person` VALUES ('158', '1', '61035', '2020-09-21 13:48:03');
INSERT INTO `qstn_evaluate_person` VALUES ('159', '1', '61036', '0000-00-00 00:00:00');
INSERT INTO `qstn_evaluate_person` VALUES ('160', '1', '61037', '0000-00-00 00:00:00');
INSERT INTO `qstn_evaluate_person` VALUES ('161', '1', '61038', '2020-09-21 13:33:46');
INSERT INTO `qstn_evaluate_person` VALUES ('162', '1', '61039', '0000-00-00 00:00:00');
INSERT INTO `qstn_evaluate_person` VALUES ('163', '1', '61041', '2020-09-22 15:43:16');
INSERT INTO `qstn_evaluate_person` VALUES ('164', '1', '61043', '2020-09-21 12:44:34');
INSERT INTO `qstn_evaluate_person` VALUES ('165', '1', '61044', '0000-00-00 00:00:00');
INSERT INTO `qstn_evaluate_person` VALUES ('166', '1', '61045', '2020-09-22 15:25:22');
INSERT INTO `qstn_evaluate_person` VALUES ('167', '1', '61047', '0000-00-00 00:00:00');
INSERT INTO `qstn_evaluate_person` VALUES ('168', '1', '61048', '0000-00-00 00:00:00');
INSERT INTO `qstn_evaluate_person` VALUES ('169', '1', '61049', '0000-00-00 00:00:00');
INSERT INTO `qstn_evaluate_person` VALUES ('170', '1', '61051', '0000-00-00 00:00:00');
INSERT INTO `qstn_evaluate_person` VALUES ('171', '1', '61052', '2020-09-17 15:49:31');
INSERT INTO `qstn_evaluate_person` VALUES ('172', '1', '61053', '0000-00-00 00:00:00');
INSERT INTO `qstn_evaluate_person` VALUES ('173', '1', '61054', '2020-09-23 10:10:04');
INSERT INTO `qstn_evaluate_person` VALUES ('174', '1', '61055', '2020-09-21 12:15:52');
INSERT INTO `qstn_evaluate_person` VALUES ('175', '1', '62005', '0000-00-00 00:00:00');
INSERT INTO `qstn_evaluate_person` VALUES ('176', '1', '62006', '2020-09-23 09:14:57');
INSERT INTO `qstn_evaluate_person` VALUES ('177', '1', '62007', '0000-00-00 00:00:00');
INSERT INTO `qstn_evaluate_person` VALUES ('178', '1', '62008', '2020-09-21 15:42:08');
INSERT INTO `qstn_evaluate_person` VALUES ('179', '1', '62011', '2020-09-21 12:12:04');
INSERT INTO `qstn_evaluate_person` VALUES ('180', '1', '62014', '2020-09-22 17:15:30');
INSERT INTO `qstn_evaluate_person` VALUES ('181', '1', '62015', '0000-00-00 00:00:00');
INSERT INTO `qstn_evaluate_person` VALUES ('182', '1', '62016', '2020-09-21 13:25:22');
INSERT INTO `qstn_evaluate_person` VALUES ('183', '1', '62018', '0000-00-00 00:00:00');
INSERT INTO `qstn_evaluate_person` VALUES ('184', '1', '62019', '2020-09-21 12:11:13');
INSERT INTO `qstn_evaluate_person` VALUES ('185', '1', '62020', '0000-00-00 00:00:00');
INSERT INTO `qstn_evaluate_person` VALUES ('186', '1', '62021', '0000-00-00 00:00:00');
INSERT INTO `qstn_evaluate_person` VALUES ('187', '1', '62022', '2020-09-22 15:12:27');
INSERT INTO `qstn_evaluate_person` VALUES ('188', '1', '62023', '0000-00-00 00:00:00');
INSERT INTO `qstn_evaluate_person` VALUES ('189', '1', '62027', '0000-00-00 00:00:00');
INSERT INTO `qstn_evaluate_person` VALUES ('190', '1', '62028', '0000-00-00 00:00:00');
INSERT INTO `qstn_evaluate_person` VALUES ('191', '1', '62029', '2020-09-21 13:33:13');
INSERT INTO `qstn_evaluate_person` VALUES ('192', '1', '62030', '2020-09-21 13:10:01');
INSERT INTO `qstn_evaluate_person` VALUES ('193', '1', '62032', '0000-00-00 00:00:00');
INSERT INTO `qstn_evaluate_person` VALUES ('194', '1', '62034', '0000-00-00 00:00:00');
INSERT INTO `qstn_evaluate_person` VALUES ('195', '1', '62035', '2020-09-21 12:30:58');
INSERT INTO `qstn_evaluate_person` VALUES ('196', '1', '62036', '2020-09-22 09:35:59');
INSERT INTO `qstn_evaluate_person` VALUES ('197', '1', '62037', '0000-00-00 00:00:00');
INSERT INTO `qstn_evaluate_person` VALUES ('198', '1', '62038', '2020-09-17 15:09:26');
INSERT INTO `qstn_evaluate_person` VALUES ('199', '1', '62039', '2020-09-21 13:11:14');
INSERT INTO `qstn_evaluate_person` VALUES ('200', '1', '62040', '0000-00-00 00:00:00');
INSERT INTO `qstn_evaluate_person` VALUES ('201', '1', '62042', '0000-00-00 00:00:00');
INSERT INTO `qstn_evaluate_person` VALUES ('202', '1', '62043', '0000-00-00 00:00:00');
INSERT INTO `qstn_evaluate_person` VALUES ('203', '1', '62044', '0000-00-00 00:00:00');
INSERT INTO `qstn_evaluate_person` VALUES ('204', '1', '62045', '0000-00-00 00:00:00');
INSERT INTO `qstn_evaluate_person` VALUES ('205', '1', '62046', '2020-09-21 12:11:38');
INSERT INTO `qstn_evaluate_person` VALUES ('206', '1', '62048', '0000-00-00 00:00:00');
INSERT INTO `qstn_evaluate_person` VALUES ('207', '1', '62049', '0000-00-00 00:00:00');
INSERT INTO `qstn_evaluate_person` VALUES ('208', '1', '62050', '2020-09-21 12:12:03');
INSERT INTO `qstn_evaluate_person` VALUES ('209', '1', '63001', '0000-00-00 00:00:00');
INSERT INTO `qstn_evaluate_person` VALUES ('210', '1', '63002', '0000-00-00 00:00:00');
INSERT INTO `qstn_evaluate_person` VALUES ('211', '1', '63003', '2020-09-21 13:06:01');
INSERT INTO `qstn_evaluate_person` VALUES ('212', '1', '63004', '2020-09-23 10:05:12');
INSERT INTO `qstn_evaluate_person` VALUES ('213', '1', '63006', '2020-09-18 22:00:00');
INSERT INTO `qstn_evaluate_person` VALUES ('214', '1', '63007', '2020-09-21 13:32:21');
INSERT INTO `qstn_evaluate_person` VALUES ('215', '1', '63011', '0000-00-00 00:00:00');
INSERT INTO `qstn_evaluate_person` VALUES ('216', '1', '63012', '0000-00-00 00:00:00');
INSERT INTO `qstn_evaluate_person` VALUES ('217', '1', '63013', '2020-09-21 13:46:54');
INSERT INTO `qstn_evaluate_person` VALUES ('218', '1', '63014', '0000-00-00 00:00:00');
INSERT INTO `qstn_evaluate_person` VALUES ('219', '1', '63015', '0000-00-00 00:00:00');
INSERT INTO `qstn_evaluate_person` VALUES ('220', '1', '63016', '0000-00-00 00:00:00');
INSERT INTO `qstn_evaluate_person` VALUES ('221', '1', '63017', '0000-00-00 00:00:00');
INSERT INTO `qstn_evaluate_person` VALUES ('222', '1', '63018', '0000-00-00 00:00:00');
INSERT INTO `qstn_evaluate_person` VALUES ('223', '1', '63019', '0000-00-00 00:00:00');
INSERT INTO `qstn_evaluate_person` VALUES ('224', '1', '63021', '0000-00-00 00:00:00');
INSERT INTO `qstn_evaluate_person` VALUES ('225', '1', '63022', '2020-09-21 13:37:34');
INSERT INTO `qstn_evaluate_person` VALUES ('226', '1', '63023', '0000-00-00 00:00:00');
INSERT INTO `qstn_evaluate_person` VALUES ('227', '1', '63024', '0000-00-00 00:00:00');
INSERT INTO `qstn_evaluate_person` VALUES ('228', '1', '63025', '0000-00-00 00:00:00');
INSERT INTO `qstn_evaluate_person` VALUES ('229', '1', '63026', '0000-00-00 00:00:00');
INSERT INTO `qstn_evaluate_person` VALUES ('230', '1', '63027', '2020-09-21 12:11:07');
INSERT INTO `qstn_evaluate_person` VALUES ('231', '1', '63028', '0000-00-00 00:00:00');
INSERT INTO `qstn_evaluate_person` VALUES ('232', '1', '63029', '0000-00-00 00:00:00');
INSERT INTO `qstn_evaluate_person` VALUES ('233', '1', '63030', '2020-09-21 12:47:18');
INSERT INTO `qstn_evaluate_person` VALUES ('234', '1', '63031', '2020-09-21 19:32:46');
INSERT INTO `qstn_evaluate_person` VALUES ('235', '1', '63032', '0000-00-00 00:00:00');
INSERT INTO `qstn_evaluate_person` VALUES ('236', '1', '63033', '0000-00-00 00:00:00');
INSERT INTO `qstn_evaluate_person` VALUES ('237', '1', '63034', '2020-09-18 10:57:46');
INSERT INTO `qstn_evaluate_person` VALUES ('238', '3', '58007', '2020-09-22 16:46:24');
INSERT INTO `qstn_evaluate_person` VALUES ('239', '3', '58027', '0000-00-00 00:00:00');
INSERT INTO `qstn_evaluate_person` VALUES ('240', '3', '59033', '2020-09-22 16:15:36');
INSERT INTO `qstn_evaluate_person` VALUES ('241', '3', '60023', '2020-09-22 16:13:26');
INSERT INTO `qstn_evaluate_person` VALUES ('242', '3', '61018', '2020-09-22 16:17:58');
INSERT INTO `qstn_evaluate_person` VALUES ('243', '3', '62028', '0000-00-00 00:00:00');
INSERT INTO `qstn_evaluate_person` VALUES ('244', '4', '20017', '0000-00-00 00:00:00');
INSERT INTO `qstn_evaluate_person` VALUES ('245', '4', '20041', '0000-00-00 00:00:00');
INSERT INTO `qstn_evaluate_person` VALUES ('246', '4', '54009', '0000-00-00 00:00:00');
INSERT INTO `qstn_evaluate_person` VALUES ('247', '4', '55012', '0000-00-00 00:00:00');
INSERT INTO `qstn_evaluate_person` VALUES ('248', '4', '55013', '0000-00-00 00:00:00');
INSERT INTO `qstn_evaluate_person` VALUES ('249', '4', '55015', '0000-00-00 00:00:00');
INSERT INTO `qstn_evaluate_person` VALUES ('250', '4', '56003', '0000-00-00 00:00:00');
INSERT INTO `qstn_evaluate_person` VALUES ('251', '4', '56004', '0000-00-00 00:00:00');
INSERT INTO `qstn_evaluate_person` VALUES ('252', '4', '56006', '0000-00-00 00:00:00');
INSERT INTO `qstn_evaluate_person` VALUES ('253', '4', '56007', '0000-00-00 00:00:00');
INSERT INTO `qstn_evaluate_person` VALUES ('254', '4', '56010', '0000-00-00 00:00:00');
INSERT INTO `qstn_evaluate_person` VALUES ('255', '4', '56011', '0000-00-00 00:00:00');
INSERT INTO `qstn_evaluate_person` VALUES ('256', '4', '56016', '0000-00-00 00:00:00');
INSERT INTO `qstn_evaluate_person` VALUES ('257', '4', '56017', '0000-00-00 00:00:00');
INSERT INTO `qstn_evaluate_person` VALUES ('258', '4', '56018', '0000-00-00 00:00:00');
INSERT INTO `qstn_evaluate_person` VALUES ('259', '4', '56020', '0000-00-00 00:00:00');
INSERT INTO `qstn_evaluate_person` VALUES ('260', '4', '56023', '0000-00-00 00:00:00');
INSERT INTO `qstn_evaluate_person` VALUES ('261', '4', '56025', '0000-00-00 00:00:00');
INSERT INTO `qstn_evaluate_person` VALUES ('262', '4', '57002', '0000-00-00 00:00:00');
INSERT INTO `qstn_evaluate_person` VALUES ('263', '4', '57003', '0000-00-00 00:00:00');
INSERT INTO `qstn_evaluate_person` VALUES ('264', '4', '57004', '0000-00-00 00:00:00');
INSERT INTO `qstn_evaluate_person` VALUES ('265', '4', '57005', '0000-00-00 00:00:00');
INSERT INTO `qstn_evaluate_person` VALUES ('266', '4', '57007', '0000-00-00 00:00:00');
INSERT INTO `qstn_evaluate_person` VALUES ('267', '4', '57008', '0000-00-00 00:00:00');
INSERT INTO `qstn_evaluate_person` VALUES ('268', '4', '57011', '0000-00-00 00:00:00');
INSERT INTO `qstn_evaluate_person` VALUES ('269', '4', '57015', '0000-00-00 00:00:00');
INSERT INTO `qstn_evaluate_person` VALUES ('270', '4', '58001', '0000-00-00 00:00:00');
INSERT INTO `qstn_evaluate_person` VALUES ('271', '4', '58002', '0000-00-00 00:00:00');
INSERT INTO `qstn_evaluate_person` VALUES ('272', '4', '58003', '0000-00-00 00:00:00');
INSERT INTO `qstn_evaluate_person` VALUES ('273', '4', '58004', '0000-00-00 00:00:00');
INSERT INTO `qstn_evaluate_person` VALUES ('274', '4', '58005', '0000-00-00 00:00:00');
INSERT INTO `qstn_evaluate_person` VALUES ('275', '4', '58007', '0000-00-00 00:00:00');
INSERT INTO `qstn_evaluate_person` VALUES ('276', '4', '58008', '0000-00-00 00:00:00');
INSERT INTO `qstn_evaluate_person` VALUES ('277', '4', '58009', '0000-00-00 00:00:00');
INSERT INTO `qstn_evaluate_person` VALUES ('278', '4', '58012', '0000-00-00 00:00:00');
INSERT INTO `qstn_evaluate_person` VALUES ('279', '4', '58015', '0000-00-00 00:00:00');
INSERT INTO `qstn_evaluate_person` VALUES ('280', '4', '58016', '0000-00-00 00:00:00');
INSERT INTO `qstn_evaluate_person` VALUES ('281', '4', '58018', '0000-00-00 00:00:00');
INSERT INTO `qstn_evaluate_person` VALUES ('282', '4', '58019', '0000-00-00 00:00:00');
INSERT INTO `qstn_evaluate_person` VALUES ('283', '4', '58022', '0000-00-00 00:00:00');
INSERT INTO `qstn_evaluate_person` VALUES ('284', '4', '58023', '0000-00-00 00:00:00');
INSERT INTO `qstn_evaluate_person` VALUES ('285', '4', '58024', '0000-00-00 00:00:00');
INSERT INTO `qstn_evaluate_person` VALUES ('286', '4', '58025', '0000-00-00 00:00:00');
INSERT INTO `qstn_evaluate_person` VALUES ('287', '4', '58026', '0000-00-00 00:00:00');
INSERT INTO `qstn_evaluate_person` VALUES ('288', '4', '58027', '0000-00-00 00:00:00');
INSERT INTO `qstn_evaluate_person` VALUES ('289', '4', '58028', '0000-00-00 00:00:00');
INSERT INTO `qstn_evaluate_person` VALUES ('290', '4', '58029', '0000-00-00 00:00:00');
INSERT INTO `qstn_evaluate_person` VALUES ('291', '4', '58032', '0000-00-00 00:00:00');
INSERT INTO `qstn_evaluate_person` VALUES ('292', '4', '58034', '0000-00-00 00:00:00');
INSERT INTO `qstn_evaluate_person` VALUES ('293', '4', '58035', '0000-00-00 00:00:00');
INSERT INTO `qstn_evaluate_person` VALUES ('294', '4', '58037', '0000-00-00 00:00:00');
INSERT INTO `qstn_evaluate_person` VALUES ('295', '4', '58039', '0000-00-00 00:00:00');
INSERT INTO `qstn_evaluate_person` VALUES ('296', '4', '58040', '0000-00-00 00:00:00');
INSERT INTO `qstn_evaluate_person` VALUES ('297', '4', '58044', '0000-00-00 00:00:00');
INSERT INTO `qstn_evaluate_person` VALUES ('298', '4', '58046', '0000-00-00 00:00:00');
INSERT INTO `qstn_evaluate_person` VALUES ('299', '4', '58047', '0000-00-00 00:00:00');
INSERT INTO `qstn_evaluate_person` VALUES ('300', '4', '58050', '0000-00-00 00:00:00');
INSERT INTO `qstn_evaluate_person` VALUES ('301', '4', '58052', '0000-00-00 00:00:00');
INSERT INTO `qstn_evaluate_person` VALUES ('302', '4', '58053', '0000-00-00 00:00:00');
INSERT INTO `qstn_evaluate_person` VALUES ('303', '4', '59003', '0000-00-00 00:00:00');
INSERT INTO `qstn_evaluate_person` VALUES ('304', '4', '59005', '0000-00-00 00:00:00');
INSERT INTO `qstn_evaluate_person` VALUES ('305', '4', '59006', '0000-00-00 00:00:00');
INSERT INTO `qstn_evaluate_person` VALUES ('306', '4', '59007', '0000-00-00 00:00:00');
INSERT INTO `qstn_evaluate_person` VALUES ('307', '4', '59008', '0000-00-00 00:00:00');
INSERT INTO `qstn_evaluate_person` VALUES ('308', '4', '59009', '0000-00-00 00:00:00');
INSERT INTO `qstn_evaluate_person` VALUES ('309', '4', '59010', '0000-00-00 00:00:00');
INSERT INTO `qstn_evaluate_person` VALUES ('310', '4', '59011', '0000-00-00 00:00:00');
INSERT INTO `qstn_evaluate_person` VALUES ('311', '4', '59012', '0000-00-00 00:00:00');
INSERT INTO `qstn_evaluate_person` VALUES ('312', '4', '59014', '0000-00-00 00:00:00');
INSERT INTO `qstn_evaluate_person` VALUES ('313', '4', '59015', '0000-00-00 00:00:00');
INSERT INTO `qstn_evaluate_person` VALUES ('314', '4', '59017', '0000-00-00 00:00:00');
INSERT INTO `qstn_evaluate_person` VALUES ('315', '4', '59019', '0000-00-00 00:00:00');
INSERT INTO `qstn_evaluate_person` VALUES ('316', '4', '59020', '0000-00-00 00:00:00');
INSERT INTO `qstn_evaluate_person` VALUES ('317', '4', '59021', '0000-00-00 00:00:00');
INSERT INTO `qstn_evaluate_person` VALUES ('318', '4', '59022', '0000-00-00 00:00:00');
INSERT INTO `qstn_evaluate_person` VALUES ('319', '4', '59024', '0000-00-00 00:00:00');
INSERT INTO `qstn_evaluate_person` VALUES ('320', '4', '59025', '0000-00-00 00:00:00');
INSERT INTO `qstn_evaluate_person` VALUES ('321', '4', '59027', '0000-00-00 00:00:00');
INSERT INTO `qstn_evaluate_person` VALUES ('322', '4', '59028', '0000-00-00 00:00:00');
INSERT INTO `qstn_evaluate_person` VALUES ('323', '4', '59029', '0000-00-00 00:00:00');
INSERT INTO `qstn_evaluate_person` VALUES ('324', '4', '59030', '0000-00-00 00:00:00');
INSERT INTO `qstn_evaluate_person` VALUES ('325', '4', '59031', '0000-00-00 00:00:00');
INSERT INTO `qstn_evaluate_person` VALUES ('326', '4', '59032', '0000-00-00 00:00:00');
INSERT INTO `qstn_evaluate_person` VALUES ('327', '4', '59033', '0000-00-00 00:00:00');
INSERT INTO `qstn_evaluate_person` VALUES ('328', '4', '59034', '0000-00-00 00:00:00');
INSERT INTO `qstn_evaluate_person` VALUES ('329', '4', '59038', '0000-00-00 00:00:00');
INSERT INTO `qstn_evaluate_person` VALUES ('330', '4', '59039', '0000-00-00 00:00:00');
INSERT INTO `qstn_evaluate_person` VALUES ('331', '4', '59043', '0000-00-00 00:00:00');
INSERT INTO `qstn_evaluate_person` VALUES ('332', '4', '59045', '0000-00-00 00:00:00');
INSERT INTO `qstn_evaluate_person` VALUES ('333', '4', '59047', '0000-00-00 00:00:00');
INSERT INTO `qstn_evaluate_person` VALUES ('334', '4', '59048', '0000-00-00 00:00:00');
INSERT INTO `qstn_evaluate_person` VALUES ('335', '4', '59049', '0000-00-00 00:00:00');
INSERT INTO `qstn_evaluate_person` VALUES ('336', '4', '59050', '0000-00-00 00:00:00');
INSERT INTO `qstn_evaluate_person` VALUES ('337', '4', '59051', '0000-00-00 00:00:00');
INSERT INTO `qstn_evaluate_person` VALUES ('338', '4', '59052', '0000-00-00 00:00:00');
INSERT INTO `qstn_evaluate_person` VALUES ('339', '4', '59053', '0000-00-00 00:00:00');
INSERT INTO `qstn_evaluate_person` VALUES ('340', '4', '59054', '0000-00-00 00:00:00');
INSERT INTO `qstn_evaluate_person` VALUES ('341', '4', '59056', '0000-00-00 00:00:00');
INSERT INTO `qstn_evaluate_person` VALUES ('342', '4', '59060', '0000-00-00 00:00:00');
INSERT INTO `qstn_evaluate_person` VALUES ('343', '4', '59061', '0000-00-00 00:00:00');
INSERT INTO `qstn_evaluate_person` VALUES ('344', '4', '59062', '0000-00-00 00:00:00');
INSERT INTO `qstn_evaluate_person` VALUES ('345', '4', '59065', '0000-00-00 00:00:00');
INSERT INTO `qstn_evaluate_person` VALUES ('346', '4', '60001', '0000-00-00 00:00:00');
INSERT INTO `qstn_evaluate_person` VALUES ('347', '4', '60002', '0000-00-00 00:00:00');
INSERT INTO `qstn_evaluate_person` VALUES ('348', '4', '60005', '0000-00-00 00:00:00');
INSERT INTO `qstn_evaluate_person` VALUES ('349', '4', '60008', '0000-00-00 00:00:00');
INSERT INTO `qstn_evaluate_person` VALUES ('350', '4', '60009', '0000-00-00 00:00:00');
INSERT INTO `qstn_evaluate_person` VALUES ('351', '4', '60010', '0000-00-00 00:00:00');
INSERT INTO `qstn_evaluate_person` VALUES ('352', '4', '60012', '0000-00-00 00:00:00');
INSERT INTO `qstn_evaluate_person` VALUES ('353', '4', '60017', '0000-00-00 00:00:00');
INSERT INTO `qstn_evaluate_person` VALUES ('354', '4', '60021', '0000-00-00 00:00:00');
INSERT INTO `qstn_evaluate_person` VALUES ('355', '4', '60023', '0000-00-00 00:00:00');
INSERT INTO `qstn_evaluate_person` VALUES ('356', '4', '60024', '0000-00-00 00:00:00');
INSERT INTO `qstn_evaluate_person` VALUES ('357', '4', '60025', '0000-00-00 00:00:00');
INSERT INTO `qstn_evaluate_person` VALUES ('358', '4', '60027', '0000-00-00 00:00:00');
INSERT INTO `qstn_evaluate_person` VALUES ('359', '4', '60029', '0000-00-00 00:00:00');
INSERT INTO `qstn_evaluate_person` VALUES ('360', '4', '60030', '0000-00-00 00:00:00');
INSERT INTO `qstn_evaluate_person` VALUES ('361', '4', '60032', '0000-00-00 00:00:00');
INSERT INTO `qstn_evaluate_person` VALUES ('362', '4', '60034', '0000-00-00 00:00:00');
INSERT INTO `qstn_evaluate_person` VALUES ('363', '4', '60035', '0000-00-00 00:00:00');
INSERT INTO `qstn_evaluate_person` VALUES ('364', '4', '60037', '0000-00-00 00:00:00');
INSERT INTO `qstn_evaluate_person` VALUES ('365', '4', '60038', '0000-00-00 00:00:00');
INSERT INTO `qstn_evaluate_person` VALUES ('366', '4', '60043', '0000-00-00 00:00:00');
INSERT INTO `qstn_evaluate_person` VALUES ('367', '4', '60044', '0000-00-00 00:00:00');
INSERT INTO `qstn_evaluate_person` VALUES ('368', '4', '60045', '0000-00-00 00:00:00');
INSERT INTO `qstn_evaluate_person` VALUES ('369', '4', '60046', '0000-00-00 00:00:00');
INSERT INTO `qstn_evaluate_person` VALUES ('370', '4', '60048', '0000-00-00 00:00:00');
INSERT INTO `qstn_evaluate_person` VALUES ('371', '4', '60050', '0000-00-00 00:00:00');
INSERT INTO `qstn_evaluate_person` VALUES ('372', '4', '60051', '0000-00-00 00:00:00');
INSERT INTO `qstn_evaluate_person` VALUES ('373', '4', '60052', '0000-00-00 00:00:00');
INSERT INTO `qstn_evaluate_person` VALUES ('374', '4', '60054', '0000-00-00 00:00:00');
INSERT INTO `qstn_evaluate_person` VALUES ('375', '4', '60055', '0000-00-00 00:00:00');
INSERT INTO `qstn_evaluate_person` VALUES ('376', '4', '60060', '0000-00-00 00:00:00');
INSERT INTO `qstn_evaluate_person` VALUES ('377', '4', '61001', '0000-00-00 00:00:00');
INSERT INTO `qstn_evaluate_person` VALUES ('378', '4', '61003', '0000-00-00 00:00:00');
INSERT INTO `qstn_evaluate_person` VALUES ('379', '4', '61004', '0000-00-00 00:00:00');
INSERT INTO `qstn_evaluate_person` VALUES ('380', '4', '61006', '0000-00-00 00:00:00');
INSERT INTO `qstn_evaluate_person` VALUES ('381', '4', '61008', '0000-00-00 00:00:00');
INSERT INTO `qstn_evaluate_person` VALUES ('382', '4', '61011', '0000-00-00 00:00:00');
INSERT INTO `qstn_evaluate_person` VALUES ('383', '4', '61012', '0000-00-00 00:00:00');
INSERT INTO `qstn_evaluate_person` VALUES ('384', '4', '61013', '0000-00-00 00:00:00');
INSERT INTO `qstn_evaluate_person` VALUES ('385', '4', '61015', '0000-00-00 00:00:00');
INSERT INTO `qstn_evaluate_person` VALUES ('386', '4', '61016', '0000-00-00 00:00:00');
INSERT INTO `qstn_evaluate_person` VALUES ('387', '4', '61018', '2020-09-24 11:02:38');
INSERT INTO `qstn_evaluate_person` VALUES ('388', '4', '61019', '0000-00-00 00:00:00');
INSERT INTO `qstn_evaluate_person` VALUES ('389', '4', '61020', '0000-00-00 00:00:00');
INSERT INTO `qstn_evaluate_person` VALUES ('390', '4', '61022', '0000-00-00 00:00:00');
INSERT INTO `qstn_evaluate_person` VALUES ('391', '4', '61024', '0000-00-00 00:00:00');
INSERT INTO `qstn_evaluate_person` VALUES ('392', '4', '61026', '0000-00-00 00:00:00');
INSERT INTO `qstn_evaluate_person` VALUES ('393', '4', '61028', '0000-00-00 00:00:00');
INSERT INTO `qstn_evaluate_person` VALUES ('394', '4', '61032', '0000-00-00 00:00:00');
INSERT INTO `qstn_evaluate_person` VALUES ('395', '4', '61033', '0000-00-00 00:00:00');
INSERT INTO `qstn_evaluate_person` VALUES ('396', '4', '61034', '0000-00-00 00:00:00');
INSERT INTO `qstn_evaluate_person` VALUES ('397', '4', '61035', '0000-00-00 00:00:00');
INSERT INTO `qstn_evaluate_person` VALUES ('398', '4', '61036', '0000-00-00 00:00:00');
INSERT INTO `qstn_evaluate_person` VALUES ('399', '4', '61037', '0000-00-00 00:00:00');
INSERT INTO `qstn_evaluate_person` VALUES ('400', '4', '61038', '0000-00-00 00:00:00');
INSERT INTO `qstn_evaluate_person` VALUES ('401', '4', '61039', '0000-00-00 00:00:00');
INSERT INTO `qstn_evaluate_person` VALUES ('402', '4', '61041', '0000-00-00 00:00:00');
INSERT INTO `qstn_evaluate_person` VALUES ('403', '4', '61043', '0000-00-00 00:00:00');
INSERT INTO `qstn_evaluate_person` VALUES ('404', '4', '61044', '0000-00-00 00:00:00');
INSERT INTO `qstn_evaluate_person` VALUES ('405', '4', '61045', '0000-00-00 00:00:00');
INSERT INTO `qstn_evaluate_person` VALUES ('406', '4', '61047', '0000-00-00 00:00:00');
INSERT INTO `qstn_evaluate_person` VALUES ('407', '4', '61048', '0000-00-00 00:00:00');
INSERT INTO `qstn_evaluate_person` VALUES ('408', '4', '61049', '0000-00-00 00:00:00');
INSERT INTO `qstn_evaluate_person` VALUES ('409', '4', '61051', '0000-00-00 00:00:00');
INSERT INTO `qstn_evaluate_person` VALUES ('410', '4', '61052', '0000-00-00 00:00:00');
INSERT INTO `qstn_evaluate_person` VALUES ('411', '4', '61053', '0000-00-00 00:00:00');
INSERT INTO `qstn_evaluate_person` VALUES ('412', '4', '61054', '0000-00-00 00:00:00');
INSERT INTO `qstn_evaluate_person` VALUES ('413', '4', '61055', '0000-00-00 00:00:00');
INSERT INTO `qstn_evaluate_person` VALUES ('414', '4', '62005', '0000-00-00 00:00:00');
INSERT INTO `qstn_evaluate_person` VALUES ('415', '4', '62006', '0000-00-00 00:00:00');
INSERT INTO `qstn_evaluate_person` VALUES ('416', '4', '62007', '0000-00-00 00:00:00');
INSERT INTO `qstn_evaluate_person` VALUES ('417', '4', '62008', '0000-00-00 00:00:00');
INSERT INTO `qstn_evaluate_person` VALUES ('418', '4', '62011', '0000-00-00 00:00:00');
INSERT INTO `qstn_evaluate_person` VALUES ('419', '4', '62014', '0000-00-00 00:00:00');
INSERT INTO `qstn_evaluate_person` VALUES ('420', '4', '62015', '0000-00-00 00:00:00');
INSERT INTO `qstn_evaluate_person` VALUES ('421', '4', '62016', '0000-00-00 00:00:00');
INSERT INTO `qstn_evaluate_person` VALUES ('422', '4', '62018', '0000-00-00 00:00:00');
INSERT INTO `qstn_evaluate_person` VALUES ('423', '4', '62019', '0000-00-00 00:00:00');
INSERT INTO `qstn_evaluate_person` VALUES ('424', '4', '62020', '0000-00-00 00:00:00');
INSERT INTO `qstn_evaluate_person` VALUES ('425', '4', '62021', '0000-00-00 00:00:00');
INSERT INTO `qstn_evaluate_person` VALUES ('426', '4', '62022', '0000-00-00 00:00:00');
INSERT INTO `qstn_evaluate_person` VALUES ('427', '4', '62023', '0000-00-00 00:00:00');
INSERT INTO `qstn_evaluate_person` VALUES ('428', '4', '62027', '0000-00-00 00:00:00');
INSERT INTO `qstn_evaluate_person` VALUES ('429', '4', '62028', '0000-00-00 00:00:00');
INSERT INTO `qstn_evaluate_person` VALUES ('430', '4', '62029', '0000-00-00 00:00:00');
INSERT INTO `qstn_evaluate_person` VALUES ('431', '4', '62030', '0000-00-00 00:00:00');
INSERT INTO `qstn_evaluate_person` VALUES ('432', '4', '62032', '0000-00-00 00:00:00');
INSERT INTO `qstn_evaluate_person` VALUES ('433', '4', '62034', '0000-00-00 00:00:00');
INSERT INTO `qstn_evaluate_person` VALUES ('434', '4', '62035', '0000-00-00 00:00:00');
INSERT INTO `qstn_evaluate_person` VALUES ('435', '4', '62036', '0000-00-00 00:00:00');
INSERT INTO `qstn_evaluate_person` VALUES ('436', '4', '62037', '0000-00-00 00:00:00');
INSERT INTO `qstn_evaluate_person` VALUES ('437', '4', '62038', '0000-00-00 00:00:00');
INSERT INTO `qstn_evaluate_person` VALUES ('438', '4', '62039', '0000-00-00 00:00:00');
INSERT INTO `qstn_evaluate_person` VALUES ('439', '4', '62040', '0000-00-00 00:00:00');
INSERT INTO `qstn_evaluate_person` VALUES ('440', '4', '62042', '0000-00-00 00:00:00');
INSERT INTO `qstn_evaluate_person` VALUES ('441', '4', '62043', '0000-00-00 00:00:00');
INSERT INTO `qstn_evaluate_person` VALUES ('442', '4', '62044', '0000-00-00 00:00:00');
INSERT INTO `qstn_evaluate_person` VALUES ('443', '4', '62045', '0000-00-00 00:00:00');
INSERT INTO `qstn_evaluate_person` VALUES ('444', '4', '62046', '0000-00-00 00:00:00');
INSERT INTO `qstn_evaluate_person` VALUES ('445', '4', '62048', '0000-00-00 00:00:00');
INSERT INTO `qstn_evaluate_person` VALUES ('446', '4', '62049', '0000-00-00 00:00:00');
INSERT INTO `qstn_evaluate_person` VALUES ('447', '4', '62050', '0000-00-00 00:00:00');
INSERT INTO `qstn_evaluate_person` VALUES ('448', '4', '63001', '0000-00-00 00:00:00');
INSERT INTO `qstn_evaluate_person` VALUES ('449', '4', '63002', '0000-00-00 00:00:00');
INSERT INTO `qstn_evaluate_person` VALUES ('450', '4', '63003', '0000-00-00 00:00:00');
INSERT INTO `qstn_evaluate_person` VALUES ('451', '4', '63004', '0000-00-00 00:00:00');
INSERT INTO `qstn_evaluate_person` VALUES ('452', '4', '63006', '0000-00-00 00:00:00');
INSERT INTO `qstn_evaluate_person` VALUES ('453', '4', '63007', '0000-00-00 00:00:00');
INSERT INTO `qstn_evaluate_person` VALUES ('454', '4', '63011', '0000-00-00 00:00:00');
INSERT INTO `qstn_evaluate_person` VALUES ('455', '4', '63012', '0000-00-00 00:00:00');
INSERT INTO `qstn_evaluate_person` VALUES ('456', '4', '63013', '0000-00-00 00:00:00');
INSERT INTO `qstn_evaluate_person` VALUES ('457', '4', '63014', '0000-00-00 00:00:00');
INSERT INTO `qstn_evaluate_person` VALUES ('458', '4', '63015', '0000-00-00 00:00:00');
INSERT INTO `qstn_evaluate_person` VALUES ('459', '4', '63016', '0000-00-00 00:00:00');
INSERT INTO `qstn_evaluate_person` VALUES ('460', '4', '63017', '0000-00-00 00:00:00');
INSERT INTO `qstn_evaluate_person` VALUES ('461', '4', '63018', '0000-00-00 00:00:00');
INSERT INTO `qstn_evaluate_person` VALUES ('462', '4', '63019', '0000-00-00 00:00:00');
INSERT INTO `qstn_evaluate_person` VALUES ('463', '4', '63021', '0000-00-00 00:00:00');
INSERT INTO `qstn_evaluate_person` VALUES ('464', '4', '63022', '0000-00-00 00:00:00');
INSERT INTO `qstn_evaluate_person` VALUES ('465', '4', '63023', '0000-00-00 00:00:00');
INSERT INTO `qstn_evaluate_person` VALUES ('466', '4', '63024', '0000-00-00 00:00:00');
INSERT INTO `qstn_evaluate_person` VALUES ('467', '4', '63025', '0000-00-00 00:00:00');
INSERT INTO `qstn_evaluate_person` VALUES ('468', '4', '63026', '0000-00-00 00:00:00');
INSERT INTO `qstn_evaluate_person` VALUES ('469', '4', '63027', '0000-00-00 00:00:00');
INSERT INTO `qstn_evaluate_person` VALUES ('470', '4', '63028', '0000-00-00 00:00:00');
INSERT INTO `qstn_evaluate_person` VALUES ('471', '4', '63029', '0000-00-00 00:00:00');
INSERT INTO `qstn_evaluate_person` VALUES ('472', '4', '63030', '0000-00-00 00:00:00');
INSERT INTO `qstn_evaluate_person` VALUES ('473', '4', '63031', '0000-00-00 00:00:00');
INSERT INTO `qstn_evaluate_person` VALUES ('474', '4', '63032', '0000-00-00 00:00:00');
INSERT INTO `qstn_evaluate_person` VALUES ('475', '4', '63033', '0000-00-00 00:00:00');
INSERT INTO `qstn_evaluate_person` VALUES ('476', '4', '63034', '0000-00-00 00:00:00');
INSERT INTO `qstn_evaluate_person` VALUES ('477', '4', '63035', '0000-00-00 00:00:00');
INSERT INTO `qstn_evaluate_person` VALUES ('478', '4', '63036', '0000-00-00 00:00:00');

-- ----------------------------
-- Table structure for qstn_evaluation
-- ----------------------------
DROP TABLE IF EXISTS `qstn_evaluation`;
CREATE TABLE `qstn_evaluation` (
  `evaluation_id` int(11) NOT NULL AUTO_INCREMENT,
  `evaluation_name` text NOT NULL,
  `evaluation_by` text NOT NULL,
  `evaluation_description` text NOT NULL,
  `form_id` int(11) NOT NULL,
  `date_start` date NOT NULL,
  `date_end` date NOT NULL,
  `create_by` varchar(10) NOT NULL,
  PRIMARY KEY (`evaluation_id`)
) ENGINE=InnoDB AUTO_INCREMENT=5 DEFAULT CHARSET=utf8;

-- ----------------------------
-- Records of qstn_evaluation
-- ----------------------------
INSERT INTO `qstn_evaluation` VALUES ('1', 'แบบประเมินความพึงพอใจของบุคลากรที่มีต่อการนำองค์กรของผู้บริหาร 2563', 'ศูนย์ความเป็นเลิศทางการแพทย์ คณะแพทยศาสตร์ มหาวิทยาลัยเชียงใหม่', '', '6', '2020-09-01', '2020-09-30', '61018');
INSERT INTO `qstn_evaluation` VALUES ('2', 'แบบประเมินความพึงพอใจของผู้รับบริการหน่วยเภสัชกรรม', 'หน่วยเภสัชกรรม', '', '8', '0000-00-00', '0000-00-00', '58027');
INSERT INTO `qstn_evaluation` VALUES ('3', 'แบบสำรวจวัฒนธรรมความปลอดภัย Hospital Survey on Patient Safety', 'หน่วยพัฒนาคุณภาพ', '', '9', '2020-09-22', '2020-10-31', '58027');
INSERT INTO `qstn_evaluation` VALUES ('4', 'แบบสำรวจวัฒนธรรมความปลอดภัย Hospital Survey on Patient Safety ปี 2563', 'หน่วยพัฒนาคุณภาพ', '', '11', '2020-09-24', '2020-10-31', '58027');

-- ----------------------------
-- Table structure for qstn_form
-- ----------------------------
DROP TABLE IF EXISTS `qstn_form`;
CREATE TABLE `qstn_form` (
  `form_id` int(11) NOT NULL AUTO_INCREMENT,
  `form_name` text NOT NULL,
  `form_description` text NOT NULL,
  PRIMARY KEY (`form_id`)
) ENGINE=InnoDB AUTO_INCREMENT=12 DEFAULT CHARSET=utf8;

-- ----------------------------
-- Records of qstn_form
-- ----------------------------
INSERT INTO `qstn_form` VALUES ('6', 'แบบสำรวจความพึงพอใจของบุคลากรที่มีต่อการนำองค์กรของผู้บริหาร', '');
INSERT INTO `qstn_form` VALUES ('8', 'แบบประเมินความพึงพอใจของผู้รับบริการ', '');
INSERT INTO `qstn_form` VALUES ('9', 'แบบสำรวจวัฒนธรรมความปลอดภัย Hospital Survey on Patient Safety ', '');
INSERT INTO `qstn_form` VALUES ('10', 'Test', 'Test');
INSERT INTO `qstn_form` VALUES ('11', 'แบบสำรวจวัฒนธรรมความปลอดภัย Hospital Survey on Patient Safety 2', '');

-- ----------------------------
-- Table structure for qstn_form_detail
-- ----------------------------
DROP TABLE IF EXISTS `qstn_form_detail`;
CREATE TABLE `qstn_form_detail` (
  `form_detail_id` int(11) NOT NULL AUTO_INCREMENT,
  `form_detail_number` varchar(10) NOT NULL,
  `form_detail_name` text NOT NULL,
  `form_detail_items` text NOT NULL,
  `form_id` int(11) NOT NULL,
  PRIMARY KEY (`form_detail_id`)
) ENGINE=InnoDB AUTO_INCREMENT=15 DEFAULT CHARSET=utf8;

-- ----------------------------
-- Records of qstn_form_detail
-- ----------------------------
INSERT INTO `qstn_form_detail` VALUES ('1', '1', 'ท่านทำงานที่ศูนย์ความเป็นเลิศทางการแพทย์ / หน่วยงานปัจจุบัน นานเท่าไร', '&lt; 1 ปี(.)1-5 ปี(.)6-10 ปี', '5');
INSERT INTO `qstn_form_detail` VALUES ('2', '2', 'จำนวนชั่วโมงการทำงานต่อสัปดาห์', '40-59 ชั่วโมง/สัปดาห์(.)60-69 ชั่วโมง/สัปดาห์', '5');
INSERT INTO `qstn_form_detail` VALUES ('3', '3', 'ตำแหน่ง', '', '5');
INSERT INTO `qstn_form_detail` VALUES ('4', '1', 'ท่านทำงานที่  ศูนย์ความเป็นเลิศทางการแพทย์ / หน่วยงานปัจจุบัน  นานเท่าไร', '&lt; 1 ปี(.)1-5 ปี(.)6-10 ปี', '9');
INSERT INTO `qstn_form_detail` VALUES ('5', '2', 'จำนวนชั่วโมงการทำงานต่อสัปดาห์', '40-59 ชม./สัปดาห์(.)60-69 ชม./สัปดาห์', '9');
INSERT INTO `qstn_form_detail` VALUES ('7', '3', 'การทำงานของท่าน มีปฏิสัมพันธ์กับผู้ป่วยโดยตรง    ', 'ใช่(.)ไม่ใช่', '9');
INSERT INTO `qstn_form_detail` VALUES ('8', '4', 'ท่านทำงานในวิชาชีพเฉพาะ ของท่านมานาน     ', '&lt; 1 ปี(.)1-5 ปี(.)6-10 ปี(.)11-15 ปี(.)16-20 ปี(.)≥21 ปีขึ้นไป(.)', '9');
INSERT INTO `qstn_form_detail` VALUES ('9', '5', 'ในรอบ 1 ปีที่ผ่านมา ท่านรายงานอุบัติการณ์กี่ครั้ง', 'ไม่มีการรายงาน             (.)รายงาน 1 – 2 ครั้ง         (.)รายงาน 3 – 5 ครั้ง        (.)รายงาน 6 – 10 ครั้ง(.)รายงาน 11 – 20 ครั้ง(.)รายงาน ≥ 21 ครั้งขึ้นไป', '9');
INSERT INTO `qstn_form_detail` VALUES ('10', '1', '1.	ท่านทำงานที่  ศูนย์ความเป็นเลิศทางการแพทย์ / หน่วยงานปัจจุบัน  นานเท่าไร', '&lt; 1 ปี             (.)1 - 5 ปี             (.)  6 - 10 ปี   ', '11');
INSERT INTO `qstn_form_detail` VALUES ('11', '2', '2.	จำนวนชั่วโมงการทำงานต่อสัปดาห์', '40- 59  ชม./สัปดาห์    (.)60-69  ชม./สัปดาห์                                                                  ', '11');
INSERT INTO `qstn_form_detail` VALUES ('12', '3', 'การทำงานของท่าน มีปฏิสัมพันธ์กับผู้ป่วยโดยตรง    ', ' ใช่          (.)ไม่ใช่', '11');
INSERT INTO `qstn_form_detail` VALUES ('13', '4', 'ท่านทำงานในวิชาชีพเฉพาะ ของท่านมานาน     ', '&lt; 1  ปี           (.)1-5  ปี      (.)6-10  ปี    (.)11-15  ปี (.)16-20 ปี      (.)≥21 ปีขึ้นไป', '11');
INSERT INTO `qstn_form_detail` VALUES ('14', '5', 'ในรอบ 1 ปีที่ผ่านมา ท่านรายงานอุบัติการณ์กี่ครั้ง', 'ไม่มีการรายงาน             (.)รายงาน 1 – 2 ครั้ง         (.)รายงาน 3 – 5 ครั้ง        (.)รายงาน 6 – 10 ครั้ง(.)รายงาน 11 – 20 ครั้ง(.)รายงาน ≥ 21 ครั้งขึ้นไป', '11');

-- ----------------------------
-- Table structure for qstn_form_detail_answer
-- ----------------------------
DROP TABLE IF EXISTS `qstn_form_detail_answer`;
CREATE TABLE `qstn_form_detail_answer` (
  `form_detail_answer_id` int(11) NOT NULL AUTO_INCREMENT,
  `form_detail_answer` text NOT NULL,
  `evaluation_id` int(11) NOT NULL,
  `form_id` int(11) NOT NULL,
  `form_detail_id` int(11) NOT NULL,
  `person_id` varchar(10) NOT NULL,
  PRIMARY KEY (`form_detail_answer_id`)
) ENGINE=InnoDB AUTO_INCREMENT=340 DEFAULT CHARSET=utf8;

-- ----------------------------
-- Records of qstn_form_detail_answer
-- ----------------------------
INSERT INTO `qstn_form_detail_answer` VALUES ('1', '', '1', '6', '0', '58027');
INSERT INTO `qstn_form_detail_answer` VALUES ('2', '', '1', '6', '0', '62042');
INSERT INTO `qstn_form_detail_answer` VALUES ('3', '', '1', '6', '0', '63001');
INSERT INTO `qstn_form_detail_answer` VALUES ('4', '', '1', '6', '0', '61039');
INSERT INTO `qstn_form_detail_answer` VALUES ('5', '', '1', '6', '0', '60050');
INSERT INTO `qstn_form_detail_answer` VALUES ('6', '', '1', '6', '0', '62040');
INSERT INTO `qstn_form_detail_answer` VALUES ('7', '', '1', '6', '0', '62014');
INSERT INTO `qstn_form_detail_answer` VALUES ('8', '', '1', '6', '0', '61049');
INSERT INTO `qstn_form_detail_answer` VALUES ('9', '', '1', '6', '0', '60023');
INSERT INTO `qstn_form_detail_answer` VALUES ('10', '', '1', '6', '0', '61004');
INSERT INTO `qstn_form_detail_answer` VALUES ('11', '', '1', '6', '0', '60032');
INSERT INTO `qstn_form_detail_answer` VALUES ('12', '', '1', '6', '0', '58007');
INSERT INTO `qstn_form_detail_answer` VALUES ('13', '', '1', '6', '0', '56007');
INSERT INTO `qstn_form_detail_answer` VALUES ('14', '', '1', '6', '0', '61026');
INSERT INTO `qstn_form_detail_answer` VALUES ('15', '', '1', '6', '0', '60043');
INSERT INTO `qstn_form_detail_answer` VALUES ('16', '', '1', '6', '0', '59020');
INSERT INTO `qstn_form_detail_answer` VALUES ('17', '', '1', '6', '0', '63030');
INSERT INTO `qstn_form_detail_answer` VALUES ('18', '', '1', '6', '0', '58028');
INSERT INTO `qstn_form_detail_answer` VALUES ('19', '', '1', '6', '0', '62011');
INSERT INTO `qstn_form_detail_answer` VALUES ('20', '', '1', '6', '0', '58018');
INSERT INTO `qstn_form_detail_answer` VALUES ('21', '', '1', '6', '0', '62020');
INSERT INTO `qstn_form_detail_answer` VALUES ('22', '', '1', '6', '0', '60044');
INSERT INTO `qstn_form_detail_answer` VALUES ('23', '', '1', '6', '0', '60001');
INSERT INTO `qstn_form_detail_answer` VALUES ('24', '', '1', '6', '0', '56004');
INSERT INTO `qstn_form_detail_answer` VALUES ('25', '', '1', '6', '0', '57011');
INSERT INTO `qstn_form_detail_answer` VALUES ('26', '', '1', '6', '0', '62035');
INSERT INTO `qstn_form_detail_answer` VALUES ('27', '', '1', '6', '0', '56018');
INSERT INTO `qstn_form_detail_answer` VALUES ('28', '', '1', '6', '0', '55012');
INSERT INTO `qstn_form_detail_answer` VALUES ('29', '', '1', '6', '0', '59060');
INSERT INTO `qstn_form_detail_answer` VALUES ('30', '', '1', '6', '0', '59033');
INSERT INTO `qstn_form_detail_answer` VALUES ('31', '', '1', '6', '0', '61018');
INSERT INTO `qstn_form_detail_answer` VALUES ('32', '', '1', '6', '0', '58019');
INSERT INTO `qstn_form_detail_answer` VALUES ('33', '', '1', '6', '0', '58015');
INSERT INTO `qstn_form_detail_answer` VALUES ('34', '', '1', '6', '0', '56020');
INSERT INTO `qstn_form_detail_answer` VALUES ('35', '', '1', '6', '0', '58024');
INSERT INTO `qstn_form_detail_answer` VALUES ('36', '', '1', '6', '0', '61006');
INSERT INTO `qstn_form_detail_answer` VALUES ('37', '', '1', '6', '0', '59043');
INSERT INTO `qstn_form_detail_answer` VALUES ('38', '', '1', '6', '0', '59007');
INSERT INTO `qstn_form_detail_answer` VALUES ('39', '', '1', '6', '0', '61024');
INSERT INTO `qstn_form_detail_answer` VALUES ('40', '', '1', '6', '0', '62015');
INSERT INTO `qstn_form_detail_answer` VALUES ('41', '', '1', '6', '0', '61020');
INSERT INTO `qstn_form_detail_answer` VALUES ('42', '', '1', '6', '0', '56023');
INSERT INTO `qstn_form_detail_answer` VALUES ('43', '', '1', '6', '0', '57005');
INSERT INTO `qstn_form_detail_answer` VALUES ('44', '', '1', '6', '0', '56010');
INSERT INTO `qstn_form_detail_answer` VALUES ('45', '', '1', '6', '0', '61037');
INSERT INTO `qstn_form_detail_answer` VALUES ('46', '', '1', '6', '0', '62039');
INSERT INTO `qstn_form_detail_answer` VALUES ('47', '', '1', '6', '0', '61045');
INSERT INTO `qstn_form_detail_answer` VALUES ('48', '', '1', '6', '0', '60012');
INSERT INTO `qstn_form_detail_answer` VALUES ('49', '', '1', '6', '0', '58046');
INSERT INTO `qstn_form_detail_answer` VALUES ('50', '', '1', '6', '0', '58005');
INSERT INTO `qstn_form_detail_answer` VALUES ('51', '', '1', '6', '0', '60002');
INSERT INTO `qstn_form_detail_answer` VALUES ('52', '', '1', '6', '0', '59065');
INSERT INTO `qstn_form_detail_answer` VALUES ('53', '', '1', '6', '0', '62023');
INSERT INTO `qstn_form_detail_answer` VALUES ('54', '', '1', '6', '0', '62032');
INSERT INTO `qstn_form_detail_answer` VALUES ('55', '', '1', '6', '0', '62049');
INSERT INTO `qstn_form_detail_answer` VALUES ('56', '', '1', '6', '0', '63021');
INSERT INTO `qstn_form_detail_answer` VALUES ('57', '', '1', '6', '0', '62029');
INSERT INTO `qstn_form_detail_answer` VALUES ('58', '', '1', '6', '0', '62027');
INSERT INTO `qstn_form_detail_answer` VALUES ('59', '', '1', '6', '0', '61013');
INSERT INTO `qstn_form_detail_answer` VALUES ('60', '', '1', '6', '0', '63021');
INSERT INTO `qstn_form_detail_answer` VALUES ('61', '', '1', '6', '0', '59009');
INSERT INTO `qstn_form_detail_answer` VALUES ('62', '', '1', '6', '0', '58008');
INSERT INTO `qstn_form_detail_answer` VALUES ('63', '', '1', '6', '0', '58023');
INSERT INTO `qstn_form_detail_answer` VALUES ('64', '', '1', '6', '0', '59031');
INSERT INTO `qstn_form_detail_answer` VALUES ('65', '', '1', '6', '0', '61012');
INSERT INTO `qstn_form_detail_answer` VALUES ('66', '', '1', '6', '0', '63004');
INSERT INTO `qstn_form_detail_answer` VALUES ('67', '', '1', '6', '0', '59024');
INSERT INTO `qstn_form_detail_answer` VALUES ('68', '', '1', '6', '0', '59008');
INSERT INTO `qstn_form_detail_answer` VALUES ('69', '', '1', '6', '0', '58034');
INSERT INTO `qstn_form_detail_answer` VALUES ('70', '', '1', '6', '0', '63016');
INSERT INTO `qstn_form_detail_answer` VALUES ('71', '', '1', '6', '0', '58001');
INSERT INTO `qstn_form_detail_answer` VALUES ('72', '', '1', '6', '0', '58029');
INSERT INTO `qstn_form_detail_answer` VALUES ('73', '', '1', '6', '0', '59027');
INSERT INTO `qstn_form_detail_answer` VALUES ('74', '', '1', '6', '0', '59029');
INSERT INTO `qstn_form_detail_answer` VALUES ('75', '', '1', '6', '0', '63011');
INSERT INTO `qstn_form_detail_answer` VALUES ('76', '', '1', '6', '0', '55013');
INSERT INTO `qstn_form_detail_answer` VALUES ('77', '', '1', '6', '0', '57008');
INSERT INTO `qstn_form_detail_answer` VALUES ('78', '', '1', '6', '0', '57007');
INSERT INTO `qstn_form_detail_answer` VALUES ('79', '', '1', '6', '0', '62037');
INSERT INTO `qstn_form_detail_answer` VALUES ('80', '', '1', '6', '0', '59003');
INSERT INTO `qstn_form_detail_answer` VALUES ('81', '', '1', '6', '0', '61055');
INSERT INTO `qstn_form_detail_answer` VALUES ('82', '', '1', '6', '0', '61028');
INSERT INTO `qstn_form_detail_answer` VALUES ('83', '', '1', '6', '0', '59022');
INSERT INTO `qstn_form_detail_answer` VALUES ('84', '', '1', '6', '0', '58002');
INSERT INTO `qstn_form_detail_answer` VALUES ('85', '', '1', '6', '0', '59017');
INSERT INTO `qstn_form_detail_answer` VALUES ('86', '', '1', '6', '0', '60024');
INSERT INTO `qstn_form_detail_answer` VALUES ('87', '', '1', '6', '0', '59017');
INSERT INTO `qstn_form_detail_answer` VALUES ('88', '', '1', '6', '0', '58035');
INSERT INTO `qstn_form_detail_answer` VALUES ('89', '', '1', '6', '0', '63013');
INSERT INTO `qstn_form_detail_answer` VALUES ('90', '', '1', '6', '0', '61051');
INSERT INTO `qstn_form_detail_answer` VALUES ('91', '', '1', '6', '0', '61054');
INSERT INTO `qstn_form_detail_answer` VALUES ('92', '', '1', '6', '0', '63003');
INSERT INTO `qstn_form_detail_answer` VALUES ('93', '', '1', '6', '0', '58009');
INSERT INTO `qstn_form_detail_answer` VALUES ('94', '', '1', '6', '0', '56017');
INSERT INTO `qstn_form_detail_answer` VALUES ('95', '', '1', '6', '0', '61022');
INSERT INTO `qstn_form_detail_answer` VALUES ('96', '', '1', '6', '0', '61038');
INSERT INTO `qstn_form_detail_answer` VALUES ('97', '', '1', '6', '0', '62044');
INSERT INTO `qstn_form_detail_answer` VALUES ('98', '', '1', '6', '0', '56016');
INSERT INTO `qstn_form_detail_answer` VALUES ('99', '', '1', '6', '0', '57015');
INSERT INTO `qstn_form_detail_answer` VALUES ('100', '', '1', '6', '0', '61043');
INSERT INTO `qstn_form_detail_answer` VALUES ('101', '', '1', '6', '0', '63027');
INSERT INTO `qstn_form_detail_answer` VALUES ('102', '', '1', '6', '0', '59038');
INSERT INTO `qstn_form_detail_answer` VALUES ('103', '', '1', '6', '0', '56003');
INSERT INTO `qstn_form_detail_answer` VALUES ('104', '', '1', '6', '0', '61015');
INSERT INTO `qstn_form_detail_answer` VALUES ('105', '', '1', '6', '0', '60017');
INSERT INTO `qstn_form_detail_answer` VALUES ('106', '', '1', '6', '0', '59045');
INSERT INTO `qstn_form_detail_answer` VALUES ('107', '', '1', '6', '0', '63002');
INSERT INTO `qstn_form_detail_answer` VALUES ('108', '', '1', '6', '0', '59028');
INSERT INTO `qstn_form_detail_answer` VALUES ('109', '', '1', '6', '0', '63033');
INSERT INTO `qstn_form_detail_answer` VALUES ('110', '', '1', '6', '0', '59049');
INSERT INTO `qstn_form_detail_answer` VALUES ('111', '', '1', '6', '0', '62022');
INSERT INTO `qstn_form_detail_answer` VALUES ('112', '', '1', '6', '0', '62005');
INSERT INTO `qstn_form_detail_answer` VALUES ('113', '', '1', '6', '0', '61035');
INSERT INTO `qstn_form_detail_answer` VALUES ('114', '', '1', '6', '0', '63014');
INSERT INTO `qstn_form_detail_answer` VALUES ('115', '', '1', '6', '0', '62048');
INSERT INTO `qstn_form_detail_answer` VALUES ('116', '', '1', '6', '0', '61053');
INSERT INTO `qstn_form_detail_answer` VALUES ('117', '', '1', '6', '0', '59019');
INSERT INTO `qstn_form_detail_answer` VALUES ('118', '', '1', '6', '0', '61032');
INSERT INTO `qstn_form_detail_answer` VALUES ('119', '', '1', '6', '0', '59061');
INSERT INTO `qstn_form_detail_answer` VALUES ('120', '', '1', '6', '0', '59050');
INSERT INTO `qstn_form_detail_answer` VALUES ('121', '', '1', '6', '0', '60009');
INSERT INTO `qstn_form_detail_answer` VALUES ('122', '', '1', '6', '0', '62036');
INSERT INTO `qstn_form_detail_answer` VALUES ('123', '', '1', '6', '0', '59025');
INSERT INTO `qstn_form_detail_answer` VALUES ('124', '', '1', '6', '0', '58003');
INSERT INTO `qstn_form_detail_answer` VALUES ('125', '', '1', '6', '0', '58025');
INSERT INTO `qstn_form_detail_answer` VALUES ('126', '', '1', '6', '0', '60035');
INSERT INTO `qstn_form_detail_answer` VALUES ('127', '', '1', '6', '0', '59005');
INSERT INTO `qstn_form_detail_answer` VALUES ('128', '', '1', '6', '0', '61041');
INSERT INTO `qstn_form_detail_answer` VALUES ('129', '', '1', '6', '0', '59056');
INSERT INTO `qstn_form_detail_answer` VALUES ('130', '', '1', '6', '0', '60048');
INSERT INTO `qstn_form_detail_answer` VALUES ('131', '', '1', '6', '0', '60037');
INSERT INTO `qstn_form_detail_answer` VALUES ('132', '', '1', '6', '0', '60045');
INSERT INTO `qstn_form_detail_answer` VALUES ('133', '', '1', '6', '0', '61016');
INSERT INTO `qstn_form_detail_answer` VALUES ('134', '', '1', '6', '0', '59062');
INSERT INTO `qstn_form_detail_answer` VALUES ('135', '', '1', '6', '0', '58004');
INSERT INTO `qstn_form_detail_answer` VALUES ('136', '', '1', '6', '0', '55015');
INSERT INTO `qstn_form_detail_answer` VALUES ('137', '', '1', '6', '0', '59006');
INSERT INTO `qstn_form_detail_answer` VALUES ('138', '', '1', '6', '0', '60038');
INSERT INTO `qstn_form_detail_answer` VALUES ('139', '', '1', '6', '0', '58022');
INSERT INTO `qstn_form_detail_answer` VALUES ('140', '', '1', '6', '0', '62045');
INSERT INTO `qstn_form_detail_answer` VALUES ('141', '', '1', '6', '0', '59053');
INSERT INTO `qstn_form_detail_answer` VALUES ('142', '', '1', '6', '0', '59015');
INSERT INTO `qstn_form_detail_answer` VALUES ('143', '', '1', '6', '0', '60030');
INSERT INTO `qstn_form_detail_answer` VALUES ('144', '', '1', '6', '0', '59034');
INSERT INTO `qstn_form_detail_answer` VALUES ('145', '', '1', '6', '0', '59021');
INSERT INTO `qstn_form_detail_answer` VALUES ('146', '', '1', '6', '0', '58040');
INSERT INTO `qstn_form_detail_answer` VALUES ('147', '', '1', '6', '0', '56011');
INSERT INTO `qstn_form_detail_answer` VALUES ('148', '', '1', '6', '0', '60025');
INSERT INTO `qstn_form_detail_answer` VALUES ('149', '', '1', '6', '0', '59047');
INSERT INTO `qstn_form_detail_answer` VALUES ('150', '', '1', '6', '0', '62008');
INSERT INTO `qstn_form_detail_answer` VALUES ('151', '', '1', '6', '0', '60027');
INSERT INTO `qstn_form_detail_answer` VALUES ('152', '', '1', '6', '0', '60052');
INSERT INTO `qstn_form_detail_answer` VALUES ('153', '', '1', '6', '0', '60052');
INSERT INTO `qstn_form_detail_answer` VALUES ('154', '', '1', '6', '0', '59048');
INSERT INTO `qstn_form_detail_answer` VALUES ('155', '', '1', '6', '0', '60034');
INSERT INTO `qstn_form_detail_answer` VALUES ('156', '', '1', '6', '0', '60055');
INSERT INTO `qstn_form_detail_answer` VALUES ('157', '', '1', '6', '0', '63017');
INSERT INTO `qstn_form_detail_answer` VALUES ('158', '', '1', '6', '0', '61001');
INSERT INTO `qstn_form_detail_answer` VALUES ('159', '', '1', '6', '0', '62030');
INSERT INTO `qstn_form_detail_answer` VALUES ('160', '', '1', '6', '0', '63032');
INSERT INTO `qstn_form_detail_answer` VALUES ('161', '', '1', '6', '0', '63028');
INSERT INTO `qstn_form_detail_answer` VALUES ('162', '', '1', '6', '0', '58047');
INSERT INTO `qstn_form_detail_answer` VALUES ('163', '', '1', '6', '0', '59014');
INSERT INTO `qstn_form_detail_answer` VALUES ('164', '', '1', '6', '0', '60021');
INSERT INTO `qstn_form_detail_answer` VALUES ('165', '', '1', '6', '0', '60046');
INSERT INTO `qstn_form_detail_answer` VALUES ('166', '', '1', '6', '0', '61003');
INSERT INTO `qstn_form_detail_answer` VALUES ('167', '', '1', '6', '0', '57002');
INSERT INTO `qstn_form_detail_answer` VALUES ('168', '', '1', '6', '0', '57004');
INSERT INTO `qstn_form_detail_answer` VALUES ('169', '', '1', '6', '0', '63031');
INSERT INTO `qstn_form_detail_answer` VALUES ('170', '', '1', '6', '0', '62016');
INSERT INTO `qstn_form_detail_answer` VALUES ('171', '', '1', '6', '0', '62050');
INSERT INTO `qstn_form_detail_answer` VALUES ('172', '', '1', '6', '0', '60051');
INSERT INTO `qstn_form_detail_answer` VALUES ('173', '', '1', '6', '0', '59012');
INSERT INTO `qstn_form_detail_answer` VALUES ('174', '', '1', '6', '0', '63024');
INSERT INTO `qstn_form_detail_answer` VALUES ('175', '', '1', '6', '0', '63029');
INSERT INTO `qstn_form_detail_answer` VALUES ('176', '', '1', '6', '0', '60008');
INSERT INTO `qstn_form_detail_answer` VALUES ('177', '', '1', '6', '0', '58037');
INSERT INTO `qstn_form_detail_answer` VALUES ('178', '', '1', '6', '0', '61047');
INSERT INTO `qstn_form_detail_answer` VALUES ('179', '', '1', '6', '0', '58053');
INSERT INTO `qstn_form_detail_answer` VALUES ('180', '', '1', '6', '0', '58053');
INSERT INTO `qstn_form_detail_answer` VALUES ('181', '', '1', '6', '0', '58039');
INSERT INTO `qstn_form_detail_answer` VALUES ('182', '', '1', '6', '0', '61044');
INSERT INTO `qstn_form_detail_answer` VALUES ('183', '', '1', '6', '0', '62007');
INSERT INTO `qstn_form_detail_answer` VALUES ('184', '', '1', '6', '0', '60005');
INSERT INTO `qstn_form_detail_answer` VALUES ('185', '', '1', '6', '0', '60029');
INSERT INTO `qstn_form_detail_answer` VALUES ('186', '', '1', '6', '0', '63015');
INSERT INTO `qstn_form_detail_answer` VALUES ('187', '', '1', '6', '0', '56006');
INSERT INTO `qstn_form_detail_answer` VALUES ('188', '', '1', '6', '0', '58044');
INSERT INTO `qstn_form_detail_answer` VALUES ('189', '', '1', '6', '0', '62028');
INSERT INTO `qstn_form_detail_answer` VALUES ('190', '', '1', '6', '0', '63023');
INSERT INTO `qstn_form_detail_answer` VALUES ('191', '', '1', '6', '0', '63022');
INSERT INTO `qstn_form_detail_answer` VALUES ('192', '', '1', '6', '0', '61011');
INSERT INTO `qstn_form_detail_answer` VALUES ('193', '', '1', '6', '0', '61034');
INSERT INTO `qstn_form_detail_answer` VALUES ('194', '', '1', '6', '0', '56025');
INSERT INTO `qstn_form_detail_answer` VALUES ('195', '', '1', '6', '0', '62006');
INSERT INTO `qstn_form_detail_answer` VALUES ('196', '', '1', '6', '0', '60054');
INSERT INTO `qstn_form_detail_answer` VALUES ('197', '', '1', '6', '0', '61033');
INSERT INTO `qstn_form_detail_answer` VALUES ('198', '', '1', '6', '0', '58016');
INSERT INTO `qstn_form_detail_answer` VALUES ('199', '', '1', '6', '0', '20017');
INSERT INTO `qstn_form_detail_answer` VALUES ('200', '', '1', '6', '0', '20041');
INSERT INTO `qstn_form_detail_answer` VALUES ('201', '', '1', '6', '0', '62019');
INSERT INTO `qstn_form_detail_answer` VALUES ('202', '', '1', '6', '0', '62046');
INSERT INTO `qstn_form_detail_answer` VALUES ('203', '', '1', '6', '0', '62043');
INSERT INTO `qstn_form_detail_answer` VALUES ('204', '', '1', '6', '0', '59033');
INSERT INTO `qstn_form_detail_answer` VALUES ('205', '', '1', '6', '0', '63007');
INSERT INTO `qstn_form_detail_answer` VALUES ('206', '', '1', '6', '0', '63012');
INSERT INTO `qstn_form_detail_answer` VALUES ('207', '', '1', '6', '0', '61018');
INSERT INTO `qstn_form_detail_answer` VALUES ('208', '', '1', '6', '0', '59033');
INSERT INTO `qstn_form_detail_answer` VALUES ('209', '', '1', '6', '0', '58027');
INSERT INTO `qstn_form_detail_answer` VALUES ('210', '', '1', '6', '0', '60023');
INSERT INTO `qstn_form_detail_answer` VALUES ('211', '', '1', '6', '0', '58007');
INSERT INTO `qstn_form_detail_answer` VALUES ('212', '', '1', '6', '0', '62028');
INSERT INTO `qstn_form_detail_answer` VALUES ('213', '', '1', '6', '0', '62038');
INSERT INTO `qstn_form_detail_answer` VALUES ('214', '', '1', '6', '0', '61052');
INSERT INTO `qstn_form_detail_answer` VALUES ('215', '', '1', '6', '0', '61052');
INSERT INTO `qstn_form_detail_answer` VALUES ('216', '', '1', '6', '0', '63034');
INSERT INTO `qstn_form_detail_answer` VALUES ('217', '', '1', '6', '0', '63006');
INSERT INTO `qstn_form_detail_answer` VALUES ('218', '', '1', '6', '0', '60001');
INSERT INTO `qstn_form_detail_answer` VALUES ('219', '', '1', '6', '0', '58002');
INSERT INTO `qstn_form_detail_answer` VALUES ('220', '', '1', '6', '0', '63027');
INSERT INTO `qstn_form_detail_answer` VALUES ('221', '', '1', '6', '0', '62019');
INSERT INTO `qstn_form_detail_answer` VALUES ('222', '', '1', '6', '0', '56020');
INSERT INTO `qstn_form_detail_answer` VALUES ('223', '', '1', '6', '0', '62046');
INSERT INTO `qstn_form_detail_answer` VALUES ('224', '', '1', '6', '0', '62050');
INSERT INTO `qstn_form_detail_answer` VALUES ('225', '', '1', '6', '0', '62011');
INSERT INTO `qstn_form_detail_answer` VALUES ('226', '', '1', '6', '0', '60024');
INSERT INTO `qstn_form_detail_answer` VALUES ('227', '', '1', '6', '0', '61055');
INSERT INTO `qstn_form_detail_answer` VALUES ('228', '', '1', '6', '0', '57011');
INSERT INTO `qstn_form_detail_answer` VALUES ('229', '', '1', '6', '0', '59012');
INSERT INTO `qstn_form_detail_answer` VALUES ('230', '', '1', '6', '0', '60002');
INSERT INTO `qstn_form_detail_answer` VALUES ('231', '', '1', '6', '0', '56007');
INSERT INTO `qstn_form_detail_answer` VALUES ('232', '', '1', '6', '0', '60029');
INSERT INTO `qstn_form_detail_answer` VALUES ('233', '', '1', '6', '0', '59033');
INSERT INTO `qstn_form_detail_answer` VALUES ('234', '', '1', '6', '0', '59024');
INSERT INTO `qstn_form_detail_answer` VALUES ('235', '', '1', '6', '0', '62035');
INSERT INTO `qstn_form_detail_answer` VALUES ('236', '', '1', '6', '0', '60037');
INSERT INTO `qstn_form_detail_answer` VALUES ('237', '', '1', '6', '0', '59048');
INSERT INTO `qstn_form_detail_answer` VALUES ('238', '', '1', '6', '0', '60046');
INSERT INTO `qstn_form_detail_answer` VALUES ('239', '', '1', '6', '0', '61043');
INSERT INTO `qstn_form_detail_answer` VALUES ('240', '', '1', '6', '0', '63030');
INSERT INTO `qstn_form_detail_answer` VALUES ('241', '', '1', '6', '0', '63003');
INSERT INTO `qstn_form_detail_answer` VALUES ('242', '', '1', '6', '0', '62030');
INSERT INTO `qstn_form_detail_answer` VALUES ('243', '', '1', '6', '0', '60030');
INSERT INTO `qstn_form_detail_answer` VALUES ('244', '', '1', '6', '0', '62039');
INSERT INTO `qstn_form_detail_answer` VALUES ('245', '', '1', '6', '0', '59017');
INSERT INTO `qstn_form_detail_answer` VALUES ('246', '', '1', '6', '0', '62016');
INSERT INTO `qstn_form_detail_answer` VALUES ('247', '', '1', '6', '0', '59061');
INSERT INTO `qstn_form_detail_answer` VALUES ('248', '', '1', '6', '0', '60045');
INSERT INTO `qstn_form_detail_answer` VALUES ('249', '', '1', '6', '0', '56023');
INSERT INTO `qstn_form_detail_answer` VALUES ('250', '', '1', '6', '0', '63007');
INSERT INTO `qstn_form_detail_answer` VALUES ('251', '', '1', '6', '0', '62029');
INSERT INTO `qstn_form_detail_answer` VALUES ('252', '', '1', '6', '0', '61038');
INSERT INTO `qstn_form_detail_answer` VALUES ('253', '', '1', '6', '0', '63022');
INSERT INTO `qstn_form_detail_answer` VALUES ('254', '', '1', '6', '0', '58019');
INSERT INTO `qstn_form_detail_answer` VALUES ('255', '', '1', '6', '0', '63013');
INSERT INTO `qstn_form_detail_answer` VALUES ('256', '', '1', '6', '0', '61035');
INSERT INTO `qstn_form_detail_answer` VALUES ('257', '', '1', '6', '0', '61026');
INSERT INTO `qstn_form_detail_answer` VALUES ('258', '', '1', '6', '0', '55013');
INSERT INTO `qstn_form_detail_answer` VALUES ('259', '', '1', '6', '0', '59020');
INSERT INTO `qstn_form_detail_answer` VALUES ('260', '', '1', '6', '0', '58025');
INSERT INTO `qstn_form_detail_answer` VALUES ('261', '', '1', '6', '0', '58008');
INSERT INTO `qstn_form_detail_answer` VALUES ('262', '', '1', '6', '0', '61013');
INSERT INTO `qstn_form_detail_answer` VALUES ('263', '', '1', '6', '0', '58024');
INSERT INTO `qstn_form_detail_answer` VALUES ('264', '', '1', '6', '0', '62008');
INSERT INTO `qstn_form_detail_answer` VALUES ('265', '', '1', '6', '0', '58005');
INSERT INTO `qstn_form_detail_answer` VALUES ('266', '', '1', '6', '0', '60023');
INSERT INTO `qstn_form_detail_answer` VALUES ('267', '', '1', '6', '0', '59062');
INSERT INTO `qstn_form_detail_answer` VALUES ('268', '', '1', '6', '0', '61024');
INSERT INTO `qstn_form_detail_answer` VALUES ('269', '', '1', '6', '0', '63031');
INSERT INTO `qstn_form_detail_answer` VALUES ('270', '', '1', '6', '0', '58040');
INSERT INTO `qstn_form_detail_answer` VALUES ('271', '', '1', '6', '0', '56010');
INSERT INTO `qstn_form_detail_answer` VALUES ('272', '', '1', '6', '0', '61018');
INSERT INTO `qstn_form_detail_answer` VALUES ('273', '', '1', '6', '0', '59060');
INSERT INTO `qstn_form_detail_answer` VALUES ('274', '', '1', '6', '0', '61028');
INSERT INTO `qstn_form_detail_answer` VALUES ('275', '', '1', '6', '0', '62036');
INSERT INTO `qstn_form_detail_answer` VALUES ('276', '', '1', '6', '0', '58029');
INSERT INTO `qstn_form_detail_answer` VALUES ('277', '', '1', '6', '0', '59027');
INSERT INTO `qstn_form_detail_answer` VALUES ('278', '', '1', '6', '0', '59034');
INSERT INTO `qstn_form_detail_answer` VALUES ('279', '', '1', '6', '0', '59032');
INSERT INTO `qstn_form_detail_answer` VALUES ('280', '', '1', '6', '0', '59019');
INSERT INTO `qstn_form_detail_answer` VALUES ('281', '', '1', '6', '0', '59030');
INSERT INTO `qstn_form_detail_answer` VALUES ('282', '', '1', '6', '0', '60044');
INSERT INTO `qstn_form_detail_answer` VALUES ('283', '', '1', '6', '0', '62022');
INSERT INTO `qstn_form_detail_answer` VALUES ('284', '', '1', '6', '0', '61045');
INSERT INTO `qstn_form_detail_answer` VALUES ('285', '', '1', '6', '0', '61041');
INSERT INTO `qstn_form_detail_answer` VALUES ('286', '', '1', '6', '0', '57007');
INSERT INTO `qstn_form_detail_answer` VALUES ('287', '', '1', '6', '0', '60055');
INSERT INTO `qstn_form_detail_answer` VALUES ('288', '1-5 ปี', '3', '9', '4', '60023');
INSERT INTO `qstn_form_detail_answer` VALUES ('289', '60-69 ชม./สัปดาห์', '3', '9', '5', '60023');
INSERT INTO `qstn_form_detail_answer` VALUES ('290', 'การตลาด', '3', '9', '6', '60023');
INSERT INTO `qstn_form_detail_answer` VALUES ('291', 'ไม่ใช่', '3', '9', '7', '60023');
INSERT INTO `qstn_form_detail_answer` VALUES ('292', '≥21 ปีขึ้นไป', '3', '9', '8', '60023');
INSERT INTO `qstn_form_detail_answer` VALUES ('293', 'รายงาน ≥ 21 ครั้งขึ้นไป', '3', '9', '9', '60023');
INSERT INTO `qstn_form_detail_answer` VALUES ('294', '6-10 ปี', '3', '9', '4', '59033');
INSERT INTO `qstn_form_detail_answer` VALUES ('295', '60-69 ชม./สัปดาห์', '3', '9', '5', '59033');
INSERT INTO `qstn_form_detail_answer` VALUES ('296', 'นักวิชาการคอมพิวเตอร์', '3', '9', '6', '59033');
INSERT INTO `qstn_form_detail_answer` VALUES ('297', 'ไม่ใช่', '3', '9', '7', '59033');
INSERT INTO `qstn_form_detail_answer` VALUES ('298', '≥21 ปีขึ้นไป', '3', '9', '8', '59033');
INSERT INTO `qstn_form_detail_answer` VALUES ('299', 'รายงาน ≥ 21 ครั้งขึ้นไป', '3', '9', '9', '59033');
INSERT INTO `qstn_form_detail_answer` VALUES ('300', '1-5 ปี', '3', '9', '4', '61018');
INSERT INTO `qstn_form_detail_answer` VALUES ('301', '40-59 ชม./สัปดาห์', '3', '9', '5', '61018');
INSERT INTO `qstn_form_detail_answer` VALUES ('302', 'นักวิชาการคอมพิวเตอร์', '3', '9', '6', '61018');
INSERT INTO `qstn_form_detail_answer` VALUES ('303', 'ไม่ใช่', '3', '9', '7', '61018');
INSERT INTO `qstn_form_detail_answer` VALUES ('304', '6-10 ปี', '3', '9', '8', '61018');
INSERT INTO `qstn_form_detail_answer` VALUES ('305', 'ไม่มีการรายงาน             ', '3', '9', '9', '61018');
INSERT INTO `qstn_form_detail_answer` VALUES ('306', '', '1', '6', '0', '58007');
INSERT INTO `qstn_form_detail_answer` VALUES ('307', '6-10 ปี', '3', '9', '4', '58007');
INSERT INTO `qstn_form_detail_answer` VALUES ('308', '40-59 ชม./สัปดาห์', '3', '9', '5', '58007');
INSERT INTO `qstn_form_detail_answer` VALUES ('309', 'ไม่ใช่', '3', '9', '7', '58007');
INSERT INTO `qstn_form_detail_answer` VALUES ('310', '11-15 ปี', '3', '9', '8', '58007');
INSERT INTO `qstn_form_detail_answer` VALUES ('311', 'รายงาน ≥ 21 ครั้งขึ้นไป', '3', '9', '9', '58007');
INSERT INTO `qstn_form_detail_answer` VALUES ('312', '', '1', '6', '0', '60048');
INSERT INTO `qstn_form_detail_answer` VALUES ('313', '', '1', '6', '0', '58015');
INSERT INTO `qstn_form_detail_answer` VALUES ('314', '', '1', '6', '0', '62014');
INSERT INTO `qstn_form_detail_answer` VALUES ('315', '', '1', '6', '0', '20017');
INSERT INTO `qstn_form_detail_answer` VALUES ('316', '', '1', '6', '0', '59054');
INSERT INTO `qstn_form_detail_answer` VALUES ('317', '', '1', '6', '0', '20041');
INSERT INTO `qstn_form_detail_answer` VALUES ('318', '', '1', '6', '0', '61015');
INSERT INTO `qstn_form_detail_answer` VALUES ('319', '', '1', '6', '0', '59007');
INSERT INTO `qstn_form_detail_answer` VALUES ('320', '', '1', '6', '0', '56017');
INSERT INTO `qstn_form_detail_answer` VALUES ('321', '', '1', '6', '0', '61003');
INSERT INTO `qstn_form_detail_answer` VALUES ('322', '', '1', '6', '0', '58035');
INSERT INTO `qstn_form_detail_answer` VALUES ('323', '', '1', '6', '0', '56004');
INSERT INTO `qstn_form_detail_answer` VALUES ('324', '', '1', '6', '0', '62006');
INSERT INTO `qstn_form_detail_answer` VALUES ('325', '', '1', '6', '0', '60052');
INSERT INTO `qstn_form_detail_answer` VALUES ('326', '', '1', '6', '0', '56018');
INSERT INTO `qstn_form_detail_answer` VALUES ('327', '', '1', '6', '0', '63004');
INSERT INTO `qstn_form_detail_answer` VALUES ('328', '', '1', '6', '0', '61022');
INSERT INTO `qstn_form_detail_answer` VALUES ('329', '', '1', '6', '0', '61054');
INSERT INTO `qstn_form_detail_answer` VALUES ('330', '', '1', '6', '0', '61012');
INSERT INTO `qstn_form_detail_answer` VALUES ('331', '', '1', '6', '0', '59031');
INSERT INTO `qstn_form_detail_answer` VALUES ('332', '', '1', '6', '0', '59043');
INSERT INTO `qstn_form_detail_answer` VALUES ('333', '', '1', '6', '0', '58050');
INSERT INTO `qstn_form_detail_answer` VALUES ('334', '1 - 5 ปี             ', '4', '11', '10', '61018');
INSERT INTO `qstn_form_detail_answer` VALUES ('335', '40- 59  ชม./สัปดาห์    ', '4', '11', '11', '61018');
INSERT INTO `qstn_form_detail_answer` VALUES ('336', 'ไม่ใช่', '4', '11', '12', '61018');
INSERT INTO `qstn_form_detail_answer` VALUES ('337', '6-10  ปี    ', '4', '11', '13', '61018');
INSERT INTO `qstn_form_detail_answer` VALUES ('338', 'ไม่มีการรายงาน             ', '4', '11', '14', '61018');
INSERT INTO `qstn_form_detail_answer` VALUES ('339', '', '1', '6', '0', '58047');

-- ----------------------------
-- Table structure for qstn_question
-- ----------------------------
DROP TABLE IF EXISTS `qstn_question`;
CREATE TABLE `qstn_question` (
  `question_id` int(11) NOT NULL AUTO_INCREMENT,
  `question_number` varchar(5) NOT NULL,
  `question_name` text NOT NULL,
  `form_id` int(11) NOT NULL,
  `category_id` int(11) NOT NULL,
  `question_group_id` int(11) NOT NULL,
  PRIMARY KEY (`question_id`)
) ENGINE=InnoDB AUTO_INCREMENT=170 DEFAULT CHARSET=utf8;

-- ----------------------------
-- Records of qstn_question
-- ----------------------------
INSERT INTO `qstn_question` VALUES ('31', '1', 'หัวหน้าหน่วยงานของท่านจะกล่าวชื่นชม (says a good word) เมื่อเห็นว่ามีการปฏิบัติงานตามแนวทางความปลอดภัย สำหรับผู้ป่วย หรือผู้รับบริการที่กำหนดไว้', '5', '1', '3');
INSERT INTO `qstn_question` VALUES ('32', '2', 'หัวหน้าหน่วยงานของท่านจะพิจารณาข้อเสนอแนะของเจ้าหน้าที่เพื่อปรับปรุงความปลอดภัยสำหรับผู้ป่วยหรือผู้รับบริการอย่างจริงจัง', '5', '1', '3');
INSERT INTO `qstn_question` VALUES ('34', '3', 'เมื่อไรก็ตามที่มีภาวะกดดัน เร่งด่วน  หัวหน้าหน่วยงานจะขอให้เราทำงานด้วยความรวดเร็วระมัดระวัง   แม้อาจมีการทำงานที่ลดขั้นตอน (shortcut) แต่ต้องไม่ส่งผลให้มีความเสี่ยงเพิ่มขึ้น', '5', '1', '3');
INSERT INTO `qstn_question` VALUES ('38', '4', 'หัวหน้าหน่วยงานของท่านใส่ใจกับปัญหาความปลอดภัยของผู้ป่วยหรือผู้รับบริการที่เกิดขึ้น เพื่อป้องกันไม่ให้เกิดขึ้นซ้ำแล้วซ้ำอีก', '5', '1', '3');
INSERT INTO `qstn_question` VALUES ('39', '1', 'การกำหนดทิศทางการทำงานขององค์กรมีความชัดเจนและครอบคลุมเรื่องวิสัยทัศน์ ค่านิยม เป้าประสงค์ และผลการดำเนินงานที่สำคัญที่ได้คาดหวัง', '6', '2', '4');
INSERT INTO `qstn_question` VALUES ('40', '2', 'วิสัยทัศน์มีความชัดเจนและนำไปปฏิบัติได้', '6', '2', '4');
INSERT INTO `qstn_question` VALUES ('41', '3', 'ค่านิยมองค์กรมีความชัดเจนและสามารถปฏิบัติตามได้ถูกต้อง', '6', '2', '4');
INSERT INTO `qstn_question` VALUES ('42', '4', 'การกำหนดทิศทางขององค์กรมีความเกี่ยวข้องหรือให้ความสำคัญกับผู้รับบริการและผู้มีส่วนได้ส่วนเสียขององค์กร ', '6', '2', '4');
INSERT INTO `qstn_question` VALUES ('43', '5', 'มีการกำกับ ติดตาม และประเมินผลการการปฏิบัติตามแผนการดำเนินงานที่กำหนดไว้', '6', '2', '4');
INSERT INTO `qstn_question` VALUES ('44', '6', 'ผู้บริหารเป็นแบบอย่างที่ดีในการดำเนินการตามวิสัยทัศน์ที่กำหนดไว้		', '6', '2', '4');
INSERT INTO `qstn_question` VALUES ('45', '7', 'ผู้บริหารเป็นแบบอย่างที่ดีในการดำเนินการตามค่านิยมที่กำหนด ', '6', '2', '4');
INSERT INTO `qstn_question` VALUES ('46', '8', 'ผู้บริหารมีการสื่อสาร อธิบาย หรือชี้แจงให้ทราบถึงแผนการดำเนินงานงานและหรือตัวชี้วัดความสำเร็จของหน่วยงาน', '6', '2', '4');
INSERT INTO `qstn_question` VALUES ('47', '9', 'ผู้บริหารมีกลยุทธ์หรือแนวทางที่จะดำเนินการให้สำเร็จตามเป้าหมายที่วางไว้', '6', '2', '4');
INSERT INTO `qstn_question` VALUES ('48', '1', 'การชี้แจงวิสัยทัศน์ พันธกิจ และเป้าหมายขององค์กรให้บุคลากรทุกระดับได้ทราบอย่างชัดเจน ', '6', '2', '5');
INSERT INTO `qstn_question` VALUES ('49', '2', 'มีการสร้างความร่วมมือกับบุคลากรทุกระดับเพื่อให้การดำเนินงานเป็นไปตามเป้าหมายที่วางไว้', '6', '2', '5');
INSERT INTO `qstn_question` VALUES ('50', '3', 'มีการเปิดโอกาสให้บุคลากรทุกระดับได้สื่อสารโต้ตอบแบบ 2 ทิศทาง เพื่อสร้างความเข้าใจที่ถูกต้อง ตรงกัน', '6', '2', '5');
INSERT INTO `qstn_question` VALUES ('51', '4', 'มีการส่งเสริมและ/หรือพัฒนาบุคลากรทุกระดับเพื่อให้สามารถปฏิบัติงานให้บรรลุวัตถุประสงค์ขององค์กรได้อย่างเต็มศักยภาพ', '6', '2', '5');
INSERT INTO `qstn_question` VALUES ('52', '5', 'ผู้บริหารมีการชี้แจงหรือสื่อสารเรืองที่สำคัญให้บุคลากรรับทราบด้วยวิธีการต่างๆที่หลากหลายเพื่อให้บุคลากรรับรู้ เข้าใจและปฏิบัติได้', '6', '2', '5');
INSERT INTO `qstn_question` VALUES ('53', '6', 'บุคลากรมีความมุ่งมั่นในการนำเอาค่านิยมไปสู่การปฏิบัติและนำไปเป็นส่วนหนึ่งของการปฏิบัติงานประจำวัน', '6', '2', '5');
INSERT INTO `qstn_question` VALUES ('54', '1', 'มีการจัดกิจกรรมเพื่อสร้างความผูกพันและความร่วมมือภายในองค์กร', '6', '2', '6');
INSERT INTO `qstn_question` VALUES ('55', '2', 'มีการสร้างแรงจูงใจเพื่อให้บุคลากรสามารถปฏิบัติงานได้ตามเป้าหมาย', '6', '2', '6');
INSERT INTO `qstn_question` VALUES ('56', '3', 'การมีส่วนร่วมของผู้บริหารในกิจกรรมเพื่อสร้างความผูกพันในทุกระดับ', '6', '2', '6');
INSERT INTO `qstn_question` VALUES ('57', '4', 'มีการมอบอำนาจในการตัดสินใจการดำเนินการให้แก่บุคลากรฝ่ายต่างๆ', '6', '2', '6');
INSERT INTO `qstn_question` VALUES ('58', '5', 'มีการเปิดโอกาสให้บุคลากรมีส่วนร่วมในการพัฒนาองค์กร', '6', '2', '6');
INSERT INTO `qstn_question` VALUES ('59', '6', 'มีการมอบหมายงานและภาระงานมีความเหมาะสม', '6', '2', '6');
INSERT INTO `qstn_question` VALUES ('60', '7', 'การเสริมสร้างวัฒนธรรมที่มุ่งเน้นผู้รับบริการและผู้มีส่วนได้ส่วนเสีย ', '6', '2', '6');
INSERT INTO `qstn_question` VALUES ('61', '1', 'มีการจัดทำนโยบายการกำกับดูแลองค์กรที่ดีและเป็นรูปธรรม ', '6', '2', '7');
INSERT INTO `qstn_question` VALUES ('62', '2', 'นโยบายการกำกับดูแลองค์กรที่ดีสอดคล้องเชื่อมโยงกับค่านิยม วิสัยทัศน์ และวัฒนธรรมองค์กร', '6', '2', '7');
INSERT INTO `qstn_question` VALUES ('63', '3', 'มีการสื่อสาร เผยแพร่นโยบายการกำกับดูแลองค์กรที่ดี ภายในองค์กรมีความทั่วถึง', '6', '2', '7');
INSERT INTO `qstn_question` VALUES ('64', '4', 'มีการบริหารงานโดยคำนึงถึงประโยชน์ขององค์กร ', '6', '2', '7');
INSERT INTO `qstn_question` VALUES ('65', '5', 'มีการเปิดเผยและเปิดโอกาสให้บุคลากรตรวจสอบการบริหารงานได้', '6', '2', '7');
INSERT INTO `qstn_question` VALUES ('66', '6', 'มีการปรับปรุงผลการดำเนินงานอย่างต่อเนื่อง ', '6', '2', '7');
INSERT INTO `qstn_question` VALUES ('67', '7', 'มีการวางแผนความก้าวหน้าให้กับบุคลากรทุกสายงาน ', '6', '2', '7');
INSERT INTO `qstn_question` VALUES ('68', '1', 'การปฏิบัติตัวต่อบุคลากรอย่างเท่าเทียมกัน เป็นธรรม และไม่เลือกปฏิบัติ', '6', '2', '8');
INSERT INTO `qstn_question` VALUES ('69', '2', 'การปฏิบัติตามกฎระเบียบองค์การของผู้บริหาร และสอดคล้องกับค่านิยมและวัฒนธรรมองค์กร', '6', '2', '8');
INSERT INTO `qstn_question` VALUES ('70', '3', 'การชี้นำให้บุคลากรมีความมุ่งมั่นที่จะปฏิบัติงานให้บรรลุวิสัยทัศน์', '6', '2', '8');
INSERT INTO `qstn_question` VALUES ('71', '4', 'การบริหารองค์กรให้มีการพัฒนาอย่างต่อเนื่อง', '6', '2', '8');
INSERT INTO `qstn_question` VALUES ('72', '5', 'การมีคุณธรรม จริยธรรมของผู้บริหาร', '6', '2', '8');
INSERT INTO `qstn_question` VALUES ('73', '1', 'test', '7', '3', '9');
INSERT INTO `qstn_question` VALUES ('74', '2', 'test', '7', '3', '9');
INSERT INTO `qstn_question` VALUES ('75', '3', 'test', '7', '3', '10');
INSERT INTO `qstn_question` VALUES ('76', '4', 'test', '7', '3', '10');
INSERT INTO `qstn_question` VALUES ('77', '1', 'ความสะดวก รวดเร็ว เข้าใจง่าย ของระบบคิว', '8', '4', '11');
INSERT INTO `qstn_question` VALUES ('78', '2', 'ระยะเวลาในการรอรับยา รวดเร็ว เหมาะสม', '8', '4', '11');
INSERT INTO `qstn_question` VALUES ('79', '3', 'การอธิบายเกี่ยวกับวิธีการใช้ยา และตอบข้อซักถามของเภสัชกร', '8', '4', '11');
INSERT INTO `qstn_question` VALUES ('80', '4', 'จำนวนที่นั่งรอรับยาเพียงพอ และสะดวกสบาย', '8', '4', '11');
INSERT INTO `qstn_question` VALUES ('81', '5', 'ช่องการให้บริการจ่ายยา มีความเหมาะสม ปราศจากเสียงรบกวน', '8', '4', '11');
INSERT INTO `qstn_question` VALUES ('82', '1', 'สมาชิกในหน่วยงานนี้ช่วยเหลือเกื้อกูลกันและกัน', '9', '5', '12');
INSERT INTO `qstn_question` VALUES ('83', '2', 'เรามีกำลังคนเพียงพอที่จะรองรับปริมาณงานของหน่วยงาน', '9', '5', '12');
INSERT INTO `qstn_question` VALUES ('84', '3', 'ถ้ามีงานจำนวนมากที่ต้องทำให้เสร็จอย่างรวดเร็ว เราจะทำงานร่วมกันเป็นทีม', '9', '5', '12');
INSERT INTO `qstn_question` VALUES ('85', '4', 'สมาชิกในหน่วยงานนี้ปฏิบัติต่อกันด้วยความเคารพให้เกียรติกัน', '9', '5', '12');
INSERT INTO `qstn_question` VALUES ('86', '5', 'เจ้าหน้าที่ในหน่วยงานนี้มีจำนวนชั่วโมงการทำงานที่เหมาะสมกับการให้การดูแลผู้ป่วย หรือให้บริการแก่ผู้รับบริการได้ดีที่สุด', '9', '5', '12');
INSERT INTO `qstn_question` VALUES ('87', '6', 'เรากำลังเร่งพัฒนางาน เพื่อยกระดับความปลอดภัยสำหรับผู้ป่วย หรือผู้รับบริการ', '9', '5', '12');
INSERT INTO `qstn_question` VALUES ('88', '7', 'เราใช้เจ้าหน้าที่ชั่วคราว (part time) หรือเจ้าหน้าที่จากภายนอก (outsource) จำนวนเหมาะสม เพื่อช่วยให้สามารถดูแลผู้ป่วยหรือให้บริการแก่ผู้รับบริการได้ดีที่สุด', '9', '5', '12');
INSERT INTO `qstn_question` VALUES ('89', '8', 'เจ้าหน้าที่รู้สึกว่าความผิดพลาดของตนเป็นบทเรียนสำหรับการพัฒนา จะไม่ถูกนำมาจัดการลงโทษ (held against them)', '9', '5', '12');
INSERT INTO `qstn_question` VALUES ('90', '9', 'ที่หน่วยงานนี้  ความผิดพลาดที่เกิดขึ้น  นำมาสู่การเปลี่ยนแปลงในด้านบวก', '9', '5', '12');
INSERT INTO `qstn_question` VALUES ('91', '10', 'การที่ไม่เกิดความผิดพลาดร้ายแรงขึ้น ที่หน่วยงานนี้ เป็นเพราะมีการวางระบบป้องกัน  ควบคุมเป็นอย่างดี  ไม่ใช่เพราะเหตุบังเอิญ (by chance)', '9', '5', '12');
INSERT INTO `qstn_question` VALUES ('92', '11', 'ถ้าส่วนใดในหน่วยงานนี้มีงานยุ่ง จะมีคนอื่นมาช่วยเหลือ', '9', '5', '12');
INSERT INTO `qstn_question` VALUES ('93', '12', 'เมื่อมีการรายงานเหตุการณ์  จะเกิดความรู้สึกว่า สิ่งที่ถูกรายงาน คือ การรายงานระบบที่เป็นปัญหา  ไม่ใช่ตัวบุคคล', '9', '5', '12');
INSERT INTO `qstn_question` VALUES ('94', '13', 'เราประเมินประสิทธิผล หลังจากที่ได้ดำเนินการเปลี่ยนแปลงเพื่อยกระดับความปลอดภัยสำหรับผู้ป่วย  หรือผู้รับบริการ', '9', '5', '12');
INSERT INTO `qstn_question` VALUES ('95', '14', 'เราพยายามทำงานอย่างรัดกุม  ระมัดระวัง  ไม่เร่งรีบจนเกินไป แม้จะอยู่ในภาวะวิกฤต (crisis mode)', '9', '5', '12');
INSERT INTO `qstn_question` VALUES ('96', '15', 'แม้เราจะต้องทำงานมากขึ้น แต่ก็ไม่เคยละเลยความปลอดภัยสำหรับผู้ป่วยหรือผู้รับบริการ', '9', '5', '12');
INSERT INTO `qstn_question` VALUES ('97', '16', 'เจ้าหน้าที่ไม่กังวลเลยว่า ความผิดพลาด (mistake) ของตนจะถูกเก็บบันทึกไว้ในแฟ้มประวัติ', '9', '5', '12');
INSERT INTO `qstn_question` VALUES ('98', '17', 'เราไม่มีปัญหาความปลอดภัยของผู้ป่วย หรือผู้รับบริการในหน่วยงานนี้', '9', '5', '12');
INSERT INTO `qstn_question` VALUES ('99', '18', 'แนวทางปฏิบัติ และระบบของเรา สามารถป้องกันความผิดพลั้ง (error) ได้ดี', '9', '5', '12');
INSERT INTO `qstn_question` VALUES ('100', '1', 'หัวหน้าหน่วยงานของท่านจะกล่าวชื่นชม (says a good word) เมื่อเห็นว่ามีการปฏิบัติงานตามแนวทางความปลอดภัย สำหรับผู้ป่วย หรือผู้รับบริการที่กำหนดไว้', '9', '5', '13');
INSERT INTO `qstn_question` VALUES ('101', '2', 'หัวหน้าหน่วยงานของท่านจะพิจารณาข้อเสนอแนะของเจ้าหน้าที่เพื่อปรับปรุงความปลอดภัยสำหรับผู้ป่วยหรือผู้รับบริการอย่างจริงจัง', '9', '5', '13');
INSERT INTO `qstn_question` VALUES ('102', '3', 'เมื่อไรก็ตามที่มีภาวะกดดัน เร่งด่วน  หัวหน้าหน่วยงานจะขอให้เราทำงานด้วยความรวดเร็วระมัดระวัง   แม้อาจมีการทำงานที่ลดขั้นตอน (shortcut) แต่ต้องไม่ส่งผลให้มีความเสี่ยงเพิ่มขึ้น', '9', '5', '13');
INSERT INTO `qstn_question` VALUES ('103', '4', 'หัวหน้าหน่วยงานของท่านใส่ใจกับปัญหาความปลอดภัยของผู้ป่วยหรือผู้รับบริการที่เกิดขึ้น เพื่อป้องกันไม่ให้เกิดขึ้นซ้ำแล้วซ้ำอีก', '9', '5', '13');
INSERT INTO `qstn_question` VALUES ('104', '1', 'เราจะได้รับทราบข้อมูล  เกี่ยวกับการเปลี่ยนแปลงที่เป็นผลจากการรายงานอุบัติการณ์', '9', '5', '14');
INSERT INTO `qstn_question` VALUES ('105', '2', 'เจ้าหน้าที่สามารถ ให้ข้อคิดเห็น หรือข้อเสนอแนะ เมื่อพบเห็นบางสิ่งบางอย่างที่อาจ จะมีผลด้านลบ ต่อการดูแลผู้ป่วยหรือผู้รับบริการ', '9', '5', '14');
INSERT INTO `qstn_question` VALUES ('106', '3', 'เราจะได้รับการบอกเล่าข้อมูลเกี่ยวกับความผิดพลั้ง (errors)  ซึ่งเกิดขึ้นในหน่วยงานนี้', '9', '5', '14');
INSERT INTO `qstn_question` VALUES ('107', '4', 'เจ้าหน้าที่กล้าตั้งคำถามต่อการตัดสินใจ หรือการกระทำของผู้ที่มีอำนาจมากกว่า', '9', '5', '14');
INSERT INTO `qstn_question` VALUES ('108', '5', 'ในหน่วยงานนี้ เราพูดคุยกันถึงวิธีการที่จะป้องกันความผิดพลั้ง (errors) ไม่ให้เกิดขึ้นซ้ำอีก', '9', '5', '14');
INSERT INTO `qstn_question` VALUES ('109', '6', 'เจ้าหน้าที่กล้าที่จะซักถาม เมื่อเห็นว่าบางสิ่งบางอย่างไม่ถูกต้อง', '9', '5', '14');
INSERT INTO `qstn_question` VALUES ('110', '1', 'มีการรายงานอุบัติการณ์      กรณีที่มีการกระทำผิดพลาด (mistake) เกิดขึ้น แต่ได้รับการตรวจพบและแก้ไขก่อนที่จะมีผลต่อผู้ป่วยหรือผู้รับบริการ (ความรุนแรงระดับ A, B, หรือความเสี่ยงทั่วไปที่มีระดับความรุนแรงระดับ 1)', '9', '5', '15');
INSERT INTO `qstn_question` VALUES ('111', '2', 'มีการรายงานอุบัติการณ์     กรณีที่มีการกระทำผิดพลาด (mistake) เกิดขึ้น   แต่ไม่มีโอกาสเกิดอันตรายต่อผู้ป่วยหรือผู้รับบริการ ( ความรุนแรงระดับ C, D, หรือความเสี่ยงทั่วไปที่มีระดับความรุนแรงระดับ 2 )', '9', '5', '15');
INSERT INTO `qstn_question` VALUES ('112', '3', 'มีการรายงานอุบัติการณ์     กรณีที่มีการกระทำผิดพลาด (mistake) เกิดขึ้น   และอาจมีโอกาสเกิด หรือเกิดอันตรายต่อผู้ป่วยหรือผู้รับบริการ ( ความรุนแรงระดับ E ขึ้นไป หรือความเสี่ยงทั่วไปที่มีระดับความรุนแรงระดับ 3 )', '9', '5', '15');
INSERT INTO `qstn_question` VALUES ('113', '1', 'ภาพรวม   ระดับความปลอดภัยของผู้ป่วย ในหน่วยงานของท่าน', '9', '5', '16');
INSERT INTO `qstn_question` VALUES ('114', '1', 'ผู้บริหาร /หัวหน้าศูนย์ฯ / คณะแพทยศาสตร์ สร้างบรรยากาศในการทำงานที่ส่งเสริมความปลอดภัยสำหรับผู้ป่วย หรือผู้รับบริการ', '9', '5', '17');
INSERT INTO `qstn_question` VALUES ('115', '2', 'มีความร่วมมือที่ดีระหว่างหน่วยงานต่างๆ ใน ศูนย์ความเป็นเลิศทางการแพทย์  / คณะแพทยศาสตร์  ที่ต้องทำงานร่วมกัน', '9', '5', '17');
INSERT INTO `qstn_question` VALUES ('116', '3', 'หน่วยงานต่างๆใน ศูนย์ความเป็นเลิศทางการแพทย์  / คณะแพทยศาสตร์  ให้ความร่วมมือกันเป็นอย่างดี', '9', '5', '17');
INSERT INTO `qstn_question` VALUES ('117', '4', 'หน่วยงานใน ศูนย์ความเป็นเลิศทางการแพทย์ / คณะแพทยศาสตร์ ทำงานร่วมกันได้ดี เพื่อให้การดูแลหรือการบริการที่ดีที่สุดสำหรับผู้ป่วยหรือผู้รับบริการ', '9', '5', '17');
INSERT INTO `qstn_question` VALUES ('118', '5', 'ข้อมูลการดูแลผู้ป่วย หรือการต้องเฝ้าระวังงานที่สำคัญมีการบันทึกไว้ หรือมีการสื่อสารกันระหว่างเปลี่ยนเวร', '9', '5', '17');
INSERT INTO `qstn_question` VALUES ('119', '6', 'รู้สึกมีความสุขในการทำงาน  แม้เมื่อต้องทำงานร่วมกับเจ้าหน้าที่จากหน่วยงานอื่นใน ศูนย์ความเป็นเลิศทางการแพทย์  / คณะแพทยศาสตร์', '9', '5', '17');
INSERT INTO `qstn_question` VALUES ('120', '7', 'ไม่มีปัญหาเกิดขึ้น ในการแลกเปลี่ยนข้อมูลระหว่างหน่วยงานต่างๆ ', '9', '5', '17');
INSERT INTO `qstn_question` VALUES ('121', '8', 'การดำเนินงานของผู้บริหาร / หัวหน้าศูนย์ฯ / คณะแพทยศาสตร์  แสดงให้เห็นว่า ความปลอดภัยของผู้ป่วยหรือผู้รับบริการเป็นเรื่องสำคัญสูงสุด (top priority)', '9', '5', '17');
INSERT INTO `qstn_question` VALUES ('122', '9', 'ดูเหมือนว่าผู้บริหาร / หัวหน้าศูนย์ฯ / คณะแพทยศาสตร์ สนใจในความปลอดภัยของผู้ป่วยหรือผู้รับบริการ แม้ว่าจะยังไม่มีเหตุการณ์ไม่พึ่งประสงค์เกิดขึ้น', '9', '5', '17');
INSERT INTO `qstn_question` VALUES ('123', '10', 'ปัญหาในการย้ายผู้ป่วย หรือส่งต่องานระหว่างหน่วยงาน จะถูกนำมาทบทวนร่วมกันเสมอ เพื่อการดูแลผู้ป่วยให้ดีที่สุด', '9', '5', '17');
INSERT INTO `qstn_question` VALUES ('124', '11', 'จะไม่เกิดปัญหาขึ้นกับผู้ป่วย หรือผู้รับบริการ  แม้จะอยู่ในช่วงเปลี่ยนเวร หรือเปลี่ยนผู้รับผิดชอบ', '9', '5', '17');
INSERT INTO `qstn_question` VALUES ('125', '1', 'test q1', '10', '6', '18');
INSERT INTO `qstn_question` VALUES ('126', '2', 'test q2', '10', '6', '18');
INSERT INTO `qstn_question` VALUES ('127', '1', 'แม้เราจะต้องทำงานมากขึ้น แต่ก็ไม่เคยละเลยความปลอดภัยสำหรับผู้ป่วยหรือผู้รับบริการ', '11', '7', '19');
INSERT INTO `qstn_question` VALUES ('128', '2', 'แนวทางปฏิบัติ และระบบของเรา สามารถป้องกันความผิดพลั้ง (error) ได้ดี', '11', '7', '19');
INSERT INTO `qstn_question` VALUES ('129', '3', 'การที่ไม่เกิดความผิดพลาดร้ายแรงขึ้น ที่หน่วยงานนี้ เป็นเพราะมีการวางระบบป้องกัน  ควบคุมเป็นอย่างดี  ไม่ใช่เพราะเหตุบังเอิญ (by chance)', '11', '7', '19');
INSERT INTO `qstn_question` VALUES ('130', '4', 'เราไม่มีปัญหาความปลอดภัยของผู้ป่วย หรือผู้รับบริการในหน่วยงานนี้', '11', '7', '19');
INSERT INTO `qstn_question` VALUES ('131', '1', 'เรากำลังเร่งพัฒนางาน เพื่อยกระดับความปลอดภัยสำหรับผู้ป่วย หรือผู้รับบริการ', '11', '7', '20');
INSERT INTO `qstn_question` VALUES ('132', '2', 'ที่หน่วยงานนี้  ความผิดพลาดที่เกิดขึ้น  นำมาสู่การเปลี่ยนแปลงในด้านบวก', '11', '7', '20');
INSERT INTO `qstn_question` VALUES ('133', '3', 'เราประเมินประสิทธิผล หลังจากที่ได้ดำเนินการเปลี่ยนแปลงเพื่อยกระดับความปลอดภัยสำหรับผู้ป่วย  หรือผู้รับบริการ', '11', '7', '20');
INSERT INTO `qstn_question` VALUES ('134', '1', 'สมาชิกในหน่วยงานนี้ช่วยเหลือเกื้อกูลกันและกัน', '11', '7', '21');
INSERT INTO `qstn_question` VALUES ('135', '2', 'ถ้ามีงานจำนวนมากที่ต้องทำให้เสร็จอย่างรวดเร็ว เราจะทำงานร่วมกันเป็นทีม', '11', '7', '21');
INSERT INTO `qstn_question` VALUES ('136', '3', 'สมาชิกในหน่วยงานนี้ปฏิบัติต่อกันด้วยความเคารพให้เกียรติกัน', '11', '7', '21');
INSERT INTO `qstn_question` VALUES ('137', '4', 'ถ้าส่วนใดในหน่วยงานนี้มีงานยุ่ง จะมีคนอื่นมาช่วยเหลือ', '11', '7', '21');
INSERT INTO `qstn_question` VALUES ('138', '1', 'เจ้าหน้าที่รู้สึกว่าความผิดพลาดของตนเป็นบทเรียนสำหรับการพัฒนา จะไม่ถูกนำมาจัดการลงโทษ (held against them)', '11', '7', '22');
INSERT INTO `qstn_question` VALUES ('139', '2', 'เมื่อมีการรายงานเหตุการณ์  จะเกิดความรู้สึกว่า สิ่งที่ถูกรายงาน คือ การรายงานระบบที่เป็นปัญหา  ไม่ใช่ตัวบุคคล', '11', '7', '22');
INSERT INTO `qstn_question` VALUES ('140', '3', 'เจ้าหน้าที่ไม่กังวลเลยว่า ความผิดพลาด (mistake) ของตนจะถูกเก็บบันทึกไว้ในแฟ้มประวัติ', '11', '7', '22');
INSERT INTO `qstn_question` VALUES ('141', '1', 'เรามีกำลังคนเพียงพอที่จะรองรับปริมาณงานของหน่วยงาน', '11', '7', '23');
INSERT INTO `qstn_question` VALUES ('142', '2', 'เจ้าหน้าที่ในหน่วยงานนี้มีจำนวนชั่วโมงการทำงานที่เหมาะสมกับการให้การดูแลผู้ป่วย หรือให้บริการแก่ผู้รับบริการได้ดีที่สุด', '11', '7', '23');
INSERT INTO `qstn_question` VALUES ('143', '3', 'เราใช้เจ้าหน้าที่ชั่วคราว (part time) หรือเจ้าหน้าที่จากภายนอก (outsource) จำนวนเหมาะสม เพื่อช่วยให้สามารถดูแลผู้ป่วยหรือให้บริการแก่ผู้รับบริการได้ดีที่สุด', '11', '7', '23');
INSERT INTO `qstn_question` VALUES ('144', '4', 'เราพยายามทำงานอย่างรัดกุม  ระมัดระวัง  ไม่เร่งรีบจนเกินไป แม้จะอยู่ในภาวะวิกฤต (crisis mode)', '11', '7', '23');
INSERT INTO `qstn_question` VALUES ('145', '1', 'หัวหน้าหน่วยงานของท่านจะกล่าวชื่นชม (says a good word) เมื่อเห็นว่ามีการปฏิบัติงานตามแนวทางความปลอดภัย สำหรับผู้ป่วย หรือผู้รับบริการที่กำหนดไว้', '11', '8', '24');
INSERT INTO `qstn_question` VALUES ('146', '2', 'หัวหน้าหน่วยงานของท่านจะพิจารณาข้อเสนอแนะของเจ้าหน้าที่เพื่อปรับปรุงความปลอดภัยสำหรับผู้ป่วยหรือผู้รับบริการอย่างจริงจัง', '11', '8', '24');
INSERT INTO `qstn_question` VALUES ('147', '3', 'เมื่อไรก็ตามที่มีภาวะกดดัน เร่งด่วน  หัวหน้าหน่วยงานจะขอให้เราทำงานด้วยความรวดเร็วระมัดระวัง   แม้อาจมีการทำงานที่ลดขั้นตอน (shortcut) แต่ต้องไม่ส่งผลให้มีความเสี่ยงเพิ่มขึ้น', '11', '8', '24');
INSERT INTO `qstn_question` VALUES ('148', '4', 'หัวหน้าหน่วยงานของท่านใส่ใจกับปัญหาความปลอดภัยของผู้ป่วยหรือผู้รับบริการที่เกิดขึ้น เพื่อป้องกันไม่ให้เกิดขึ้นซ้ำแล้วซ้ำอีก', '11', '8', '24');
INSERT INTO `qstn_question` VALUES ('149', '1', 'เจ้าหน้าที่สามารถ ให้ข้อคิดเห็น หรือข้อเสนอแนะ เมื่อพบเห็นบางสิ่งบางอย่างที่อาจ จะมีผลด้านลบ ต่อการดูแลผู้ป่วยหรือผู้รับบริการ', '11', '9', '25');
INSERT INTO `qstn_question` VALUES ('150', '2', 'เจ้าหน้าที่กล้าตั้งคำถามต่อการตัดสินใจ หรือการกระทำของผู้ที่มีอำนาจมากกว่า', '11', '9', '25');
INSERT INTO `qstn_question` VALUES ('151', '3', 'เจ้าหน้าที่กล้าที่จะซักถาม เมื่อเห็นว่าบางสิ่งบางอย่างไม่ถูกต้อง', '11', '9', '25');
INSERT INTO `qstn_question` VALUES ('152', '1', 'เราจะได้รับทราบข้อมูล  เกี่ยวกับการเปลี่ยนแปลงที่เป็นผลจากการรายงานอุบัติการณ์', '11', '9', '26');
INSERT INTO `qstn_question` VALUES ('153', '2', 'เราจะได้รับการบอกเล่าข้อมูลเกี่ยวกับความผิดพลั้ง (errors)  ซึ่งเกิดขึ้นในหน่วยงานนี้', '11', '9', '26');
INSERT INTO `qstn_question` VALUES ('154', '3', 'ในหน่วยงานนี้ เราพูดคุยกันถึงวิธีการที่จะป้องกันความผิดพลั้ง (errors) ไม่ให้เกิดขึ้นซ้ำอีก', '11', '9', '26');
INSERT INTO `qstn_question` VALUES ('155', '1', 'มีการรายงานอุบัติการณ์      กรณีที่มีการกระทำผิดพลาด (mistake) เกิดขึ้น แต่ได้รับการตรวจพบและแก้ไขก่อนที่จะมีผลต่อผู้ป่วยหรือผู้รับบริการ (ความรุนแรงระดับ A, B, หรือความเสี่ยงทั่วไปที่มีระดับความรุนแรงระดับ 1)', '11', '10', '27');
INSERT INTO `qstn_question` VALUES ('156', '2', 'มีการรายงานอุบัติการณ์     กรณีที่มีการกระทำผิดพลาด (mistake) เกิดขึ้น   แต่ไม่มีโอกาสเกิดอันตรายต่อผู้ป่วยหรือผู้รับบริการ ( ความรุนแรงระดับ C, D, หรือความเสี่ยงทั่วไปที่มีระดับความรุนแรงระดับ 2 )', '11', '10', '27');
INSERT INTO `qstn_question` VALUES ('157', '3', 'มีการรายงานอุบัติการณ์     กรณีที่มีการกระทำผิดพลาด (mistake) เกิดขึ้น   และอาจมีโอกาสเกิด หรือเกิดอันตรายต่อผู้ป่วยหรือผู้รับบริการ ( ความรุนแรงระดับ E ขึ้นไป หรือความเสี่ยงทั่วไปที่มีระดับความรุนแรงระดับ 3 )', '11', '10', '27');
INSERT INTO `qstn_question` VALUES ('158', '1', 'ภาพรวม   ระดับความปลอดภัยของผู้ป่วย ในหน่วยงานของท่าน', '11', '11', '28');
INSERT INTO `qstn_question` VALUES ('159', '1', 'ผู้บริหาร /หัวหน้าศูนย์ฯ / คณะแพทยศาสตร์ สร้างบรรยากาศในการทำงานที่ส่งเสริมความปลอดภัยสำหรับผู้ป่วย หรือผู้รับบริการ', '11', '12', '29');
INSERT INTO `qstn_question` VALUES ('160', '2', 'การดำเนินงานของผู้บริหาร / หัวหน้าศูนย์ฯ / คณะแพทยศาสตร์  แสดงให้เห็นว่า ความปลอดภัยของผู้ป่วยหรือผู้รับบริการเป็นเรื่องสำคัญสูงสุด (top priority)', '11', '12', '29');
INSERT INTO `qstn_question` VALUES ('161', '3', 'ดูเหมือนว่าผู้บริหาร / หัวหน้าศูนย์ฯ / คณะแพทยศาสตร์ สนใจในความปลอดภัยของผู้ป่วยหรือผู้รับบริการ แม้ว่าจะยังไม่มีเหตุการณ์ไม่พึ่งประสงค์เกิดขึ้น', '11', '12', '29');
INSERT INTO `qstn_question` VALUES ('162', '1', 'หน่วยงานใน ศูนย์ความเป็นเลิศทางการแพทย์ / คณะแพทยศาสตร์ ทำงานร่วมกันได้ดี เพื่อให้การดูแลหรือการบริการที่ดีที่สุดสำหรับผู้ป่วยหรือผู้รับบริการ', '11', '12', '30');
INSERT INTO `qstn_question` VALUES ('163', '2', 'ปัญหาในการย้ายผู้ป่วย หรือส่งต่องานระหว่างหน่วยงาน จะถูกนำมาทบทวนร่วมกันเสมอ เพื่อการดูแลผู้ป่วยให้ดีที่สุด', '11', '12', '30');
INSERT INTO `qstn_question` VALUES ('164', '3', 'มีความร่วมมือที่ดีระหว่างหน่วยงานต่างๆ ใน ศูนย์ความเป็นเลิศทางการแพทย์  / คณะแพทยศาสตร์  ที่ต้องทำงานร่วมกัน', '11', '12', '30');
INSERT INTO `qstn_question` VALUES ('165', '4', 'รู้สึกมีความสุขในการทำงาน  แม้เมื่อต้องทำงานร่วมกับเจ้าหน้าที่จากหน่วยงานอื่นใน ศูนย์ความเป็นเลิศทางการแพทย์  / คณะแพทยศาสตร์', '11', '12', '30');
INSERT INTO `qstn_question` VALUES ('166', '1', 'หน่วยงานต่างๆใน ศูนย์ความเป็นเลิศทางการแพทย์  / คณะแพทยศาสตร์  ให้ความร่วมมือกันเป็นอย่างดี', '11', '12', '31');
INSERT INTO `qstn_question` VALUES ('167', '2', 'ข้อมูลการดูแลผู้ป่วย หรือการต้องเฝ้าระวังงานที่สำคัญมีการบันทึกไว้ หรือมีการสื่อสารกันระหว่างเปลี่ยนเวร', '11', '12', '31');
INSERT INTO `qstn_question` VALUES ('168', '3', 'ไม่มีปัญหาเกิดขึ้น ในการแลกเปลี่ยนข้อมูลระหว่างหน่วยงานต่างๆ ', '11', '12', '31');
INSERT INTO `qstn_question` VALUES ('169', '4', 'จะไม่เกิดปัญหาขึ้นกับผู้ป่วย หรือผู้รับบริการ  แม้จะอยู่ในช่วงเปลี่ยนเวร หรือเปลี่ยนผู้รับผิดชอบ', '11', '12', '31');

-- ----------------------------
-- Table structure for qstn_question_group
-- ----------------------------
DROP TABLE IF EXISTS `qstn_question_group`;
CREATE TABLE `qstn_question_group` (
  `question_group_id` int(11) NOT NULL AUTO_INCREMENT,
  `question_group_number` varchar(5) NOT NULL,
  `question_group_name` text NOT NULL,
  `form_id` int(11) NOT NULL,
  `category_id` int(11) NOT NULL,
  `choice_group_id` int(11) NOT NULL,
  PRIMARY KEY (`question_group_id`)
) ENGINE=InnoDB AUTO_INCREMENT=32 DEFAULT CHARSET=utf8;

-- ----------------------------
-- Records of qstn_question_group
-- ----------------------------
INSERT INTO `qstn_question_group` VALUES ('1', 'A', 'ความเห็นต่อการทำงานในหน่วยงานของท่านaaabbb', '5', '1', '1');
INSERT INTO `qstn_question_group` VALUES ('2', 'A', 'ความเห็นต่อการทำงานในหน่วยงานของท่าน', '5', '1', '1');
INSERT INTO `qstn_question_group` VALUES ('3', 'B', 'ความเห็นต่อ หัวหน้าหน่วยงาน / หัวหน้าที่อยู่เหนือขึ้นไป ของท่านaaaa', '5', '1', '1');
INSERT INTO `qstn_question_group` VALUES ('4', '1', 'การกำหนดทิศทางขององค์กร ', '6', '2', '2');
INSERT INTO `qstn_question_group` VALUES ('5', '2', 'การสื่อสารและการสร้างความเข้าใจทิศทางขององค์กรให้บุคลากรรับรู้ ', '6', '2', '2');
INSERT INTO `qstn_question_group` VALUES ('6', '3', 'การสร้างบรรยากาศและการมีส่วนร่วมของผู้บริหารในกิจกรรมต่างๆ เกี่ยวกับการพัฒนาองค์กร', '6', '2', '2');
INSERT INTO `qstn_question_group` VALUES ('7', '4', 'การให้ความสำคัญเรื่องธรรมาภิบาลขององค์กร', '6', '2', '2');
INSERT INTO `qstn_question_group` VALUES ('8', '5', 'การเป็นตัวอย่างที่ดี (Role Model) ของผู้บริหารในการดำเนินการเรื่องต่างๆ', '6', '2', '2');
INSERT INTO `qstn_question_group` VALUES ('9', '', 'test', '7', '3', '1');
INSERT INTO `qstn_question_group` VALUES ('10', '', 'test2', '7', '3', '1');
INSERT INTO `qstn_question_group` VALUES ('11', '1', 'หัวข้อการประเมิน', '8', '4', '2');
INSERT INTO `qstn_question_group` VALUES ('12', 'A', 'ความเห็นต่อการทำงานในหน่วยงานของท่าน', '9', '5', '4');
INSERT INTO `qstn_question_group` VALUES ('13', 'B', 'ความเห็นต่อ หัวหน้าหน่วยงาน / หัวหน้าที่อยู่เหนือขึ้นไป ของท่าน', '9', '5', '4');
INSERT INTO `qstn_question_group` VALUES ('14', 'C', 'ความเห็นต่อการสื่อสาร', '9', '5', '4');
INSERT INTO `qstn_question_group` VALUES ('15', 'D', 'ความเห็นต่อความถี่ในการรายงานเหตุการณ์', '9', '5', '4');
INSERT INTO `qstn_question_group` VALUES ('16', 'E', 'ภาพรวม   ระดับความปลอดภัยของผู้ป่วย ในหน่วยงานของท่าน', '9', '5', '5');
INSERT INTO `qstn_question_group` VALUES ('17', 'F', 'ความเห็นต่อ ศูนย์ความเป็นเลิศทางการแพทย์ ของท่าน', '9', '5', '4');
INSERT INTO `qstn_question_group` VALUES ('18', '1', 'test qg', '10', '6', '3');
INSERT INTO `qstn_question_group` VALUES ('19', '1', 'ความเห็นต่อความปลอดภัยในภาพรวม', '11', '7', '4');
INSERT INTO `qstn_question_group` VALUES ('20', '2', 'การเป็นองค์กรแห่งการเรียนรู้ หรือการพัฒนาอย่างต่อเนื่อง', '11', '7', '4');
INSERT INTO `qstn_question_group` VALUES ('21', '3', 'การทำงานเป็นทีมภายในหน่วยงานของโรงพยาบาล', '11', '7', '4');
INSERT INTO `qstn_question_group` VALUES ('22', '4', 'การตอบสนองต่อความผิดพลั้งที่ปราศจากการส่งผลร้ายกับตนในภายหลัง', '11', '7', '4');
INSERT INTO `qstn_question_group` VALUES ('23', '5', 'การจัดคนทำงาน', '11', '7', '4');
INSERT INTO `qstn_question_group` VALUES ('24', '1', 'ความคาดหวังของที่ปรึกษา/ผู้จัดการ และกิจกรรมการส่งเสริมความปลอดภัย', '11', '8', '4');
INSERT INTO `qstn_question_group` VALUES ('25', '1', 'การสื่อสารที่เปิดกว้าง', '11', '9', '4');
INSERT INTO `qstn_question_group` VALUES ('26', '2', 'การสื่อสารและการรับข้อมูลย้อนกลับเกี่ยวกับความผิดพลั้ง', '11', '9', '4');
INSERT INTO `qstn_question_group` VALUES ('27', '1', 'ความเห็นต่อความถี่ในการรายงานเหตุการณ์', '11', '10', '4');
INSERT INTO `qstn_question_group` VALUES ('28', '1', 'ระดับความปลอดภัยของผู้ป่วย ในหน่วยงานของท่าน', '11', '11', '5');
INSERT INTO `qstn_question_group` VALUES ('29', '1', 'การสนับสนุนด้านการจัดการโรงพยาบาลสำหรับความปลอดภัยของผู้ป่วย', '11', '12', '4');
INSERT INTO `qstn_question_group` VALUES ('30', '2', 'การทำงานเป็นทีมระหว่างหน่วยงานต่างๆในโรงพยาบาล', '11', '12', '4');
INSERT INTO `qstn_question_group` VALUES ('31', '3', 'การส่งต่องานและการเปลี่ยนผ่านระหว่างงาน/เวร', '11', '12', '4');

-- ----------------------------
-- Table structure for qstn_score_criteria
-- ----------------------------
DROP TABLE IF EXISTS `qstn_score_criteria`;
CREATE TABLE `qstn_score_criteria` (
  `score_criteria_id` int(11) NOT NULL AUTO_INCREMENT,
  `score_criteria_name` varchar(50) NOT NULL,
  `criterias` text NOT NULL,
  `min_scores` text NOT NULL,
  `max_scores` text NOT NULL,
  `meanings` text NOT NULL,
  `color_codes` text NOT NULL,
  PRIMARY KEY (`score_criteria_id`)
) ENGINE=InnoDB DEFAULT CHARSET=utf8;

-- ----------------------------
-- Records of qstn_score_criteria
-- ----------------------------

-- ----------------------------
-- Table structure for qstn_suggestion
-- ----------------------------
DROP TABLE IF EXISTS `qstn_suggestion`;
CREATE TABLE `qstn_suggestion` (
  `suggestion_id` int(11) NOT NULL AUTO_INCREMENT,
  `suggestion_detail` text NOT NULL,
  `evaluation_id` int(11) NOT NULL,
  `form_id` int(11) NOT NULL,
  `person_id` varchar(10) NOT NULL,
  PRIMARY KEY (`suggestion_id`)
) ENGINE=InnoDB AUTO_INCREMENT=370 DEFAULT CHARSET=utf8;

-- ----------------------------
-- Records of qstn_suggestion
-- ----------------------------
INSERT INTO `qstn_suggestion` VALUES ('1', '', '1', '6', '60052');
INSERT INTO `qstn_suggestion` VALUES ('2', '', '1', '6', '60052');
INSERT INTO `qstn_suggestion` VALUES ('3', '', '1', '6', '59048');
INSERT INTO `qstn_suggestion` VALUES ('4', '', '1', '6', '60034');
INSERT INTO `qstn_suggestion` VALUES ('5', '', '1', '6', '60055');
INSERT INTO `qstn_suggestion` VALUES ('6', '', '1', '6', '63017');
INSERT INTO `qstn_suggestion` VALUES ('7', '', '1', '6', '61001');
INSERT INTO `qstn_suggestion` VALUES ('8', '', '1', '6', '62030');
INSERT INTO `qstn_suggestion` VALUES ('9', '', '1', '6', '63032');
INSERT INTO `qstn_suggestion` VALUES ('10', '', '1', '6', '63028');
INSERT INTO `qstn_suggestion` VALUES ('11', '', '1', '6', '58047');
INSERT INTO `qstn_suggestion` VALUES ('12', '', '1', '6', '59014');
INSERT INTO `qstn_suggestion` VALUES ('13', '', '1', '6', '60021');
INSERT INTO `qstn_suggestion` VALUES ('14', '', '1', '6', '60046');
INSERT INTO `qstn_suggestion` VALUES ('15', '', '1', '6', '61003');
INSERT INTO `qstn_suggestion` VALUES ('16', '', '1', '6', '57002');
INSERT INTO `qstn_suggestion` VALUES ('17', '', '1', '6', '57004');
INSERT INTO `qstn_suggestion` VALUES ('18', '', '1', '6', '63031');
INSERT INTO `qstn_suggestion` VALUES ('19', '', '1', '6', '62016');
INSERT INTO `qstn_suggestion` VALUES ('20', '', '1', '6', '62050');
INSERT INTO `qstn_suggestion` VALUES ('21', '-', '1', '6', '60051');
INSERT INTO `qstn_suggestion` VALUES ('22', '', '1', '6', '59012');
INSERT INTO `qstn_suggestion` VALUES ('23', '', '1', '6', '63024');
INSERT INTO `qstn_suggestion` VALUES ('24', '', '1', '6', '63029');
INSERT INTO `qstn_suggestion` VALUES ('25', '', '1', '6', '60008');
INSERT INTO `qstn_suggestion` VALUES ('26', '', '1', '6', '58037');
INSERT INTO `qstn_suggestion` VALUES ('27', '', '1', '6', '61047');
INSERT INTO `qstn_suggestion` VALUES ('28', '', '1', '6', '58053');
INSERT INTO `qstn_suggestion` VALUES ('29', '', '1', '6', '58053');
INSERT INTO `qstn_suggestion` VALUES ('30', '', '1', '6', '58039');
INSERT INTO `qstn_suggestion` VALUES ('31', '', '1', '6', '61044');
INSERT INTO `qstn_suggestion` VALUES ('32', '', '1', '6', '62007');
INSERT INTO `qstn_suggestion` VALUES ('33', '', '1', '6', '60005');
INSERT INTO `qstn_suggestion` VALUES ('34', '', '1', '6', '60029');
INSERT INTO `qstn_suggestion` VALUES ('35', '', '1', '6', '63015');
INSERT INTO `qstn_suggestion` VALUES ('36', '', '1', '6', '56006');
INSERT INTO `qstn_suggestion` VALUES ('37', '', '1', '6', '58044');
INSERT INTO `qstn_suggestion` VALUES ('38', '', '1', '6', '62028');
INSERT INTO `qstn_suggestion` VALUES ('39', '', '1', '6', '63023');
INSERT INTO `qstn_suggestion` VALUES ('40', '', '1', '6', '63022');
INSERT INTO `qstn_suggestion` VALUES ('94', '', '1', '6', '58027');
INSERT INTO `qstn_suggestion` VALUES ('95', '', '1', '6', '62042');
INSERT INTO `qstn_suggestion` VALUES ('96', '', '1', '6', '63001');
INSERT INTO `qstn_suggestion` VALUES ('97', '', '1', '6', '61039');
INSERT INTO `qstn_suggestion` VALUES ('98', '', '1', '6', '60050');
INSERT INTO `qstn_suggestion` VALUES ('99', '', '1', '6', '62040');
INSERT INTO `qstn_suggestion` VALUES ('100', '', '1', '6', '62014');
INSERT INTO `qstn_suggestion` VALUES ('101', '', '1', '6', '61049');
INSERT INTO `qstn_suggestion` VALUES ('102', '', '1', '6', '60023');
INSERT INTO `qstn_suggestion` VALUES ('103', '', '1', '6', '61004');
INSERT INTO `qstn_suggestion` VALUES ('104', '', '1', '6', '60032');
INSERT INTO `qstn_suggestion` VALUES ('105', 'อยากให้มีการจัดกิจกรรม ผู้บริหารได้พบประกับพนง. เพื่อเพิ่มการสื่อสารนโยบาย ผลการดำเนินงาน ทิศทางขององค์กร ให้พนง. ได้รับทราบ ทุกไตรมาส', '1', '6', '58007');
INSERT INTO `qstn_suggestion` VALUES ('106', '', '1', '6', '56007');
INSERT INTO `qstn_suggestion` VALUES ('107', '', '1', '6', '61026');
INSERT INTO `qstn_suggestion` VALUES ('108', '', '1', '6', '60043');
INSERT INTO `qstn_suggestion` VALUES ('109', '', '1', '6', '59020');
INSERT INTO `qstn_suggestion` VALUES ('110', '', '1', '6', '63030');
INSERT INTO `qstn_suggestion` VALUES ('111', '', '1', '6', '58028');
INSERT INTO `qstn_suggestion` VALUES ('112', '', '1', '6', '62011');
INSERT INTO `qstn_suggestion` VALUES ('113', 'อยากให้รับฟังขอเสนอแนะและแก้ไขในส่วนที่พนักงานติดขัดปัญหาหน้างานเพื่อให้บรรลุเป้าหมาย และปฏิบัติไปในทิศทางเดียวกัน', '1', '6', '58018');
INSERT INTO `qstn_suggestion` VALUES ('114', '', '1', '6', '62020');
INSERT INTO `qstn_suggestion` VALUES ('115', '', '1', '6', '60044');
INSERT INTO `qstn_suggestion` VALUES ('116', '', '1', '6', '60001');
INSERT INTO `qstn_suggestion` VALUES ('117', '', '1', '6', '56004');
INSERT INTO `qstn_suggestion` VALUES ('118', 'ผอ. นเรนทร์ ดีที่สุดเลยค่ะ  :)', '1', '6', '57011');
INSERT INTO `qstn_suggestion` VALUES ('119', 'ผอ. น่ารักมากกก เป็นกันเอง เข้าใจพนักงาน มีความมุ่งมั่นในการพัฒนาองค์กร  ', '1', '6', '62035');
INSERT INTO `qstn_suggestion` VALUES ('120', 'ผอ.นเรนทร์น่ารักมากๆเลยค่ะ ชอบการบริหารงานของอาจารย์ที่สุดเลยค่ะ', '1', '6', '56018');
INSERT INTO `qstn_suggestion` VALUES ('121', '', '1', '6', '55012');
INSERT INTO `qstn_suggestion` VALUES ('122', '', '1', '6', '59060');
INSERT INTO `qstn_suggestion` VALUES ('123', '', '1', '6', '59033');
INSERT INTO `qstn_suggestion` VALUES ('124', '', '1', '6', '61018');
INSERT INTO `qstn_suggestion` VALUES ('125', '', '1', '6', '58019');
INSERT INTO `qstn_suggestion` VALUES ('126', '', '1', '6', '58015');
INSERT INTO `qstn_suggestion` VALUES ('127', '', '1', '6', '56020');
INSERT INTO `qstn_suggestion` VALUES ('128', '', '1', '6', '58024');
INSERT INTO `qstn_suggestion` VALUES ('129', '', '1', '6', '61006');
INSERT INTO `qstn_suggestion` VALUES ('130', '', '1', '6', '59043');
INSERT INTO `qstn_suggestion` VALUES ('131', '1. อยากให้องค์กรแสดง career path ที่ชัดเจน\r\n2. อยากให้องค์กรมีการประเมินผลงานตาม achievement / target นอกเหนือจากการประเมินปกติที่นำชั่วโมงทำงานมาเป็นส่วนหนึ่งในการพิจารณา  (ตั้ง target ไว้เพื่อให้บุคลากรตั้งใจและพัฒนางาน เนื่องจากความสำเร็จ 1 ชิ้นงานแต่ละคนใช้เวลาไม่เท่ากัน คนที่ทำงานช้ากลับได้เปรียบเพราะเบิกค่า OT ได้มากกว่าคนที่ทำงานเสร็จเร็ว ซึ่งเป็นเรื่องที่ไม่สมควร) \r\n3. อยากให้องค์กรให้คุณค่าและกระตุ้นการสร้างวัฒนธรรมความกระตือรือร้นในการทำงาน ลดบทบาทและลดทอนอำนาจการทำงานแบบเช้าชามเย็นชาม เปิดโอกาสให้บุคคลากรที่มีความรู้ความสามารถได้แสดงศักยภาพ และส่งเสริมบุคลากรที่มีความพร้อมพัฒนาและทำงาน\r\n4. อยากให้ในหน่วยงานย่อย มีผู้เชี่ยวชาญ มีประสบการณ์อย่างแท้จริง เป็นที่ปรึกษา เป็น role models ในสายงานนั้นๆ สร้างหลักการ ความเข้าใจที่ถูกต้อง และสามารถให้ข้อมูลประสานงานระหว่างหน่วยงานได้อย่างมีเหตุผล ชัดเจน ไม่คลุมเครือ เพื่อการดำเนินงานอย่างราบรื่นและถูกต้อง เพราะการนำมีความสำคัญ ถ้าผู้นำไม่มีความรู้ ความเชี่ยวชาญทั้งเฉพาะด้านและรอบด้านแล้ว จะไม่มีความน่าเชื่อถือของหน่วยงาน', '1', '6', '59007');
INSERT INTO `qstn_suggestion` VALUES ('132', '', '1', '6', '61024');
INSERT INTO `qstn_suggestion` VALUES ('133', '', '1', '6', '62015');
INSERT INTO `qstn_suggestion` VALUES ('134', '', '1', '6', '61020');
INSERT INTO `qstn_suggestion` VALUES ('135', '', '1', '6', '56023');
INSERT INTO `qstn_suggestion` VALUES ('136', '', '1', '6', '57005');
INSERT INTO `qstn_suggestion` VALUES ('137', '', '1', '6', '56010');
INSERT INTO `qstn_suggestion` VALUES ('138', '', '1', '6', '61037');
INSERT INTO `qstn_suggestion` VALUES ('139', '', '1', '6', '62039');
INSERT INTO `qstn_suggestion` VALUES ('140', '', '1', '6', '61045');
INSERT INTO `qstn_suggestion` VALUES ('141', '', '1', '6', '60012');
INSERT INTO `qstn_suggestion` VALUES ('142', '', '1', '6', '58046');
INSERT INTO `qstn_suggestion` VALUES ('143', '', '1', '6', '58005');
INSERT INTO `qstn_suggestion` VALUES ('144', '', '1', '6', '60002');
INSERT INTO `qstn_suggestion` VALUES ('145', '', '1', '6', '59065');
INSERT INTO `qstn_suggestion` VALUES ('146', '', '1', '6', '62023');
INSERT INTO `qstn_suggestion` VALUES ('147', 'ผู้รับบริการ อายุ มากกว่า 60 ปีขึ้นไป มีจำนวนมากขึ้นต้องการมารับบริการมากขึ้นแต่นโยบายการรับผู้ป่วยยังไม่ปรับเปลี่ยน ยัง รับอายุ 15 ปีขึ้นไป ทำให้ผู้รับบริการที่เป็นผู้สูงอายุไม่ได้รับความสะดวกทั้งเรื่องคิวตรวจ สถานที่ รอนาน การบริการไม่เฉพาะทาง โอกาสในการรับข้อมูลลดลง ไม่สามารถอำนวยความสะดวกได้อย่างเหมาะสม ควรมีนโยบาย รับเฉพาะผู้รับบริการที่มีอายุ 60 ปี ขึ้นไปเพื่อให้เป็นศูนย์ผู้สูงอายุเฉพาะทางตามวัตถุประสงค์ ', '1', '6', '62032');
INSERT INTO `qstn_suggestion` VALUES ('148', '', '1', '6', '62049');
INSERT INTO `qstn_suggestion` VALUES ('149', '', '1', '6', '63021');
INSERT INTO `qstn_suggestion` VALUES ('150', '', '1', '6', '62029');
INSERT INTO `qstn_suggestion` VALUES ('151', '', '1', '6', '62027');
INSERT INTO `qstn_suggestion` VALUES ('152', '', '1', '6', '61013');
INSERT INTO `qstn_suggestion` VALUES ('153', '', '1', '6', '63021');
INSERT INTO `qstn_suggestion` VALUES ('154', 'ต้องการให้เเต่ละเเผนกมีหัวหน้าที่จะสามารถรับนโยบายจากผู้บริหารเเละสื่อสารให้ทีมรับทราบพร้อมทั้งรายงานปัญหาต่างๆเพื่อทำเเนวทางเเก้ไขไปพร้อมกัน \r\n ต้องการให้ผู้บริหารพบ พนง. ทุกไตรมาสเพื่อพบปะพูดคุย รับฟังปัญหา สร้างขวัญเเละกำลังใจในการทำงาน\r\n  ต้องการเสนอให้สวัสดิการพนง. เทียบเท่าพนง. อื่นของมหาวิทยาลัย\r\n  เสนอให้มีการจัดรูปเเบบบริการที่เอื้ออำนวยความสะดวก รวดเร็วเข้าถึงกับผู้สูงอายุสำหรับ.GMC ไม่รับคนไข้กลุ่มอื่น\r\n', '1', '6', '59009');
INSERT INTO `qstn_suggestion` VALUES ('155', '-ศูนย์เวชศาสตร์ผู้สูงอายุควรมีทิศทางที่ชัดเจน เน้นการให้การบริการผู้สูงอายุ\r\n-งานการบริการปนกัน หลากหลายคลินิก และให้การบริการทุกอย่าง\r\n-ผู้สูงอายุควรได้การเข้าถึงการรับบริการเพิ่มมากขึ้น\r\n', '1', '6', '58008');
INSERT INTO `qstn_suggestion` VALUES ('156', '', '1', '6', '58023');
INSERT INTO `qstn_suggestion` VALUES ('157', '', '1', '6', '59031');
INSERT INTO `qstn_suggestion` VALUES ('158', '', '1', '6', '61012');
INSERT INTO `qstn_suggestion` VALUES ('159', 'ผู้บริหาร​เป็นแบบอย่างที่ดีมากค่ะ ประทับใจในผู้บริหารชุดนี้ แต่บางครั้งโอกาสที่จะได้เข้าถึงนั้นค่อนข้างยาก ทำให้โอกาสในการสื่อสารกับผู้บริหารของศูนย์​เล็กๆค่อนข้างน้อย ', '1', '6', '63004');
INSERT INTO `qstn_suggestion` VALUES ('160', '', '1', '6', '59024');
INSERT INTO `qstn_suggestion` VALUES ('161', '', '1', '6', '59008');
INSERT INTO `qstn_suggestion` VALUES ('162', '', '1', '6', '58034');
INSERT INTO `qstn_suggestion` VALUES ('163', '', '1', '6', '63016');
INSERT INTO `qstn_suggestion` VALUES ('164', '', '1', '6', '58001');
INSERT INTO `qstn_suggestion` VALUES ('165', '', '1', '6', '58029');
INSERT INTO `qstn_suggestion` VALUES ('166', '', '1', '6', '59027');
INSERT INTO `qstn_suggestion` VALUES ('167', '', '1', '6', '59029');
INSERT INTO `qstn_suggestion` VALUES ('168', 'ควรมีการกำหนดกลุ่มเป้าหมายที่ชัดเจน \r\nมีการติดต่อประสานงานหรือชี้เเจงเรื่องต่างๆภายในองค์กรล่าช้า\r\nมีการซ่อมเเซมปรับปรุงต่างๆที่ล่าช้า \r\nเปิดโอกาสให้ผู้ทำงานได้เเสดงความคิดเห็นได้น้อย', '1', '6', '63011');
INSERT INTO `qstn_suggestion` VALUES ('169', '', '1', '6', '55013');
INSERT INTO `qstn_suggestion` VALUES ('170', '', '1', '6', '57008');
INSERT INTO `qstn_suggestion` VALUES ('171', '', '1', '6', '57007');
INSERT INTO `qstn_suggestion` VALUES ('172', '', '1', '6', '62037');
INSERT INTO `qstn_suggestion` VALUES ('173', '', '1', '6', '59003');
INSERT INTO `qstn_suggestion` VALUES ('174', '', '1', '6', '61055');
INSERT INTO `qstn_suggestion` VALUES ('175', '', '1', '6', '61028');
INSERT INTO `qstn_suggestion` VALUES ('176', '1. ทิศทางการทำงานยังไม่ชัดเจน การรับผู้รับบริการกำหนดไม่ชัดเจน GMC CMEX รับผู้ป่วยต่างกันอย่างไรค่ะ \r\n2. ค่าตอบแทน สวัสดิการ ควรมีการสำรวจความต้องการบุคลากร ควรเพิ่มสวัสดิการให้สำนักงาน\r\n3.ควรลงหน้างานบ้างเพื่อรับรู้ปัญหา แก้ไขเชิงระบบ\r\n', '1', '6', '59022');
INSERT INTO `qstn_suggestion` VALUES ('177', '', '1', '6', '58002');
INSERT INTO `qstn_suggestion` VALUES ('178', '', '1', '6', '59017');
INSERT INTO `qstn_suggestion` VALUES ('179', '', '1', '6', '60024');
INSERT INTO `qstn_suggestion` VALUES ('180', '', '1', '6', '59017');
INSERT INTO `qstn_suggestion` VALUES ('181', '', '1', '6', '58035');
INSERT INTO `qstn_suggestion` VALUES ('182', '', '1', '6', '63013');
INSERT INTO `qstn_suggestion` VALUES ('183', '', '1', '6', '61051');
INSERT INTO `qstn_suggestion` VALUES ('184', '', '1', '6', '61054');
INSERT INTO `qstn_suggestion` VALUES ('185', '', '1', '6', '63003');
INSERT INTO `qstn_suggestion` VALUES ('186', '', '1', '6', '58009');
INSERT INTO `qstn_suggestion` VALUES ('187', '', '1', '6', '56017');
INSERT INTO `qstn_suggestion` VALUES ('188', '', '1', '6', '61022');
INSERT INTO `qstn_suggestion` VALUES ('189', '', '1', '6', '61038');
INSERT INTO `qstn_suggestion` VALUES ('190', '', '1', '6', '62044');
INSERT INTO `qstn_suggestion` VALUES ('191', '', '1', '6', '56016');
INSERT INTO `qstn_suggestion` VALUES ('192', '', '1', '6', '57015');
INSERT INTO `qstn_suggestion` VALUES ('193', '', '1', '6', '61043');
INSERT INTO `qstn_suggestion` VALUES ('194', '', '1', '6', '63027');
INSERT INTO `qstn_suggestion` VALUES ('195', '', '1', '6', '59038');
INSERT INTO `qstn_suggestion` VALUES ('196', '', '1', '6', '56003');
INSERT INTO `qstn_suggestion` VALUES ('197', '', '1', '6', '61015');
INSERT INTO `qstn_suggestion` VALUES ('198', '', '1', '6', '60017');
INSERT INTO `qstn_suggestion` VALUES ('199', 'อยากให้มีการพัฒนาการสื่อสารในองค์กรให้ทั่วถึง เพราะส่วนมากรับรู้เฉพาะหัวหน้างาน ไม่ลงไปถึงผู้ปฏิบัติหน้างาน หรือ  บุคลากรไม่มีความมุ่งมั่นในการนำเอาไปปฏิบัติและไม่ได้นำไปเป็นส่วนหนึ่งของการปฏิบัติงานประจำวัน', '1', '6', '59045');
INSERT INTO `qstn_suggestion` VALUES ('200', '', '1', '6', '63002');
INSERT INTO `qstn_suggestion` VALUES ('201', '-อยากให้มีกองทุนเพื่อการศึกษา(เรียนต่อ)ให้แก่พนักงานค่ะ \r\n-อยากให้มีที่จอดรถเพิ่มให้แก่ผู้ป่วยที่มารับบริการที่ศูนย์เวชศาสตร์ผู้สุงอายุค่ะ', '1', '6', '59028');
INSERT INTO `qstn_suggestion` VALUES ('202', '', '1', '6', '63033');
INSERT INTO `qstn_suggestion` VALUES ('203', '', '1', '6', '59049');
INSERT INTO `qstn_suggestion` VALUES ('204', '', '1', '6', '62022');
INSERT INTO `qstn_suggestion` VALUES ('205', '', '1', '6', '62005');
INSERT INTO `qstn_suggestion` VALUES ('206', '', '1', '6', '61035');
INSERT INTO `qstn_suggestion` VALUES ('207', '', '1', '6', '63014');
INSERT INTO `qstn_suggestion` VALUES ('208', '', '1', '6', '62048');
INSERT INTO `qstn_suggestion` VALUES ('209', '', '1', '6', '61053');
INSERT INTO `qstn_suggestion` VALUES ('210', '', '1', '6', '59019');
INSERT INTO `qstn_suggestion` VALUES ('211', '', '1', '6', '61032');
INSERT INTO `qstn_suggestion` VALUES ('212', '', '1', '6', '59061');
INSERT INTO `qstn_suggestion` VALUES ('213', '', '1', '6', '59050');
INSERT INTO `qstn_suggestion` VALUES ('214', '', '1', '6', '60009');
INSERT INTO `qstn_suggestion` VALUES ('215', '', '1', '6', '62036');
INSERT INTO `qstn_suggestion` VALUES ('216', '', '1', '6', '59025');
INSERT INTO `qstn_suggestion` VALUES ('217', '', '1', '6', '58003');
INSERT INTO `qstn_suggestion` VALUES ('218', '', '1', '6', '58025');
INSERT INTO `qstn_suggestion` VALUES ('219', '', '1', '6', '60035');
INSERT INTO `qstn_suggestion` VALUES ('220', '', '1', '6', '59005');
INSERT INTO `qstn_suggestion` VALUES ('221', '', '1', '6', '61041');
INSERT INTO `qstn_suggestion` VALUES ('222', '', '1', '6', '59056');
INSERT INTO `qstn_suggestion` VALUES ('223', '', '1', '6', '60048');
INSERT INTO `qstn_suggestion` VALUES ('224', '', '1', '6', '60037');
INSERT INTO `qstn_suggestion` VALUES ('225', '', '1', '6', '60045');
INSERT INTO `qstn_suggestion` VALUES ('226', '', '1', '6', '61016');
INSERT INTO `qstn_suggestion` VALUES ('227', '', '1', '6', '59062');
INSERT INTO `qstn_suggestion` VALUES ('228', '', '1', '6', '58004');
INSERT INTO `qstn_suggestion` VALUES ('229', '', '1', '6', '55015');
INSERT INTO `qstn_suggestion` VALUES ('230', '', '1', '6', '59006');
INSERT INTO `qstn_suggestion` VALUES ('231', '', '1', '6', '60038');
INSERT INTO `qstn_suggestion` VALUES ('232', '', '1', '6', '58022');
INSERT INTO `qstn_suggestion` VALUES ('233', '-', '1', '6', '62045');
INSERT INTO `qstn_suggestion` VALUES ('234', '', '1', '6', '59053');
INSERT INTO `qstn_suggestion` VALUES ('235', '', '1', '6', '59015');
INSERT INTO `qstn_suggestion` VALUES ('236', '', '1', '6', '60030');
INSERT INTO `qstn_suggestion` VALUES ('237', '', '1', '6', '59034');
INSERT INTO `qstn_suggestion` VALUES ('238', '', '1', '6', '59021');
INSERT INTO `qstn_suggestion` VALUES ('239', '', '1', '6', '58040');
INSERT INTO `qstn_suggestion` VALUES ('240', '', '1', '6', '56011');
INSERT INTO `qstn_suggestion` VALUES ('241', '', '1', '6', '60025');
INSERT INTO `qstn_suggestion` VALUES ('242', '', '1', '6', '59047');
INSERT INTO `qstn_suggestion` VALUES ('243', '', '1', '6', '62008');
INSERT INTO `qstn_suggestion` VALUES ('244', '', '1', '6', '60027');
INSERT INTO `qstn_suggestion` VALUES ('245', '', '1', '6', '61011');
INSERT INTO `qstn_suggestion` VALUES ('246', '', '1', '6', '61034');
INSERT INTO `qstn_suggestion` VALUES ('247', '', '1', '6', '56025');
INSERT INTO `qstn_suggestion` VALUES ('248', '', '1', '6', '62006');
INSERT INTO `qstn_suggestion` VALUES ('249', '', '1', '6', '60054');
INSERT INTO `qstn_suggestion` VALUES ('250', '', '1', '6', '61033');
INSERT INTO `qstn_suggestion` VALUES ('251', '', '1', '6', '58016');
INSERT INTO `qstn_suggestion` VALUES ('252', '', '1', '6', '20017');
INSERT INTO `qstn_suggestion` VALUES ('253', '', '1', '6', '20041');
INSERT INTO `qstn_suggestion` VALUES ('254', '', '1', '6', '62019');
INSERT INTO `qstn_suggestion` VALUES ('255', '', '1', '6', '62046');
INSERT INTO `qstn_suggestion` VALUES ('256', '', '1', '6', '62043');
INSERT INTO `qstn_suggestion` VALUES ('257', '', '1', '6', '59033');
INSERT INTO `qstn_suggestion` VALUES ('258', '', '1', '6', '63007');
INSERT INTO `qstn_suggestion` VALUES ('259', '', '1', '6', '63012');
INSERT INTO `qstn_suggestion` VALUES ('260', '', '1', '6', '61018');
INSERT INTO `qstn_suggestion` VALUES ('261', '', '1', '6', '59033');
INSERT INTO `qstn_suggestion` VALUES ('262', '', '1', '6', '58027');
INSERT INTO `qstn_suggestion` VALUES ('263', '', '1', '6', '60023');
INSERT INTO `qstn_suggestion` VALUES ('264', '', '1', '6', '58007');
INSERT INTO `qstn_suggestion` VALUES ('265', '', '1', '6', '62028');
INSERT INTO `qstn_suggestion` VALUES ('266', '', '1', '6', '62038');
INSERT INTO `qstn_suggestion` VALUES ('267', '', '1', '6', '61052');
INSERT INTO `qstn_suggestion` VALUES ('268', '', '1', '6', '61052');
INSERT INTO `qstn_suggestion` VALUES ('269', 'ชอบ line update รายวัน เตรียม HA มากๆครับ ', '1', '6', '63034');
INSERT INTO `qstn_suggestion` VALUES ('270', '', '1', '6', '63006');
INSERT INTO `qstn_suggestion` VALUES ('271', '', '1', '6', '60001');
INSERT INTO `qstn_suggestion` VALUES ('272', '', '1', '6', '58002');
INSERT INTO `qstn_suggestion` VALUES ('273', '', '1', '6', '63027');
INSERT INTO `qstn_suggestion` VALUES ('274', '', '1', '6', '62019');
INSERT INTO `qstn_suggestion` VALUES ('275', '', '1', '6', '56020');
INSERT INTO `qstn_suggestion` VALUES ('276', '', '1', '6', '62046');
INSERT INTO `qstn_suggestion` VALUES ('277', '', '1', '6', '62050');
INSERT INTO `qstn_suggestion` VALUES ('278', '', '1', '6', '62011');
INSERT INTO `qstn_suggestion` VALUES ('279', '', '1', '6', '60024');
INSERT INTO `qstn_suggestion` VALUES ('280', '', '1', '6', '61055');
INSERT INTO `qstn_suggestion` VALUES ('281', '', '1', '6', '57011');
INSERT INTO `qstn_suggestion` VALUES ('282', '', '1', '6', '59012');
INSERT INTO `qstn_suggestion` VALUES ('283', '', '1', '6', '60002');
INSERT INTO `qstn_suggestion` VALUES ('284', '', '1', '6', '56007');
INSERT INTO `qstn_suggestion` VALUES ('285', '', '1', '6', '60029');
INSERT INTO `qstn_suggestion` VALUES ('286', '', '1', '6', '59033');
INSERT INTO `qstn_suggestion` VALUES ('287', '', '1', '6', '59024');
INSERT INTO `qstn_suggestion` VALUES ('288', '', '1', '6', '62035');
INSERT INTO `qstn_suggestion` VALUES ('289', '', '1', '6', '60037');
INSERT INTO `qstn_suggestion` VALUES ('290', '', '1', '6', '59048');
INSERT INTO `qstn_suggestion` VALUES ('291', '', '1', '6', '60046');
INSERT INTO `qstn_suggestion` VALUES ('292', '', '1', '6', '61043');
INSERT INTO `qstn_suggestion` VALUES ('293', '', '1', '6', '63030');
INSERT INTO `qstn_suggestion` VALUES ('294', '', '1', '6', '63003');
INSERT INTO `qstn_suggestion` VALUES ('295', '', '1', '6', '62030');
INSERT INTO `qstn_suggestion` VALUES ('296', '', '1', '6', '60030');
INSERT INTO `qstn_suggestion` VALUES ('297', '', '1', '6', '62039');
INSERT INTO `qstn_suggestion` VALUES ('298', '', '1', '6', '59017');
INSERT INTO `qstn_suggestion` VALUES ('299', '', '1', '6', '62016');
INSERT INTO `qstn_suggestion` VALUES ('300', '', '1', '6', '59061');
INSERT INTO `qstn_suggestion` VALUES ('301', '', '1', '6', '60045');
INSERT INTO `qstn_suggestion` VALUES ('302', '', '1', '6', '56023');
INSERT INTO `qstn_suggestion` VALUES ('303', '', '1', '6', '63007');
INSERT INTO `qstn_suggestion` VALUES ('304', '', '1', '6', '62029');
INSERT INTO `qstn_suggestion` VALUES ('305', '', '1', '6', '61038');
INSERT INTO `qstn_suggestion` VALUES ('306', '', '1', '6', '63022');
INSERT INTO `qstn_suggestion` VALUES ('307', '', '1', '6', '58019');
INSERT INTO `qstn_suggestion` VALUES ('308', '', '1', '6', '63013');
INSERT INTO `qstn_suggestion` VALUES ('309', '', '1', '6', '61035');
INSERT INTO `qstn_suggestion` VALUES ('310', 'อยากให้ ผอ. ดำรงตำแหน่งต่อค่ะ', '1', '6', '61026');
INSERT INTO `qstn_suggestion` VALUES ('311', '', '1', '6', '55013');
INSERT INTO `qstn_suggestion` VALUES ('312', '', '1', '6', '59020');
INSERT INTO `qstn_suggestion` VALUES ('313', '', '1', '6', '58025');
INSERT INTO `qstn_suggestion` VALUES ('314', '', '1', '6', '58008');
INSERT INTO `qstn_suggestion` VALUES ('315', '', '1', '6', '61013');
INSERT INTO `qstn_suggestion` VALUES ('316', '', '1', '6', '58024');
INSERT INTO `qstn_suggestion` VALUES ('317', '', '1', '6', '62008');
INSERT INTO `qstn_suggestion` VALUES ('318', '', '1', '6', '58005');
INSERT INTO `qstn_suggestion` VALUES ('319', '', '1', '6', '60023');
INSERT INTO `qstn_suggestion` VALUES ('320', '', '1', '6', '59062');
INSERT INTO `qstn_suggestion` VALUES ('321', '', '1', '6', '61024');
INSERT INTO `qstn_suggestion` VALUES ('322', '', '1', '6', '63031');
INSERT INTO `qstn_suggestion` VALUES ('323', '', '1', '6', '58040');
INSERT INTO `qstn_suggestion` VALUES ('324', '', '1', '6', '56010');
INSERT INTO `qstn_suggestion` VALUES ('325', '1. การประเมินพนักงาน ควรมีการชี้แจงตั้งแต่เริ่มต้นว่า การจะได้เกณฑ์คะแนนใดๆ จะต้องทำอะไรผลลัพธ์อย่างไรบ้าง และหลังการประเมินมีการชี้แจงว่าได้รับผลการประเมินอะไรเพราะอะไร ควรปรับปรุงตัวตรงไหน หรือมีอะไรดีที่ควรทำต่อไป\r\n2. ควรมีการชี้แจง carrier path ที่ชัดเจน ในทุกสายงาน เนื่องจากพนักงานไม่เห็นภาพว่าในอีกกี่ปีต่อไปข้างหน้า จะเป็นยังไง สามารถพัฒนาไปสู่จุดไหน และพนักงานจะต้องพัฒนาตัวเองในด้านใดบ้าง\r\n3. ควรมีการประชุมเกี่ยวกับงานทีทำเป็รายคาบ (รายเดือน หรือ รายไตรมาส หรือ รายครึ่งปี) ว่ามีการทำงานอะไรไป มีปัญหาอะไรบ้าง และควรทำอะไรต่อไป เพื่อเป็นแผนในการพัฒนาองค์กรได้อย่างมีประสิทธิภาพ\r\n4. กิจกรรมส่งเสริมความสัมพันธ์ในองค์กรมีน้อยเกินไป\r\n5. ควรมีการวางแผนความก้าวหน้าของพนักงานในทุกตำแหน่ง ทุกระดับ และมีการชีแจง แจ้งให้ทราบอย่างชัดเจน ถ้าพนักงานรู้สึกอยู่ต่อไปก็เหมือนเดิม พนักงานก็อยากลาออกไปโตที่อื่น\r\n6.  ไม่มีการวางแผนภาระงาน และช่วยในการสกรีนงาน ทำให้มีภาระงานมากเกินไป ยกตัวอย่างเช่น จำนวนงานที่ต้องทำในแต่ละปีอาจใกล้เคียงกัน แต่คนนึงมีงานเดิมที่ต้องดูแลมากกว่า ภาระงานก็มากกว่า\r\n7. ขอบคุณผู้บริหารทุกท่านที่ดูแลเป็นอย่างดีครับ', '1', '6', '61018');
INSERT INTO `qstn_suggestion` VALUES ('326', '', '1', '6', '59060');
INSERT INTO `qstn_suggestion` VALUES ('327', '', '1', '6', '61028');
INSERT INTO `qstn_suggestion` VALUES ('328', '', '1', '6', '62036');
INSERT INTO `qstn_suggestion` VALUES ('329', '', '1', '6', '58029');
INSERT INTO `qstn_suggestion` VALUES ('330', '', '1', '6', '59027');
INSERT INTO `qstn_suggestion` VALUES ('331', '', '1', '6', '59034');
INSERT INTO `qstn_suggestion` VALUES ('332', '', '1', '6', '59032');
INSERT INTO `qstn_suggestion` VALUES ('333', '', '1', '6', '59019');
INSERT INTO `qstn_suggestion` VALUES ('334', '', '1', '6', '59030');
INSERT INTO `qstn_suggestion` VALUES ('335', '', '1', '6', '60044');
INSERT INTO `qstn_suggestion` VALUES ('336', '', '1', '6', '62022');
INSERT INTO `qstn_suggestion` VALUES ('337', '', '1', '6', '61045');
INSERT INTO `qstn_suggestion` VALUES ('338', '', '1', '6', '61041');
INSERT INTO `qstn_suggestion` VALUES ('339', '', '1', '6', '57007');
INSERT INTO `qstn_suggestion` VALUES ('340', '', '1', '6', '60055');
INSERT INTO `qstn_suggestion` VALUES ('341', '', '3', '9', '60023');
INSERT INTO `qstn_suggestion` VALUES ('342', '', '3', '9', '59033');
INSERT INTO `qstn_suggestion` VALUES ('343', '', '3', '9', '61018');
INSERT INTO `qstn_suggestion` VALUES ('344', '', '1', '6', '58007');
INSERT INTO `qstn_suggestion` VALUES ('345', '', '3', '9', '58007');
INSERT INTO `qstn_suggestion` VALUES ('346', '', '1', '6', '60048');
INSERT INTO `qstn_suggestion` VALUES ('347', '', '1', '6', '58015');
INSERT INTO `qstn_suggestion` VALUES ('348', '', '1', '6', '62014');
INSERT INTO `qstn_suggestion` VALUES ('349', '', '1', '6', '20017');
INSERT INTO `qstn_suggestion` VALUES ('350', '', '1', '6', '59054');
INSERT INTO `qstn_suggestion` VALUES ('351', '', '1', '6', '20041');
INSERT INTO `qstn_suggestion` VALUES ('352', '', '1', '6', '61015');
INSERT INTO `qstn_suggestion` VALUES ('353', '1. อยากให้องค์กรแสดง career path ที่ชัดเจนในสายงาน \r\n2. อยากให้องค์กรมีการประเมินผลงานตาม achievement / target นอกเหนือจากการประเมินปกติที่นำชั่วโมงทำงานมาเป็นส่วนหนึ่งในการพิจารณา  (ตั้ง target ไว้เพื่อให้บุคลากรตั้งใจและพัฒนางาน เนื่องจากความสำเร็จ 1 ชิ้นงานแต่ละคนใช้เวลาไม่เท่ากัน คนที่ทำงานช้ากลับได้เปรียบเพราะเบิกค่า OT ได้มากกว่าคนที่ทำงานเสร็จเร็ว ซึ่งเป็นเรื่องที่ไม่สมควร) \r\n3. อยากให้องค์กรให้คุณค่าและกระตุ้นการสร้างวัฒนธรรมความกระตือรือร้นในการทำงาน ลดบทบาทและลดทอนอำนาจการทำงานแบบเช้าชามเย็นชาม เปิดโอกาสให้บุคคลากรที่มีความรู้ความสามารถได้แสดงศักยภาพ และส่งเสริมบุคลากรที่มีความพร้อมพัฒนาและทำงาน\r\n4. อยากให้ในหน่วยงานย่อย มีผู้เชี่ยวชาญ มีประสบการณ์อย่างแท้จริง เป็นที่ปรึกษา เป็น role models ในสายงานนั้นๆ สร้างหลักการ ความเข้าใจที่ถูกต้อง และสามารถให้ข้อมูลประสานงานระหว่างหน่วยงานได้อย่างมีเหตุผล ชัดเจน ไม่คลุมเครือ เพื่อการดำเนินงานอย่างราบรื่นและถูกต้อง เพราะการนำมีความสำคัญ ถ้าผู้นำไม่มีความรู้ ความเชี่ยวชาญทั้งเฉพาะด้านและรอบด้านแล้ว จะไม่มีความน่าเชื่อถือของหน่วยงาน\r\n5. อยากให้องค์กรให้คุณค่าที่ผลงานและพนักงานที่มีผลงานดี แทนการให้คุณค่าตามอายุงาน เปิดโอกาสและยอมรับการให้ตำแหน่งการจัดการและบริหารงานแก่บุคคลากรรุ่นใหม่ที่มีศักยภาพ', '1', '6', '59007');
INSERT INTO `qstn_suggestion` VALUES ('354', 'หัวหน้าบางหน่วยงาน ยังไม่สามารถที่จะควบคุม ดูแลบุคลากรที่รับผิดชอบได้ ขาดการตัดสิน ให้คำแนะนำ ตักเตือน ที่ชัดเจน ทำให้บุคลากรภายใต้การดูแลไม่ปฏิบัติตาม ', '1', '6', '56017');
INSERT INTO `qstn_suggestion` VALUES ('355', '', '1', '6', '61003');
INSERT INTO `qstn_suggestion` VALUES ('356', '', '1', '6', '58035');
INSERT INTO `qstn_suggestion` VALUES ('357', '', '1', '6', '56004');
INSERT INTO `qstn_suggestion` VALUES ('358', '', '1', '6', '62006');
INSERT INTO `qstn_suggestion` VALUES ('359', '', '1', '6', '60052');
INSERT INTO `qstn_suggestion` VALUES ('360', 'ผอ.นเรนทร์ เป็นคนน่ารักและบริหารได้ยอดเยี่ยมมากๆเลยค่ะ', '1', '6', '56018');
INSERT INTO `qstn_suggestion` VALUES ('361', '', '1', '6', '63004');
INSERT INTO `qstn_suggestion` VALUES ('362', '', '1', '6', '61022');
INSERT INTO `qstn_suggestion` VALUES ('363', '', '1', '6', '61054');
INSERT INTO `qstn_suggestion` VALUES ('364', '', '1', '6', '61012');
INSERT INTO `qstn_suggestion` VALUES ('365', '', '1', '6', '59031');
INSERT INTO `qstn_suggestion` VALUES ('366', '', '1', '6', '59043');
INSERT INTO `qstn_suggestion` VALUES ('367', '', '1', '6', '58050');
INSERT INTO `qstn_suggestion` VALUES ('368', '', '4', '11', '61018');
INSERT INTO `qstn_suggestion` VALUES ('369', '', '1', '6', '58047');

-- ----------------------------
-- Table structure for qstn_summary
-- ----------------------------
DROP TABLE IF EXISTS `qstn_summary`;
CREATE TABLE `qstn_summary` (
  `summary_id` int(11) NOT NULL AUTO_INCREMENT,
  `evaluation_id` int(11) NOT NULL,
  `form_id` int(11) NOT NULL,
  `category_id` int(11) NOT NULL,
  `question_group_id` int(11) NOT NULL,
  `question_id` int(11) NOT NULL,
  `sum_point` float NOT NULL,
  `evaluate_person_count` int(11) NOT NULL,
  `average_point` float NOT NULL,
  `min_choice_point` float NOT NULL,
  `max_choice_point` float NOT NULL,
  `average_percent` float NOT NULL,
  PRIMARY KEY (`summary_id`)
) ENGINE=InnoDB AUTO_INCREMENT=1102 DEFAULT CHARSET=utf8;

-- ----------------------------
-- Records of qstn_summary
-- ----------------------------
INSERT INTO `qstn_summary` VALUES ('853', '1', '6', '2', '4', '39', '386', '96', '4.02083', '1', '5', '7720');
INSERT INTO `qstn_summary` VALUES ('854', '1', '6', '2', '4', '40', '378', '96', '3.9375', '1', '5', '7560');
INSERT INTO `qstn_summary` VALUES ('855', '1', '6', '2', '4', '41', '378', '96', '3.9375', '1', '5', '7560');
INSERT INTO `qstn_summary` VALUES ('856', '1', '6', '2', '4', '42', '369', '96', '3.84375', '1', '5', '7380');
INSERT INTO `qstn_summary` VALUES ('857', '1', '6', '2', '4', '43', '370', '96', '3.85417', '1', '5', '7400');
INSERT INTO `qstn_summary` VALUES ('858', '1', '6', '2', '4', '44', '389', '96', '4.05208', '1', '5', '7780');
INSERT INTO `qstn_summary` VALUES ('859', '1', '6', '2', '4', '45', '383', '96', '3.98958', '1', '5', '7660');
INSERT INTO `qstn_summary` VALUES ('860', '1', '6', '2', '4', '46', '363', '96', '3.78125', '1', '5', '7260');
INSERT INTO `qstn_summary` VALUES ('861', '1', '6', '2', '4', '47', '372', '96', '3.875', '1', '5', '7440');
INSERT INTO `qstn_summary` VALUES ('862', '1', '6', '2', '5', '48', '375', '96', '3.90625', '1', '5', '7500');
INSERT INTO `qstn_summary` VALUES ('863', '1', '6', '2', '5', '49', '359', '96', '3.73958', '1', '5', '7180');
INSERT INTO `qstn_summary` VALUES ('864', '1', '6', '2', '5', '50', '347', '96', '3.61458', '1', '5', '6940');
INSERT INTO `qstn_summary` VALUES ('865', '1', '6', '2', '5', '51', '350', '96', '3.64583', '1', '5', '7000');
INSERT INTO `qstn_summary` VALUES ('866', '1', '6', '2', '5', '52', '359', '96', '3.73958', '1', '5', '7180');
INSERT INTO `qstn_summary` VALUES ('867', '1', '6', '2', '5', '53', '362', '96', '3.77083', '1', '5', '7240');
INSERT INTO `qstn_summary` VALUES ('868', '1', '6', '2', '6', '54', '358', '96', '3.72917', '1', '5', '7160');
INSERT INTO `qstn_summary` VALUES ('869', '1', '6', '2', '6', '55', '340', '96', '3.54167', '1', '5', '6800');
INSERT INTO `qstn_summary` VALUES ('870', '1', '6', '2', '6', '56', '353', '96', '3.67708', '1', '5', '7060');
INSERT INTO `qstn_summary` VALUES ('871', '1', '6', '2', '6', '57', '364', '96', '3.79167', '1', '5', '7280');
INSERT INTO `qstn_summary` VALUES ('872', '1', '6', '2', '6', '58', '359', '96', '3.73958', '1', '5', '7180');
INSERT INTO `qstn_summary` VALUES ('873', '1', '6', '2', '6', '59', '354', '96', '3.6875', '1', '5', '7080');
INSERT INTO `qstn_summary` VALUES ('874', '1', '6', '2', '6', '60', '367', '96', '3.82292', '1', '5', '7340');
INSERT INTO `qstn_summary` VALUES ('875', '1', '6', '2', '7', '61', '365', '96', '3.80208', '1', '5', '7300');
INSERT INTO `qstn_summary` VALUES ('876', '1', '6', '2', '7', '62', '367', '96', '3.82292', '1', '5', '7340');
INSERT INTO `qstn_summary` VALUES ('877', '1', '6', '2', '7', '63', '355', '96', '3.69792', '1', '5', '7100');
INSERT INTO `qstn_summary` VALUES ('878', '1', '6', '2', '7', '64', '390', '96', '4.0625', '1', '5', '7800');
INSERT INTO `qstn_summary` VALUES ('879', '1', '6', '2', '7', '65', '353', '96', '3.67708', '1', '5', '7060');
INSERT INTO `qstn_summary` VALUES ('880', '1', '6', '2', '7', '66', '369', '96', '3.84375', '1', '5', '7380');
INSERT INTO `qstn_summary` VALUES ('881', '1', '6', '2', '7', '67', '343', '96', '3.57292', '1', '5', '6860');
INSERT INTO `qstn_summary` VALUES ('882', '1', '6', '2', '8', '68', '369', '96', '3.84375', '1', '5', '7380');
INSERT INTO `qstn_summary` VALUES ('883', '1', '6', '2', '8', '69', '381', '96', '3.96875', '1', '5', '7620');
INSERT INTO `qstn_summary` VALUES ('884', '1', '6', '2', '8', '70', '371', '96', '3.86458', '1', '5', '7420');
INSERT INTO `qstn_summary` VALUES ('885', '1', '6', '2', '8', '71', '381', '96', '3.96875', '1', '5', '7620');
INSERT INTO `qstn_summary` VALUES ('886', '1', '6', '2', '8', '72', '396', '96', '4.125', '1', '5', '7920');
INSERT INTO `qstn_summary` VALUES ('1016', '3', '9', '5', '12', '82', '12', '4', '3', '0', '4', '300');
INSERT INTO `qstn_summary` VALUES ('1017', '3', '9', '5', '12', '83', '9', '4', '2.25', '0', '4', '225');
INSERT INTO `qstn_summary` VALUES ('1018', '3', '9', '5', '12', '84', '11', '4', '2.75', '0', '4', '275');
INSERT INTO `qstn_summary` VALUES ('1019', '3', '9', '5', '12', '85', '8', '4', '2', '0', '4', '200');
INSERT INTO `qstn_summary` VALUES ('1020', '3', '9', '5', '12', '86', '10', '4', '2.5', '0', '4', '250');
INSERT INTO `qstn_summary` VALUES ('1021', '3', '9', '5', '12', '87', '12', '4', '3', '0', '4', '300');
INSERT INTO `qstn_summary` VALUES ('1022', '3', '9', '5', '12', '88', '6', '4', '1.5', '0', '4', '150');
INSERT INTO `qstn_summary` VALUES ('1023', '3', '9', '5', '12', '89', '13', '4', '3.25', '0', '4', '325');
INSERT INTO `qstn_summary` VALUES ('1024', '3', '9', '5', '12', '90', '7', '4', '1.75', '0', '4', '175');
INSERT INTO `qstn_summary` VALUES ('1025', '3', '9', '5', '12', '91', '11', '4', '2.75', '0', '4', '275');
INSERT INTO `qstn_summary` VALUES ('1026', '3', '9', '5', '12', '92', '9', '4', '2.25', '0', '4', '225');
INSERT INTO `qstn_summary` VALUES ('1027', '3', '9', '5', '12', '93', '9', '4', '2.25', '0', '4', '225');
INSERT INTO `qstn_summary` VALUES ('1028', '3', '9', '5', '12', '94', '11', '4', '2.75', '0', '4', '275');
INSERT INTO `qstn_summary` VALUES ('1029', '3', '9', '5', '12', '95', '8', '4', '2', '0', '4', '200');
INSERT INTO `qstn_summary` VALUES ('1030', '3', '9', '5', '12', '96', '10', '4', '2.5', '0', '4', '250');
INSERT INTO `qstn_summary` VALUES ('1031', '3', '9', '5', '12', '97', '9', '4', '2.25', '0', '4', '225');
INSERT INTO `qstn_summary` VALUES ('1032', '3', '9', '5', '12', '98', '7', '4', '1.75', '0', '4', '175');
INSERT INTO `qstn_summary` VALUES ('1033', '3', '9', '5', '12', '99', '10', '4', '2.5', '0', '4', '250');
INSERT INTO `qstn_summary` VALUES ('1034', '3', '9', '5', '13', '100', '9', '4', '2.25', '0', '4', '225');
INSERT INTO `qstn_summary` VALUES ('1035', '3', '9', '5', '13', '101', '6', '4', '1.5', '0', '4', '150');
INSERT INTO `qstn_summary` VALUES ('1036', '3', '9', '5', '13', '102', '9', '4', '2.25', '0', '4', '225');
INSERT INTO `qstn_summary` VALUES ('1037', '3', '9', '5', '13', '103', '11', '4', '2.75', '0', '4', '275');
INSERT INTO `qstn_summary` VALUES ('1038', '3', '9', '5', '14', '104', '6', '4', '1.5', '0', '4', '150');
INSERT INTO `qstn_summary` VALUES ('1039', '3', '9', '5', '14', '105', '7', '4', '1.75', '0', '4', '175');
INSERT INTO `qstn_summary` VALUES ('1040', '3', '9', '5', '14', '106', '6', '4', '1.5', '0', '4', '150');
INSERT INTO `qstn_summary` VALUES ('1041', '3', '9', '5', '14', '107', '12', '4', '3', '0', '4', '300');
INSERT INTO `qstn_summary` VALUES ('1042', '3', '9', '5', '14', '108', '11', '4', '2.75', '0', '4', '275');
INSERT INTO `qstn_summary` VALUES ('1043', '3', '9', '5', '14', '109', '11', '4', '2.75', '0', '4', '275');
INSERT INTO `qstn_summary` VALUES ('1044', '3', '9', '5', '15', '110', '9', '4', '2.25', '0', '4', '225');
INSERT INTO `qstn_summary` VALUES ('1045', '3', '9', '5', '15', '111', '12', '4', '3', '0', '4', '300');
INSERT INTO `qstn_summary` VALUES ('1046', '3', '9', '5', '15', '112', '7', '4', '1.75', '0', '4', '175');
INSERT INTO `qstn_summary` VALUES ('1047', '3', '9', '5', '16', '113', '12', '4', '3', '0', '4', '300');
INSERT INTO `qstn_summary` VALUES ('1048', '3', '9', '5', '17', '114', '9', '4', '2.25', '0', '4', '225');
INSERT INTO `qstn_summary` VALUES ('1049', '3', '9', '5', '17', '115', '10', '4', '2.5', '0', '4', '250');
INSERT INTO `qstn_summary` VALUES ('1050', '3', '9', '5', '17', '116', '10', '4', '2.5', '0', '4', '250');
INSERT INTO `qstn_summary` VALUES ('1051', '3', '9', '5', '17', '117', '7', '4', '1.75', '0', '4', '175');
INSERT INTO `qstn_summary` VALUES ('1052', '3', '9', '5', '17', '118', '9', '4', '2.25', '0', '4', '225');
INSERT INTO `qstn_summary` VALUES ('1053', '3', '9', '5', '17', '119', '8', '4', '2', '0', '4', '200');
INSERT INTO `qstn_summary` VALUES ('1054', '3', '9', '5', '17', '120', '7', '4', '1.75', '0', '4', '175');
INSERT INTO `qstn_summary` VALUES ('1055', '3', '9', '5', '17', '121', '10', '4', '2.5', '0', '4', '250');
INSERT INTO `qstn_summary` VALUES ('1056', '3', '9', '5', '17', '122', '11', '4', '2.75', '0', '4', '275');
INSERT INTO `qstn_summary` VALUES ('1057', '3', '9', '5', '17', '123', '10', '4', '2.5', '0', '4', '250');
INSERT INTO `qstn_summary` VALUES ('1058', '3', '9', '5', '17', '124', '11', '4', '2.75', '0', '4', '275');
INSERT INTO `qstn_summary` VALUES ('1059', '4', '11', '7', '19', '127', '3', '1', '3', '0', '4', '75');
INSERT INTO `qstn_summary` VALUES ('1060', '4', '11', '7', '19', '128', '3', '1', '3', '0', '4', '75');
INSERT INTO `qstn_summary` VALUES ('1061', '4', '11', '7', '19', '129', '3', '1', '3', '0', '4', '75');
INSERT INTO `qstn_summary` VALUES ('1062', '4', '11', '7', '19', '130', '0', '1', '0', '0', '4', '0');
INSERT INTO `qstn_summary` VALUES ('1063', '4', '11', '7', '20', '131', '3', '1', '3', '0', '4', '75');
INSERT INTO `qstn_summary` VALUES ('1064', '4', '11', '7', '20', '132', '3', '1', '3', '0', '4', '75');
INSERT INTO `qstn_summary` VALUES ('1065', '4', '11', '7', '20', '133', '3', '1', '3', '0', '4', '75');
INSERT INTO `qstn_summary` VALUES ('1066', '4', '11', '7', '21', '134', '1', '1', '1', '0', '4', '25');
INSERT INTO `qstn_summary` VALUES ('1067', '4', '11', '7', '21', '135', '2', '1', '2', '0', '4', '50');
INSERT INTO `qstn_summary` VALUES ('1068', '4', '11', '7', '21', '136', '1', '1', '1', '0', '4', '25');
INSERT INTO `qstn_summary` VALUES ('1069', '4', '11', '7', '21', '137', '0', '1', '0', '0', '4', '0');
INSERT INTO `qstn_summary` VALUES ('1070', '4', '11', '7', '22', '138', '1', '1', '1', '0', '4', '25');
INSERT INTO `qstn_summary` VALUES ('1071', '4', '11', '7', '22', '139', '1', '1', '1', '0', '4', '25');
INSERT INTO `qstn_summary` VALUES ('1072', '4', '11', '7', '22', '140', '1', '1', '1', '0', '4', '25');
INSERT INTO `qstn_summary` VALUES ('1073', '4', '11', '7', '23', '141', '0', '1', '0', '0', '4', '0');
INSERT INTO `qstn_summary` VALUES ('1074', '4', '11', '7', '23', '142', '2', '1', '2', '0', '4', '50');
INSERT INTO `qstn_summary` VALUES ('1075', '4', '11', '7', '23', '143', '2', '1', '2', '0', '4', '50');
INSERT INTO `qstn_summary` VALUES ('1076', '4', '11', '7', '23', '144', '2', '1', '2', '0', '4', '50');
INSERT INTO `qstn_summary` VALUES ('1077', '4', '11', '8', '24', '145', '2', '1', '2', '0', '4', '50');
INSERT INTO `qstn_summary` VALUES ('1078', '4', '11', '8', '24', '146', '2', '1', '2', '0', '4', '50');
INSERT INTO `qstn_summary` VALUES ('1079', '4', '11', '8', '24', '147', '2', '1', '2', '0', '4', '50');
INSERT INTO `qstn_summary` VALUES ('1080', '4', '11', '8', '24', '148', '2', '1', '2', '0', '4', '50');
INSERT INTO `qstn_summary` VALUES ('1081', '4', '11', '9', '25', '149', '3', '1', '3', '0', '4', '75');
INSERT INTO `qstn_summary` VALUES ('1082', '4', '11', '9', '25', '150', '2', '1', '2', '0', '4', '50');
INSERT INTO `qstn_summary` VALUES ('1083', '4', '11', '9', '25', '151', '2', '1', '2', '0', '4', '50');
INSERT INTO `qstn_summary` VALUES ('1084', '4', '11', '9', '26', '152', '0', '1', '0', '0', '4', '0');
INSERT INTO `qstn_summary` VALUES ('1085', '4', '11', '9', '26', '153', '0', '1', '0', '0', '4', '0');
INSERT INTO `qstn_summary` VALUES ('1086', '4', '11', '9', '26', '154', '3', '1', '3', '0', '4', '75');
INSERT INTO `qstn_summary` VALUES ('1087', '4', '11', '10', '27', '155', '2', '1', '2', '0', '4', '50');
INSERT INTO `qstn_summary` VALUES ('1088', '4', '11', '10', '27', '156', '2', '1', '2', '0', '4', '50');
INSERT INTO `qstn_summary` VALUES ('1089', '4', '11', '10', '27', '157', '2', '1', '2', '0', '4', '50');
INSERT INTO `qstn_summary` VALUES ('1090', '4', '11', '11', '28', '158', '2', '1', '2', '0', '4', '50');
INSERT INTO `qstn_summary` VALUES ('1091', '4', '11', '12', '29', '159', '2', '1', '2', '0', '4', '50');
INSERT INTO `qstn_summary` VALUES ('1092', '4', '11', '12', '29', '160', '2', '1', '2', '0', '4', '50');
INSERT INTO `qstn_summary` VALUES ('1093', '4', '11', '12', '29', '161', '4', '1', '4', '0', '4', '100');
INSERT INTO `qstn_summary` VALUES ('1094', '4', '11', '12', '30', '162', '2', '1', '2', '0', '4', '50');
INSERT INTO `qstn_summary` VALUES ('1095', '4', '11', '12', '30', '163', '2', '1', '2', '0', '4', '50');
INSERT INTO `qstn_summary` VALUES ('1096', '4', '11', '12', '30', '164', '1', '1', '1', '0', '4', '25');
INSERT INTO `qstn_summary` VALUES ('1097', '4', '11', '12', '30', '165', '3', '1', '3', '0', '4', '75');
INSERT INTO `qstn_summary` VALUES ('1098', '4', '11', '12', '31', '166', '2', '1', '2', '0', '4', '50');
INSERT INTO `qstn_summary` VALUES ('1099', '4', '11', '12', '31', '167', '2', '1', '2', '0', '4', '50');
INSERT INTO `qstn_summary` VALUES ('1100', '4', '11', '12', '31', '168', '2', '1', '2', '0', '4', '50');
INSERT INTO `qstn_summary` VALUES ('1101', '4', '11', '12', '31', '169', '2', '1', '2', '0', '4', '50');

-- ----------------------------
-- Table structure for qstn_summary_detail
-- ----------------------------
DROP TABLE IF EXISTS `qstn_summary_detail`;
CREATE TABLE `qstn_summary_detail` (
  `summary_detail_id` int(11) NOT NULL AUTO_INCREMENT,
  `evaluation_id` int(11) NOT NULL,
  `form_id` int(11) NOT NULL,
  `form_detail_id` int(11) NOT NULL,
  `form_detail_name` text NOT NULL,
  `form_detail_answer` text NOT NULL,
  `count_detail_answer` int(11) NOT NULL,
  PRIMARY KEY (`summary_detail_id`)
) ENGINE=InnoDB AUTO_INCREMENT=51 DEFAULT CHARSET=utf8;

-- ----------------------------
-- Records of qstn_summary_detail
-- ----------------------------
INSERT INTO `qstn_summary_detail` VALUES ('36', '3', '9', '4', 'ท่านทำงานที่  ศูนย์ความเป็นเลิศทางการแพทย์ / หน่วยงานปัจจุบัน  นานเท่าไร', '1-5 ปี', '2');
INSERT INTO `qstn_summary_detail` VALUES ('37', '3', '9', '4', 'ท่านทำงานที่  ศูนย์ความเป็นเลิศทางการแพทย์ / หน่วยงานปัจจุบัน  นานเท่าไร', '6-10 ปี', '2');
INSERT INTO `qstn_summary_detail` VALUES ('38', '3', '9', '5', 'จำนวนชั่วโมงการทำงานต่อสัปดาห์', '40-59 ชม./สัปดาห์', '2');
INSERT INTO `qstn_summary_detail` VALUES ('39', '3', '9', '5', 'จำนวนชั่วโมงการทำงานต่อสัปดาห์', '60-69 ชม./สัปดาห์', '2');
INSERT INTO `qstn_summary_detail` VALUES ('40', '3', '9', '7', 'การทำงานของท่าน มีปฏิสัมพันธ์กับผู้ป่วยโดยตรง    ', 'ไม่ใช่', '4');
INSERT INTO `qstn_summary_detail` VALUES ('41', '3', '9', '8', 'ท่านทำงานในวิชาชีพเฉพาะ ของท่านมานาน     ', '11-15 ปี', '1');
INSERT INTO `qstn_summary_detail` VALUES ('42', '3', '9', '8', 'ท่านทำงานในวิชาชีพเฉพาะ ของท่านมานาน     ', '6-10 ปี', '1');
INSERT INTO `qstn_summary_detail` VALUES ('43', '3', '9', '8', 'ท่านทำงานในวิชาชีพเฉพาะ ของท่านมานาน     ', '≥21 ปีขึ้นไป', '2');
INSERT INTO `qstn_summary_detail` VALUES ('44', '3', '9', '9', 'ในรอบ 1 ปีที่ผ่านมา ท่านรายงานอุบัติการณ์กี่ครั้ง', 'รายงาน ≥ 21 ครั้งขึ้นไป', '3');
INSERT INTO `qstn_summary_detail` VALUES ('45', '3', '9', '9', 'ในรอบ 1 ปีที่ผ่านมา ท่านรายงานอุบัติการณ์กี่ครั้ง', 'ไม่มีการรายงาน             ', '1');
INSERT INTO `qstn_summary_detail` VALUES ('46', '4', '11', '10', '1.	ท่านทำงานที่  ศูนย์ความเป็นเลิศทางการแพทย์ / หน่วยงานปัจจุบัน  นานเท่าไร', '1 - 5 ปี             ', '1');
INSERT INTO `qstn_summary_detail` VALUES ('47', '4', '11', '11', '2.	จำนวนชั่วโมงการทำงานต่อสัปดาห์', '40- 59  ชม./สัปดาห์    ', '1');
INSERT INTO `qstn_summary_detail` VALUES ('48', '4', '11', '12', 'การทำงานของท่าน มีปฏิสัมพันธ์กับผู้ป่วยโดยตรง    ', 'ไม่ใช่', '1');
INSERT INTO `qstn_summary_detail` VALUES ('49', '4', '11', '13', 'ท่านทำงานในวิชาชีพเฉพาะ ของท่านมานาน     ', '6-10  ปี    ', '1');
INSERT INTO `qstn_summary_detail` VALUES ('50', '4', '11', '14', 'ในรอบ 1 ปีที่ผ่านมา ท่านรายงานอุบัติการณ์กี่ครั้ง', 'ไม่มีการรายงาน             ', '1');

-- ----------------------------
-- Table structure for sev_center
-- ----------------------------
DROP TABLE IF EXISTS `sev_center`;
CREATE TABLE `sev_center` (
  `center_id` int(11) NOT NULL AUTO_INCREMENT,
  `center_name` varchar(100) NOT NULL,
  `center_abbre` varchar(10) NOT NULL,
  PRIMARY KEY (`center_id`)
) ENGINE=InnoDB AUTO_INCREMENT=12 DEFAULT CHARSET=utf8;

-- ----------------------------
-- Records of sev_center
-- ----------------------------
INSERT INTO `sev_center` VALUES ('1', 'ศูนย์ความเป็นเลิศทางการแพทย์', 'CME');
INSERT INTO `sev_center` VALUES ('2', 'ศูนย์วิเคราะห์สุขภาพการนอนหลับ', 'SDC');
INSERT INTO `sev_center` VALUES ('3', 'ศูนย์เวชศาสตร์ผู้สูงอายุ', 'GMC');
INSERT INTO `sev_center` VALUES ('4', 'ศูนย์เพทซีที และไซโคลตรอน', 'PCC');
INSERT INTO `sev_center` VALUES ('5', 'ศูนย์เลสิค คณะแพทยศาสตร์ มหาวิทยาลัยเชียงใหม่', 'LASIK');
INSERT INTO `sev_center` VALUES ('6', 'ศูนย์การแพทย์แผนไทย และการแพทย์ผสมผสาน', 'TTCM');
INSERT INTO `sev_center` VALUES ('7', 'ศูนย์สุขภาพสตรี', 'WH');
INSERT INTO `sev_center` VALUES ('8', 'ศูนย์เลเซอร์ต้อกระจกเชียงใหม่', 'CLCS');
INSERT INTO `sev_center` VALUES ('9', 'ศูนย์เวชศาสตร์ผู้สูงอายุ OPD', 'OPD GMC');
INSERT INTO `sev_center` VALUES ('10', 'ศูนย์เวชศาสตร์ผู้สูงอายุ IPD', 'IPD GMC');
INSERT INTO `sev_center` VALUES ('11', 'ศูนย์การแพทย์เพื่อการมีบุตร', 'CFC');

-- ----------------------------
-- Table structure for sev_person
-- ----------------------------
DROP TABLE IF EXISTS `sev_person`;
CREATE TABLE `sev_person` (
  `person_id` varchar(10) NOT NULL,
  `person_prefix` varchar(50) NOT NULL,
  `person_fname` varchar(50) NOT NULL,
  `person_lname` varchar(50) NOT NULL,
  `person_nation_id` varchar(13) NOT NULL,
  `person_start_work_date` date NOT NULL,
  `position_id` int(11) NOT NULL,
  `center_id` int(11) NOT NULL,
  `end_work` tinyint(4) NOT NULL,
  `person_end_work_date` date NOT NULL,
  PRIMARY KEY (`person_id`)
) ENGINE=InnoDB DEFAULT CHARSET=utf8;

-- ----------------------------
-- Records of sev_person
-- ----------------------------
INSERT INTO `sev_person` VALUES ('20017', 'นางสาว', 'นิภา', 'ภู่ปะวะโรทัย', '3509901156025', '2015-10-01', '39', '3', '0', '0000-00-00');
INSERT INTO `sev_person` VALUES ('20041', 'นางสาว', 'ลัดดาวัลย์', 'สิงห์คำฟู', '3510600544591', '2017-06-01', '39', '1', '0', '0000-00-00');
INSERT INTO `sev_person` VALUES ('54001', 'นางสาว', 'ปวีณา', 'ศิริตัน', '1509900775213', '2011-08-01', '26', '1', '1', '2014-05-01');
INSERT INTO `sev_person` VALUES ('54002', 'นางสาว', 'สิริกุล', 'จันทรเพชร', '3570500178135', '2011-08-01', '26', '1', '1', '2017-10-12');
INSERT INTO `sev_person` VALUES ('54003', 'นางสาว', 'พิมจันทรา', 'ไหลเจริญ', '1509900107610', '2011-08-01', '31', '1', '1', '2011-10-01');
INSERT INTO `sev_person` VALUES ('54004', 'นางสาว', 'นิชชิมา', 'บัวประเสริฐยิ่ง', '1500700001437', '2011-08-01', '21', '1', '1', '2016-05-01');
INSERT INTO `sev_person` VALUES ('54005', 'นาย', 'ณัฏฐ์ฐนล', 'ใหม่ธรรม', '1510400122221', '2011-08-01', '6', '6', '1', '2019-02-01');
INSERT INTO `sev_person` VALUES ('54006', 'นาย', 'นัฐทนง', 'สันทัดการ', '1309900781410', '2011-08-01', '6', '6', '1', '2011-10-01');
INSERT INTO `sev_person` VALUES ('54007', 'นางสาว', 'พรพรรณ', 'พิพัฒนเศรษฐ์', '3570701016795', '2011-08-01', '31', '6', '1', '2017-10-01');
INSERT INTO `sev_person` VALUES ('54008', 'นางสาว', 'ดาราพร', 'บุญนำ', '1560600032781', '2011-08-01', '8', '6', '1', '2012-04-17');
INSERT INTO `sev_person` VALUES ('54009', 'นางสาว', 'กมลนัทธ์', 'ปิติศิริ', '3539900211731', '2011-10-01', '8', '3', '0', '2017-03-01');
INSERT INTO `sev_person` VALUES ('54010', 'นางสาว', 'ณิชชนิกานต์', 'ภัทร์นรินท์ธกุล', '1509900272491', '2011-11-01', '6', '6', '1', '2013-04-12');
INSERT INTO `sev_person` VALUES ('55001', 'นาย', 'อธิราช', 'ปันทะนันท์', '3501500316938', '2011-10-01', '2', '6', '1', '2019-01-01');
INSERT INTO `sev_person` VALUES ('55002', 'นาย', 'ฉัตรชัย', 'สุขสถิตย์', '1560400006468', '2011-11-01', '2', '6', '1', '2013-02-16');
INSERT INTO `sev_person` VALUES ('55003', 'นางสาว', 'สิริลักษณ์', 'ณ เชียงใหม่', '1509900079667', '2011-10-01', '40', '6', '1', '2013-07-01');
INSERT INTO `sev_person` VALUES ('55004', 'นางสาว', 'มนชนก', 'ชัยพรม', '3500700106073', '2011-10-01', '21', '1', '1', '2011-12-13');
INSERT INTO `sev_person` VALUES ('55005', 'นางสาว', 'อัจฉรา', 'ปัญญา', '1509900546451', '2011-10-01', '28', '6', '1', '2012-10-21');
INSERT INTO `sev_person` VALUES ('55006', 'นาง', 'ภคภรณ์', 'นิภาวงษ์', '3500700127071', '2011-10-17', '7', '6', '1', '2011-06-01');
INSERT INTO `sev_person` VALUES ('55007', 'นางสาว', 'สุจิตรา', 'เตชะเต่ย', '3580100102930', '2011-11-01', '20', '6', '1', '2019-09-30');
INSERT INTO `sev_person` VALUES ('55008', 'นาย', 'ทัพนารายณ์', 'ไชยจินดา', '3580300041306', '2012-01-01', '6', '6', '1', '2015-07-01');
INSERT INTO `sev_person` VALUES ('55009', 'นางสาว', 'อรพรรณ', 'ศรีธินนท์', '3500500152136', '2012-03-19', '21', '1', '1', '2017-01-01');
INSERT INTO `sev_person` VALUES ('55010', 'นาย', 'วรวุฒิ ', 'วงศ์ฟูตัน', '1509900572959', '2012-06-01', '7', '6', '1', '2019-03-01');
INSERT INTO `sev_person` VALUES ('55011', 'นาย', 'ผดุงพล', 'สุคนธมนตรีกุล', '1500800053838', '2012-06-01', '2', '6', '1', '2014-11-01');
INSERT INTO `sev_person` VALUES ('55012', 'นาย', 'เจษฎาพงษ์', 'พุ่มร่วมใจ', '3560100469868', '2012-08-01', '15', '4', '0', '0000-00-00');
INSERT INTO `sev_person` VALUES ('55013', 'นาง', 'กนกวฤนท์', 'กัลยาณมิตร', '3530800395662', '2012-08-01', '15', '4', '0', '0000-00-00');
INSERT INTO `sev_person` VALUES ('55014', 'นางสาว', 'ถวิกา ', 'แก้วเชื้อ', '3640100363783', '2012-08-01', '12', '4', '1', '2015-10-21');
INSERT INTO `sev_person` VALUES ('55015', 'นาง', 'สุภาพร ', 'เลาหพูนรังษี', '3509901258618', '2012-09-01', '3', '5', '0', '0000-00-00');
INSERT INTO `sev_person` VALUES ('56001', 'นาย', 'วิศรุต', 'ปันตี', '1509900549604', '2012-10-01', '6', '6', '1', '2013-03-01');
INSERT INTO `sev_person` VALUES ('56002', 'นางสาว', 'ธีราวรรณ', 'เรือนคำ', '1549900177456', '2013-01-01', '5', '6', '1', '2013-03-31');
INSERT INTO `sev_person` VALUES ('56003', 'นางสาว', 'รัชตวรรณ', 'กันทา', '1560100011105', '2012-10-22', '26', '1', '0', '0000-00-00');
INSERT INTO `sev_person` VALUES ('56004', 'นาง', 'จตุพร', 'รัตนศีล', '5500290011627', '2012-11-12', '5', '5', '0', '0000-00-00');
INSERT INTO `sev_person` VALUES ('56005', 'นาง', 'บุษกร', 'โชตินิกร', '1301100005418', '2012-11-01', '6', '6', '1', '2015-07-31');
INSERT INTO `sev_person` VALUES ('56006', 'นางสาว', 'เสาวลักษณ์', 'พรหมศร', '3570900468017', '2013-01-28', '5', '5', '0', '0000-00-00');
INSERT INTO `sev_person` VALUES ('56007', 'นาง', 'อรวรรณ', 'สมทานี', '5501900014731', '2013-02-01', '5', '5', '0', '0000-00-00');
INSERT INTO `sev_person` VALUES ('56008', 'นาย', 'เธียรวิชญ์', 'เอี่ยมอาภรณ์', '1589900064163', '2013-02-01', '6', '5', '1', '2016-03-01');
INSERT INTO `sev_person` VALUES ('56009', 'นาย', 'ธนพงษ์', 'นันไชยกา', '1509900842891', '2013-02-01', '6', '4', '1', '2013-03-15');
INSERT INTO `sev_person` VALUES ('56010', 'นางสาว', 'ธาริณี', 'บุญญวรรณ', '1509900542812', '2013-02-01', '13', '4', '0', '0000-00-00');
INSERT INTO `sev_person` VALUES ('56011', 'นาย', 'กานต์', 'วิมลวรรธนะสาร', '3521000270696', '2013-02-01', '14', '4', '0', '0000-00-00');
INSERT INTO `sev_person` VALUES ('56012', 'นาย', 'ธวินันท์', 'จีปราบนันท์', '3501000261450', '2013-03-01', '12', '4', '1', '2015-01-01');
INSERT INTO `sev_person` VALUES ('56013', 'นาย', 'ชลวัตร', 'ชุมภูงาม', '1540400063315', '2013-03-01', '12', '4', '1', '2015-04-01');
INSERT INTO `sev_person` VALUES ('56014', 'นางสาว', 'ปิ่นทิพย์', 'ชาคริตนิรันดร์', '3100903023214', '2013-03-01', '21', '1', '1', '2013-07-16');
INSERT INTO `sev_person` VALUES ('56015', 'นางสาว', 'ภรณ์ทิพย์', 'อธิลาภ', '1101401396761', '2013-03-01', '2', '6', '1', '2017-08-31');
INSERT INTO `sev_person` VALUES ('56016', 'นางสาว', 'ปรารถนา', 'ไชยวรรณ์', '1101401611220', '2013-03-20', '26', '1', '0', '0000-00-00');
INSERT INTO `sev_person` VALUES ('56017', 'นางสาว', 'สุจิตรา', 'จะเรวงค์', '1500900115274', '2013-04-01', '31', '3', '0', '0000-00-00');
INSERT INTO `sev_person` VALUES ('56018', 'นางสาว', 'ภัสสร', 'อินทร์ต้น', '1509900886333', '2013-04-01', '12', '7', '0', '0000-00-00');
INSERT INTO `sev_person` VALUES ('56019', 'นางสาว', 'เกศรินทร์', 'ลือยอด', '1609800081430', '2013-05-01', '6', '6', '1', '2018-03-01');
INSERT INTO `sev_person` VALUES ('56020', 'นาง', 'ศรีอินทิรา', 'วงศ์วิจิตร', '3500100084061', '2013-06-01', '5', '7', '0', '0000-00-00');
INSERT INTO `sev_person` VALUES ('56021', 'นาย', 'ปาณัสม์', 'เจษฎาพร', '1509900067928', '2013-07-01', '1', '3', '1', '2018-08-01');
INSERT INTO `sev_person` VALUES ('56022', 'นางสาว', 'บุษกร', 'ยอดทราย', '1509900372003', '2013-07-01', '5', '6', '1', '2014-08-01');
INSERT INTO `sev_person` VALUES ('56023', 'นางสาว', 'เจนจิรา', 'แสนเมืองดี', '1509900642043', '2013-07-01', '5', '4', '0', '0000-00-00');
INSERT INTO `sev_person` VALUES ('56024', 'นางสาว', 'มนชนก', 'ชัยพรม', '3500700106073', '2013-08-01', '21', '1', '1', '2013-10-27');
INSERT INTO `sev_person` VALUES ('56025', 'นางสาว', 'ชฎาภา', 'ตระกูลเชียงแก้ว ', '3630500029635', '2013-09-01', '6', '6', '0', '0000-00-00');
INSERT INTO `sev_person` VALUES ('56026', 'นางสาว', 'ศศิประภา ', 'กุณนะ ', '1509900886317', '2013-09-09', '32', '1', '1', '2018-11-26');
INSERT INTO `sev_person` VALUES ('57001', 'นางสาว', 'ชุลีพร', 'โมอ่อน', '1509900287995', '2013-12-02', '26', '1', '1', '2014-07-01');
INSERT INTO `sev_person` VALUES ('57002', 'นาย', 'สุรินทร์', 'ธรรมา', '1509900870976', '2013-12-02', '6', '1', '0', '0000-00-00');
INSERT INTO `sev_person` VALUES ('57003', 'นางสาว', 'พรรณทิพา', 'เครือสามสุม', '1549900355184', '2013-12-02', '6', '7', '0', '0000-00-00');
INSERT INTO `sev_person` VALUES ('57004', 'นางสาว', 'เบญจรัตน์', 'ทาอ้าย', '1509900743532', '2013-12-15', '21', '1', '0', '0000-00-00');
INSERT INTO `sev_person` VALUES ('57005', 'นาง', 'สุรัชดา', 'เอกฉันท์', '3101401777973', '2013-12-16', '31', '4', '0', '0000-00-00');
INSERT INTO `sev_person` VALUES ('57006', 'นาย', 'ปิยวัช', 'คุณทรงเกียรติ', '3509901165032', '2013-01-15', '18', '1', '1', '0000-00-00');
INSERT INTO `sev_person` VALUES ('57007', 'นางสาว', 'พินสุวรรณ', 'บัวชุม', '3500500224897', '2014-05-01', '28', '6', '0', '0000-00-00');
INSERT INTO `sev_person` VALUES ('57008', 'นางสาว', 'ชยน์พรรณ์', 'แสงเพชร', '1909800471812', '2014-05-01', '2', '6', '0', '0000-00-00');
INSERT INTO `sev_person` VALUES ('57009', 'นางสาว', 'วรัญชลี', 'จี้จำปา', '1509900175364', '2014-06-01', '5', '8', '1', '2018-08-01');
INSERT INTO `sev_person` VALUES ('57010', 'นางสาว', 'ลัดดาวัลย์', 'บุญสุข', '3501900682770', '2014-06-01', '31', '8', '1', '2016-03-01');
INSERT INTO `sev_person` VALUES ('57011', 'นางสาว', 'ปาเจรา', 'บุญช่วย', '1560100210540', '2014-06-01', '12', '7', '0', '0000-00-00');
INSERT INTO `sev_person` VALUES ('57012', 'นาย', 'ภูริทัต', 'ศรีทอง', '1509900732344', '2013-06-01', '6', '8', '1', '2014-06-01');
INSERT INTO `sev_person` VALUES ('57013', 'นางสาว', 'รติรัตน์', 'ใจบุญ', '1520700096934', '2014-06-01', '6', '8', '1', '2018-08-01');
INSERT INTO `sev_person` VALUES ('57014', 'นาย', 'ประวิทย์', 'ปินทา', '1509900233739', '2014-06-01', '6', '8', '1', '2018-07-01');
INSERT INTO `sev_person` VALUES ('57015', 'นางสาว', 'ภาวิณี', 'สุธรรมน้อย', '1509900507936', '2014-07-01', '26', '1', '0', '0000-00-00');
INSERT INTO `sev_person` VALUES ('57016', 'นาง', 'กาญจนา', 'จำวงค์', '3110100470223', '2014-08-01', '5', '6', '1', '2019-05-01');
INSERT INTO `sev_person` VALUES ('58001', 'นางสาว', 'ยุวเรศ', 'ก้อนแก้ว', '1509900381185', '2014-10-01', '5', '1', '0', '0000-00-00');
INSERT INTO `sev_person` VALUES ('58002', 'นาย', 'มารุต', 'คำมา', '1509901206077', '2015-01-05', '35', '1', '0', '0000-00-00');
INSERT INTO `sev_person` VALUES ('58003', 'นาย', 'ณพรรษกรณ์', 'คงภาษี', '1509901152325', '2015-01-15', '2', '6', '0', '0000-00-00');
INSERT INTO `sev_person` VALUES ('58004', 'นาย', 'สิริมหาจักร', 'เกียรติไชยากร', '3500200692828', '2015-03-01', '1', '3', '0', '0000-00-00');
INSERT INTO `sev_person` VALUES ('58005', 'นาย', 'ปัญญา', 'ดอนวิชา', '1670700111114', '2015-05-01', '5', '10', '0', '0000-00-00');
INSERT INTO `sev_person` VALUES ('58006', 'นางสาว', 'ธนวันต์', 'เทพสุวรรณ', '3560100716733', '2015-05-01', '5', '1', '1', '2015-03-01');
INSERT INTO `sev_person` VALUES ('58007', 'นางสาว', 'วิพรรษา', 'ไชยเทพ', '1550600003594', '2015-05-01', '5', '1', '0', '0000-00-00');
INSERT INTO `sev_person` VALUES ('58008', 'นาง', 'เอื้องพร ', 'วงศ์พัฒนากูล', '3501600038344', '2015-05-01', '5', '9', '0', '0000-00-00');
INSERT INTO `sev_person` VALUES ('58009', 'นางสาว', 'ธัญญ์นลิน', 'จันทร', '1509900758718', '2015-05-01', '5', '10', '0', '0000-00-00');
INSERT INTO `sev_person` VALUES ('58010', 'นางสาว', 'ณัฐกฤตา', 'ไกรจำเนียร', '1509900744989', '2015-05-01', '5', '3', '1', '2018-06-01');
INSERT INTO `sev_person` VALUES ('58011', 'นางสาว', 'กนกวรรณ', 'โพธิศาสตร์', '1509900843910', '2015-05-01', '5', '1', '1', '2019-04-01');
INSERT INTO `sev_person` VALUES ('58012', 'นางสาว', 'นฤมล', 'กิติรัตน์', '1509901052002', '2015-05-01', '5', '10', '0', '0000-00-00');
INSERT INTO `sev_person` VALUES ('58013', 'นางสาว', 'อังคณา', 'วรรณา', '1500900165751', '2015-05-01', '5', '3', '1', '2016-01-10');
INSERT INTO `sev_person` VALUES ('58014', 'นางสาว', 'ปัทมาวรรณ', 'ปันวารี', '1509901282156', '2015-05-01', '5', '3', '1', '2016-01-01');
INSERT INTO `sev_person` VALUES ('58015', 'นาง', 'นพมาศ', 'สิทธิยศ', '1571100071486', '2015-05-01', '7', '1', '0', '0000-00-00');
INSERT INTO `sev_person` VALUES ('58016', 'นางสาว', 'วิศัลยา', 'ไทยธรรมยานนท์', '3101500911732', '2015-05-01', '7', '3', '0', '0000-00-00');
INSERT INTO `sev_person` VALUES ('58017', 'นางสาว', 'กรรณิการ์', 'สุริยะ', '1509901162517', '2015-05-01', '28', '3', '1', '2015-10-01');
INSERT INTO `sev_person` VALUES ('58018', 'นางสาว', 'สิริวรรณ', 'เสาโกมุท', '1429900074305', '2015-05-01', '32', '3', '0', '0000-00-00');
INSERT INTO `sev_person` VALUES ('58019', 'นาย', 'ณราศักดิ์', 'สายทอง', '3540400631687', '2015-05-01', '12', '3', '0', '0000-00-00');
INSERT INTO `sev_person` VALUES ('58020', 'นางสาว', 'กติกา', 'เงินคำจันทร์', '1509900385245', '2015-05-01', '6', '1', '1', '2015-10-07');
INSERT INTO `sev_person` VALUES ('58021', 'นางสาว', 'ณัฐนิชา', 'ปิปะ', '2500601023422', '2015-05-01', '6', '3', '1', '2015-05-01');
INSERT INTO `sev_person` VALUES ('58022', 'นางสาว', 'สุรีนาถ', 'ศิริสอน', '1549900308828', '2015-05-01', '6', '10', '0', '0000-00-00');
INSERT INTO `sev_person` VALUES ('58023', 'นางสาว', 'พรทิภา', 'ต้นมือ', '1520700097001', '2015-05-01', '6', '10', '0', '0000-00-00');
INSERT INTO `sev_person` VALUES ('58024', 'นาย', 'สุธี', 'รังสี', '5501290000383', '2015-05-01', '6', '10', '0', '0000-00-00');
INSERT INTO `sev_person` VALUES ('58025', 'นาย', 'นเรศ', 'ศรีนวล', '3501300767154', '2015-05-01', '37', '3', '0', '0000-00-00');
INSERT INTO `sev_person` VALUES ('58026', 'นาย', 'อนุสรณ์', 'วงค์รินทร์', '3501900233673', '2015-05-01', '37', '3', '0', '0000-00-00');
INSERT INTO `sev_person` VALUES ('58027', 'นางสาว', 'นฤมล', 'ก่ำแก้ว', '1560300181314', '2015-05-11', '21', '1', '0', '0000-00-00');
INSERT INTO `sev_person` VALUES ('58028', 'นาย', 'กัณต์ปภัทร', 'พรมดร', '1579900365139', '2015-05-11', '8', '3', '0', '0000-00-00');
INSERT INTO `sev_person` VALUES ('58029', 'นางสาว', 'นวรัตน์', 'กาวีปลูก', '1509900795931', '2015-05-11', '6', '9', '0', '0000-00-00');
INSERT INTO `sev_person` VALUES ('58030', 'นางสาว', 'พฤษภา', 'ขันธราช', '1509901172148', '2015-11-11', '23', '3', '1', '2016-04-01');
INSERT INTO `sev_person` VALUES ('58031', 'นางสาว', 'วาริสา', 'กันตศรี', '3501500423912', '2015-06-01', '6', '3', '1', '2016-04-16');
INSERT INTO `sev_person` VALUES ('58032', 'นางสาว', 'ณิชากร', 'ธนาเดชนพัทธ์', '8501073003567', '2015-06-01', '8', '3', '0', '0000-00-00');
INSERT INTO `sev_person` VALUES ('58033', 'นาย', 'ปฏพงษ์', 'เจริญชัย', '1501100104163', '2015-06-01', '2', '3', '1', '0000-00-00');
INSERT INTO `sev_person` VALUES ('58034', 'นางสาว', 'นริศรา', 'สาสุจิตร์', '1509901173365', '2015-06-01', '11', '3', '0', '0000-00-00');
INSERT INTO `sev_person` VALUES ('58035', 'นางสาว', 'อภิสรา', 'พลศรีเมือง', '1340300096793', '2015-06-01', '6', '3', '0', '0000-00-00');
INSERT INTO `sev_person` VALUES ('58036', 'นาย', 'จักรพล', 'ย่างไพบูลย์ ', '1509901143822', '2015-06-01', '6', '4', '1', '0000-00-00');
INSERT INTO `sev_person` VALUES ('58037', 'นางสาว', 'จุฑารัตน์', 'ตันยเวช', '1509900495806', '2015-06-08', '9', '3', '0', '0000-00-00');
INSERT INTO `sev_person` VALUES ('58038', 'นาง', 'จุฑามาศ', 'เหลืองอรุณชัย', '1549900175879', '2015-07-01', '7', '3', '1', '2016-03-01');
INSERT INTO `sev_person` VALUES ('58039', 'นางสาว', 'พิมพิลา', 'คำพุธ', '1509900750776', '2015-08-01', '6', '6', '0', '0000-00-00');
INSERT INTO `sev_person` VALUES ('58040', 'นางสาว', 'ภรภัทร', 'เล็กทรัพย์', '3509901191149', '2015-08-01', '6', '6', '0', '0000-00-00');
INSERT INTO `sev_person` VALUES ('58041', 'นางสาว', 'พรทิพย์', 'สงวนมิตร', '3100900949876', '2015-08-01', '1', '3', '1', '2015-11-01');
INSERT INTO `sev_person` VALUES ('58042', 'นาย', 'จีระพันธ์', 'เชื้อเมืองพาน', '1501100006749', '2015-09-01', '36', '3', '1', '2020-04-01');
INSERT INTO `sev_person` VALUES ('58043', 'นางสาว', 'ภัทรพิลาส', 'กาญจนกุลดิษฐ', '1103700967770', '2015-10-01', '28', '3', '1', '2018-03-01');
INSERT INTO `sev_person` VALUES ('58044', 'นางสาว', 'ชรินทิพย์', 'จันทร์หอกลอง', '1539900395526', '2015-09-01', '31', '1', '0', '0000-00-00');
INSERT INTO `sev_person` VALUES ('58045', 'นางสาว', 'พิชามญชุ์', 'หาญเจริญกิจ', '1509901193676', '2015-10-01', '5', '3', '1', '2017-08-01');
INSERT INTO `sev_person` VALUES ('58046', 'นางสาว', 'ปณาลี', 'อุประดิษฐ์', '1509901256597', '2015-09-01', '5', '10', '0', '0000-00-00');
INSERT INTO `sev_person` VALUES ('58047', 'นางสาว', 'อุบลวรรณ', 'ภู่สว่าง', '1570700175109', '2015-09-01', '5', '10', '0', '0000-00-00');
INSERT INTO `sev_person` VALUES ('58048', 'นางสาว', 'มนันญา', 'อินทรจักร', '1509901296611', '2015-10-01', '5', '3', '1', '2017-03-01');
INSERT INTO `sev_person` VALUES ('58049', 'นางสาว', 'สาธนี', 'จำต๊ะ', '1509901018769', '2015-09-01', '5', '3', '1', '2019-07-01');
INSERT INTO `sev_person` VALUES ('58050', 'นางสาว', 'เสาวลักษณ์', 'ชุนดี', '1509901219438', '2015-09-07', '5', '10', '0', '0000-00-00');
INSERT INTO `sev_person` VALUES ('58051', 'นางสาว', 'นาริชา', 'จอมขันเงิน', '1509901191347', '2015-10-07', '5', '3', '1', '2015-10-07');
INSERT INTO `sev_person` VALUES ('58052', 'นาย', 'นิรตศัย', 'ปนิทานโต', '1529900349788', '2015-09-07', '6', '10', '0', '0000-00-00');
INSERT INTO `sev_person` VALUES ('58053', 'นาย', 'พัชรพงษ์', 'ปิคนวล', '1500700156139', '2015-09-07', '6', '3', '0', '0000-00-00');
INSERT INTO `sev_person` VALUES ('58054', 'นาย', 'รณกร', 'เสาร์จร', '1540600055781', '2015-09-07', '6', '3', '1', '2018-10-04');
INSERT INTO `sev_person` VALUES ('59001', 'นางสาว', 'เวธิการ์', 'จั๋นอ้าย', '1509901159532', '2015-10-01', '6', '3', '1', '2017-04-01');
INSERT INTO `sev_person` VALUES ('59002', 'นางสาว', 'ทิฆัมพร', 'พรวชิรวิทย์', '1550500140514', '2015-10-01', '6', '3', '1', '2016-06-01');
INSERT INTO `sev_person` VALUES ('59003', 'นางสาว', 'ทิพวรรณ', 'อุ่นเมือง', '1520400046991', '2015-10-01', '32', '3', '0', '0000-00-00');
INSERT INTO `sev_person` VALUES ('59004', 'นางสาว', 'ทิชากร', 'แจ้งสันเทียะ', '1620100123123', '2015-10-01', '6', '3', '1', '2017-05-15');
INSERT INTO `sev_person` VALUES ('59005', 'นาง', 'ศรีนวล', 'ศรีบัว', '3509900211740', '2015-10-01', '6', '10', '0', '0000-00-00');
INSERT INTO `sev_person` VALUES ('59006', 'นางสาว', 'จิดารัตน์', 'หวานมีรส', '1529900409357', '2015-10-01', '5', '10', '0', '0000-00-00');
INSERT INTO `sev_person` VALUES ('59007', 'นางสาว', 'รติรัตน์', 'วรสุธานีวรรณ', '1510600015762', '2015-10-01', '5', '2', '0', '0000-00-00');
INSERT INTO `sev_person` VALUES ('59008', 'นาย', 'เทอดศักดิ์', 'ไชยวรรณะ', '3509900634756', '2015-10-01', '11', '3', '0', '0000-00-00');
INSERT INTO `sev_person` VALUES ('59009', 'นาง', 'พัชรมณฑน์', 'ศุภผล', '3230300290066', '2015-10-12', '5', '9', '0', '0000-00-00');
INSERT INTO `sev_person` VALUES ('59010', 'นางสาว', 'กนกวรรณ', 'จินะ', '1509901694934', '2015-10-15', '6', '9', '0', '0000-00-00');
INSERT INTO `sev_person` VALUES ('59011', 'นางสาว', 'สุริสา', 'ศรีอ๊อต', '1650300032172', '2015-11-01', '5', '10', '0', '0000-00-00');
INSERT INTO `sev_person` VALUES ('59012', 'นาย', 'มานิตย์', 'ทนนวงค์', '3501400511461', '2015-11-01', '6', '3', '0', '0000-00-00');
INSERT INTO `sev_person` VALUES ('59013', 'นางสาว', 'อาภาภัทร', 'สุขจันทร์', '1509901233465', '2015-11-16', '5', '3', '1', '2018-07-01');
INSERT INTO `sev_person` VALUES ('59014', 'นางสาว', 'อรพรรณ', 'ยะบึง', '1510100208324', '2015-11-16', '5', '10', '0', '0000-00-00');
INSERT INTO `sev_person` VALUES ('59015', 'นางสาว', 'ภคนันท์', 'สุจา', '1501200071186', '2015-11-16', '6', '9', '0', '0000-00-00');
INSERT INTO `sev_person` VALUES ('59016', 'นาย', 'ณัฐกฤษณ์', 'อินทะพันธุ์', '2510100015044', '2015-11-16', '6', '3', '1', '2017-12-01');
INSERT INTO `sev_person` VALUES ('59017', 'นาย', 'ภัทรภูมิ', 'โยปัญญา', '3560300733127', '2015-11-16', '6', '9', '0', '0000-00-00');
INSERT INTO `sev_person` VALUES ('59018', 'นางสาว', 'พุทธรักษา', 'จงศิริ', '1580500057323', '2015-11-16', '8', '3', '1', '2019-08-15');
INSERT INTO `sev_person` VALUES ('59019', 'นาง', 'กมลพร', 'ท้าวคำวัง', '1509900669057', '2015-11-16', '6', '10', '0', '0000-00-00');
INSERT INTO `sev_person` VALUES ('59020', 'นาย', 'ประสงค์', 'พิทักษ์สกุลไพร', '3500200298925', '2015-11-16', '36', '3', '0', '0000-00-00');
INSERT INTO `sev_person` VALUES ('59021', 'นางสาว', 'สุทธิกานต์', 'สุริยะ', '1589900072328', '2015-12-01', '5', '10', '0', '0000-00-00');
INSERT INTO `sev_person` VALUES ('59022', 'นาง', 'สุพิชฌาย์', 'ไชยไธสง', '3100600423887', '2015-12-01', '5', '9', '0', '0000-00-00');
INSERT INTO `sev_person` VALUES ('59023', 'นางสาว', 'เบญจภรณ์', 'พรมขาว', '1630500047491', '2015-12-01', '5', '3', '1', '2018-05-01');
INSERT INTO `sev_person` VALUES ('59024', 'นางสาว', 'เขมิการ์', 'แปงถานี', '1500800052882', '2015-12-01', '5', '10', '0', '0000-00-00');
INSERT INTO `sev_person` VALUES ('59025', 'นางสาว', 'ณัฐธิดา', 'ยอดนิปาน', '1580300077266', '2015-12-01', '6', '9', '0', '0000-00-00');
INSERT INTO `sev_person` VALUES ('59026', 'นางสาว', 'สุนิสา', 'ด่านอินถา', '1529900547822', '2015-12-01', '6', '3', '1', '2016-11-01');
INSERT INTO `sev_person` VALUES ('59027', 'นาย', 'ชยาภรณ์', 'กรุงนะ', '1510100189486', '2015-12-01', '6', '9', '0', '0000-00-00');
INSERT INTO `sev_person` VALUES ('59028', 'นางสาว', 'ทิพย์วรรณ', 'หอมยมณ์', '1500300130604', '2015-12-01', '6', '9', '0', '0000-00-00');
INSERT INTO `sev_person` VALUES ('59029', 'นางสาว', 'วัชรี', 'ทาแล', '1509900503680', '2015-12-01', '6', '9', '0', '0000-00-00');
INSERT INTO `sev_person` VALUES ('59030', 'นางสาว', 'เปรมด์ฤทัย', 'เสนวิรัช', '1560100313993', '2015-12-01', '6', '10', '0', '0000-00-00');
INSERT INTO `sev_person` VALUES ('59031', 'นางสาว', 'อาภาพร', 'แสนใจ', '1509901473784', '2015-12-01', '6', '10', '0', '0000-00-00');
INSERT INTO `sev_person` VALUES ('59032', 'นางสาว', 'รุ่งจิรา', 'วงค์กาศ', '1839900320442', '2015-12-01', '6', '10', '0', '0000-00-00');
INSERT INTO `sev_person` VALUES ('59033', 'นาย', 'ชัยธวัช', 'กิตติคุณากร', '1509901363437', '2015-12-01', '18', '1', '0', '0000-00-00');
INSERT INTO `sev_person` VALUES ('59034', 'นางสาว', 'พรพรรณ', 'ธรรมศิลป์', '1509900420270', '2016-01-01', '10', '3', '0', '0000-00-00');
INSERT INTO `sev_person` VALUES ('59035', 'นาย', 'ฉลอง', 'ซาวคง', '1509900218969', '2016-01-01', '19', '3', '1', '0000-00-00');
INSERT INTO `sev_person` VALUES ('59036', 'นางสาว', 'ณัฐกานต์', 'ทับเที่ยง', '1820500050512', '2016-01-01', '12', '4', '1', '2016-08-01');
INSERT INTO `sev_person` VALUES ('59037', 'นาย', 'กิตติ', 'งำเมือง', '1509900500354', '2016-01-11', '36', '3', '1', '2017-10-31');
INSERT INTO `sev_person` VALUES ('59038', 'นาย', 'อุเทน', 'มูลแก้ว', '1500300124558', '2016-02-01', '34', '3', '0', '0000-00-00');
INSERT INTO `sev_person` VALUES ('59039', 'นาย', 'วิโรจน์', 'ศรีอำนาจ', '1509901238548', '2016-02-08', '35', '1', '0', '0000-00-00');
INSERT INTO `sev_person` VALUES ('59040', 'นาย', 'ภูริวัจฐ์', 'ชีคำ', '1500900030635', '2016-03-01', '33', '3', '1', '2016-03-01');
INSERT INTO `sev_person` VALUES ('59041', 'นางสาว', 'พิญชญา', 'ปัญญาเทียม', '1509901291376', '2016-04-01', '31', '3', '1', '0000-00-00');
INSERT INTO `sev_person` VALUES ('59042', 'นาย', 'สรัชพล', 'อำพิพัฒน์', '1559900220769', '2016-04-01', '6', '5', '1', '2016-11-01');
INSERT INTO `sev_person` VALUES ('59043', 'นางสาว', 'วัชรี', 'เจริญทรัพย์', '1509900456584', '2016-04-18', '31', '1', '0', '0000-00-00');
INSERT INTO `sev_person` VALUES ('59044', 'นางสาว', 'วาริสา', 'กันตศรี', '3501500423912', '2016-06-01', '6', '3', '1', '2018-05-01');
INSERT INTO `sev_person` VALUES ('59045', 'นาย', 'ณัทวุฒิ', 'เฮงจีระจรัส', '1509900186218', '2016-07-01', '1', '3', '0', '0000-00-00');
INSERT INTO `sev_person` VALUES ('59046', 'นาง', 'วราภรณ์', 'ชื่นจงกลกุล', '3560300041624', '2016-07-01', '5', '3', '1', '2016-11-01');
INSERT INTO `sev_person` VALUES ('59047', 'นางสาว', 'กาญจนา', 'ธรรมชัยยุติ', '1509900093481', '2016-07-01', '5', '9', '0', '0000-00-00');
INSERT INTO `sev_person` VALUES ('59048', 'นางสาว', 'ปรียานุช', 'ลาวตุม', '1579900442478', '2016-07-01', '5', '10', '0', '0000-00-00');
INSERT INTO `sev_person` VALUES ('59049', 'นางสาว', 'ธินัสนันท์', 'สารทอง', '1559900218047', '2016-07-01', '5', '10', '0', '0000-00-00');
INSERT INTO `sev_person` VALUES ('59050', 'นางสาว', 'สุทธิดา', 'ทองอินปัน', '1559900220084', '2016-07-01', '5', '10', '0', '0000-00-00');
INSERT INTO `sev_person` VALUES ('59051', 'นางสาว', 'ณัฐธยาน์', 'พุทธปาจารย์', '1509901304079', '2016-07-01', '5', '9', '0', '0000-00-00');
INSERT INTO `sev_person` VALUES ('59052', 'นางสาว', 'พิชญา', 'สินคณารักษ์', '1640600198564', '2016-07-01', '5', '1', '0', '0000-00-00');
INSERT INTO `sev_person` VALUES ('59053', 'นางสาว', 'พิมพ์พิสุทธิ์', 'สุใจจา', '1500900117374', '2016-07-01', '6', '9', '0', '0000-00-00');
INSERT INTO `sev_person` VALUES ('59054', 'นางสาว', 'สาริศา', 'สมโน', '3501700214551', '2016-07-01', '6', '10', '0', '0000-00-00');
INSERT INTO `sev_person` VALUES ('59055', 'นางสาว', 'ธัญญารัตน์', 'ธรรมศิริ', '1560200083264', '2016-07-01', '6', '3', '1', '2017-11-01');
INSERT INTO `sev_person` VALUES ('59056', 'นางสาว', 'นรินทร์ทิพย์', 'จันตาบุญ', '1509901610901', '2016-07-01', '6', '9', '0', '0000-00-00');
INSERT INTO `sev_person` VALUES ('59057', 'นาย', 'ธิราวุฒิ', 'ปัญญาแปง', '1509900992702', '2016-07-01', '6', '3', '1', '2018-12-01');
INSERT INTO `sev_person` VALUES ('59058', 'นางสาว', 'รัตน์วดี', 'มูลศรี', '1560100081065', '2016-07-04', '6', '3', '1', '0000-00-00');
INSERT INTO `sev_person` VALUES ('59059', 'นางสาว', 'วิลาสินี', 'อมรใฝ่วดี', '1580400090205', '2016-07-05', '6', '3', '1', '2017-06-10');
INSERT INTO `sev_person` VALUES ('59060', 'นาง', 'รัตนาภรณ์', 'วรรณรินทร์', '1509900722853', '2016-07-11', '5', '10', '0', '0000-00-00');
INSERT INTO `sev_person` VALUES ('59061', 'นางสาว', 'อรทัย', 'เครื่องคำ', '3500500430632', '2016-07-21', '6', '10', '0', '0000-00-00');
INSERT INTO `sev_person` VALUES ('59062', 'นาย', 'ธนากิต', 'อูปแปง', '1509901334202', '2016-07-21', '37', '3', '0', '0000-00-00');
INSERT INTO `sev_person` VALUES ('59063', 'นาย', 'พงศกร', 'ปันศิริ', '1500300014591', '2016-07-21', '6', '3', '1', '2017-11-01');
INSERT INTO `sev_person` VALUES ('59064', 'นางสาว', 'ณัฐพัชร์', 'รอบคำ', '1500700133481', '2016-08-01', '5', '1', '1', '2018-06-01');
INSERT INTO `sev_person` VALUES ('59065', 'นางสาว', 'อัญชลี', 'ชวนประเสริฐ', '1509900420644', '2016-08-01', '34', '3', '0', '0000-00-00');
INSERT INTO `sev_person` VALUES ('59066', 'นางสาว', 'ฉันทิกา', 'พลพานิช', '1-6099-00270-', '2016-08-01', '12', '4', '1', '2017-07-27');
INSERT INTO `sev_person` VALUES ('59067', 'นางสาว', 'จุฑามาศ', 'เรือนดี', '1509901264794', '2016-08-01', '12', '4', '1', '2017-01-01');
INSERT INTO `sev_person` VALUES ('60001', 'นางสาว', 'ภัทรสุดา', 'ตั๋นเหล็ก', '1549900289360', '2016-10-01', '6', '7', '0', '0000-00-00');
INSERT INTO `sev_person` VALUES ('60002', 'นาย', 'วัชรินทร์', 'บุญเทพ', '3501500399400', '2016-10-10', '6', '3', '0', '0000-00-00');
INSERT INTO `sev_person` VALUES ('60003', 'นาย', 'ปฏพงษ์', 'เจริญชัย', '1501100104163', '2016-10-05', '6', '3', '1', '2018-05-01');
INSERT INTO `sev_person` VALUES ('60004', 'นางสาว', 'ขวัญเนตร', 'เครือวิเสน', '1100800899927', '2016-11-01', '6', '5', '1', '2019-02-01');
INSERT INTO `sev_person` VALUES ('60005', 'นาย', 'ทนันต์', 'นันตากาศ', '1510100149859', '2016-11-01', '19', '1', '0', '0000-00-00');
INSERT INTO `sev_person` VALUES ('60006', 'นาย', 'ภัทชนันท์', 'ปันกุย', '1509901539173', '2016-11-01', '6', '4', '1', '2017-06-01');
INSERT INTO `sev_person` VALUES ('60007', 'นางสาว', 'นิชาภา', 'พิศฎางค์', '1509901234577', '2016-11-15', '32', '1', '1', '2018-11-01');
INSERT INTO `sev_person` VALUES ('60008', 'นางสาว', 'สตรีรัตน์', 'ภัทรวรตระกูล', '1580400005135', '2016-12-01', '32', '3', '0', '0000-00-00');
INSERT INTO `sev_person` VALUES ('60009', 'นางสาว', 'จุฬาลักษณ์', 'ใหม่พรม', '1510500052721', '2016-12-01', '6', '10', '0', '0000-00-00');
INSERT INTO `sev_person` VALUES ('60010', 'นางสาว', 'เสาวลักษณ์', 'สุขระแหง', '1509900053455', '2016-12-01', '6', '10', '0', '0000-00-00');
INSERT INTO `sev_person` VALUES ('60011', 'นางสาว', 'พรทิวา', 'ละลา', '1505100003999', '2016-12-01', '6', '3', '1', '2018-06-15');
INSERT INTO `sev_person` VALUES ('60012', 'นางสาว', 'นาริชา', 'จอมขันเงิน', '1509901191347', '2016-12-01', '5', '10', '0', '0000-00-00');
INSERT INTO `sev_person` VALUES ('60013', 'นางสาว', 'สุภางค์', 'ฉิมมา', '1509901383262', '2017-01-01', '5', '3', '1', '2018-08-01');
INSERT INTO `sev_person` VALUES ('60014', 'นาง', 'ชญานิษฐ์', 'ศรีสองเมือง', '3509900865537', '2017-01-01', '6', '3', '1', '2017-02-16');
INSERT INTO `sev_person` VALUES ('60015', 'นาย', 'จักรกฤษณ์', 'จันทร์อู่', '3500100218181', '2017-01-01', '1', '3', '1', '2017-06-05');
INSERT INTO `sev_person` VALUES ('60016', 'นาย', 'เอกรินทร์', 'ศุภตระกูล', '1509900392381', '2017-02-01', '1', '3', '1', '2019-08-01');
INSERT INTO `sev_person` VALUES ('60017', 'นาย', 'ภัทรพล', 'หลวงแสน', '1509900903491', '2017-02-01', '38', '3', '0', '0000-00-00');
INSERT INTO `sev_person` VALUES ('60018', 'นางสาว', 'จิราพร', 'ต๊ะเสน', '1501700068541', '2017-03-01', '31', '1', '1', '2020-07-01');
INSERT INTO `sev_person` VALUES ('60019', 'นาย', 'ติณณภพ', 'กันตพัชญ์', '8577373002588', '2017-03-03', '8', '3', '1', '2019-11-16');
INSERT INTO `sev_person` VALUES ('60020', 'นาง', 'ชนากานต์', 'ยะราช', '1549900031427', '2017-03-02', '9', '3', '1', '2018-07-01');
INSERT INTO `sev_person` VALUES ('60021', 'นาง', 'จิดาภา', 'พรหมปัญญา', '3509900856171', '2017-05-01', '7', '3', '0', '0000-00-00');
INSERT INTO `sev_person` VALUES ('60022', 'นางสาว', 'ณิชกานต์', 'ชัยคำมูล', '1500300112525', '2017-04-03', '28', '3', '1', '2017-04-03');
INSERT INTO `sev_person` VALUES ('60023', 'นางสาว', 'ปราวิรัตน์', 'คิ้วดวงตา', '1509900735475', '2017-04-10', '29', '1', '0', '0000-00-00');
INSERT INTO `sev_person` VALUES ('60024', 'นาง', 'จิตติมาภรณ์', 'กันทะ', '1361200019267', '2017-04-18', '28', '1', '0', '0000-00-00');
INSERT INTO `sev_person` VALUES ('60025', 'นางสาว', 'รังสิมันตุ์', 'ไก่งาม', '1560100137982', '2017-05-01', '16', '2', '0', '0000-00-00');
INSERT INTO `sev_person` VALUES ('60026', 'นาย', 'คณิน', 'กาวิชัย', '1509901366830', '2017-06-01', '5', '1', '1', '2019-07-01');
INSERT INTO `sev_person` VALUES ('60027', 'นาย', 'ไมตรี', 'พึ่งวิทยาธร', '3580400003589', '2017-06-08', '36', '1', '0', '0000-00-00');
INSERT INTO `sev_person` VALUES ('60029', 'นางสาว', 'สุพรรษา', 'มารอด', '1505200002579', '2017-05-18', '6', '6', '0', '0000-00-00');
INSERT INTO `sev_person` VALUES ('60030', 'นางสาว', 'พิมลดา', 'ไชยศิริ', '1430200185939', '2017-06-01', '5', '1', '0', '0000-00-00');
INSERT INTO `sev_person` VALUES ('60032', 'นางสาว', 'พัชราภรณ์', 'พุทธิมา', '1509900858852', '2017-07-01', '5', '1', '0', '0000-00-00');
INSERT INTO `sev_person` VALUES ('60034', 'นาย', 'นัฐชัย', 'โพธิ์รอด', '1269900160254', '2017-06-01', '17', '1', '0', '0000-00-00');
INSERT INTO `sev_person` VALUES ('60035', 'นางสาว', 'ธันยนัช', 'ทุนอินทร์', '1509901340679', '2017-06-05', '12', '4', '0', '0000-00-00');
INSERT INTO `sev_person` VALUES ('60036', 'นางสาว', 'สาวิตรี', 'ศรีดอยดิน', '1502200005915', '2017-07-17', '6', '3', '1', '2019-05-31');
INSERT INTO `sev_person` VALUES ('60037', 'นางสาว', 'ภาสินี', 'ปู่ปา', '1501601140308', '2017-07-17', '6', '10', '0', '0000-00-00');
INSERT INTO `sev_person` VALUES ('60038', 'นางสาว', 'สุรีรัตน์', 'มณฑนม', '1500300089990', '2017-08-14', '5', '10', '0', '0000-00-00');
INSERT INTO `sev_person` VALUES ('60039', 'นางสาว', 'พัชรี', 'บุญตัน', '1501200084431', '2017-07-06', '6', '3', '1', '2018-11-01');
INSERT INTO `sev_person` VALUES ('60042', 'นางสาว', 'ณัฐชยา', 'สุทาชัย', '1509900900956', '2017-07-04', '6', '4', '1', '2019-06-01');
INSERT INTO `sev_person` VALUES ('60043', 'นางสาว', 'รัตติกาล', 'จันทร์เส็ง', '1679900282330', '2017-08-01', '11', '1', '0', '0000-00-00');
INSERT INTO `sev_person` VALUES ('60044', 'นางสาว', 'รุ้งลาวัลย์', 'สุนทร', '1500900135054', '2017-08-14', '11', '1', '0', '0000-00-00');
INSERT INTO `sev_person` VALUES ('60045', 'นางสาว', 'ภัทรกร', 'ดำรงไชย', '1509900950431', '2017-08-01', '7', '1', '0', '0000-00-00');
INSERT INTO `sev_person` VALUES ('60046', 'นางสาว', 'ใกล้รุ่ง', 'วิวัฒน์ชัยกุล', '3509900306813', '2017-08-01', '32', '1', '0', '0000-00-00');
INSERT INTO `sev_person` VALUES ('60047', 'นางสาว', 'รดา', 'วิวัฒน์ชัยกุล', '1509900565260', '2017-08-01', '6', '1', '1', '2019-04-05');
INSERT INTO `sev_person` VALUES ('60048', 'นางสาว', 'วราภรณ์', 'เมฆลา', '1509901252087', '2017-08-01', '7', '1', '0', '0000-00-00');
INSERT INTO `sev_person` VALUES ('60049', 'นางสาว', 'กนกวรรณ', 'ตื่นถาวรกิจ', '1501801138137', '2017-08-01', '6', '1', '1', '2020-06-01');
INSERT INTO `sev_person` VALUES ('60050', 'นางสาว', 'อมรรัตน์', 'โดดาธรรม', '1509901086225', '2017-08-01', '6', '1', '0', '0000-00-00');
INSERT INTO `sev_person` VALUES ('60051', 'นางสาว', 'วรัญญา', 'ต่ายทา', '1509901356940', '2017-08-01', '6', '1', '0', '0000-00-00');
INSERT INTO `sev_person` VALUES ('60052', 'นางสาว', 'กมลทิพย์', 'ปัญญาทิพย์', '1509900502551', '2017-08-01', '6', '1', '0', '0000-00-00');
INSERT INTO `sev_person` VALUES ('60053', 'นางสาว', 'ชมชนก', 'เฟืองคำ', '1509900901855', '2017-08-01', '31', '1', '1', '2019-11-01');
INSERT INTO `sev_person` VALUES ('60054', 'นางสาว', 'กรณ์ณภัทร', 'จตุพรเรืองรอง', '1500300147639', '2017-08-01', '16', '2', '0', '0000-00-00');
INSERT INTO `sev_person` VALUES ('60055', 'นางสาว', 'ปัทมา', 'ประดับ', '1640700088299', '2017-08-01', '16', '2', '0', '0000-00-00');
INSERT INTO `sev_person` VALUES ('60056', 'นาย', 'อัคร', 'อนันตกุล', '1609900073757', '2017-08-15', '1', '3', '1', '2018-09-01');
INSERT INTO `sev_person` VALUES ('60058', 'นางสาว', 'ณัฐฐา', 'ฐิติศรารักษ์', '1200100227135', '2017-09-01', '2', '6', '1', '2019-11-01');
INSERT INTO `sev_person` VALUES ('60060', 'นางสาว', 'กนกอร', 'โพธิวงค์', '1509900958687', '2017-09-18', '31', '6', '0', '0000-00-00');
INSERT INTO `sev_person` VALUES ('61001', 'นางสาว', 'กุลธิดา', 'ตรรกวรุตม์', '1529900768489', '2017-10-02', '21', '1', '0', '0000-00-00');
INSERT INTO `sev_person` VALUES ('61002', 'นางสาว', 'ธัญญารัตน์', 'รักพร้า', '1103701584157', '2017-10-02', '5', '3', '1', '2018-08-01');
INSERT INTO `sev_person` VALUES ('61003', 'นางสาว', 'ศิพร', 'เตชะหมื่น', '1509900851408', '2017-11-01', '27', '1', '0', '0000-00-00');
INSERT INTO `sev_person` VALUES ('61004', 'นางสาว', 'จันทิรา', 'ภูมาศ', '1549900057876', '2017-11-01', '26', '1', '0', '0000-00-00');
INSERT INTO `sev_person` VALUES ('61006', 'นาย', 'นพดล', 'อินตานวน', '3580400153319', '2017-11-13', '36', '3', '0', '0000-00-00');
INSERT INTO `sev_person` VALUES ('61007', 'นางสาว', 'นฤมล', 'พงค์กลาง', '1460500140248', '2017-12-01', '6', '1', '1', '2019-05-01');
INSERT INTO `sev_person` VALUES ('61008', 'นางสาว', 'รัชนีกร', 'แสนสุข', '1509901293158', '2017-12-01', '5', '5', '0', '0000-00-00');
INSERT INTO `sev_person` VALUES ('61011', 'นาย', 'ระมิงค์', 'เย็นจิตต์', '1509901410294', '2018-01-01', '31', '1', '0', '0000-00-00');
INSERT INTO `sev_person` VALUES ('61012', 'นางสาว', 'สุภาภรณ์ ', 'สังคำ', '1639900173671', '2018-01-01', '6', '10', '0', '0000-00-00');
INSERT INTO `sev_person` VALUES ('61013', 'นางสาว', 'อรทัย', 'คำใหม่', '1539900626757', '2018-01-01', '6', '10', '0', '0000-00-00');
INSERT INTO `sev_person` VALUES ('61015', 'นางสาว', 'ชลธิชา', 'ลืมกลืน', '1509900982065', '2018-01-01', '31', '3', '0', '0000-00-00');
INSERT INTO `sev_person` VALUES ('61016', 'นางสาว', 'รุ้งรวี', 'แสงเขียว', '1489900154988', '2018-01-01', '5', '10', '0', '0000-00-00');
INSERT INTO `sev_person` VALUES ('61017', 'นางสาว', 'นิชา ', 'กาดีวงศ์', '1529900740070', '2018-01-03', '23', '6', '1', '2018-10-01');
INSERT INTO `sev_person` VALUES ('61018', 'นาย', 'อธิป', 'น้อมศิริ', '1509900372283', '2018-02-15', '18', '1', '0', '0000-00-00');
INSERT INTO `sev_person` VALUES ('61019', 'นางสาว', 'เมธินี', 'จิตธรรม', '1509901378412', '2018-02-20', '8', '1', '0', '0000-00-00');
INSERT INTO `sev_person` VALUES ('61020', 'นางสาว', 'สุพัตรา', 'ติ๊บปิน', '1540300106240', '2018-02-20', '8', '1', '0', '0000-00-00');
INSERT INTO `sev_person` VALUES ('61022', 'นาย', 'นัฐพงษ์', 'ยาสมุทร', '1509901395317', '2018-02-01', '38', '4', '0', '0000-00-00');
INSERT INTO `sev_person` VALUES ('61024', 'นางสาว', 'นิตยา', 'เสนนะ', '3570900331801', '2018-03-01', '28', '1', '0', '0000-00-00');
INSERT INTO `sev_person` VALUES ('61025', 'นางสาว', 'พิชามญชุ์', 'จอมทัน', '1509900791766', '2018-03-01', '5', '7', '1', '2019-09-01');
INSERT INTO `sev_person` VALUES ('61026', 'นางสาว', 'ภัทรวรรณ', 'วรวัฒน์วิจิตร', '1101401087237', '2018-03-01', '12', '4', '0', '0000-00-00');
INSERT INTO `sev_person` VALUES ('61028', 'นางสาว', 'พัชราภรณ์', 'เลายี่ปา', '1580700019026', '2018-04-01', '6', '10', '0', '0000-00-00');
INSERT INTO `sev_person` VALUES ('61032', 'นางสาว', 'สุจริตพรรณ', 'ใจเป็ง', '3630300065760', '2018-06-01', '7', '3', '0', '0000-00-00');
INSERT INTO `sev_person` VALUES ('61033', 'นางสาว', 'รุ่งทิพย์', 'บุญเรือง', '1509901393004', '2018-07-01', '5', '9', '0', '0000-00-00');
INSERT INTO `sev_person` VALUES ('61034', 'นาย', 'ชรินทร์', 'อินทไชย', '1509901203281', '2018-06-01', '35', '1', '0', '0000-00-00');
INSERT INTO `sev_person` VALUES ('61035', 'นาย', 'ปิยณัฐ', 'คำดวงดาว', '1509900284066', '2018-06-01', '37', '1', '0', '0000-00-00');
INSERT INTO `sev_person` VALUES ('61036', 'นาย', 'วิรุฬ', 'การเร็ว', '3560500601780', '2018-06-01', '38', '1', '0', '0000-00-00');
INSERT INTO `sev_person` VALUES ('61037', 'นางสาว', 'ประภาวรินทร์', 'ภูวเดชโภคนิษฐ์', '1509900540925', '2018-06-01', '33', '3', '0', '0000-00-00');
INSERT INTO `sev_person` VALUES ('61038', 'นางสาว', 'นันท์นภัส', 'ร่องดุสิต', '1549900345324', '2018-06-01', '33', '3', '0', '0000-00-00');
INSERT INTO `sev_person` VALUES ('61039', 'นางสาว', 'สุทธิชา', 'วีระวงค์', '1869900218974', '2018-06-15', '6', '1', '0', '0000-00-00');
INSERT INTO `sev_person` VALUES ('61040', 'นางสาว', 'วรัชยา', 'ฟ้าคำตัน', '1529900671400', '2018-06-18', '28', '1', '1', '2018-08-25');
INSERT INTO `sev_person` VALUES ('61041', 'นางสาว', 'พิมลพรรณ', 'รัตนพัฒนากุล', '1101401900914', '2018-08-01', '1', '1', '0', '0000-00-00');
INSERT INTO `sev_person` VALUES ('61042', 'นางสาว', 'กรปวีณ์', 'ปุณณโกศล', '1103700010513', '2018-08-01', '1', '1', '1', '2019-07-01');
INSERT INTO `sev_person` VALUES ('61043', 'นางสาว', 'สมหญิง', 'ดำนิล', '1659900368951', '2018-07-16', '1', '1', '0', '0000-00-00');
INSERT INTO `sev_person` VALUES ('61044', 'นางสาว', 'วิภาดา', 'สุริยา', '1501000076583', '2018-07-01', '6', '6', '0', '0000-00-00');
INSERT INTO `sev_person` VALUES ('61045', 'นางสาว', 'กรกนก', 'วงศ์ศิลา', '1579900160723', '2018-08-01', '32', '1', '0', '0000-00-00');
INSERT INTO `sev_person` VALUES ('61047', 'นาย', 'ฐิตินันท์', 'ชัยกุลเสรีวัฒน์', '150990152409-', '2018-08-15', '9', '3', '0', '0000-00-00');
INSERT INTO `sev_person` VALUES ('61048', 'นางสาว', 'ศุภาพิชญ์', 'ขจรโมทย์', '1509901386857', '2018-09-01', '5', '10', '0', '0000-00-00');
INSERT INTO `sev_person` VALUES ('61049', 'นางสาว', 'สุภกร', 'ฉัตรอุทัย', '1509900959969', '2018-10-01', '7', '1', '0', '0000-00-00');
INSERT INTO `sev_person` VALUES ('61050', 'นางสาว', 'ลักขณา', 'เทศเปี่ยม', '366060014345-', '2018-10-01', '5', '3', '1', '2019-04-01');
INSERT INTO `sev_person` VALUES ('61051', 'นาย', 'มณฑล', 'ปัญญาวัง', '1500900186112', '2018-09-17', '37', '1', '0', '0000-00-00');
INSERT INTO `sev_person` VALUES ('61052', 'นางสาว', 'พลอย', 'ทรัพย์ไพบูลย์กิจ', '1509901539173', '2018-11-01', '5', '1', '0', '0000-00-00');
INSERT INTO `sev_person` VALUES ('61053', 'นางสาว', 'เสาวลักษณ์', 'กันทา', '1509901233376', '2018-10-01', '28', '1', '0', '0000-00-00');
INSERT INTO `sev_person` VALUES ('61054', 'นาย', 'มนต์ธัช', 'ไทยยันโต', '1509901160581', '2018-10-01', '23', '6', '0', '0000-00-00');
INSERT INTO `sev_person` VALUES ('61055', 'นาย', 'เอกภพ', 'พจนสิทธิ์', '1509901617255', '2018-10-01', '11', '3', '0', '0000-00-00');
INSERT INTO `sev_person` VALUES ('62001', 'นางสาว', 'จริยาพร', 'สุริยะป้อ', '1509901403417', '2018-10-15', '31', '1', '1', '2020-01-11');
INSERT INTO `sev_person` VALUES ('62002', 'นางสาว', 'สุธินี', 'ส่งศรีเกตุ', '1509901655017', '2018-11-01', '28', '1', '1', '2019-02-07');
INSERT INTO `sev_person` VALUES ('62003', 'นางสาว', 'ประภัสสร', 'กุณนะ', '1509901533698', '2018-12-01', '32', '1', '1', '2020-06-01');
INSERT INTO `sev_person` VALUES ('62004', 'นางสาว', 'ภิชญา', 'พุฒมาเล', '1529900653576', '2018-11-16', '32', '1', '1', '2019-02-01');
INSERT INTO `sev_person` VALUES ('62005', 'นาย', 'ธนบดี  ', 'นิ่มวงษ์', '1509901329888', '2019-01-15', '23', '3', '0', '0000-00-00');
INSERT INTO `sev_person` VALUES ('62006', 'นาย', 'กลวัชร', 'เเสงสูง', '1819900141718', '2019-01-01', '2', '6', '0', '0000-00-00');
INSERT INTO `sev_person` VALUES ('62007', 'นางสาว', 'กัญญาณัฐ', 'พุทธิมา', '1529900616158', '2019-01-15', '9', '3', '0', '0000-00-00');
INSERT INTO `sev_person` VALUES ('62008', 'นาย', 'ธวัชชัย', 'ต่อคำอ้าย', '3501500040339', '2019-01-15', '36', '1', '0', '0000-00-00');
INSERT INTO `sev_person` VALUES ('62009', 'นางสาว', 'กัญชญารัตน์', 'คำมา', '1550400036171', '2019-02-01', '6', '5', '1', '2020-02-01');
INSERT INTO `sev_person` VALUES ('62010', 'นางสาว', 'น้ำฝน', 'ทิพย์แมม', '1501100093994', '2019-02-15', '6', '3', '1', '2019-04-01');
INSERT INTO `sev_person` VALUES ('62011', 'นางสาว', 'อัญชนา  ', 'วรรณภิระ', '1510100198809', '2019-03-01', '5', '9', '0', '0000-00-00');
INSERT INTO `sev_person` VALUES ('62012', 'นางสาว', 'ศศิพรรณ ', 'โมตาลี', '1500300136441', '2019-04-01', '5', '3', '1', '2019-04-01');
INSERT INTO `sev_person` VALUES ('62013', 'นาย', 'ชัยญะ', 'เชาว์วิศิษฐ์เสรี', '3509901447623', '2019-03-01', '3', '6', '1', '2019-07-01');
INSERT INTO `sev_person` VALUES ('62014', 'นางสาว', 'วรัญญา', 'แปงชาติ', '1510100139225', '2019-04-01', '7', '1', '0', '0000-00-00');
INSERT INTO `sev_person` VALUES ('62015', 'นาย', 'วริทธิ์', 'จันทร์ทองคำ', '1509900497400', '2019-03-15', '8', '1', '0', '0000-00-00');
INSERT INTO `sev_person` VALUES ('62016', 'นางสาว', 'ทิพวรรณ ', 'สุริยะมล', '1509900967481', '2019-03-15', '7', '1', '0', '0000-00-00');
INSERT INTO `sev_person` VALUES ('62017', 'นางสาว', 'ศรสวรรค์', 'เผือกดิบ', '1509900803845', '2019-03-01', '28', '3', '1', '2019-03-26');
INSERT INTO `sev_person` VALUES ('62018', 'นางสาว', 'ณฐพร ', 'เจิดจำรัส', '1509900463181', '2019-04-01', '8', '1', '0', '2019-05-14');
INSERT INTO `sev_person` VALUES ('62019', 'นางสาว', 'เบญจพร  ', 'สมศรี', '1520600070780', '2019-03-01', '8', '1', '0', '0000-00-00');
INSERT INTO `sev_person` VALUES ('62020', 'นางสาว', 'สุธิดา  ', 'สุตะวงค์', '1579900332401', '2019-03-01', '31', '3', '0', '0000-00-00');
INSERT INTO `sev_person` VALUES ('62021', 'นางสาว', 'รัตนาภรณ์  ', 'ยาวิละ', '1509901377424', '2019-03-15', '6', '3', '0', '0000-00-00');
INSERT INTO `sev_person` VALUES ('62022', 'นาย', 'ภัทรบดินทร์  ', 'เปาวะ', '1510400128768', '2019-03-15', '6', '6', '0', '0000-00-00');
INSERT INTO `sev_person` VALUES ('62023', 'นาย', 'ศิริพงษ์', 'สุราศรี', '1560100103344', '2019-05-01', '6', '9', '0', '0000-00-00');
INSERT INTO `sev_person` VALUES ('62024', 'นางสาว', 'เกศรินทร์', 'นามเจิง', '1509900391466', '2019-04-26', '5', '6', '1', '2019-04-26');
INSERT INTO `sev_person` VALUES ('62025', 'นาย', 'ธร', 'ประเสริฐสมบูรณ์', '3101200302358', '2019-05-01', '34', '3', '1', '2019-09-30');
INSERT INTO `sev_person` VALUES ('62026', 'นาย', 'สัญญา', 'ศรีบัวโชติ', '3730500226871', '2019-04-26', '33', '3', '1', '2019-04-26');
INSERT INTO `sev_person` VALUES ('62027', 'นางสาว', 'ชวัลลักษณ์', 'บุญหลี', '3501500438740', '2019-05-01', '38', '3', '0', '0000-00-00');
INSERT INTO `sev_person` VALUES ('62028', 'นางสาว', 'สุพีรณัฐ', 'คำแผ่นชัย', '1579900075947', '2019-05-01', '29', '1', '0', '0000-00-00');
INSERT INTO `sev_person` VALUES ('62029', 'นางสาว', 'แสงมณี', 'พรมติ๊บ', '1550700109548', '2019-05-01', '38', '3', '0', '0000-00-00');
INSERT INTO `sev_person` VALUES ('62030', 'นาง', 'นุชนาฎ', 'เสนาธรรม', '1549900334900', '2019-04-17', '28', '1', '0', '0000-00-00');
INSERT INTO `sev_person` VALUES ('62031', 'นางสาว', 'สิริญา', 'จันกันธา', '1500900066761', '2019-05-01', '5', '3', '1', '0000-00-00');
INSERT INTO `sev_person` VALUES ('62032', 'นางสาว', 'นภาพร', 'อินสิงห์', '1509900811970', '2019-04-22', '5', '9', '0', '0000-00-00');
INSERT INTO `sev_person` VALUES ('62033', 'นางสาว', 'หยาดพิรุณ', 'เสาร์เป็ง', '1509900482844', '2019-04-17', '5', '2', '1', '2019-07-01');
INSERT INTO `sev_person` VALUES ('62034', 'นาย', 'สิทธิธิวัชช์', 'ดงเล็ก', '1509901570038', '2019-05-01', '38', '3', '0', '0000-00-00');
INSERT INTO `sev_person` VALUES ('62035', 'นางสาว', 'ธนัชพร', 'รักษาคม', '1659900454718', '2019-07-01', '5', '7', '0', '0000-00-00');
INSERT INTO `sev_person` VALUES ('62036', 'นางสาว', 'อังคณา', 'กันทะกุล', '1509901157777', '2019-06-15', '5', '9', '0', '0000-00-00');
INSERT INTO `sev_person` VALUES ('62037', 'นางสาว', 'พนิดา  ', 'ศรีใจ', '1570700134046', '2019-06-04', '5', '6', '0', '0000-00-00');
INSERT INTO `sev_person` VALUES ('62038', 'นางสาว', 'วาริสา  ', 'กันตศรี', '3501500423912', '2019-06-01', '6', '3', '0', '0000-00-00');
INSERT INTO `sev_person` VALUES ('62039', 'นางสาว', 'เตือนใจ  ', 'ยกยอดี', '1560300039950', '2019-07-01', '12', '3', '0', '0000-00-00');
INSERT INTO `sev_person` VALUES ('62040', 'นางสาว', 'พิมพร  ', 'คำไส', '1540300093890', '2019-06-03', '6', '1', '0', '0000-00-00');
INSERT INTO `sev_person` VALUES ('62041', 'นาย', 'ชัชนนท์  ', 'กัมทรทิพย์', '1100800744010', '2019-07-15', '1', '1', '1', '2020-07-01');
INSERT INTO `sev_person` VALUES ('62042', 'นางสาว', 'ภัททิยา', 'กันทา', '1500900194425', '2019-07-15', '6', '1', '0', '0000-00-00');
INSERT INTO `sev_person` VALUES ('62043', 'นางสาว', 'ณีรนุช', 'ตันธนะเศรษฐ์', '1509901540741', '2019-07-15', '7', '1', '0', '0000-00-00');
INSERT INTO `sev_person` VALUES ('62044', 'นางสาว', 'เพชรรัช  ', 'หอมมาลา', '1509901291465', '2019-10-01', '5', '1', '0', '0000-00-00');
INSERT INTO `sev_person` VALUES ('62045', 'นางสาว', 'ณัฐสุดา', 'โลแก้ว', '1509901499830', '2019-08-02', '5', '9', '0', '0000-00-00');
INSERT INTO `sev_person` VALUES ('62046', 'นางสาว', 'ณัฐชยาน์ ', 'ปู่มณี', '1110200099032', '2019-08-15', '8', '3', '0', '0000-00-00');
INSERT INTO `sev_person` VALUES ('62047', 'นางสาว', 'ปิยะนุช  ', 'จันมา', '1679800158106', '2019-10-01', '5', '3', '1', '2020-03-01');
INSERT INTO `sev_person` VALUES ('62048', 'นางสาว', 'อรวรรณ  ', 'เลี่ยมสกุล', '1609900148625', '2019-10-01', '6', '4', '0', '0000-00-00');
INSERT INTO `sev_person` VALUES ('62049', 'นางสาว', 'ทอฝัน  ', 'สุธาโน', '1505200024602', '2019-10-01', '34', '3', '0', '0000-00-00');
INSERT INTO `sev_person` VALUES ('62050', 'นาย', 'อัมรินทร์', 'ไชยายงค์', '1509970042185', '2019-10-16', '35', '1', '0', '0000-00-00');
INSERT INTO `sev_person` VALUES ('63001', 'นางสาว', 'วีริยารัศมิ์', 'มานะผัน', '1509901292101', '2019-11-01', '11', '1', '0', '0000-00-00');
INSERT INTO `sev_person` VALUES ('63002', 'นางสาว', 'เพียรทิพย์', 'สินจ้าง', '1509901069819', '2019-11-01', '31', '1', '0', '0000-00-00');
INSERT INTO `sev_person` VALUES ('63003', 'นางสาว', 'วราภรณ์', 'สิงห์ชัย', '1571100115343', '2019-11-01', '6', '1', '0', '0000-00-00');
INSERT INTO `sev_person` VALUES ('63004', 'นางสาว', 'พรฟ้า  ', 'อนันต์ไพศาล', '1100800472249', '2019-11-01', '2', '6', '0', '0000-00-00');
INSERT INTO `sev_person` VALUES ('63006', 'นางสาว', 'กาญจน์ประภา  ', 'วงค์ปัญญา', '1509901341268', '2019-11-01', '28', '1', '0', '0000-00-00');
INSERT INTO `sev_person` VALUES ('63007', 'นาย', 'ศุภณัฐ  ', 'มโนชมภู', '1509901271189', '2019-12-01', '7', '1', '0', '0000-00-00');
INSERT INTO `sev_person` VALUES ('63011', 'นางสาว', 'วิรัตน์ดา  ', 'ถิ่นการ์', '1549900383293', '2020-02-01', '5', '9', '0', '0000-00-00');
INSERT INTO `sev_person` VALUES ('63012', 'นางสาว', 'นิตยา  ', 'วงค์แก้ว', '1560600082532', '2020-01-01', '8', '1', '0', '0000-00-00');
INSERT INTO `sev_person` VALUES ('63013', 'นาย', 'สุระชาติ  ', 'วงค์ใหม่', '1509900733529', '2020-02-01', '37', '1', '0', '0000-00-00');
INSERT INTO `sev_person` VALUES ('63014', 'นาย', 'ทัยสรรค์  ', 'ดู่ยา', '1559900154103', '2020-02-11', '35', '1', '0', '0000-00-00');
INSERT INTO `sev_person` VALUES ('63015', 'นางสาว', 'พิชชาวีร์  ', 'โอบอ้อม', '1559900211085', '2020-03-16', '5', '1', '0', '0000-00-00');
INSERT INTO `sev_person` VALUES ('63016', 'นางสาว', 'พัชรพิทธ์  ', 'ยศสุข', '1509901689086', '2020-03-01', '5', '9', '0', '0000-00-00');
INSERT INTO `sev_person` VALUES ('63017', 'นางสาว', 'กุลณัฐ  ', 'จริงมาก', '1529900843553', '2020-03-01', '31', '1', '0', '0000-00-00');
INSERT INTO `sev_person` VALUES ('63018', 'นางสาว', 'วลัยลักษณ์  ', 'จองแดง', '1505200047653', '2020-03-01', '5', '10', '0', '0000-00-00');
INSERT INTO `sev_person` VALUES ('63019', 'นางสาว', 'อรวีร์  ', 'ทิศรำวัง', '1509901453996', '2020-03-16', '5', '11', '0', '0000-00-00');
INSERT INTO `sev_person` VALUES ('63021', 'นาย', 'ณฐภัทร  ', 'ภูดอนตอง', '1510100256744', '2020-03-16', '34', '3', '0', '0000-00-00');
INSERT INTO `sev_person` VALUES ('63022', 'นาย', 'อนุวัฒน์  ', 'แก้วบุญเรือง', '1509901327486', '2020-04-20', '37', '3', '0', '0000-00-00');
INSERT INTO `sev_person` VALUES ('63023', 'นาย', 'วิศรุต  ', 'มงคล', '1580400188736', '2020-04-10', '38', '6', '0', '0000-00-00');
INSERT INTO `sev_person` VALUES ('63024', 'นาย', 'ณัฐพล  ', 'ซื่อสัตย์สุจริต', '1580500063641', '2020-04-01', '36', '1', '0', '0000-00-00');
INSERT INTO `sev_person` VALUES ('63025', 'นาย', 'ชัย  ', 'นายแสง', '8500973018632', '2020-05-01', '36', '3', '0', '0000-00-00');
INSERT INTO `sev_person` VALUES ('63026', 'นางสาว', 'วรรณดี  ', 'จีนา', '1580400095053', '2020-06-01', '6', '5', '0', '0000-00-00');
INSERT INTO `sev_person` VALUES ('63027', 'นางสาว', 'วรางคณา  ', 'แก้วดอนดุก', '1570900074683', '2020-06-01', '5', '2', '0', '0000-00-00');
INSERT INTO `sev_person` VALUES ('63028', 'นางสาว', 'กรชนก  ', 'อักษรดิษฐ์', '1579900692091', '2020-07-01', '5', '11', '0', '0000-00-00');
INSERT INTO `sev_person` VALUES ('63029', 'นางสาว', 'ณัฐธิดา ', 'ต้อติดวงค์', '1502201201791', '2020-07-01', '6', '1', '0', '0000-00-00');
INSERT INTO `sev_person` VALUES ('63030', 'นางสาว', 'ชนากานต์  ', 'วสันตวิษุวัต', '1509901347487', '2020-07-01', '32', '1', '0', '0000-00-00');
INSERT INTO `sev_person` VALUES ('63031', 'นางสาว', 'กันยารัตน์  ', 'บุญมา', '1849900282532', '2020-07-01', '6', '11', '0', '0000-00-00');
INSERT INTO `sev_person` VALUES ('63032', 'นางสาว', 'บุษยารัตน์  ', 'ป้องภัย', '1549900189535', '2020-07-01', '6', '11', '0', '0000-00-00');
INSERT INTO `sev_person` VALUES ('63033', 'นางสาว', 'พิชญา  ', 'สุมาลัย', '1509901142648', '2020-07-01', '31', '1', '0', '0000-00-00');
INSERT INTO `sev_person` VALUES ('63034', 'นาย', 'ตุล  ', 'ชัยกิจมงคล', '1509900663512', '2020-07-01', '1', '1', '0', '0000-00-00');
INSERT INTO `sev_person` VALUES ('63035', 'นางสาว', 'ปารียา', 'สมศักดิ์', '1600100551605', '2020-09-01', '11', '11', '0', '0000-00-00');
INSERT INTO `sev_person` VALUES ('63036', 'นางสาว', 'ขนิสดา', 'วงศ์ศรีหทัย', '1119900461646', '2020-09-08', '35', '5', '0', '0000-00-00');

-- ----------------------------
-- Table structure for sev_position
-- ----------------------------
DROP TABLE IF EXISTS `sev_position`;
CREATE TABLE `sev_position` (
  `position_id` int(11) NOT NULL AUTO_INCREMENT COMMENT 'รหัสตำแหน่ง',
  `position_name` varchar(100) NOT NULL COMMENT 'ชื่อตำแหน่ง',
  PRIMARY KEY (`position_id`)
) ENGINE=InnoDB AUTO_INCREMENT=41 DEFAULT CHARSET=utf8;

-- ----------------------------
-- Records of sev_position
-- ----------------------------
INSERT INTO `sev_position` VALUES ('1', 'แพทย์');
INSERT INTO `sev_position` VALUES ('2', 'แพทย์จีน / แพทย์แผนไทยประยุกต์');
INSERT INTO `sev_position` VALUES ('3', 'ผู้จัดการศูนย์ฯ');
INSERT INTO `sev_position` VALUES ('4', 'พยาบาลเวชศาสตร์นิวเคลียร์');
INSERT INTO `sev_position` VALUES ('5', 'พยาบาลวิชาชีพ');
INSERT INTO `sev_position` VALUES ('6', 'ผู้ช่วยทางการแพทย์');
INSERT INTO `sev_position` VALUES ('7', 'เภสัชกร');
INSERT INTO `sev_position` VALUES ('8', 'ผู้ช่วยเภสัชกร');
INSERT INTO `sev_position` VALUES ('9', 'นักกายภาพบำบัด');
INSERT INTO `sev_position` VALUES ('10', 'นักกิจกรรมบำบัด');
INSERT INTO `sev_position` VALUES ('11', 'นักเทคนิคการแพทย์');
INSERT INTO `sev_position` VALUES ('12', 'นักรังสีการแพทย์');
INSERT INTO `sev_position` VALUES ('13', 'นักเคมีรังสี');
INSERT INTO `sev_position` VALUES ('14', 'นักเภสัชรังสี');
INSERT INTO `sev_position` VALUES ('15', 'นักฟิสิกส์การแพทย์');
INSERT INTO `sev_position` VALUES ('16', 'เจ้าหน้าที่ตรวจการนอนหลับ');
INSERT INTO `sev_position` VALUES ('17', 'วิศวกรระบบเครือข่ายคอมพิวเตอร์');
INSERT INTO `sev_position` VALUES ('18', 'นักวิชาการคอมพิวเตอร์');
INSERT INTO `sev_position` VALUES ('19', 'พนักงานเครื่องคอมพิวเตอร์');
INSERT INTO `sev_position` VALUES ('20', 'พยาบาลวิชาชีพ (วิจัย)');
INSERT INTO `sev_position` VALUES ('21', 'พนักงานบริหารงานทั่วไป');
INSERT INTO `sev_position` VALUES ('22', 'พนักงานทรัพยากรบุคคล');
INSERT INTO `sev_position` VALUES ('23', 'พนักงานประชาสัมพันธ์');
INSERT INTO `sev_position` VALUES ('24', 'นักพัสดุ');
INSERT INTO `sev_position` VALUES ('25', 'เจ้าพนักงานพัสดุ');
INSERT INTO `sev_position` VALUES ('26', 'นักวิชาการเงินการบัญชี');
INSERT INTO `sev_position` VALUES ('27', 'เจ้าหน้าที่การเงินการบัญชี');
INSERT INTO `sev_position` VALUES ('28', 'พนักงานเก็บเงิน');
INSERT INTO `sev_position` VALUES ('29', 'พนักงานการตลาด');
INSERT INTO `sev_position` VALUES ('30', 'พนักงานบริหารทั่วไป(นักพัฒนาคุณภาพ)');
INSERT INTO `sev_position` VALUES ('31', 'พนักงานธุรการ');
INSERT INTO `sev_position` VALUES ('32', 'พนักงานเวชระเบียน');
INSERT INTO `sev_position` VALUES ('33', 'นักโภชนาการ');
INSERT INTO `sev_position` VALUES ('34', 'พนักงานโภชนาการ');
INSERT INTO `sev_position` VALUES ('35', 'ช่างไฟฟ้า');
INSERT INTO `sev_position` VALUES ('36', 'พนักงานขับรถยนต์');
INSERT INTO `sev_position` VALUES ('37', 'พนักงานเปล');
INSERT INTO `sev_position` VALUES ('38', 'พนักงานบริการทั่วไป');
INSERT INTO `sev_position` VALUES ('39', 'พยาบาลระดับบริหาร');
INSERT INTO `sev_position` VALUES ('40', 'เจ้าหน้าที่บริหารงานวิจัย');

-- ----------------------------
-- Table structure for tb_location1
-- ----------------------------
DROP TABLE IF EXISTS `tb_location1`;
CREATE TABLE `tb_location1` (
  `Ward_code` char(4) NOT NULL DEFAULT '',
  `Ward_code_old` char(4) DEFAULT NULL,
  `active` tinyint(1) DEFAULT '0',
  `ward_name` char(30) DEFAULT NULL,
  `ward_name1` char(80) DEFAULT NULL,
  `mis_code` char(12) DEFAULT NULL,
  `ward_name_eng` varchar(150) DEFAULT NULL,
  `ward_name_short` varchar(50) DEFAULT NULL,
  `ward_name_old` varchar(255) DEFAULT NULL,
  `ward_name1_old` varchar(255) DEFAULT NULL,
  `ward_tel` char(12) DEFAULT NULL,
  `ward_tel2` varchar(50) DEFAULT NULL,
  `ward_build` int(11) DEFAULT NULL,
  `ward_floor` char(30) DEFAULT NULL,
  `section_code` char(3) DEFAULT NULL,
  `Smi_code` char(5) DEFAULT NULL,
  `Smi_code_old` char(11) DEFAULT NULL,
  `Ward_order` char(4) DEFAULT NULL,
  `Ward_cat` char(2) DEFAULT NULL,
  `ward_asc_cat` char(2) DEFAULT NULL,
  `bed` int(10) unsigned DEFAULT NULL,
  `bed_real` int(10) DEFAULT NULL,
  `pt` float(7,0) DEFAULT NULL,
  `noptbed` varchar(255) DEFAULT NULL,
  `WARD_OTRATE` char(5) DEFAULT NULL,
  `Costcenter` varchar(255) DEFAULT '',
  PRIMARY KEY (`Ward_code`)
) ENGINE=MyISAM DEFAULT CHARSET=tis620;

-- ----------------------------
-- Records of tb_location1
-- ----------------------------
INSERT INTO `tb_location1` VALUES ('0000', '0000', '3', 'สำนักงานศูนย์ความเป็นเลิศฯ', 'สำนักงานศูนย์ความเป็นเลิศทางการแพทย์', null, 'CMEX OFFICE', 'CMEX OFFICE', 'สำนักงานบริหาร', 'สำนักงานบริหาร', '053-934700', '053-934700', null, null, '00', null, null, '', null, null, null, null, null, null, null, '');
INSERT INTO `tb_location1` VALUES ('0101', '0101', '3', 'ศูนย์เลสิค', 'ศูนย์เลสิค', null, 'CMU Lasik Center', 'CMU Lasik Center', 'ศูนย์เลสิคมหาวิทยาลัยเชียงใหม่', 'ศูนย์เลสิคมหาวิทยาลัยเชียงใหม่', '053-934777', '0827666909', null, null, '01', null, null, '', null, null, null, null, null, null, null, '');
INSERT INTO `tb_location1` VALUES ('0202', '0202', '3', 'ศูนย์สุขภาพสตรี', 'ศูนย์สุขภาพสตรี', null, 'Women Health Center', 'Women Health Center', 'ศูนย์สุขภาพสตรี', 'ศูนย์สุขภาพสตรี', '053-934711', '053-934712', null, null, '02', null, null, '', null, null, null, null, null, null, null, '');
INSERT INTO `tb_location1` VALUES ('0303', '0303', '3', 'ศูนย์การแพทย์ผสมผสาน', 'ศูนย์การแพทย์แผนไทยและการแพทย์ผสมผสาน', null, 'The Center of Thai Traditional and Complementary Medicine', 'TTCM', 'ศูนย์การแพทย์แผนไทยและการแพทย์ผสมผสาน', 'ศูนย์การแพทย์แผนไทยและการแพทย์ผสมผสาน', '053-934899', '053-934899', null, null, '03', null, null, '', null, null, null, null, null, null, null, '');
INSERT INTO `tb_location1` VALUES ('0404', '0404', '3', 'ศูนย์เพทซีที และไซโคลตรอน', 'ศูนย์เพทซีที และไซโคลตรอน', null, 'PET/CT & CYCLOTRON CENTER', 'PET/CT & CYCLOTRON CENTER', 'ศูนย์เพ็ทซี และไซโคลตรอน', 'ศูนย์เพ็ทซี และไซโคลตรอน', '053-934790', '053-934790', null, null, '04', null, null, '', null, null, null, null, null, null, null, '');
INSERT INTO `tb_location1` VALUES ('0505', '0505', '3', 'ศูนย์เลเซอร์ต้อกระจกเชียงใหม่', 'ศูนย์เลเซอร์ต้อกระจกเชียงใหม่', null, 'Chiang Mai Laser Cataract Surgery Center', 'Chiang Mai Laser Cataract Surgery Center', 'ศูนย์เลเซอร์ต้อกระจกเชียงใหม่', 'ศูนย์เลเซอร์ต้อกระจกเชียงใหม่', '053-934714', '053-934715', null, null, '05', null, null, '', null, null, null, null, null, null, null, '');
INSERT INTO `tb_location1` VALUES ('0606', '0606', '3', 'ศูนย์เวชศาสตร์ผู้สูงอายุ', 'ศูนย์เวชศาสตร์ผู้สูงอายุ', null, 'Geriatric Medical Center', 'Geriatric Medical Center', 'ศูนย์เวชศาสตร์ผู้สูงอายุ', 'ศูนย์เวชศาสตร์ผู้สูงอายุ', '053-920800', '053920700', null, null, '06', null, null, '', null, null, null, null, null, null, null, '');
INSERT INTO `tb_location1` VALUES ('0707', '0707', '3', 'ศูนย์วิเคราะห์สุขภาพการนอนหลับ', 'ศูนย์วิเคราะห์สุขภาพการนอนหลับ', null, 'Sleep Disorders Center', 'Sleep Disorders Center', 'ศูนย์วิเคราะห์สุขภาพการนอนหลับ', 'ศูนย์วิเคราะห์สุขภาพการนอนหลับ', '053-920666', '053-920666', null, null, '07', null, null, '', null, null, null, null, null, null, null, '');
INSERT INTO `tb_location1` VALUES ('0808', '0808', '3', 'ศูนย์ผู้ป่วยนอกCmex', 'ศูนย์ผู้ป่วยนอกCmex', null, 'OPD Cmex', 'OPD Cmex', 'ศูนย์ผู้ป่วยนอกCmex', 'ศูนย์ผู้ป่วยนอกCmex', null, null, null, null, '08', null, null, null, null, null, null, null, null, null, null, '');
INSERT INTO `tb_location1` VALUES ('0909', '0909', '3', 'ศูนย์ผู้ป่วยนอกGMC', 'ศูนย์ผู้ป่วยนอกGMC', null, 'OPD GMC', 'OPD GMC', 'ศูนย์ผู้ป่วยนอกGMC', 'ศูนย์ผู้ป่วยนอกGMC', null, null, null, null, '09', null, null, null, null, null, null, null, null, null, null, '');
INSERT INTO `tb_location1` VALUES ('1010', '1010', '3', 'ศูนย์ผู้ป่วยในGMC', 'ศูนย์ผู้ป่วยในGMC', null, 'IPD Cmex', 'IPD Cmex', 'ศูนย์ผู้ป่วยในCmex', 'ศูนย์ผู้ป่วยในCmex', null, null, null, null, '10', null, null, null, null, null, null, null, null, null, null, '');
INSERT INTO `tb_location1` VALUES ('1111', '1111', '3', 'ห้องตรวจจักษุGMC', 'ห้องตรวจจักษุ ศูนย์เวชศาสตร์ผู้สูงอายุ', null, null, null, null, null, null, null, null, null, '11', null, null, null, null, null, null, null, null, null, null, '');
INSERT INTO `tb_location1` VALUES ('1212', '1212', '3', 'ห้องยาCmex', 'ห้องยาCmex', null, null, null, null, null, null, null, null, null, '12', null, null, null, null, null, null, null, null, null, null, '');
INSERT INTO `tb_location1` VALUES ('1313', '1313', '3', 'ห้องยา IPD GMC', 'ห้องยา IPD GMC', null, null, null, null, null, null, null, null, null, '13', null, null, null, null, null, null, null, null, null, null, '');
INSERT INTO `tb_location1` VALUES ('1414', '1414', '3', 'ห้องยา OPD GMC', 'ห้องยา OPD GMC', null, null, null, null, null, null, null, null, null, '14', null, null, null, null, null, null, null, null, null, null, '');
INSERT INTO `tb_location1` VALUES ('1515', '1515', '3', 'ห้องยา TTCM', 'ห้องยา TTCM', null, null, null, null, null, null, null, null, null, '15', null, null, null, null, null, null, null, null, null, null, '');
INSERT INTO `tb_location1` VALUES ('1616', '1616', '3', 'หน่วยปฏิบัติการLab CMEx', 'หน่วยปฏิบัติการLab CMEx', null, null, null, null, null, null, null, null, null, null, null, null, null, null, null, null, null, null, null, null, '');

-- ----------------------------
-- Table structure for tb_nuser
-- ----------------------------
DROP TABLE IF EXISTS `tb_nuser`;
CREATE TABLE `tb_nuser` (
  `NUM_OT` varchar(8) NOT NULL DEFAULT '',
  `Upass` varchar(20) DEFAULT NULL,
  `ward_code` varchar(4) DEFAULT NULL,
  `pos` char(1) DEFAULT NULL,
  `PP` char(2) DEFAULT NULL,
  `status` char(1) DEFAULT NULL,
  `Utype` varchar(5) DEFAULT NULL,
  `lastdate` datetime DEFAULT NULL,
  PRIMARY KEY (`NUM_OT`)
) ENGINE=MyISAM DEFAULT CHARSET=tis620;

-- ----------------------------
-- Records of tb_nuser
-- ----------------------------
INSERT INTO `tb_nuser` VALUES ('59033', '3437', '0000', '7', '77', '1', null, null);
INSERT INTO `tb_nuser` VALUES ('61001', '8489', '0000', '7', '90', '1', null, null);
INSERT INTO `tb_nuser` VALUES ('somsang', 'lasik', '0101', '7', '01', '1', null, null);
INSERT INTO `tb_nuser` VALUES ('60058', '7135', '0303', '7', '58', '1', null, null);
INSERT INTO `tb_nuser` VALUES ('55007', '2930', '0000', '7', '66', '1', null, null);
INSERT INTO `tb_nuser` VALUES ('teekorn', 'sdc', '0707', '7', '01', '1', null, null);
INSERT INTO `tb_nuser` VALUES ('55012', '9868', '0404', '7', '00', '1', null, null);
INSERT INTO `tb_nuser` VALUES ('55013', '5662', '0404', '7', '00', '1', null, null);
INSERT INTO `tb_nuser` VALUES ('55015', '8618', '0101', '7', '60', '1', null, null);
INSERT INTO `tb_nuser` VALUES ('56003', '1105', '0000', '7', '61', '1', null, null);
INSERT INTO `tb_nuser` VALUES ('56004', '1627', '0101', '7', '89', '1', null, null);
INSERT INTO `tb_nuser` VALUES ('56006', '8017', '0101', '7', '89', '1', null, null);
INSERT INTO `tb_nuser` VALUES ('56007', '4731', '0101', '7', '89', '1', null, null);
INSERT INTO `tb_nuser` VALUES ('56010', '2812', '0404', '7', '00', '1', null, null);
INSERT INTO `tb_nuser` VALUES ('56011', '0696', '0404', '7', '00', '1', null, null);
INSERT INTO `tb_nuser` VALUES ('62009', '6171', '0101', '7', '57', '1', null, null);
INSERT INTO `tb_nuser` VALUES ('56016', '1220', '0000', '7', '61', '1', null, null);
INSERT INTO `tb_nuser` VALUES ('56017', '5274', '0606', '7', '00', '1', null, null);
INSERT INTO `tb_nuser` VALUES ('56018', '6333', '0202', '7', '64', '1', null, null);
INSERT INTO `tb_nuser` VALUES ('62008', '0339', '0000', '7', '75', '1', null, null);
INSERT INTO `tb_nuser` VALUES ('56020', '4061', '0202', '7', '89', '1', null, null);
INSERT INTO `tb_nuser` VALUES ('62007', '6158', '0606', '7', '74', '1', '', null);
INSERT INTO `tb_nuser` VALUES ('56023', '2043', '0404', '7', '00', '1', null, null);
INSERT INTO `tb_nuser` VALUES ('56025', '9635', '0303', '7', '57', '1', null, null);
INSERT INTO `tb_nuser` VALUES ('sahatya', 'ttcm', '0303', '7', '99', '1', null, null);
INSERT INTO `tb_nuser` VALUES ('57002', '0976', '0000', '7', '57', '1', null, null);
INSERT INTO `tb_nuser` VALUES ('57003', '5184', '0202', '7', '57', '1', null, null);
INSERT INTO `tb_nuser` VALUES ('57004', '3532', '0000', '7', '67', '1', null, null);
INSERT INTO `tb_nuser` VALUES ('57005', '7973', '0404', '7', '00', '1', null, null);
INSERT INTO `tb_nuser` VALUES ('57007', '4897', '0000', '7', '68', '1', null, null);
INSERT INTO `tb_nuser` VALUES ('57008', '1812', '0303', '7', '00', '1', null, null);
INSERT INTO `tb_nuser` VALUES ('57011', '0540', '0202', '7', '89', '1', null, null);
INSERT INTO `tb_nuser` VALUES ('nchotiro', '3007037', '0000', '7', '98', '1', null, null);
INSERT INTO `tb_nuser` VALUES ('61052', '9173', '0808', '7', '89', '1', null, null);
INSERT INTO `tb_nuser` VALUES ('57015', '7936', '0000', '7', '56', '1', null, null);
INSERT INTO `tb_nuser` VALUES ('57016', '0223', '0303', '7', '00', '1', null, null);
INSERT INTO `tb_nuser` VALUES ('58001', '1185', '0505', '7', '89', '1', null, null);
INSERT INTO `tb_nuser` VALUES ('58002', '6077', '0000', '7', '70', '1', null, null);
INSERT INTO `tb_nuser` VALUES ('58003', '2325', '0303', '7', '69', '1', null, null);
INSERT INTO `tb_nuser` VALUES ('58004', '2828', '0606', '7', '65', '1', null, null);
INSERT INTO `tb_nuser` VALUES ('58005', '1142', '0606', '7', '00', '1', null, null);
INSERT INTO `tb_nuser` VALUES ('58007', '3594', '0606', '7', '00', '1', null, null);
INSERT INTO `tb_nuser` VALUES ('58008', '8344', '0606', '7', '00', '1', null, null);
INSERT INTO `tb_nuser` VALUES ('58009', '8718', '0606', '7', '00', '1', null, null);
INSERT INTO `tb_nuser` VALUES ('62005', '9888', '0000', '7', '83', '1', null, null);
INSERT INTO `tb_nuser` VALUES ('surat', 'gmc', '0606', '7', '99', '1', null, null);
INSERT INTO `tb_nuser` VALUES ('58012', '2002', '0606', '7', '89', '1', null, null);
INSERT INTO `tb_nuser` VALUES ('58015', '1486', '0606', '7', '55', '1', null, null);
INSERT INTO `tb_nuser` VALUES ('58016', '1732', '0606', '7', '00', '1', null, null);
INSERT INTO `tb_nuser` VALUES ('58018', '4305', '0606', '7', '00', '1', null, null);
INSERT INTO `tb_nuser` VALUES ('58019', '1687', '0606', '7', '00', '1', null, null);
INSERT INTO `tb_nuser` VALUES ('58022', '8828', '0606', '7', '57', '1', null, null);
INSERT INTO `tb_nuser` VALUES ('58023', '7001', '0606', '7', '57', '1', null, null);
INSERT INTO `tb_nuser` VALUES ('58024', '0383', '0606', '7', '57', '1', null, null);
INSERT INTO `tb_nuser` VALUES ('58025', '7154', '0606', '7', '71', '1', null, null);
INSERT INTO `tb_nuser` VALUES ('58026', '3673', '0606', '7', '71', '1', null, null);
INSERT INTO `tb_nuser` VALUES ('58027', '1314', '0000', '7', '67', '1', null, null);
INSERT INTO `tb_nuser` VALUES ('58028', '5139', '0606', '7', '72', '1', null, null);
INSERT INTO `tb_nuser` VALUES ('58029', '5931', '0606', '7', '57', '1', null, null);
INSERT INTO `tb_nuser` VALUES ('58032', '3567', '0606', '7', '57', '1', null, null);
INSERT INTO `tb_nuser` VALUES ('58034', '3365', '0606', '7', '00', '1', null, null);
INSERT INTO `tb_nuser` VALUES ('58035', '6793', '0606', '7', '57', '1', null, null);
INSERT INTO `tb_nuser` VALUES ('58037', '5806', '0606', '7', '00', '1', null, null);
INSERT INTO `tb_nuser` VALUES ('58039', '0776', '0303', '7', '57', '1', null, null);
INSERT INTO `tb_nuser` VALUES ('58040', '1149', '0303', '7', '57', '1', null, null);
INSERT INTO `tb_nuser` VALUES ('58042', '6749', '0606', '7', '75', '1', null, null);
INSERT INTO `tb_nuser` VALUES ('62003', '3698', '0000', '7', '66', '1', null, null);
INSERT INTO `tb_nuser` VALUES ('58044', '5526', '0606', '7', '68', '1', null, null);
INSERT INTO `tb_nuser` VALUES ('58046', '6597', '0606', '7', '89', '1', null, null);
INSERT INTO `tb_nuser` VALUES ('58047', '5109', '0606', '7', '89', '1', null, null);
INSERT INTO `tb_nuser` VALUES ('58049', '8769', '0606', '7', '89', '1', null, null);
INSERT INTO `tb_nuser` VALUES ('58050', '9438', '0606', '7', '89', '1', null, null);
INSERT INTO `tb_nuser` VALUES ('58052', '9788', '0606', '7', '57', '1', null, null);
INSERT INTO `tb_nuser` VALUES ('58053', '6139', '0606', '7', '57', '1', null, null);
INSERT INTO `tb_nuser` VALUES ('62036', '7777', '0606', '7', '89', '1', null, null);
INSERT INTO `tb_nuser` VALUES ('59003', '6991', '0606', '7', '57', '1', null, null);
INSERT INTO `tb_nuser` VALUES ('59005', '1740', '0606', '7', '57', '1', null, null);
INSERT INTO `tb_nuser` VALUES ('59006', '9357', '0606', '7', '89', '1', null, null);
INSERT INTO `tb_nuser` VALUES ('59007', '5762', '0707', '7', '89', '1', null, null);
INSERT INTO `tb_nuser` VALUES ('59008', '4756', '0606', '7', '73', '1', null, null);
INSERT INTO `tb_nuser` VALUES ('59009', '0066', '0606', '7', '89', '1', null, null);
INSERT INTO `tb_nuser` VALUES ('59010', '4934', '0606', '7', '76', '1', null, null);
INSERT INTO `tb_nuser` VALUES ('59011', '2172', '0606', '7', '00', '1', null, null);
INSERT INTO `tb_nuser` VALUES ('59012', '1461', '0606', '7', '76', '1', null, null);
INSERT INTO `tb_nuser` VALUES ('62006', '1718', '0303', '7', '58', '1', null, null);
INSERT INTO `tb_nuser` VALUES ('59014', '8324', '0606', '7', '89', '1', null, null);
INSERT INTO `tb_nuser` VALUES ('59015', '1186', '0606', '7', '76', '1', null, null);
INSERT INTO `tb_nuser` VALUES ('63028', '2091', '1717', '7', '89', '1', null, null);
INSERT INTO `tb_nuser` VALUES ('59017', '3127', '0606', '7', '76', '1', null, null);
INSERT INTO `tb_nuser` VALUES ('59018', '7323', '0606', '7', '76', '1', null, null);
INSERT INTO `tb_nuser` VALUES ('59019', '9057', '0606', '7', '76', '1', null, null);
INSERT INTO `tb_nuser` VALUES ('59020', '8925', '0606', '7', '75', '1', null, null);
INSERT INTO `tb_nuser` VALUES ('59021', '2328', '0606', '7', '89', '1', null, null);
INSERT INTO `tb_nuser` VALUES ('59022', '3887', '0606', '7', '89', '1', null, null);
INSERT INTO `tb_nuser` VALUES ('61055', '7255', '0606', '7', '73', '1', null, null);
INSERT INTO `tb_nuser` VALUES ('59024', '2882', '0606', '7', '00', '1', null, null);
INSERT INTO `tb_nuser` VALUES ('59025', '7266', '0606', '7', '76', '1', null, null);
INSERT INTO `tb_nuser` VALUES ('59027', '9486', '0606', '7', '76', '1', null, null);
INSERT INTO `tb_nuser` VALUES ('59028', '0604', '0606', '7', '76', '1', null, null);
INSERT INTO `tb_nuser` VALUES ('59029', '3680', '0606', '7', '76', '1', null, null);
INSERT INTO `tb_nuser` VALUES ('59030', '3993', '0606', '7', '76', '1', null, null);
INSERT INTO `tb_nuser` VALUES ('59031', '3784', '0606', '7', '76', '1', null, null);
INSERT INTO `tb_nuser` VALUES ('59032', '0442', '0606', '7', '76', '1', null, null);
INSERT INTO `tb_nuser` VALUES ('59034', '0270', '0606', '7', '78', '1', null, null);
INSERT INTO `tb_nuser` VALUES ('60060', '8687', '0303', '7', '43', '1', null, null);
INSERT INTO `tb_nuser` VALUES ('59038', '4558', '0606', '7', '79', '1', null, null);
INSERT INTO `tb_nuser` VALUES ('59039', '8548', '0000', '7', '70', '1', null, null);
INSERT INTO `tb_nuser` VALUES ('61054', '0581', '0303', '7', '92', '1', '', null);
INSERT INTO `tb_nuser` VALUES ('59043', '6584', '0000', '7', '67', '1', null, null);
INSERT INTO `tb_nuser` VALUES ('61053', '3376', '0000', '7', '68', '1', null, null);
INSERT INTO `tb_nuser` VALUES ('59045', '6218', '0606', '7', '65', '1', null, null);
INSERT INTO `tb_nuser` VALUES ('59047', '3481', '0606', '7', '89', '1', null, null);
INSERT INTO `tb_nuser` VALUES ('59048', '2478', '0606', '7', '89', '1', null, null);
INSERT INTO `tb_nuser` VALUES ('59049', '8047', '0606', '7', '89', '1', null, null);
INSERT INTO `tb_nuser` VALUES ('59050', '0084', '0606', '7', '89', '1', null, null);
INSERT INTO `tb_nuser` VALUES ('59051', '8564', '0606', '7', '89', '1', null, null);
INSERT INTO `tb_nuser` VALUES ('63029', '1791', '0808', '7', '76', '1', null, null);
INSERT INTO `tb_nuser` VALUES ('59053', '7374', '0606', '7', '76', '1', null, null);
INSERT INTO `tb_nuser` VALUES ('59054', '4551', '0606', '7', '76', '1', null, null);
INSERT INTO `tb_nuser` VALUES ('61051', '6112', '0000', '7', '71', '1', null, null);
INSERT INTO `tb_nuser` VALUES ('59056', '0901', '0606', '7', '76', '1', null, null);
INSERT INTO `tb_nuser` VALUES ('62035', '4718', '0202', '7', '89', '1', null, null);
INSERT INTO `tb_nuser` VALUES ('59060', '2853', '0606', '7', '89', '1', null, null);
INSERT INTO `tb_nuser` VALUES ('59061', '0632', '0606', '7', '76', '1', null, null);
INSERT INTO `tb_nuser` VALUES ('59062', '4202', '0606', '7', '76', '1', null, null);
INSERT INTO `tb_nuser` VALUES ('62027', '8740', '0606', '7', '97', '1', null, null);
INSERT INTO `tb_nuser` VALUES ('61049', '9969', '0000', '7', '55', '1', null, null);
INSERT INTO `tb_nuser` VALUES ('59065', '0644', '0606', '7', '79', '1', null, null);
INSERT INTO `tb_nuser` VALUES ('60001', '9360', '0202', '7', '76', '1', null, null);
INSERT INTO `tb_nuser` VALUES ('60002', '9400', '0606', '7', '81', '1', null, null);
INSERT INTO `tb_nuser` VALUES ('61048', '6857', '0606', '7', '89', '1', null, null);
INSERT INTO `tb_nuser` VALUES ('62034', '0038', '0606', '7', '47', '1', null, null);
INSERT INTO `tb_nuser` VALUES ('60005', '9859', '0000', '7', '82', '1', null, null);
INSERT INTO `tb_nuser` VALUES ('62038', '3912', '0606', '7', '76', '1', null, null);
INSERT INTO `tb_nuser` VALUES ('60008', '5135', '0606', '7', '76', '1', null, null);
INSERT INTO `tb_nuser` VALUES ('60009', '2721', '0606', '7', '76', '1', null, null);
INSERT INTO `tb_nuser` VALUES ('60010', '3455', '0606', '7', '76', '1', null, null);
INSERT INTO `tb_nuser` VALUES ('61047', '4095', '0606', '7', '85', '1', null, null);
INSERT INTO `tb_nuser` VALUES ('60012', '1347', '0606', '7', '89', '1', null, null);
INSERT INTO `tb_nuser` VALUES ('61045', '0723', '0606', '7', '66', '1', null, null);
INSERT INTO `tb_nuser` VALUES ('60016', '2381', '0606', '7', '65', '1', null, null);
INSERT INTO `tb_nuser` VALUES ('60017', '3491', '0606', '7', '47', '1', null, null);
INSERT INTO `tb_nuser` VALUES ('60018', '8541', '0000', '7', '84', '1', null, null);
INSERT INTO `tb_nuser` VALUES ('60019', '2588', '0606', '7', '72', '1', null, null);
INSERT INTO `tb_nuser` VALUES ('61044', '6583', '0303', '7', '76', '1', null, null);
INSERT INTO `tb_nuser` VALUES ('60021', '6171', '0606', '7', '55', '1', null, null);
INSERT INTO `tb_nuser` VALUES ('60023', '5475', '0000', '7', '86', '1', null, null);
INSERT INTO `tb_nuser` VALUES ('60024', '9267', '0606', '7', '68', '1', null, null);
INSERT INTO `tb_nuser` VALUES ('60025', '7982', '0707', '7', '87', '1', null, null);
INSERT INTO `tb_nuser` VALUES ('60026', '6830', '0808', '7', '89', '1', null, null);
INSERT INTO `tb_nuser` VALUES ('60027', '3589', '0000', '7', '47', '1', null, null);
INSERT INTO `tb_nuser` VALUES ('61043', '8951', '0000', '7', '65', '1', null, null);
INSERT INTO `tb_nuser` VALUES ('60029', '2579', '0303', '7', '57', '1', null, null);
INSERT INTO `tb_nuser` VALUES ('60030', '5939', '0808', '7', '89', '1', null, null);
INSERT INTO `tb_nuser` VALUES ('62040', '3890', '0808', '7', '76', '1', null, null);
INSERT INTO `tb_nuser` VALUES ('60032', '8852', '0808', '7', '89', '1', null, null);
INSERT INTO `tb_nuser` VALUES ('61041', '0914', '0000', '7', '65', '1', null, null);
INSERT INTO `tb_nuser` VALUES ('60034', '0254', '0000', '7', '88', '1', null, null);
INSERT INTO `tb_nuser` VALUES ('60035', '0679', '0404', '7', '64', '1', null, null);
INSERT INTO `tb_nuser` VALUES ('siripong', 'exc', '0606', '7', '99', '1', null, null);
INSERT INTO `tb_nuser` VALUES ('60037', '0308', '0606', '7', '76', '1', null, null);
INSERT INTO `tb_nuser` VALUES ('60038', '9990', '0606', '7', '89', '1', null, null);
INSERT INTO `tb_nuser` VALUES ('62032', '1970', '0606', '7', '89', '1', null, null);
INSERT INTO `tb_nuser` VALUES ('61039', '8974', '0000', '7', '76', '1', '', null);
INSERT INTO `tb_nuser` VALUES ('61038', '5324', '0606', '7', '80', '1', null, null);
INSERT INTO `tb_nuser` VALUES ('60042', '0956', '0404', '7', '76', '1', null, null);
INSERT INTO `tb_nuser` VALUES ('60043', '2330', '0000', '7', '73', '1', null, null);
INSERT INTO `tb_nuser` VALUES ('60044', '5054', '0000', '7', '73', '1', null, null);
INSERT INTO `tb_nuser` VALUES ('60045', '0431', '0000', '7', '55', '1', null, null);
INSERT INTO `tb_nuser` VALUES ('60046', '6813', '0000', '7', '66', '1', null, null);
INSERT INTO `tb_nuser` VALUES ('62031', '6761', '0606', '7', '89', '1', null, null);
INSERT INTO `tb_nuser` VALUES ('60048', '2087', '0000', '7', '55', '1', null, null);
INSERT INTO `tb_nuser` VALUES ('60049', '8137', '0000', '7', '57', '1', null, null);
INSERT INTO `tb_nuser` VALUES ('60050', '6225', '0000', '7', '57', '1', null, null);
INSERT INTO `tb_nuser` VALUES ('60051', '6940', '0000', '7', '57', '1', null, null);
INSERT INTO `tb_nuser` VALUES ('60052', '2551', '0000', '7', '57', '1', null, null);
INSERT INTO `tb_nuser` VALUES ('60053', '1855', '0000', '7', '61', '1', null, null);
INSERT INTO `tb_nuser` VALUES ('60054', '7639', '0707', '7', '87', '1', null, null);
INSERT INTO `tb_nuser` VALUES ('60055', '8299', '0707', '7', '87', '1', null, null);
INSERT INTO `tb_nuser` VALUES ('62030', '4900', '0000', '7', '68', '1', null, null);
INSERT INTO `tb_nuser` VALUES ('lsinghak', 'dawan123', '0000', '7', '00', '1', null, null);
INSERT INTO `tb_nuser` VALUES ('narisa', 'ttcm', '0303', '7', '00', '1', null, null);
INSERT INTO `tb_nuser` VALUES ('nipa', 'gmc', '0606', '7', '00', '1', null, null);
INSERT INTO `tb_nuser` VALUES ('isuksawa', 'jaew0705', '0303', '7', '00', '1', null, null);
INSERT INTO `tb_nuser` VALUES ('61036', '1780', '0000', '7', '47', '1', null, null);
INSERT INTO `tb_nuser` VALUES ('61003', '1408', '0000', '7', '91', '1', null, null);
INSERT INTO `tb_nuser` VALUES ('61004', '7876', '0000', '7', '56', '1', null, null);
INSERT INTO `tb_nuser` VALUES ('61037', '0925', '0606', '7', '80', '1', null, null);
INSERT INTO `tb_nuser` VALUES ('61006', '3319', '0606', '7', '75', '1', null, null);
INSERT INTO `tb_nuser` VALUES ('62029', '9548', '0606', '7', '97', '1', null, null);
INSERT INTO `tb_nuser` VALUES ('61008', '3158', '0505', '7', '89', '1', null, null);
INSERT INTO `tb_nuser` VALUES ('61035', '4066', '0000', '7', '81', '1', null, null);
INSERT INTO `tb_nuser` VALUES ('61011', '0294', '0000', '7', '84', '1', null, null);
INSERT INTO `tb_nuser` VALUES ('61012', '3671', '0606', '7', '76', '1', null, null);
INSERT INTO `tb_nuser` VALUES ('61013', '6757', '0606', '7', '76', '1', null, null);
INSERT INTO `tb_nuser` VALUES ('61015', '2065', '0606', '7', '84', '1', null, null);
INSERT INTO `tb_nuser` VALUES ('61016', '4988', '0606', '7', '89', '1', null, null);
INSERT INTO `tb_nuser` VALUES ('62028', '5947', '0000', '7', '86', '1', null, null);
INSERT INTO `tb_nuser` VALUES ('61018', '2283', '0000', '7', '77', '1', null, null);
INSERT INTO `tb_nuser` VALUES ('61019', '8412', '0000', '7', '72', '1', null, null);
INSERT INTO `tb_nuser` VALUES ('61020', '6240', '0000', '7', '72', '1', null, null);
INSERT INTO `tb_nuser` VALUES ('61033', '3004', '0606', '7', '89', '1', null, null);
INSERT INTO `tb_nuser` VALUES ('61022', '5317', '0404', '7', '47', '1', null, null);
INSERT INTO `tb_nuser` VALUES ('61032', '5760', '0606', '7', '55', '1', null, null);
INSERT INTO `tb_nuser` VALUES ('61024', '1801', '0000', '7', '68', '1', null, null);
INSERT INTO `tb_nuser` VALUES ('61028', '9026', '0606', '7', '89', '1', null, null);
INSERT INTO `tb_nuser` VALUES ('61026', '7237', '0404', '7', '64', '1', null, null);
INSERT INTO `tb_nuser` VALUES ('61034', '3281', '0000', '7', '70', '1', null, null);
INSERT INTO `tb_nuser` VALUES ('62039', '9950', '0606', '7', '64', '1', null, null);
INSERT INTO `tb_nuser` VALUES ('62011', '8809', '0606', '7', '89', '1', null, null);
INSERT INTO `tb_nuser` VALUES ('62025', '2358', '0606', '7', '96', '1', null, null);
INSERT INTO `tb_nuser` VALUES ('62037', '4046', '0303', '7', '89', '1', null, null);
INSERT INTO `tb_nuser` VALUES ('62014', '9225', '0000', '7', '55', '1', null, null);
INSERT INTO `tb_nuser` VALUES ('62015', '7400', '0000', '7', '72', '1', null, null);
INSERT INTO `tb_nuser` VALUES ('62016', '7481', '0000', '7', '55', '1', null, null);
INSERT INTO `tb_nuser` VALUES ('62023', '3344', '0606', '7', '76', '1', null, null);
INSERT INTO `tb_nuser` VALUES ('62018', '3181', '0000', '7', '55', '1', null, null);
INSERT INTO `tb_nuser` VALUES ('62019', '0780', '0000', '7', '72', '1', null, null);
INSERT INTO `tb_nuser` VALUES ('62020', '2401', '0606', '7', '94', '1', null, null);
INSERT INTO `tb_nuser` VALUES ('62021', '7424', '0606', '7', '95', '1', null, null);
INSERT INTO `tb_nuser` VALUES ('62022', '8768', '0303', '7', '57', '1', null, null);
INSERT INTO `tb_nuser` VALUES ('marudee', 'petct', '0404', '7', '01', '1', null, null);
INSERT INTO `tb_nuser` VALUES ('pailin', 'women', '0202', '7', '01', '1', null, null);
INSERT INTO `tb_nuser` VALUES ('62041', '4010', '0000', '7', '65', '1', null, null);
INSERT INTO `tb_nuser` VALUES ('62042', '4425', '0808', '7', '76', '1', null, null);
INSERT INTO `tb_nuser` VALUES ('62043', '0741', '0000', '7', '55', '1', null, null);
INSERT INTO `tb_nuser` VALUES ('62044', '1465', '0808', '7', '89', '1', null, null);
INSERT INTO `tb_nuser` VALUES ('63014', '4103', '0000', '7', '44', '1', null, null);
INSERT INTO `tb_nuser` VALUES ('63017', '3553', '0000', '7', '43', '1', null, null);
INSERT INTO `tb_nuser` VALUES ('63013', '3529', '0000', '7', '81', '1', null, null);
INSERT INTO `tb_nuser` VALUES ('63012', '2532', '0000', '7', '72', '1', null, null);
INSERT INTO `tb_nuser` VALUES ('63011', '3293', '0606', '7', '89', '1', null, null);
INSERT INTO `tb_nuser` VALUES ('63010', '1024', '0606', '7', '89', '1', null, null);
INSERT INTO `tb_nuser` VALUES ('63008', '8451', '0303', '7', '47', '1', null, null);
INSERT INTO `tb_nuser` VALUES ('63007', '1189', '0000', '7', '55', '1', null, null);
INSERT INTO `tb_nuser` VALUES ('63006', '1268', '0000', '7', '68', '1', null, null);
INSERT INTO `tb_nuser` VALUES ('63004', '2249', '0303', '7', '58', '1', null, null);
INSERT INTO `tb_nuser` VALUES ('63003', '5343', '0000', '7', '57', '1', null, null);
INSERT INTO `tb_nuser` VALUES ('63002', '9819', '0000', '7', '43', '1', null, null);
INSERT INTO `tb_nuser` VALUES ('63001', '2101', '0000', '7', '73', '1', null, null);
INSERT INTO `tb_nuser` VALUES ('62050', '2185', '0000', '7', '70', '1', null, null);
INSERT INTO `tb_nuser` VALUES ('62049', '4602', '0606', '7', '96', '1', null, null);
INSERT INTO `tb_nuser` VALUES ('62048', '8625', '0606', '7', '76', '1', null, null);
INSERT INTO `tb_nuser` VALUES ('62047', '8106', '0606', '7', '89', '1', null, null);
INSERT INTO `tb_nuser` VALUES ('62046', '9032', '0606', '7', '72', '1', null, null);
INSERT INTO `tb_nuser` VALUES ('62045', '9830', '0606', '7', '89', '1', null, null);
INSERT INTO `tb_nuser` VALUES ('63026', '5053', '0101', '7', '76', '1', null, null);
INSERT INTO `tb_nuser` VALUES ('63015', '1085', '0808', '7', '89', '1', null, null);
INSERT INTO `tb_nuser` VALUES ('63016', '9086', '0808', '7', '89', '1', null, null);
INSERT INTO `tb_nuser` VALUES ('63018', '7653', '0606', '7', '89', '1', null, null);
INSERT INTO `tb_nuser` VALUES ('63030', '7487', '0000', '7', '66', '1', null, null);
INSERT INTO `tb_nuser` VALUES ('63021', '6744', '0606', '7', '96', '1', null, null);
INSERT INTO `tb_nuser` VALUES ('63022', '7486', '0606', '7', '81', '1', null, null);
INSERT INTO `tb_nuser` VALUES ('63023', '8736', '0303', '7', '47', '1', null, null);
INSERT INTO `tb_nuser` VALUES ('63024', '3641', '0000', '7', '75', '1', null, null);
INSERT INTO `tb_nuser` VALUES ('63025', '8632', '0606', '7', '75', '1', null, null);
INSERT INTO `tb_nuser` VALUES ('63027', '4683', '0707', '7', '89', '1', null, null);
INSERT INTO `tb_nuser` VALUES ('63031', '2532', '1717', '7', '76', '1', null, null);
INSERT INTO `tb_nuser` VALUES ('63032', '9535', '1717', '7', '76', '1', null, null);
INSERT INTO `tb_nuser` VALUES ('63033', '2648', '0000', '7', '84', '1', null, null);
INSERT INTO `tb_nuser` VALUES ('63034', '3512', '0000', '7', '65', '1', null, null);
INSERT INTO `tb_nuser` VALUES ('63035', '1605', '1717', '7', '73', '1', null, null);
INSERT INTO `tb_nuser` VALUES ('63036', '1646', '0101', '7', '76', '1', null, null);
INSERT INTO `tb_nuser` VALUES ('20017', '6025', '0606', '7', '89', '1', null, null);
INSERT INTO `tb_nuser` VALUES ('20041', '4591', '0000', '7', '89', '1', null, null);
INSERT INTO `tb_nuser` VALUES ('63019', '3996', '1717', '7', '89', '1', null, null);

-- ----------------------------
-- Table structure for tb_nward
-- ----------------------------
DROP TABLE IF EXISTS `tb_nward`;
CREATE TABLE `tb_nward` (
  `News_id` int(11) NOT NULL,
  `New_Heading` varchar(255) DEFAULT NULL,
  `ward_code` varchar(5) NOT NULL DEFAULT '',
  `News_datesend` datetime DEFAULT NULL,
  `nread` int(3) unsigned NOT NULL DEFAULT '0',
  `mcomment` text NOT NULL,
  `section` char(2) NOT NULL DEFAULT '',
  `sendby` varchar(10) DEFAULT NULL,
  `nresponse` int(3) unsigned DEFAULT '0',
  PRIMARY KEY (`News_id`,`ward_code`)
) ENGINE=MyISAM DEFAULT CHARSET=tis620;

-- ----------------------------
-- Records of tb_nward
-- ----------------------------
INSERT INTO `tb_nward` VALUES ('0', 'สำนักงานCMEx', '0000', null, '0', '', '00', null, '0');
INSERT INTO `tb_nward` VALUES ('2', 'ศูนย์สุขภาพสตรี', '0202', null, '0', '', '02', null, '0');
INSERT INTO `tb_nward` VALUES ('1', 'ศูนย์เลสิค', '0101', null, '0', '', '01', null, '0');
INSERT INTO `tb_nward` VALUES ('5', 'ศูนย์เลเซอร์ต้อกระจก', '0505', null, '0', '', '05', null, '0');
INSERT INTO `tb_nward` VALUES ('4', 'ศูนย์เพ็ทซีที และไซโคลตรอน', '0404', null, '0', '', '04', null, '0');
INSERT INTO `tb_nward` VALUES ('3', 'ศูนย์การแพทย์ผสมผสาน', '0303', null, '0', '', '03', null, '0');
INSERT INTO `tb_nward` VALUES ('6', 'ศูนย์เวชศาสตร์ผู้สูงอายุ', '0606', null, '0', '', '06', null, '0');
INSERT INTO `tb_nward` VALUES ('7', 'ศูนย์วิเคราะห์สุขภาพการนอนหลับ', '0707', null, '0', '', '07', null, '0');
INSERT INTO `tb_nward` VALUES ('8', 'ศูนย์ผู้ป่วยนอกCmex', '0808', null, '0', '', '08', null, '0');
INSERT INTO `tb_nward` VALUES ('17', 'ศูนย์การแพทย์เพื่อการมีบุตร', '1717', null, '0', '', '17', null, '0');

-- ----------------------------
-- Table structure for tb_person
-- ----------------------------
DROP TABLE IF EXISTS `tb_person`;
CREATE TABLE `tb_person` (
  `SSUSR_Initials` varchar(255) DEFAULT NULL,
  `NUM_OT` varchar(8) NOT NULL DEFAULT '',
  `work` date DEFAULT NULL COMMENT 'วันเริ่มทำงาน',
  `start` date DEFAULT NULL COMMENT 'วันเข้าทำงานวันแรก',
  `Person_id` varchar(30) DEFAULT NULL,
  `Person_id1` varchar(30) DEFAULT NULL,
  `Fname` varchar(30) DEFAULT NULL,
  `chFname` varchar(50) DEFAULT NULL,
  `Lname` varchar(50) DEFAULT NULL,
  `chLname` varchar(50) DEFAULT NULL,
  `name_english` varchar(30) DEFAULT NULL,
  `lname_english` varchar(50) DEFAULT NULL,
  `sex` char(1) DEFAULT NULL,
  `MR1` varchar(10) DEFAULT NULL,
  `MR` char(1) DEFAULT NULL,
  `position_id` varchar(15) DEFAULT NULL,
  `mstatus` tinyint(1) DEFAULT NULL,
  `born` date DEFAULT NULL,
  `born_1` date DEFAULT NULL,
  `national` varchar(30) DEFAULT NULL,
  `religion` tinyint(1) DEFAULT NULL,
  `BIRTH_PLACE` text,
  `father` varchar(100) DEFAULT NULL,
  `father_occu` varchar(255) DEFAULT NULL,
  `mother` varchar(100) DEFAULT NULL,
  `mother_occu` varchar(255) DEFAULT NULL,
  `MAR` varchar(11) DEFAULT NULL,
  `MAR_new` tinyint(1) DEFAULT '1',
  `couple` varchar(100) DEFAULT NULL,
  `couple_occu` varchar(255) DEFAULT NULL,
  `son_count` varchar(255) DEFAULT NULL,
  `home` varchar(255) DEFAULT '',
  `TUMBOL` varchar(50) DEFAULT NULL,
  `tumbol_id` int(11) DEFAULT NULL,
  `tumbol_name` int(10) DEFAULT NULL,
  `aumphor` int(11) DEFAULT NULL,
  `aumphor_name` varchar(15) DEFAULT NULL,
  `province_id` int(11) DEFAULT NULL,
  `PROVINCE` varchar(30) DEFAULT NULL,
  `mail_code` varchar(255) DEFAULT NULL,
  `telaphone` varchar(30) DEFAULT NULL,
  `mobile_phone` varchar(30) DEFAULT NULL,
  `ward_phone` varchar(30) DEFAULT NULL,
  `relative` text,
  `relative_occu` varchar(255) DEFAULT NULL,
  `relative_addr` text,
  `num_people` varchar(13) DEFAULT NULL,
  `num_people1` varchar(13) DEFAULT NULL,
  `edu_cer` smallint(6) DEFAULT NULL,
  `edu_cer1` varchar(255) DEFAULT NULL,
  `edu_degree` tinyint(1) DEFAULT NULL,
  `edu_from` varchar(255) DEFAULT NULL,
  `edu_vol` varchar(255) DEFAULT NULL,
  `edu_year` varchar(255) DEFAULT NULL,
  `blood_group` varchar(255) DEFAULT NULL,
  `form_size` varchar(255) DEFAULT NULL,
  `form_size1` varchar(255) DEFAULT NULL,
  `pos_new` char(3) DEFAULT NULL,
  `pos_old` varchar(50) DEFAULT NULL,
  `pos1` char(3) DEFAULT NULL,
  `pos_thai` varchar(255) DEFAULT NULL,
  `PP` char(3) DEFAULT NULL,
  `PP1` varchar(19) DEFAULT NULL,
  `PP_new` char(3) DEFAULT NULL,
  `FW_CODE` varchar(10) DEFAULT NULL,
  `FW_CODE_new` varchar(10) DEFAULT NULL,
  `FW_CODE1` varchar(45) DEFAULT NULL,
  `per_order` int(11) DEFAULT NULL,
  `work_sec` varchar(255) DEFAULT NULL,
  `nursecer_id` varchar(255) DEFAULT NULL,
  `nursecer_date` date DEFAULT NULL,
  `sapa_id` varchar(255) DEFAULT NULL,
  `samakom_id` varchar(15) DEFAULT NULL,
  `bank_no` varchar(255) DEFAULT NULL,
  `new` varchar(255) DEFAULT NULL,
  `memo` text,
  `mr_english` varchar(255) DEFAULT NULL,
  `mr_thai` varchar(255) DEFAULT NULL,
  `c_now` varchar(255) DEFAULT NULL,
  `newnurse` tinyint(1) DEFAULT '1',
  `ck` tinyint(1) DEFAULT '0',
  `ncomment` varchar(255) DEFAULT NULL,
  `nyear` char(4) DEFAULT NULL,
  `codeper` varchar(10) DEFAULT NULL,
  `goverment_fund` varchar(50) DEFAULT NULL,
  `day_card` varchar(50) DEFAULT NULL,
  `num_card` varchar(50) DEFAULT NULL,
  `stu` varchar(50) DEFAULT NULL,
  `new_status` varchar(50) DEFAULT NULL,
  `expert` varchar(50) DEFAULT NULL,
  `lastupdate` datetime DEFAULT NULL,
  `nupdate` tinyint(1) DEFAULT '0',
  `hncheck` tinyint(1) DEFAULT '0',
  `pos` char(3) DEFAULT '1',
  PRIMARY KEY (`NUM_OT`)
) ENGINE=MyISAM DEFAULT CHARSET=tis620;

-- ----------------------------
-- Records of tb_person
-- ----------------------------
INSERT INTO `tb_person` VALUES (null, '59033', null, null, '59033', null, 'ชัยธวัช', null, 'กิตติคุณากร', null, 'chaithawat', 'kittikunakorn', 'm', null, null, null, null, null, null, null, null, null, null, null, null, null, null, '1', null, null, null, '', null, null, null, null, null, null, null, null, null, null, null, null, null, null, null, null, null, null, null, null, null, null, null, null, null, null, null, null, null, null, null, null, '0000', null, null, null, null, null, null, null, null, null, null, null, null, null, null, '1', '0', null, null, null, null, null, null, null, null, null, null, '0', '0', '1');
INSERT INTO `tb_person` VALUES (null, '60025', null, null, '60025', null, 'รังสิมันตุ์', null, 'ไก่งาม', null, null, null, 'f', null, null, null, null, null, null, null, null, null, null, null, null, null, null, '1', null, null, null, '', null, null, null, null, null, null, null, null, null, null, null, null, null, null, null, null, null, null, null, null, null, null, null, null, null, null, null, null, null, null, null, null, null, null, null, null, null, null, null, null, null, null, null, null, null, null, null, '1', '0', null, null, null, null, null, null, null, null, null, null, '0', '0', '1');
INSERT INTO `tb_person` VALUES (null, '60054', null, null, '60054', null, 'กรณ์ณภัทร', null, 'จตุพรเรืองรอง', null, null, null, 'f', null, null, null, null, null, null, null, null, null, null, null, null, null, null, '1', null, null, null, '', null, null, null, null, null, null, null, null, null, null, null, null, null, null, null, null, null, null, null, null, null, null, null, null, null, null, null, null, null, null, null, null, null, null, null, null, null, null, null, null, null, null, null, null, null, null, null, '1', '0', null, null, null, null, null, null, null, null, null, null, '0', '0', '1');
INSERT INTO `tb_person` VALUES (null, '60055', null, null, '60055', null, 'ปัทมา', null, 'ประดับ', null, null, null, 'f', null, null, null, null, null, null, null, null, null, null, null, null, null, null, '1', null, null, null, '', null, null, null, null, null, null, null, null, null, null, null, null, null, null, null, null, null, null, null, null, null, null, null, null, null, null, null, null, null, null, null, null, null, null, null, null, null, null, null, null, null, null, null, null, null, null, null, '1', '0', null, null, null, null, null, null, null, null, null, null, '0', '0', '1');
INSERT INTO `tb_person` VALUES (null, '58002', null, null, '58002', null, 'มารุต', null, 'คำมา', null, null, null, 'm', null, null, null, null, null, null, null, null, null, null, null, null, null, null, '1', null, null, null, '', null, null, null, null, null, null, null, null, null, null, null, null, null, null, null, null, null, null, null, null, null, null, null, null, null, null, null, null, null, null, null, null, null, null, null, null, null, null, null, null, null, null, null, null, null, null, null, '1', '0', null, null, null, null, null, null, null, null, null, null, '0', '0', '1');
INSERT INTO `tb_person` VALUES (null, '59039', null, null, '59039', null, 'วิโรจน์', null, 'ศรีอำนาจ', null, null, null, 'm', null, null, null, null, null, null, null, null, null, null, null, null, null, null, '1', null, null, null, '', null, null, null, null, null, null, null, null, null, null, null, null, null, null, null, null, null, null, null, null, null, null, null, null, null, null, null, null, null, null, null, null, null, null, null, null, null, null, null, null, null, null, null, null, null, null, null, '1', '0', null, null, null, null, null, null, null, null, null, null, '0', '0', '1');
INSERT INTO `tb_person` VALUES (null, '60060', null, null, '60060', null, 'กนกอร', null, 'โพธิวงค์', null, null, null, 'f', null, null, null, null, null, null, null, null, null, null, null, null, null, null, '1', null, null, null, '', null, null, null, null, null, null, null, null, null, null, null, null, null, null, null, null, null, null, null, null, null, null, null, null, null, null, null, null, null, null, null, null, null, null, null, null, null, null, null, null, null, null, null, null, null, null, null, '1', '0', null, null, null, null, null, null, null, null, null, null, '0', '0', '1');
INSERT INTO `tb_person` VALUES (null, 'teekorn', null, null, 'teekorn', null, 'ธีรกร', null, 'ธีรกิตติกุล', null, null, null, 'm', null, null, null, null, null, null, null, null, null, null, null, null, null, null, '1', null, null, null, '', null, null, null, null, null, null, null, null, null, null, null, null, null, null, null, null, null, null, null, null, null, null, null, null, null, null, null, null, null, null, null, null, null, null, null, null, null, null, null, null, null, null, null, null, null, null, null, '1', '0', null, null, null, null, null, null, null, null, null, null, '0', '0', '1');
INSERT INTO `tb_person` VALUES (null, '60058', null, null, '60058', null, 'ณัฐฐา\r\n', null, 'ฐิติศรารักษ์\r\n', null, '', null, 'f', null, null, null, null, null, null, null, null, null, null, null, null, null, null, '1', null, null, null, '', null, null, null, null, null, null, null, null, null, null, null, null, null, null, null, null, null, null, null, null, null, null, null, null, null, null, null, null, null, null, null, null, null, null, null, null, null, null, null, null, null, null, null, null, null, null, null, '1', '0', null, null, null, null, null, null, null, null, null, null, '0', '0', '1');
INSERT INTO `tb_person` VALUES (null, 'somsang', null, null, 'somsang', null, 'สมสงวน', null, 'อัษญคุณ', null, null, null, 'f', null, null, null, null, null, null, null, null, null, null, null, null, null, null, '1', null, null, null, '', null, null, null, null, null, null, null, null, null, null, null, null, null, null, null, null, null, null, null, null, null, null, null, null, null, null, null, null, null, null, null, null, null, null, null, null, null, null, null, null, null, null, null, null, null, null, null, '1', '0', null, null, null, null, null, null, null, null, null, null, '0', '0', '1');
INSERT INTO `tb_person` VALUES (null, '55007', null, null, '55007', null, 'สุจิตรา', null, 'เตชะเต่ย', null, null, null, 'f', null, null, null, null, null, null, null, null, null, null, null, null, null, null, '1', null, null, null, '', null, null, null, null, null, null, null, null, null, null, null, null, null, null, null, null, null, null, null, null, null, null, null, null, null, null, null, null, null, null, null, null, null, null, null, null, null, null, null, null, null, null, null, null, null, null, null, '1', '0', null, null, null, null, null, null, null, null, null, null, '0', '0', '1');
INSERT INTO `tb_person` VALUES (null, '55012', null, null, '55012', null, 'เจษฎาพงษ์', null, 'พุ่มร่วมใจ', null, null, null, 'm', null, null, null, null, null, null, null, null, null, null, null, null, null, null, '1', null, null, null, '', null, null, null, null, null, null, null, null, null, null, null, null, null, null, null, null, null, null, null, null, null, null, null, null, null, null, null, null, null, null, null, null, null, null, null, null, null, null, null, null, null, null, null, null, null, null, null, '1', '0', null, null, null, null, null, null, null, null, null, null, '0', '0', '1');
INSERT INTO `tb_person` VALUES (null, '55013', null, null, '55013', null, 'กนกวฤนท์', null, 'กัลยาณมิตร', null, null, null, 'f', null, null, null, null, null, null, null, null, null, null, null, null, null, null, '1', null, null, null, '', null, null, null, null, null, null, null, null, null, null, null, null, null, null, null, null, null, null, null, null, null, null, null, null, null, null, null, null, null, null, null, null, null, null, null, null, null, null, null, null, null, null, null, null, null, null, null, '1', '0', null, null, null, null, null, null, null, null, null, null, '0', '0', '1');
INSERT INTO `tb_person` VALUES (null, '55015', null, null, '55015', null, 'สุภาพร', null, 'เลาหพูนรังษี', null, null, null, 'f', null, null, null, null, null, null, null, null, null, null, null, null, null, null, '1', null, null, null, '', null, null, null, null, null, null, null, null, null, null, null, null, null, null, null, null, null, null, null, null, null, null, null, null, null, null, null, null, null, null, null, null, null, null, null, null, null, null, null, null, null, null, null, null, null, null, null, '1', '0', null, null, null, null, null, null, null, null, null, null, '0', '0', '1');
INSERT INTO `tb_person` VALUES (null, '56003', null, null, '56003', null, 'รัชตวรรณ', null, 'กันทา', null, null, null, 'f', null, null, null, null, null, null, null, null, null, null, null, null, null, null, '1', null, null, null, '', null, null, null, null, null, null, null, null, null, null, null, null, null, null, null, null, null, null, null, null, null, null, null, null, null, null, null, null, null, null, null, null, null, null, null, null, null, null, null, null, null, null, null, null, null, null, null, '1', '0', null, null, null, null, null, null, null, null, null, null, '0', '0', '1');
INSERT INTO `tb_person` VALUES (null, '56004', null, null, '56004', null, 'จตุพร', null, 'รัตนศีล', null, null, null, 'f', null, null, null, null, null, null, null, null, null, null, null, null, null, null, '1', null, null, null, '', null, null, null, null, null, null, null, null, null, null, null, null, null, null, null, null, null, null, null, null, null, null, null, null, null, null, null, null, null, null, null, null, null, null, null, null, null, null, null, null, null, null, null, null, null, null, null, '1', '0', null, null, null, null, null, null, null, null, null, null, '0', '0', '1');
INSERT INTO `tb_person` VALUES (null, '56006', null, null, '56006', null, 'เสาวลักษณ์', null, 'พรหมศร', null, null, null, 'f', null, null, null, null, null, null, null, null, null, null, null, null, null, null, '1', null, null, null, '', null, null, null, null, null, null, null, null, null, null, null, null, null, null, null, null, null, null, null, null, null, null, null, null, null, null, null, null, null, null, null, null, null, null, null, null, null, null, null, null, null, null, null, null, null, null, null, '1', '0', null, null, null, null, null, null, null, null, null, null, '0', '0', '1');
INSERT INTO `tb_person` VALUES (null, '56007', null, null, '56007', null, 'อรวรรณ', null, 'สมทานี', null, null, null, 'f', null, null, null, null, null, null, null, null, null, null, null, null, null, null, '1', null, null, null, '', null, null, null, null, null, null, null, null, null, null, null, null, null, null, null, null, null, null, null, null, null, null, null, null, null, null, null, null, null, null, null, null, null, null, null, null, null, null, null, null, null, null, null, null, null, null, null, '1', '0', null, null, null, null, null, null, null, null, null, null, '0', '0', '1');
INSERT INTO `tb_person` VALUES (null, '56010', null, null, '56010', null, 'ธาริณี', null, 'บุญญวรรณ', null, null, null, 'f', null, null, null, null, null, null, null, null, null, null, null, null, null, null, '1', null, null, null, '', null, null, null, null, null, null, null, null, null, null, null, null, null, null, null, null, null, null, null, null, null, null, null, null, null, null, null, null, null, null, null, null, null, null, null, null, null, null, null, null, null, null, null, null, null, null, null, '1', '0', null, null, null, null, null, null, null, null, null, null, '0', '0', '1');
INSERT INTO `tb_person` VALUES (null, '56011', null, null, '56011', null, 'กานต์', null, 'วิมลวรรธนะสาร', null, null, null, 'm', null, null, null, null, null, null, null, null, null, null, null, null, null, null, '1', null, null, null, '', null, null, null, null, null, null, null, null, null, null, null, null, null, null, null, null, null, null, null, null, null, null, null, null, null, null, null, null, null, null, null, null, null, null, null, null, null, null, null, null, null, null, null, null, null, null, null, '1', '0', null, null, null, null, null, null, null, null, null, null, '0', '0', '1');
INSERT INTO `tb_person` VALUES (null, '62005', null, null, '62005', null, 'ธนบดี', null, 'นื่มวงษ์', null, null, null, 'm', null, null, null, null, null, null, null, null, null, null, null, null, null, null, '1', null, null, null, '', null, null, null, null, null, null, null, null, null, null, null, null, null, null, null, null, null, null, null, null, null, null, null, null, null, null, null, null, null, null, null, null, null, null, null, null, null, null, null, null, null, null, null, null, null, null, null, '1', '0', null, null, null, null, null, null, null, null, null, null, '0', '0', '1');
INSERT INTO `tb_person` VALUES (null, '61052', null, null, '61052', null, 'พลอย', null, 'ทรัพย์ไพบูลย์กิจ', null, null, null, 'f', null, null, null, null, null, null, null, null, null, null, null, null, null, null, '1', null, null, null, '', null, null, null, null, null, null, null, null, null, null, null, null, null, null, null, null, null, null, null, null, null, null, null, null, null, null, null, null, null, null, null, null, null, null, null, null, null, null, null, null, null, null, null, null, null, null, null, '1', '0', null, null, null, null, null, null, null, null, null, null, '0', '0', '1');
INSERT INTO `tb_person` VALUES (null, '56016', null, null, '56016', null, 'ปรารถนา', null, 'ไชยวรรณ์', null, null, null, 'f', null, null, null, null, null, null, null, null, null, null, null, null, null, null, '1', null, null, null, '', null, null, null, null, null, null, null, null, null, null, null, null, null, null, null, null, null, null, null, null, null, null, null, null, null, null, null, null, null, null, null, null, null, null, null, null, null, null, null, null, null, null, null, null, null, null, null, '1', '0', null, null, null, null, null, null, null, null, null, null, '0', '0', '1');
INSERT INTO `tb_person` VALUES (null, '56017', null, null, '56017', null, 'สุจิตรา', null, 'จะเรวงค์', null, null, null, 'f', null, null, null, null, null, null, null, null, null, null, null, null, null, null, '1', null, null, null, '', null, null, null, null, null, null, null, null, null, null, null, null, null, null, null, null, null, null, null, null, null, null, null, null, null, null, null, null, null, null, null, null, null, null, null, null, null, null, null, null, null, null, null, null, null, null, null, '1', '0', null, null, null, null, null, null, null, null, null, null, '0', '0', '1');
INSERT INTO `tb_person` VALUES (null, '56018', null, null, '56018', null, 'ภัสสร', null, 'อินทร์ต้น', null, null, null, 'f', null, null, null, null, null, null, null, null, null, null, null, null, null, null, '1', null, null, null, '', null, null, null, null, null, null, null, null, null, null, null, null, null, null, null, null, null, null, null, null, null, null, null, null, null, null, null, null, null, null, null, null, null, null, null, null, null, null, null, null, null, null, null, null, null, null, null, '1', '0', null, null, null, null, null, null, null, null, null, null, '0', '0', '1');
INSERT INTO `tb_person` VALUES (null, '56020', null, null, '56020', null, 'ศรีอินทิรา', null, 'วงศ์วิจิตร', null, null, null, 'f', null, null, null, null, null, null, null, null, null, null, null, null, null, null, '1', null, null, null, '', null, null, null, null, null, null, null, null, null, null, null, null, null, null, null, null, null, null, null, null, null, null, null, null, null, null, null, null, null, null, null, null, null, null, null, null, null, null, null, null, null, null, null, null, null, null, null, '1', '0', null, null, null, null, null, null, null, null, null, null, '0', '0', '1');
INSERT INTO `tb_person` VALUES (null, '62006', null, null, '62006', null, 'กลวัชร', null, 'แสงสูง', null, null, null, 'm', null, null, null, null, null, null, null, null, null, null, null, null, null, null, '1', null, null, null, '', null, null, null, null, null, null, null, null, null, null, null, null, null, null, null, null, null, null, null, null, null, null, null, null, null, null, null, null, null, null, null, null, null, null, null, null, null, null, null, null, null, null, null, null, null, null, null, '1', '0', null, null, null, null, null, null, null, null, null, null, '0', '0', '1');
INSERT INTO `tb_person` VALUES (null, '62003', null, null, '62003', null, 'ประภัสสร', null, 'กุนนะ', null, null, null, 'f', null, null, null, null, null, null, null, null, null, null, null, null, null, null, '1', null, null, null, '', null, null, null, null, null, null, null, null, null, null, null, null, null, null, null, null, null, null, null, null, null, null, null, null, null, null, null, null, null, null, null, null, null, null, null, null, null, null, null, null, null, null, null, null, null, null, null, '1', '0', null, null, null, null, null, null, null, null, null, null, '0', '0', '1');
INSERT INTO `tb_person` VALUES (null, '56023', null, null, '56023', null, 'เจนจิรา', null, 'แสนเมืองดี', null, null, null, 'f', null, null, null, null, null, null, null, null, null, null, null, null, null, null, '1', null, null, null, '', null, null, null, null, null, null, null, null, null, null, null, null, null, null, null, null, null, null, null, null, null, null, null, null, null, null, null, null, null, null, null, null, null, null, null, null, null, null, null, null, null, null, null, null, null, null, null, '1', '0', null, null, null, null, null, null, null, null, null, null, '0', '0', '1');
INSERT INTO `tb_person` VALUES (null, '56025', null, null, '56025', null, 'ชฎาภา', null, 'ตระกูลเชียงแก้ว', null, null, null, 'f', null, null, null, null, null, null, null, null, null, null, null, null, null, null, '1', null, null, null, '', null, null, null, null, null, null, null, null, null, null, null, null, null, null, null, null, null, null, null, null, null, null, null, null, null, null, null, null, null, null, null, null, null, null, null, null, null, null, null, null, null, null, null, null, null, null, null, '1', '0', null, null, null, null, null, null, null, null, null, null, '0', '0', '1');
INSERT INTO `tb_person` VALUES (null, 'sahatya', null, null, 'sahatya', null, 'สหัทยา', null, 'ไพบูลย์วรชาติ', null, null, null, 'f', null, null, null, null, null, null, null, null, null, null, null, null, null, null, '1', null, null, null, '', null, null, null, null, null, null, null, null, null, null, null, null, null, null, null, null, null, null, null, null, null, null, null, null, null, null, null, null, null, null, null, null, null, null, null, null, null, null, null, null, null, null, null, null, null, null, null, '1', '0', null, null, null, null, null, null, null, null, null, null, '0', '0', '1');
INSERT INTO `tb_person` VALUES (null, '57002', null, null, '57002', null, 'สุรินทร์', null, 'ธรรมา', null, null, null, 'm', null, null, null, null, null, null, null, null, null, null, null, null, null, null, '1', null, null, null, '', null, null, null, null, null, null, null, null, null, null, null, null, null, null, null, null, null, null, null, null, null, null, null, null, null, null, null, null, null, null, null, null, null, null, null, null, null, null, null, null, null, null, null, null, null, null, null, '1', '0', null, null, null, null, null, null, null, null, null, null, '0', '0', '1');
INSERT INTO `tb_person` VALUES (null, '57003', null, null, '57003', null, 'พรรณทิพา', null, 'เครือสามสุม', null, null, null, 'f', null, null, null, null, null, null, null, null, null, null, null, null, null, null, '1', null, null, null, '', null, null, null, null, null, null, null, null, null, null, null, null, null, null, null, null, null, null, null, null, null, null, null, null, null, null, null, null, null, null, null, null, null, null, null, null, null, null, null, null, null, null, null, null, null, null, null, '1', '0', null, null, null, null, null, null, null, null, null, null, '0', '0', '1');
INSERT INTO `tb_person` VALUES (null, '57004', null, null, '57004', null, 'เบญจรัตน์', null, 'ทาอ้าย', null, null, null, 'f', null, null, null, null, null, null, null, null, null, null, null, null, null, null, '1', null, null, null, '', null, null, null, null, null, null, null, null, null, null, null, null, null, null, null, null, null, null, null, null, null, null, null, null, null, null, null, null, null, null, null, null, null, null, null, null, null, null, null, null, null, null, null, null, null, null, null, '1', '0', null, null, null, null, null, null, null, null, null, null, '0', '0', '1');
INSERT INTO `tb_person` VALUES (null, '57005', null, null, '57005', null, 'สุรัชดา', null, 'คำวังสวัสดิ์', null, null, null, 'f', null, null, null, null, null, null, null, null, null, null, null, null, null, null, '1', null, null, null, '', null, null, null, null, null, null, null, null, null, null, null, null, null, null, null, null, null, null, null, null, null, null, null, null, null, null, null, null, null, null, null, null, null, null, null, null, null, null, null, null, null, null, null, null, null, null, null, '1', '0', null, null, null, null, null, null, null, null, null, null, '0', '0', '1');
INSERT INTO `tb_person` VALUES (null, '57007', null, null, '57007', null, 'พินสุวรรณ', null, 'บัวชุม', null, null, null, 'f', null, null, null, null, null, null, null, null, null, null, null, null, null, null, '1', null, null, null, '', null, null, null, null, null, null, null, null, null, null, null, null, null, null, null, null, null, null, null, null, null, null, null, null, null, null, null, null, null, null, null, null, null, null, null, null, null, null, null, null, null, null, null, null, null, null, null, '1', '0', null, null, null, null, null, null, null, null, null, null, '0', '0', '1');
INSERT INTO `tb_person` VALUES (null, '57008', null, null, '57008', null, 'ชยน์พรรณ์', null, 'แสงเพชร', null, null, null, 'f', null, null, null, null, null, null, null, null, null, null, null, null, null, null, '1', null, null, null, '', null, null, null, null, null, null, null, null, null, null, null, null, null, null, null, null, null, null, null, null, null, null, null, null, null, null, null, null, null, null, null, null, null, null, null, null, null, null, null, null, null, null, null, null, null, null, null, '1', '0', null, null, null, null, null, null, null, null, null, null, '0', '0', '1');
INSERT INTO `tb_person` VALUES (null, 'nchotiro', null, null, 'nchotiro', null, 'นเรนทร์', null, 'โชติรสนิรมิต', null, null, null, 'm', null, null, null, null, null, null, null, null, null, null, null, null, null, null, '1', null, null, null, '', null, null, null, null, null, null, null, null, null, null, null, null, null, null, null, null, null, null, null, null, null, null, null, null, null, null, null, null, null, null, null, null, null, null, null, null, null, null, null, null, null, null, null, null, null, null, null, '1', '0', null, null, null, null, null, null, null, null, null, null, '0', '0', '1');
INSERT INTO `tb_person` VALUES (null, '57011', null, null, '57011', null, 'ปาเจรา', null, 'บุญช่วย', null, null, null, 'f', null, null, null, null, null, null, null, null, null, null, null, null, null, null, '1', null, null, null, '', null, null, null, null, null, null, null, null, null, null, null, null, null, null, null, null, null, null, null, null, null, null, null, null, null, null, null, null, null, null, null, null, null, null, null, null, null, null, null, null, null, null, null, null, null, null, null, '1', '0', null, null, null, null, null, null, null, null, null, null, '0', '0', '1');
INSERT INTO `tb_person` VALUES (null, '62036', null, null, '62036', null, 'อังคณา', null, 'กันทะกุล', null, null, null, 'f', null, null, null, null, null, null, null, null, null, null, null, null, null, null, '1', null, null, null, '', null, null, null, null, null, null, null, null, null, null, null, null, null, null, null, null, null, null, null, null, null, null, null, null, null, null, null, null, null, null, null, null, null, null, null, null, null, null, null, null, null, null, null, null, null, null, null, '1', '0', null, null, null, null, null, null, null, null, null, null, '0', '0', '1');
INSERT INTO `tb_person` VALUES (null, '57015', null, null, '57015', null, 'ภาวิณี', null, 'สุธรรมน้อย', null, null, null, 'f', null, null, null, null, null, null, null, null, null, null, null, null, null, null, '1', null, null, null, '', null, null, null, null, null, null, null, null, null, null, null, null, null, null, null, null, null, null, null, null, null, null, null, null, null, null, null, null, null, null, null, null, null, null, null, null, null, null, null, null, null, null, null, null, null, null, null, '1', '0', null, null, null, null, null, null, null, null, null, null, '0', '0', '1');
INSERT INTO `tb_person` VALUES (null, '57016', null, null, '57016', null, 'กาญจนา', null, 'จำวงค์', null, null, null, 'f', null, null, null, null, null, null, null, null, null, null, null, null, null, null, '1', null, null, null, '', null, null, null, null, null, null, null, null, null, null, null, null, null, null, null, null, null, null, null, null, null, null, null, null, null, null, null, null, null, null, null, null, null, null, null, null, null, null, null, null, null, null, null, null, null, null, null, '1', '0', null, null, null, null, null, null, null, null, null, null, '0', '0', '1');
INSERT INTO `tb_person` VALUES (null, '58001', null, null, '58001', null, 'ยุวเรศ', null, 'ก้อนแก้ว', null, null, null, 'f', null, null, null, null, null, null, null, null, null, null, null, null, null, null, '1', null, null, null, '', null, null, null, null, null, null, null, null, null, null, null, null, null, null, null, null, null, null, null, null, null, null, null, null, null, null, null, null, null, null, null, null, null, null, null, null, null, null, null, null, null, null, null, null, null, null, null, '1', '0', null, null, null, null, null, null, null, null, null, null, '0', '0', '1');
INSERT INTO `tb_person` VALUES (null, '58003', null, null, '58003', null, 'เกียรติศักดิ์', null, 'คงภาษี', null, null, null, 'm', null, null, null, null, null, null, null, null, null, null, null, null, null, null, '1', null, null, null, '', null, null, null, null, null, null, null, null, null, null, null, null, null, null, null, null, null, null, null, null, null, null, null, null, null, null, null, null, null, null, null, null, null, null, null, null, null, null, null, null, null, null, null, null, null, null, null, '1', '0', null, null, null, null, null, null, null, null, null, null, '0', '0', '1');
INSERT INTO `tb_person` VALUES (null, '58004', null, null, '58004', null, 'สิริมหาจักร', null, 'เกียรติไชยากร', null, null, null, 'm', null, null, null, null, null, null, null, null, null, null, null, null, null, null, '1', null, null, null, '', null, null, null, null, null, null, null, null, null, null, null, null, null, null, null, null, null, null, null, null, null, null, null, null, null, null, null, null, null, null, null, null, null, null, null, null, null, null, null, null, null, null, null, null, null, null, null, '1', '0', null, null, null, null, null, null, null, null, null, null, '0', '0', '1');
INSERT INTO `tb_person` VALUES (null, '58005', null, null, '58005', null, 'ปัญญา', null, 'ดอนวิชา', null, null, null, 'm', null, null, null, null, null, null, null, null, null, null, null, null, null, null, '1', null, null, null, '', null, null, null, null, null, null, null, null, null, null, null, null, null, null, null, null, null, null, null, null, null, null, null, null, null, null, null, null, null, null, null, null, null, null, null, null, null, null, null, null, null, null, null, null, null, null, null, '1', '0', null, null, null, null, null, null, null, null, null, null, '0', '0', '1');
INSERT INTO `tb_person` VALUES (null, '58007', null, null, '58007', null, 'วิพรรษา', null, 'ไชยเทพ', null, null, null, 'f', null, null, null, null, null, null, null, null, null, null, null, null, null, null, '1', null, null, null, '', null, null, null, null, null, null, null, null, null, null, null, null, null, null, null, null, null, null, null, null, null, null, null, null, null, null, null, null, null, null, null, null, null, null, null, null, null, null, null, null, null, null, null, null, null, null, null, '1', '0', null, null, null, null, null, null, null, null, null, null, '0', '0', '1');
INSERT INTO `tb_person` VALUES (null, '58008', null, null, '58008', null, 'เอื้องพร', null, 'วงศ์พัฒนากูล', null, null, null, 'f', null, null, null, null, null, null, null, null, null, null, null, null, null, null, '1', null, null, null, '', null, null, null, null, null, null, null, null, null, null, null, null, null, null, null, null, null, null, null, null, null, null, null, null, null, null, null, null, null, null, null, null, null, null, null, null, null, null, null, null, null, null, null, null, null, null, null, '1', '0', null, null, null, null, null, null, null, null, null, null, '0', '0', '1');
INSERT INTO `tb_person` VALUES (null, '58009', null, null, '58009', null, 'ธัญญ์นลิน', null, 'จันทร', null, null, null, 'f', null, null, null, null, null, null, null, null, null, null, null, null, null, null, '1', null, null, null, '', null, null, null, null, null, null, null, null, null, null, null, null, null, null, null, null, null, null, null, null, null, null, null, null, null, null, null, null, null, null, null, null, null, null, null, null, null, null, null, null, null, null, null, null, null, null, null, '1', '0', null, null, null, null, null, null, null, null, null, null, '0', '0', '1');
INSERT INTO `tb_person` VALUES (null, '20017', null, null, '20017', null, 'นิภา', null, 'ภู่ปะวะโรทัย', null, null, null, 'f', null, null, null, null, null, null, null, null, null, null, null, null, null, null, '1', null, null, null, '', null, null, null, null, null, null, null, null, null, null, null, null, null, null, null, null, null, null, null, null, null, null, null, null, null, null, null, null, null, null, null, null, null, null, null, null, null, null, null, null, null, null, null, null, null, null, null, '1', '0', null, null, null, null, null, null, null, null, null, null, '0', '0', '1');
INSERT INTO `tb_person` VALUES (null, 'surat', null, null, 'surat', null, 'สุรัตน์', null, 'ตันประเวช', null, null, null, 'm', null, null, null, null, null, null, null, null, null, null, null, null, null, null, '1', null, null, null, '', null, null, null, null, null, null, null, null, null, null, null, null, null, null, null, null, null, null, null, null, null, null, null, null, null, null, null, null, null, null, null, null, null, null, null, null, null, null, null, null, null, null, null, null, null, null, null, '1', '0', null, null, null, null, null, null, null, null, null, null, '0', '0', '1');
INSERT INTO `tb_person` VALUES (null, '58012', null, null, '58012', null, 'นฤมล', null, 'กิติรัตน์', null, null, null, 'f', null, null, null, null, null, null, null, null, null, null, null, null, null, null, '1', null, null, null, '', null, null, null, null, null, null, null, null, null, null, null, null, null, null, null, null, null, null, null, null, null, null, null, null, null, null, null, null, null, null, null, null, null, null, null, null, null, null, null, null, null, null, null, null, null, null, null, '1', '0', null, null, null, null, null, null, null, null, null, null, '0', '0', '1');
INSERT INTO `tb_person` VALUES (null, '58015', null, null, '58015', null, 'นพมาศ', null, 'สิทธิยศ', null, null, null, 'f', null, null, null, null, null, null, null, null, null, null, null, null, null, null, '1', null, null, null, '', null, null, null, null, null, null, null, null, null, null, null, null, null, null, null, null, null, null, null, null, null, null, null, null, null, null, null, null, null, null, null, null, null, null, null, null, null, null, null, null, null, null, null, null, null, null, null, '1', '0', null, null, null, null, null, null, null, null, null, null, '0', '0', '1');
INSERT INTO `tb_person` VALUES (null, '58016', null, null, '58016', null, 'วิศัลยา', null, 'ไทยธรรมยานนท์', null, null, null, 'f', null, null, null, null, null, null, null, null, null, null, null, null, null, null, '1', null, null, null, '', null, null, null, null, null, null, null, null, null, null, null, null, null, null, null, null, null, null, null, null, null, null, null, null, null, null, null, null, null, null, null, null, null, null, null, null, null, null, null, null, null, null, null, null, null, null, null, '1', '0', null, null, null, null, null, null, null, null, null, null, '0', '0', '1');
INSERT INTO `tb_person` VALUES (null, '58018', null, null, '58018', null, 'สิริวรรณ', null, 'เสาโกมุท', null, null, null, 'f', null, null, null, null, null, null, null, null, null, null, null, null, null, null, '1', null, null, null, '', null, null, null, null, null, null, null, null, null, null, null, null, null, null, null, null, null, null, null, null, null, null, null, null, null, null, null, null, null, null, null, null, null, null, null, null, null, null, null, null, null, null, null, null, null, null, null, '1', '0', null, null, null, null, null, null, null, null, null, null, '0', '0', '1');
INSERT INTO `tb_person` VALUES (null, '58019', null, null, '58019', null, 'ณราศักดิ์', null, 'สายทอง', null, null, null, 'm', null, null, null, null, null, null, null, null, null, null, null, null, null, null, '1', null, null, null, '', null, null, null, null, null, null, null, null, null, null, null, null, null, null, null, null, null, null, null, null, null, null, null, null, null, null, null, null, null, null, null, null, null, null, null, null, null, null, null, null, null, null, null, null, null, null, null, '1', '0', null, null, null, null, null, null, null, null, null, null, '0', '0', '1');
INSERT INTO `tb_person` VALUES (null, '58022', null, null, '58022', null, 'สุรีนาถ', null, 'เชียงคาน', null, null, null, 'f', null, null, null, null, null, null, null, null, null, null, null, null, null, null, '1', null, null, null, '', null, null, null, null, null, null, null, null, null, null, null, null, null, null, null, null, null, null, null, null, null, null, null, null, null, null, null, null, null, null, null, null, null, null, null, null, null, null, null, null, null, null, null, null, null, null, null, '1', '0', null, null, null, null, null, null, null, null, null, null, '0', '0', '1');
INSERT INTO `tb_person` VALUES (null, '58023', null, null, '58023', null, 'พรทิภา', null, 'ต้นมือ', null, null, null, 'f', null, null, null, null, null, null, null, null, null, null, null, null, null, null, '1', null, null, null, '', null, null, null, null, null, null, null, null, null, null, null, null, null, null, null, null, null, null, null, null, null, null, null, null, null, null, null, null, null, null, null, null, null, null, null, null, null, null, null, null, null, null, null, null, null, null, null, '1', '0', null, null, null, null, null, null, null, null, null, null, '0', '0', '1');
INSERT INTO `tb_person` VALUES (null, '58024', null, null, '58024', null, 'สุธี', null, 'รังสี', null, null, null, 'm', null, null, null, null, null, null, null, null, null, null, null, null, null, null, '1', null, null, null, '', null, null, null, null, null, null, null, null, null, null, null, null, null, null, null, null, null, null, null, null, null, null, null, null, null, null, null, null, null, null, null, null, null, null, null, null, null, null, null, null, null, null, null, null, null, null, null, '1', '0', null, null, null, null, null, null, null, null, null, null, '0', '0', '1');
INSERT INTO `tb_person` VALUES (null, '58025', null, null, '58025', null, 'นเรศ', null, 'ศรีนวล', null, null, null, 'm', null, null, null, null, null, null, null, null, null, null, null, null, null, null, '1', null, null, null, '', null, null, null, null, null, null, null, null, null, null, null, null, null, null, null, null, null, null, null, null, null, null, null, null, null, null, null, null, null, null, null, null, null, null, null, null, null, null, null, null, null, null, null, null, null, null, null, '1', '0', null, null, null, null, null, null, null, null, null, null, '0', '0', '1');
INSERT INTO `tb_person` VALUES (null, '58026', null, null, '58026', null, 'อนุสรณ์', null, 'วงค์รินทร์', null, null, null, 'm', null, null, null, null, null, null, null, null, null, null, null, null, null, null, '1', null, null, null, '', null, null, null, null, null, null, null, null, null, null, null, null, null, null, null, null, null, null, null, null, null, null, null, null, null, null, null, null, null, null, null, null, null, null, null, null, null, null, null, null, null, null, null, null, null, null, null, '1', '0', null, null, null, null, null, null, null, null, null, null, '0', '0', '1');
INSERT INTO `tb_person` VALUES (null, '58027', null, null, '58027', null, 'นฤมล', null, 'ก่ำแก้ว', null, null, null, 'f', null, null, null, null, null, null, null, null, null, null, null, null, null, null, '1', null, null, null, '', null, null, null, null, null, null, null, null, null, null, null, null, null, null, null, null, null, null, null, null, null, null, null, null, null, null, null, null, null, null, null, null, '0000', null, null, null, null, null, null, null, null, null, null, null, null, null, null, '1', '0', null, null, null, null, null, null, null, null, null, null, '0', '0', '1');
INSERT INTO `tb_person` VALUES (null, '58028', null, null, '58028', null, 'กัณต์ปภัทร', null, 'พรมดร', null, null, null, 'm', null, null, null, null, null, null, null, null, null, null, null, null, null, null, '1', null, null, null, '', null, null, null, null, null, null, null, null, null, null, null, null, null, null, null, null, null, null, null, null, null, null, null, null, null, null, null, null, null, null, null, null, null, null, null, null, null, null, null, null, null, null, null, null, null, null, null, '1', '0', null, null, null, null, null, null, null, null, null, null, '0', '0', '1');
INSERT INTO `tb_person` VALUES (null, '58029', null, null, '58029', null, 'นวรัตน์', null, 'กาวีปลูก', null, null, null, 'f', null, null, null, null, null, null, null, null, null, null, null, null, null, null, '1', null, null, null, '', null, null, null, null, null, null, null, null, null, null, null, null, null, null, null, null, null, null, null, null, null, null, null, null, null, null, null, null, null, null, null, null, null, null, null, null, null, null, null, null, null, null, null, null, null, null, null, '1', '0', null, null, null, null, null, null, null, null, null, null, '0', '0', '1');
INSERT INTO `tb_person` VALUES (null, '58032', null, null, '58032', null, 'ณิชากร', null, 'ลุงอ่อง', null, null, null, 'f', null, null, null, null, null, null, null, null, null, null, null, null, null, null, '1', null, null, null, '', null, null, null, null, null, null, null, null, null, null, null, null, null, null, null, null, null, null, null, null, null, null, null, null, null, null, null, null, null, null, null, null, null, null, null, null, null, null, null, null, null, null, null, null, null, null, null, '1', '0', null, null, null, null, null, null, null, null, null, null, '0', '0', '1');
INSERT INTO `tb_person` VALUES (null, '58034', null, null, '58034', null, 'นริศรา', null, 'สาสุจิตร์', null, null, null, 'f', null, null, null, null, null, null, null, null, null, null, null, null, null, null, '1', null, null, null, '', null, null, null, null, null, null, null, null, null, null, null, null, null, null, null, null, null, null, null, null, null, null, null, null, null, null, null, null, null, null, null, null, null, null, null, null, null, null, null, null, null, null, null, null, null, null, null, '1', '0', null, null, null, null, null, null, null, null, null, null, '0', '0', '1');
INSERT INTO `tb_person` VALUES (null, '58035', null, null, '58035', null, 'อภิสรา', null, 'พลศรีเมือง', null, null, null, 'f', null, null, null, null, null, null, null, null, null, null, null, null, null, null, '1', null, null, null, '', null, null, null, null, null, null, null, null, null, null, null, null, null, null, null, null, null, null, null, null, null, null, null, null, null, null, null, null, null, null, null, null, null, null, null, null, null, null, null, null, null, null, null, null, null, null, null, '1', '0', null, null, null, null, null, null, null, null, null, null, '0', '0', '1');
INSERT INTO `tb_person` VALUES (null, '58037', null, null, '58037', null, 'จุฑารัตน์', null, 'ตันยเวช', null, null, null, 'f', null, null, null, null, null, null, null, null, null, null, null, null, null, null, '1', null, null, null, '', null, null, null, null, null, null, null, null, null, null, null, null, null, null, null, null, null, null, null, null, null, null, null, null, null, null, null, null, null, null, null, null, null, null, null, null, null, null, null, null, null, null, null, null, null, null, null, '1', '0', null, null, null, null, null, null, null, null, null, null, '0', '0', '1');
INSERT INTO `tb_person` VALUES (null, '58039', null, null, '58039', null, 'พิมพิลา', null, 'คำพุธ', null, null, null, 'f', null, null, null, null, null, null, null, null, null, null, null, null, null, null, '1', null, null, null, '', null, null, null, null, null, null, null, null, null, null, null, null, null, null, null, null, null, null, null, null, null, null, null, null, null, null, null, null, null, null, null, null, null, null, null, null, null, null, null, null, null, null, null, null, null, null, null, '1', '0', null, null, null, null, null, null, null, null, null, null, '0', '0', '1');
INSERT INTO `tb_person` VALUES (null, '58040', null, null, '58040', null, 'ภรภัทร', null, 'เล็กทรัพย์', null, null, null, 'f', null, null, null, null, null, null, null, null, null, null, null, null, null, null, '1', null, null, null, '', null, null, null, null, null, null, null, null, null, null, null, null, null, null, null, null, null, null, null, null, null, null, null, null, null, null, null, null, null, null, null, null, null, null, null, null, null, null, null, null, null, null, null, null, null, null, null, '1', '0', null, null, null, null, null, null, null, null, null, null, '0', '0', '1');
INSERT INTO `tb_person` VALUES (null, '58042', null, null, '58042', null, 'จีระพันธ์', null, 'เชื้อเมืองพาน', null, null, null, 'm', null, null, null, null, null, null, null, null, null, null, null, null, null, null, '1', null, null, null, '', null, null, null, null, null, null, null, null, null, null, null, null, null, null, null, null, null, null, null, null, null, null, null, null, null, null, null, null, null, null, null, null, null, null, null, null, null, null, null, null, null, null, null, null, null, null, null, '1', '0', null, null, null, null, null, null, null, null, null, null, '0', '0', '1');
INSERT INTO `tb_person` VALUES (null, '61055', null, null, '61055', null, 'เอกภพ', null, 'พจนสิทธิ์', null, null, null, 'm', null, null, null, null, null, null, null, null, null, null, null, null, null, null, '1', null, null, null, '', null, null, null, null, null, null, null, null, null, null, null, null, null, null, null, null, null, null, null, null, null, null, null, null, null, null, null, null, null, null, null, null, null, null, null, null, null, null, null, null, null, null, null, null, null, null, null, '1', '0', null, null, null, null, null, null, null, null, null, null, '0', '0', '1');
INSERT INTO `tb_person` VALUES (null, '58044', null, null, '58044', null, 'ชรินทิพย์', null, 'จันทร์หอกลอง', null, null, null, 'f', null, null, null, null, null, null, null, null, null, null, null, null, null, null, '1', null, null, null, '', null, null, null, null, null, null, null, null, null, null, null, null, null, null, null, null, null, null, null, null, null, null, null, null, null, null, null, null, null, null, null, null, null, null, null, null, null, null, null, null, null, null, null, null, null, null, null, '1', '0', null, null, null, null, null, null, null, null, null, null, '0', '0', '1');
INSERT INTO `tb_person` VALUES (null, '58046', null, null, '58046', null, 'ปณาลี', null, 'อุประดิษฐ์', null, null, null, 'f', null, null, null, null, null, null, null, null, null, null, null, null, null, null, '1', null, null, null, '', null, null, null, null, null, null, null, null, null, null, null, null, null, null, null, null, null, null, null, null, null, null, null, null, null, null, null, null, null, null, null, null, null, null, null, null, null, null, null, null, null, null, null, null, null, null, null, '1', '0', null, null, null, null, null, null, null, null, null, null, '0', '0', '1');
INSERT INTO `tb_person` VALUES (null, '58047', null, null, '58047', null, 'อุบลวรรณ', null, 'ภู่สว่าง', null, null, null, 'f', null, null, null, null, null, null, null, null, null, null, null, null, null, null, '1', null, null, null, '', null, null, null, null, null, null, null, null, null, null, null, null, null, null, null, null, null, null, null, null, null, null, null, null, null, null, null, null, null, null, null, null, null, null, null, null, null, null, null, null, null, null, null, null, null, null, null, '1', '0', null, null, null, null, null, null, null, null, null, null, '0', '0', '1');
INSERT INTO `tb_person` VALUES (null, '58049', null, null, '58049', null, 'สาธนี', null, 'จำต๊ะ', null, null, null, 'f', null, null, null, null, null, null, null, null, null, null, null, null, null, null, '1', null, null, null, '', null, null, null, null, null, null, null, null, null, null, null, null, null, null, null, null, null, null, null, null, null, null, null, null, null, null, null, null, null, null, null, null, null, null, null, null, null, null, null, null, null, null, null, null, null, null, null, '1', '0', null, null, null, null, null, null, null, null, null, null, '0', '0', '1');
INSERT INTO `tb_person` VALUES (null, '58050', null, null, '58050', null, 'เสาวลักษณ์', null, 'ชุนดี', null, null, null, 'f', null, null, null, null, null, null, null, null, null, null, null, null, null, null, '1', null, null, null, '', null, null, null, null, null, null, null, null, null, null, null, null, null, null, null, null, null, null, null, null, null, null, null, null, null, null, null, null, null, null, null, null, null, null, null, null, null, null, null, null, null, null, null, null, null, null, null, '1', '0', null, null, null, null, null, null, null, null, null, null, '0', '0', '1');
INSERT INTO `tb_person` VALUES (null, '58052', null, null, '58052', null, 'นิรตศัย', null, 'ปนิทานโต', null, null, null, 'm', null, null, null, null, null, null, null, null, null, null, null, null, null, null, '1', null, null, null, '', null, null, null, null, null, null, null, null, null, null, null, null, null, null, null, null, null, null, null, null, null, null, null, null, null, null, null, null, null, null, null, null, null, null, null, null, null, null, null, null, null, null, null, null, null, null, null, '1', '0', null, null, null, null, null, null, null, null, null, null, '0', '0', '1');
INSERT INTO `tb_person` VALUES (null, '58053', null, null, '58053', null, 'พัชรพงษ์', null, 'ปิคนวล', null, null, null, 'm', null, null, null, null, null, null, null, null, null, null, null, null, null, null, '1', null, null, null, '', null, null, null, null, null, null, null, null, null, null, null, null, null, null, null, null, null, null, null, null, null, null, null, null, null, null, null, null, null, null, null, null, null, null, null, null, null, null, null, null, null, null, null, null, null, null, null, '1', '0', null, null, null, null, null, null, null, null, null, null, '0', '0', '1');
INSERT INTO `tb_person` VALUES (null, '62035', null, null, '62035', null, 'ธนัชพร', null, 'รักษาคม', null, null, null, 'f', null, null, null, null, null, null, null, null, null, null, null, null, null, null, '1', null, null, null, '', null, null, null, null, null, null, null, null, null, null, null, null, null, null, null, null, null, null, null, null, null, null, null, null, null, null, null, null, null, null, null, null, null, null, null, null, null, null, null, null, null, null, null, null, null, null, null, '1', '0', null, null, null, null, null, null, null, null, null, null, '0', '0', '1');
INSERT INTO `tb_person` VALUES (null, '59003', null, null, '59003', null, 'ทิพวรรณ', null, 'อุ่นเมือง', null, null, null, 'f', null, null, null, null, null, null, null, null, null, null, null, null, null, null, '1', null, null, null, '', null, null, null, null, null, null, null, null, null, null, null, null, null, null, null, null, null, null, null, null, null, null, null, null, null, null, null, null, null, null, null, null, null, null, null, null, null, null, null, null, null, null, null, null, null, null, null, '1', '0', null, null, null, null, null, null, null, null, null, null, '0', '0', '1');
INSERT INTO `tb_person` VALUES (null, '59005', null, null, '59005', null, 'ศรีนวล', null, 'ศรีบัว', null, null, null, 'f', null, null, null, null, null, null, null, null, null, null, null, null, null, null, '1', null, null, null, '', null, null, null, null, null, null, null, null, null, null, null, null, null, null, null, null, null, null, null, null, null, null, null, null, null, null, null, null, null, null, null, null, null, null, null, null, null, null, null, null, null, null, null, null, null, null, null, '1', '0', null, null, null, null, null, null, null, null, null, null, '0', '0', '1');
INSERT INTO `tb_person` VALUES (null, '59006', null, null, '59006', null, 'จิดารัตน์', null, 'หวานมีรส', null, null, null, 'f', null, null, null, null, null, null, null, null, null, null, null, null, null, null, '1', null, null, null, '', null, null, null, null, null, null, null, null, null, null, null, null, null, null, null, null, null, null, null, null, null, null, null, null, null, null, null, null, null, null, null, null, null, null, null, null, null, null, null, null, null, null, null, null, null, null, null, '1', '0', null, null, null, null, null, null, null, null, null, null, '0', '0', '1');
INSERT INTO `tb_person` VALUES (null, '59007', null, null, '59007', null, 'รติรัตน์', null, 'วรสุธานีวรรณ', null, null, null, 'f', null, null, null, null, null, null, null, null, null, null, null, null, null, null, '1', null, null, null, '', null, null, null, null, null, null, null, null, null, null, null, null, null, null, null, null, null, null, null, null, null, null, null, null, null, null, null, null, null, null, null, null, null, null, null, null, null, null, null, null, null, null, null, null, null, null, null, '1', '0', null, null, null, null, null, null, null, null, null, null, '0', '0', '1');
INSERT INTO `tb_person` VALUES (null, '59008', null, null, '59008', null, 'เทอดศักดิ์', null, 'ไชยวรรณะ', null, null, null, 'm', null, null, null, null, null, null, null, null, null, null, null, null, null, null, '1', null, null, null, '', null, null, null, null, null, null, null, null, null, null, null, null, null, null, null, null, null, null, null, null, null, null, null, null, null, null, null, null, null, null, null, null, null, null, null, null, null, null, null, null, null, null, null, null, null, null, null, '1', '0', null, null, null, null, null, null, null, null, null, null, '0', '0', '1');
INSERT INTO `tb_person` VALUES (null, '59009', null, null, '59009', null, 'พัชรมณฑน์', null, 'ศุภผล', null, null, null, 'f', null, null, null, null, null, null, null, null, null, null, null, null, null, null, '1', null, null, null, '', null, null, null, null, null, null, null, null, null, null, null, null, null, null, null, null, null, null, null, null, null, null, null, null, null, null, null, null, null, null, null, null, null, null, null, null, null, null, null, null, null, null, null, null, null, null, null, '1', '0', null, null, null, null, null, null, null, null, null, null, '0', '0', '1');
INSERT INTO `tb_person` VALUES (null, '59010', null, null, '59010', null, 'กนกวรรณ', null, 'จินะ', null, null, null, 'f', null, null, null, null, null, null, null, null, null, null, null, null, null, null, '1', null, null, null, '', null, null, null, null, null, null, null, null, null, null, null, null, null, null, null, null, null, null, null, null, null, null, null, null, null, null, null, null, null, null, null, null, null, null, null, null, null, null, null, null, null, null, null, null, null, null, null, '1', '0', null, null, null, null, null, null, null, null, null, null, '0', '0', '1');
INSERT INTO `tb_person` VALUES (null, '59011', null, null, '59011', null, 'สุริสา', null, 'ศรีอ๊อต', null, null, null, 'f', null, null, null, null, null, null, null, null, null, null, null, null, null, null, '1', null, null, null, '', null, null, null, null, null, null, null, null, null, null, null, null, null, null, null, null, null, null, null, null, null, null, null, null, null, null, null, null, null, null, null, null, null, null, null, null, null, null, null, null, null, null, null, null, null, null, null, '1', '0', null, null, null, null, null, null, null, null, null, null, '0', '0', '1');
INSERT INTO `tb_person` VALUES (null, '59012', null, null, '59012', null, 'มานิตย์', null, 'ทนนวงค์', null, null, null, 'm', null, null, null, null, null, null, null, null, null, null, null, null, null, null, '1', null, null, null, '', null, null, null, null, null, null, null, null, null, null, null, null, null, null, null, null, null, null, null, null, null, null, null, null, null, null, null, null, null, null, null, null, null, null, null, null, null, null, null, null, null, null, null, null, null, null, null, '1', '0', null, null, null, null, null, null, null, null, null, null, '0', '0', '1');
INSERT INTO `tb_person` VALUES (null, '61054', null, null, '61054', null, 'มนต์ธัช', null, 'ไทยยันโต', null, null, null, 'm', null, null, null, null, null, null, null, null, null, null, null, null, null, null, '1', null, null, null, '', null, null, null, null, null, null, null, null, null, null, null, null, null, null, null, null, null, null, null, null, null, null, null, null, null, null, null, null, null, null, null, null, null, null, null, null, null, null, null, null, null, null, null, null, null, null, null, '1', '0', null, null, null, null, null, null, null, null, null, null, '0', '0', '1');
INSERT INTO `tb_person` VALUES (null, '59014', null, null, '59014', null, 'อรพรรณ', null, 'ยะบึง', null, null, null, 'f', null, null, null, null, null, null, null, null, null, null, null, null, null, null, '1', null, null, null, '', null, null, null, null, null, null, null, null, null, null, null, null, null, null, null, null, null, null, null, null, null, null, null, null, null, null, null, null, null, null, null, null, null, null, null, null, null, null, null, null, null, null, null, null, null, null, null, '1', '0', null, null, null, null, null, null, null, null, null, null, '0', '0', '1');
INSERT INTO `tb_person` VALUES (null, '59015', null, null, '59015', null, 'ภคนันท์', null, 'สุจา', null, null, null, 'f', null, null, null, null, null, null, null, null, null, null, null, null, null, null, '1', null, null, null, '', null, null, null, null, null, null, null, null, null, null, null, null, null, null, null, null, null, null, null, null, null, null, null, null, null, null, null, null, null, null, null, null, null, null, null, null, null, null, null, null, null, null, null, null, null, null, null, '1', '0', null, null, null, null, null, null, null, null, null, null, '0', '0', '1');
INSERT INTO `tb_person` VALUES (null, '61053', null, null, '61053', null, 'เสาวลักษณ์', null, 'กันทา', null, null, null, 'f', null, null, null, null, null, null, null, null, null, null, null, null, null, null, '1', null, null, null, '', null, null, null, null, null, null, null, null, null, null, null, null, null, null, null, null, null, null, null, null, null, null, null, null, null, null, null, null, null, null, null, null, null, null, null, null, null, null, null, null, null, null, null, null, null, null, null, '1', '0', null, null, null, null, null, null, null, null, null, null, '0', '0', '1');
INSERT INTO `tb_person` VALUES (null, '59017', null, null, '59017', null, 'ภัทรภูมิ', null, 'โยปัญญา', null, null, null, 'm', null, null, null, null, null, null, null, null, null, null, null, null, null, null, '1', null, null, null, '', null, null, null, null, null, null, null, null, null, null, null, null, null, null, null, null, null, null, null, null, null, null, null, null, null, null, null, null, null, null, null, null, null, null, null, null, null, null, null, null, null, null, null, null, null, null, null, '1', '0', null, null, null, null, null, null, null, null, null, null, '0', '0', '1');
INSERT INTO `tb_person` VALUES (null, '59018', null, null, '59018', null, 'พุทธรักษา', null, 'จงศิริ', null, null, null, 'f', null, null, null, null, null, null, null, null, null, null, null, null, null, null, '1', null, null, null, '', null, null, null, null, null, null, null, null, null, null, null, null, null, null, null, null, null, null, null, null, null, null, null, null, null, null, null, null, null, null, null, null, null, null, null, null, null, null, null, null, null, null, null, null, null, null, null, '1', '0', null, null, null, null, null, null, null, null, null, null, '0', '0', '1');
INSERT INTO `tb_person` VALUES (null, '59019', null, null, '59019', null, 'กมลพร', null, 'ท้าวคำวัง', null, null, null, 'f', null, null, null, null, null, null, null, null, null, null, null, null, null, null, '1', null, null, null, '', null, null, null, null, null, null, null, null, null, null, null, null, null, null, null, null, null, null, null, null, null, null, null, null, null, null, null, null, null, null, null, null, null, null, null, null, null, null, null, null, null, null, null, null, null, null, null, '1', '0', null, null, null, null, null, null, null, null, null, null, '0', '0', '1');
INSERT INTO `tb_person` VALUES (null, '59020', null, null, '59020', null, 'ประสงค์', null, 'พิทักษ์สกุลไพร', null, null, null, 'm', null, null, null, null, null, null, null, null, null, null, null, null, null, null, '1', null, null, null, '', null, null, null, null, null, null, null, null, null, null, null, null, null, null, null, null, null, null, null, null, null, null, null, null, null, null, null, null, null, null, null, null, null, null, null, null, null, null, null, null, null, null, null, null, null, null, null, '1', '0', null, null, null, null, null, null, null, null, null, null, '0', '0', '1');
INSERT INTO `tb_person` VALUES (null, '59021', null, null, '59021', null, 'สุทธิกานต์', null, 'สุริยะ', null, null, null, 'f', null, null, null, null, null, null, null, null, null, null, null, null, null, null, '1', null, null, null, '', null, null, null, null, null, null, null, null, null, null, null, null, null, null, null, null, null, null, null, null, null, null, null, null, null, null, null, null, null, null, null, null, null, null, null, null, null, null, null, null, null, null, null, null, null, null, null, '1', '0', null, null, null, null, null, null, null, null, null, null, '0', '0', '1');
INSERT INTO `tb_person` VALUES (null, '59022', null, null, '59022', null, 'สุพิชฌาย์', null, 'ไชยไธสง', null, null, null, 'f', null, null, null, null, null, null, null, null, null, null, null, null, null, null, '1', null, null, null, '', null, null, null, null, null, null, null, null, null, null, null, null, null, null, null, null, null, null, null, null, null, null, null, null, null, null, null, null, null, null, null, null, null, null, null, null, null, null, null, null, null, null, null, null, null, null, null, '1', '0', null, null, null, null, null, null, null, null, null, null, '0', '0', '1');
INSERT INTO `tb_person` VALUES (null, '61051', null, null, '61051', null, 'มณฑล', null, 'ปัญญาวัง', null, null, null, 'm', null, null, null, null, null, null, null, null, null, null, null, null, null, null, '1', null, null, null, '', null, null, null, null, null, null, null, null, null, null, null, null, null, null, null, null, null, null, null, null, null, null, null, null, null, null, null, null, null, null, null, null, null, null, null, null, null, null, null, null, null, null, null, null, null, null, null, '1', '0', null, null, null, null, null, null, null, null, null, null, '0', '0', '1');
INSERT INTO `tb_person` VALUES (null, '59024', null, null, '59024', null, 'เขมิการ์', null, 'แปงถานี', null, null, null, 'f', null, null, null, null, null, null, null, null, null, null, null, null, null, null, '1', null, null, null, '', null, null, null, null, null, null, null, null, null, null, null, null, null, null, null, null, null, null, null, null, null, null, null, null, null, null, null, null, null, null, null, null, null, null, null, null, null, null, null, null, null, null, null, null, null, null, null, '1', '0', null, null, null, null, null, null, null, null, null, null, '0', '0', '1');
INSERT INTO `tb_person` VALUES (null, '59025', null, null, '59025', null, 'ณัฐธิดา', null, 'ยอดนิปาน', null, null, null, 'f', null, null, null, null, null, null, null, null, null, null, null, null, null, null, '1', null, null, null, '', null, null, null, null, null, null, null, null, null, null, null, null, null, null, null, null, null, null, null, null, null, null, null, null, null, null, null, null, null, null, null, null, null, null, null, null, null, null, null, null, null, null, null, null, null, null, null, '1', '0', null, null, null, null, null, null, null, null, null, null, '0', '0', '1');
INSERT INTO `tb_person` VALUES (null, '59027', null, null, '59027', null, 'เฉลิมชัย', null, 'กรุงนะ', null, null, null, 'm', null, null, null, null, null, null, null, null, null, null, null, null, null, null, '1', null, null, null, '', null, null, null, null, null, null, null, null, null, null, null, null, null, null, null, null, null, null, null, null, null, null, null, null, null, null, null, null, null, null, null, null, null, null, null, null, null, null, null, null, null, null, null, null, null, null, null, '1', '0', null, null, null, null, null, null, null, null, null, null, '0', '0', '1');
INSERT INTO `tb_person` VALUES (null, '59028', null, null, '59028', null, 'ทิพย์วรรณ', null, 'หอมยมณ์', null, null, null, 'f', null, null, null, null, null, null, null, null, null, null, null, null, null, null, '1', null, null, null, '', null, null, null, null, null, null, null, null, null, null, null, null, null, null, null, null, null, null, null, null, null, null, null, null, null, null, null, null, null, null, null, null, null, null, null, null, null, null, null, null, null, null, null, null, null, null, null, '1', '0', null, null, null, null, null, null, null, null, null, null, '0', '0', '1');
INSERT INTO `tb_person` VALUES (null, '59029', null, null, '59029', null, 'วัชรี', null, 'มาฉันท์', null, null, null, 'f', null, null, null, null, null, null, null, null, null, null, null, null, null, null, '1', null, null, null, '', null, null, null, null, null, null, null, null, null, null, null, null, null, null, null, null, null, null, null, null, null, null, null, null, null, null, null, null, null, null, null, null, null, null, null, null, null, null, null, null, null, null, null, null, null, null, null, '1', '0', null, null, null, null, null, null, null, null, null, null, '0', '0', '1');
INSERT INTO `tb_person` VALUES (null, '59030', null, null, '59030', null, 'เปรมด์ฤทัย', null, 'เสนวิรัช', null, null, null, 'f', null, null, null, null, null, null, null, null, null, null, null, null, null, null, '1', null, null, null, '', null, null, null, null, null, null, null, null, null, null, null, null, null, null, null, null, null, null, null, null, null, null, null, null, null, null, null, null, null, null, null, null, null, null, null, null, null, null, null, null, null, null, null, null, null, null, null, '1', '0', null, null, null, null, null, null, null, null, null, null, '0', '0', '1');
INSERT INTO `tb_person` VALUES (null, '59031', null, null, '59031', null, 'อาภาพร', null, 'แสนใจ', null, null, null, 'f', null, null, null, null, null, null, null, null, null, null, null, null, null, null, '1', null, null, null, '', null, null, null, null, null, null, null, null, null, null, null, null, null, null, null, null, null, null, null, null, null, null, null, null, null, null, null, null, null, null, null, null, null, null, null, null, null, null, null, null, null, null, null, null, null, null, null, '1', '0', null, null, null, null, null, null, null, null, null, null, '0', '0', '1');
INSERT INTO `tb_person` VALUES (null, '59032', null, null, '59032', null, 'รุ่งจิรา', null, 'วงค์กาศ', null, null, null, 'f', null, null, null, null, null, null, null, null, null, null, null, null, null, null, '1', null, null, null, '', null, null, null, null, null, null, null, null, null, null, null, null, null, null, null, null, null, null, null, null, null, null, null, null, null, null, null, null, null, null, null, null, null, null, null, null, null, null, null, null, null, null, null, null, null, null, null, '1', '0', null, null, null, null, null, null, null, null, null, null, '0', '0', '1');
INSERT INTO `tb_person` VALUES (null, '59034', null, null, '59034', null, 'พรพรรณ', null, 'ธรรมศิลป์', null, null, null, 'f', null, null, null, null, null, null, null, null, null, null, null, null, null, null, '1', null, null, null, '', null, null, null, null, null, null, null, null, null, null, null, null, null, null, null, null, null, null, null, null, null, null, null, null, null, null, null, null, null, null, null, null, null, null, null, null, null, null, null, null, null, null, null, null, null, null, null, '1', '0', null, null, null, null, null, null, null, null, null, null, '0', '0', '1');
INSERT INTO `tb_person` VALUES (null, '61001', null, null, '61001', null, 'กุลธิดา', null, 'ตรรกวรุตม์', null, null, null, 'f', null, null, null, null, null, null, null, null, null, null, null, null, null, null, '1', null, null, null, '', null, null, null, null, null, null, null, null, null, null, null, null, null, null, null, null, null, null, null, null, null, null, null, null, null, null, null, null, null, null, null, null, null, null, null, null, null, null, null, null, null, null, null, null, null, null, null, '1', '0', null, null, null, null, null, null, null, null, null, null, '0', '0', '1');
INSERT INTO `tb_person` VALUES (null, '59038', null, null, '59038', null, 'อุเทน', null, 'มูลแก้ว', null, null, null, 'm', null, null, null, null, null, null, null, null, null, null, null, null, null, null, '1', null, null, null, '', null, null, null, null, null, null, null, null, null, null, null, null, null, null, null, null, null, null, null, null, null, null, null, null, null, null, null, null, null, null, null, null, null, null, null, null, null, null, null, null, null, null, null, null, null, null, null, '1', '0', null, null, null, null, null, null, null, null, null, null, '0', '0', '1');
INSERT INTO `tb_person` VALUES (null, '62027', null, null, '62027', null, 'ชวัลลักษณ์', null, 'บุญหลี', null, null, null, 'f', null, null, null, null, null, null, null, null, null, null, null, null, null, null, '1', null, null, null, '', null, null, null, null, null, null, null, null, null, null, null, null, null, null, null, null, null, null, null, null, null, null, null, null, null, null, null, null, null, null, null, null, null, null, null, null, null, null, null, null, null, null, null, null, null, null, null, '1', '0', null, null, null, null, null, null, null, null, null, null, '0', '0', '1');
INSERT INTO `tb_person` VALUES (null, '59043', null, null, '59043', null, 'วัชรี', null, 'เจริญทรัพย์', null, null, null, 'f', null, null, null, null, null, null, null, null, null, null, null, null, null, null, '1', null, null, null, '', null, null, null, null, null, null, null, null, null, null, null, null, null, null, null, null, null, null, null, null, null, null, null, null, null, null, null, null, null, null, null, null, null, null, null, null, null, null, null, null, null, null, null, null, null, null, null, '1', '0', null, null, null, null, null, null, null, null, null, null, '0', '0', '1');
INSERT INTO `tb_person` VALUES (null, '59045', null, null, '59045', null, 'ณัทวุฒิ', null, 'เฮงจีระจรัส', null, null, null, 'm', null, null, null, null, null, null, null, null, null, null, null, null, null, null, '1', null, null, null, '', null, null, null, null, null, null, null, null, null, null, null, null, null, null, null, null, null, null, null, null, null, null, null, null, null, null, null, null, null, null, null, null, null, null, null, null, null, null, null, null, null, null, null, null, null, null, null, '1', '0', null, null, null, null, null, null, null, null, null, null, '0', '0', '1');
INSERT INTO `tb_person` VALUES (null, '59047', null, null, '59047', null, 'กาญจนา', null, 'ธรรมชัยยุติ', null, null, null, 'f', null, null, null, null, null, null, null, null, null, null, null, null, null, null, '1', null, null, null, '', null, null, null, null, null, null, null, null, null, null, null, null, null, null, null, null, null, null, null, null, null, null, null, null, null, null, null, null, null, null, null, null, null, null, null, null, null, null, null, null, null, null, null, null, null, null, null, '1', '0', null, null, null, null, null, null, null, null, null, null, '0', '0', '1');
INSERT INTO `tb_person` VALUES (null, '59048', null, null, '59048', null, 'ปรียานุช', null, 'ลาวตุม', null, null, null, 'f', null, null, null, null, null, null, null, null, null, null, null, null, null, null, '1', null, null, null, '', null, null, null, null, null, null, null, null, null, null, null, null, null, null, null, null, null, null, null, null, null, null, null, null, null, null, null, null, null, null, null, null, null, null, null, null, null, null, null, null, null, null, null, null, null, null, null, '1', '0', null, null, null, null, null, null, null, null, null, null, '0', '0', '1');
INSERT INTO `tb_person` VALUES (null, '59049', null, null, '59049', null, 'ธินัสนันท์', null, 'สารทอง', null, null, null, 'f', null, null, null, null, null, null, null, null, null, null, null, null, null, null, '1', null, null, null, '', null, null, null, null, null, null, null, null, null, null, null, null, null, null, null, null, null, null, null, null, null, null, null, null, null, null, null, null, null, null, null, null, null, null, null, null, null, null, null, null, null, null, null, null, null, null, null, '1', '0', null, null, null, null, null, null, null, null, null, null, '0', '0', '1');
INSERT INTO `tb_person` VALUES (null, '59050', null, null, '59050', null, 'สุทธิดา', null, 'ทองอินปัน', null, null, null, 'f', null, null, null, null, null, null, null, null, null, null, null, null, null, null, '1', null, null, null, '', null, null, null, null, null, null, null, null, null, null, null, null, null, null, null, null, null, null, null, null, null, null, null, null, null, null, null, null, null, null, null, null, null, null, null, null, null, null, null, null, null, null, null, null, null, null, null, '1', '0', null, null, null, null, null, null, null, null, null, null, '0', '0', '1');
INSERT INTO `tb_person` VALUES (null, '59051', null, null, '59051', null, 'ณัฐธยาน์', null, 'พุทธปาจารย์', null, null, null, 'f', null, null, null, null, null, null, null, null, null, null, null, null, null, null, '1', null, null, null, '', null, null, null, null, null, null, null, null, null, null, null, null, null, null, null, null, null, null, null, null, null, null, null, null, null, null, null, null, null, null, null, null, null, null, null, null, null, null, null, null, null, null, null, null, null, null, null, '1', '0', null, null, null, null, null, null, null, null, null, null, '0', '0', '1');
INSERT INTO `tb_person` VALUES (null, '20041', null, null, '20041', null, 'ลัดดาวัลย์', null, 'สิงห์คำฟู', null, null, null, 'f', null, null, null, null, null, null, null, null, null, null, null, null, null, null, '1', null, null, null, '', null, null, null, null, null, null, null, null, null, null, null, null, null, null, null, null, null, null, null, null, null, null, null, null, null, null, null, null, null, null, null, null, null, null, null, null, null, null, null, null, null, null, null, null, null, null, null, '1', '0', null, null, null, null, null, null, null, null, null, null, '0', '0', '1');
INSERT INTO `tb_person` VALUES (null, '59053', null, null, '59053', null, 'พิมพ์พิสุทธิ์', null, 'อินธิทา', null, null, null, 'f', null, null, null, null, null, null, null, null, null, null, null, null, null, null, '1', null, null, null, '', null, null, null, null, null, null, null, null, null, null, null, null, null, null, null, null, null, null, null, null, null, null, null, null, null, null, null, null, null, null, null, null, null, null, null, null, null, null, null, null, null, null, null, null, null, null, null, '1', '0', null, null, null, null, null, null, null, null, null, null, '0', '0', '1');
INSERT INTO `tb_person` VALUES (null, '59054', null, null, '59054', null, 'สาริศา', null, 'สมโน', null, null, null, 'f', null, null, null, null, null, null, null, null, null, null, null, null, null, null, '1', null, null, null, '', null, null, null, null, null, null, null, null, null, null, null, null, null, null, null, null, null, null, null, null, null, null, null, null, null, null, null, null, null, null, null, null, null, null, null, null, null, null, null, null, null, null, null, null, null, null, null, '1', '0', null, null, null, null, null, null, null, null, null, null, '0', '0', '1');
INSERT INTO `tb_person` VALUES (null, '61049', null, null, '61049', null, 'สุภกร', null, 'ฉัตรอุทัย', null, null, null, 'm', null, null, null, null, null, null, null, null, null, null, null, null, null, null, '1', null, null, null, '', null, null, null, null, null, null, null, null, null, null, null, null, null, null, null, null, null, null, null, null, null, null, null, null, null, null, null, null, null, null, null, null, null, null, null, null, null, null, null, null, null, null, null, null, null, null, null, '1', '0', null, null, null, null, null, null, null, null, null, null, '0', '0', '1');
INSERT INTO `tb_person` VALUES (null, '59056', null, null, '59056', null, 'นรินทร์ทิพย์', null, 'จันตาบุญ', null, null, null, 'f', null, null, null, null, null, null, null, null, null, null, null, null, null, null, '1', null, null, null, '', null, null, null, null, null, null, null, null, null, null, null, null, null, null, null, null, null, null, null, null, null, null, null, null, null, null, null, null, null, null, null, null, null, null, null, null, null, null, null, null, null, null, null, null, null, null, null, '1', '0', null, null, null, null, null, null, null, null, null, null, '0', '0', '1');
INSERT INTO `tb_person` VALUES (null, '62034', null, null, '62034', null, 'สิทธิธิวัชช์', null, 'ตงเล็ก', null, null, null, 'm', null, null, null, null, null, null, null, null, null, null, null, null, null, null, '1', null, null, null, '', null, null, null, null, null, null, null, null, null, null, null, null, null, null, null, null, null, null, null, null, null, null, null, null, null, null, null, null, null, null, null, null, null, null, null, null, null, null, null, null, null, null, null, null, null, null, null, '1', '0', null, null, null, null, null, null, null, null, null, null, '0', '0', '1');
INSERT INTO `tb_person` VALUES (null, '59060', null, null, '59060', null, 'รัตนาภรณ์', null, 'วรรณรินทร์', null, null, null, 'f', null, null, null, null, null, null, null, null, null, null, null, null, null, null, '1', null, null, null, '', null, null, null, null, null, null, null, null, null, null, null, null, null, null, null, null, null, null, null, null, null, null, null, null, null, null, null, null, null, null, null, null, null, null, null, null, null, null, null, null, null, null, null, null, null, null, null, '1', '0', null, null, null, null, null, null, null, null, null, null, '0', '0', '1');
INSERT INTO `tb_person` VALUES (null, '59061', null, null, '59061', null, 'อรทัย', null, 'เครื่องคำ', null, null, null, 'f', null, null, null, null, null, null, null, null, null, null, null, null, null, null, '1', null, null, null, '', null, null, null, null, null, null, null, null, null, null, null, null, null, null, null, null, null, null, null, null, null, null, null, null, null, null, null, null, null, null, null, null, null, null, null, null, null, null, null, null, null, null, null, null, null, null, null, '1', '0', null, null, null, null, null, null, null, null, null, null, '0', '0', '1');
INSERT INTO `tb_person` VALUES (null, '59062', null, null, '59062', null, 'ธนากิต', null, 'อูปแปง', null, null, null, 'm', null, null, null, null, null, null, null, null, null, null, null, null, null, null, '1', null, null, null, '', null, null, null, null, null, null, null, null, null, null, null, null, null, null, null, null, null, null, null, null, null, null, null, null, null, null, null, null, null, null, null, null, null, null, null, null, null, null, null, null, null, null, null, null, null, null, null, '1', '0', null, null, null, null, null, null, null, null, null, null, '0', '0', '1');
INSERT INTO `tb_person` VALUES (null, '61048', null, null, '61048', null, 'ศุภาพิชญ์', null, 'ขจรโมทย์', null, null, null, 'f', null, null, null, null, null, null, null, null, null, null, null, null, null, null, '1', null, null, null, '', null, null, null, null, null, null, null, null, null, null, null, null, null, null, null, null, null, null, null, null, null, null, null, null, null, null, null, null, null, null, null, null, null, null, null, null, null, null, null, null, null, null, null, null, null, null, null, '1', '0', null, null, null, null, null, null, null, null, null, null, '0', '0', '1');
INSERT INTO `tb_person` VALUES (null, '61047', null, null, '61047', null, 'ฐิตินันท์', null, 'ชัยกุลเสรีวัฒน์', null, null, null, 'm', null, null, null, null, null, null, null, null, null, null, null, null, null, null, '1', null, null, null, '', null, null, null, null, null, null, null, null, null, null, null, null, null, null, null, null, null, null, null, null, null, null, null, null, null, null, null, null, null, null, null, null, null, null, null, null, null, null, null, null, null, null, null, null, null, null, null, '1', '0', null, null, null, null, null, null, null, null, null, null, '0', '0', '1');
INSERT INTO `tb_person` VALUES (null, '59065', null, null, '59065', null, 'อัญชลี', null, 'ชวนประเสริฐ', null, null, null, 'f', null, null, null, null, null, null, null, null, null, null, null, null, null, null, '1', null, null, null, '', null, null, null, null, null, null, null, null, null, null, null, null, null, null, null, null, null, null, null, null, null, null, null, null, null, null, null, null, null, null, null, null, null, null, null, null, null, null, null, null, null, null, null, null, null, null, null, '1', '0', null, null, null, null, null, null, null, null, null, null, '0', '0', '1');
INSERT INTO `tb_person` VALUES (null, '60001', null, null, '60001', null, 'ภัทรสุดา', null, 'เหมืองจา', null, null, null, 'f', null, null, null, null, null, null, null, null, null, null, null, null, null, null, '1', null, null, null, '', null, null, null, null, null, null, null, null, null, null, null, null, null, null, null, null, null, null, null, null, null, null, null, null, null, null, null, null, null, null, null, null, null, null, null, null, null, null, null, null, null, null, null, null, null, null, null, '1', '0', null, null, null, null, null, null, null, null, null, null, '0', '0', '1');
INSERT INTO `tb_person` VALUES (null, '60002', null, null, '60002', null, 'วัชรินทร์', null, 'บุญเทพ', null, null, null, 'm', null, null, null, null, null, null, null, null, null, null, null, null, null, null, '1', null, null, null, '', null, null, null, null, null, null, null, null, null, null, null, null, null, null, null, null, null, null, null, null, null, null, null, null, null, null, null, null, null, null, null, null, null, null, null, null, null, null, null, null, null, null, null, null, null, null, null, '1', '0', null, null, null, null, null, null, null, null, null, null, '0', '0', '1');
INSERT INTO `tb_person` VALUES (null, '61045', null, null, '61045', null, 'กรกนก', null, 'วงศ์ศิลา', null, null, null, 'f', null, null, null, null, null, null, null, null, null, null, null, null, null, null, '1', null, null, null, '', null, null, null, null, null, null, null, null, null, null, null, null, null, null, null, null, null, null, null, null, null, null, null, null, null, null, null, null, null, null, null, null, null, null, null, null, null, null, null, null, null, null, null, null, null, null, null, '1', '0', null, null, null, null, null, null, null, null, null, null, '0', '0', '1');
INSERT INTO `tb_person` VALUES (null, '62038', null, null, '62038', null, 'วาริสา', null, 'กันตศรี', null, null, null, 'f', null, null, null, null, null, null, null, null, null, null, null, null, null, null, '1', null, null, null, '', null, null, null, null, null, null, null, null, null, null, null, null, null, null, null, null, null, null, null, null, null, null, null, null, null, null, null, null, null, null, null, null, null, null, null, null, null, null, null, null, null, null, null, null, null, null, null, '1', '0', null, null, null, null, null, null, null, null, null, null, '0', '0', '1');
INSERT INTO `tb_person` VALUES (null, '60005', null, null, '60005', null, 'ทนันต์', null, 'นันตากาศ', null, null, null, 'm', null, null, null, null, null, null, null, null, null, null, null, null, null, null, '1', null, null, null, '', null, null, null, null, null, null, null, null, null, null, null, null, null, null, null, null, null, null, null, null, null, null, null, null, null, null, null, null, null, null, null, null, null, null, null, null, null, null, null, null, null, null, null, null, null, null, null, '1', '0', null, null, null, null, null, null, null, null, null, null, '0', '0', '1');
INSERT INTO `tb_person` VALUES (null, '62032', null, null, '62032', null, 'นภาพร', null, 'อินสิงห์', null, null, null, 'f', null, null, null, null, null, null, null, null, null, null, null, null, null, null, '1', null, null, null, '', null, null, null, null, null, null, null, null, null, null, null, null, null, null, null, null, null, null, null, null, null, null, null, null, null, null, null, null, null, null, null, null, null, null, null, null, null, null, null, null, null, null, null, null, null, null, null, '1', '0', null, null, null, null, null, null, null, null, null, null, '0', '0', '1');
INSERT INTO `tb_person` VALUES (null, '60008', null, null, '60008', null, 'สตรีรัตน์', null, 'ภัทรวรตระกูล', null, null, null, 'f', null, null, null, null, null, null, null, null, null, null, null, null, null, null, '1', null, null, null, '', null, null, null, null, null, null, null, null, null, null, null, null, null, null, null, null, null, null, null, null, null, null, null, null, null, null, null, null, null, null, null, null, null, null, null, null, null, null, null, null, null, null, null, null, null, null, null, '1', '0', null, null, null, null, null, null, null, null, null, null, '0', '0', '1');
INSERT INTO `tb_person` VALUES (null, '60009', null, null, '60009', null, 'จุฬาลักษณ์', null, 'ใหม่พรม', null, null, null, 'f', null, null, null, null, null, null, null, null, null, null, null, null, null, null, '1', null, null, null, '', null, null, null, null, null, null, null, null, null, null, null, null, null, null, null, null, null, null, null, null, null, null, null, null, null, null, null, null, null, null, null, null, null, null, null, null, null, null, null, null, null, null, null, null, null, null, null, '1', '0', null, null, null, null, null, null, null, null, null, null, '0', '0', '1');
INSERT INTO `tb_person` VALUES (null, '60010', null, null, '60010', null, 'เสาวลักษณ์', null, 'สุขระแหง', null, null, null, 'f', null, null, null, null, null, null, null, null, null, null, null, null, null, null, '1', null, null, null, '', null, null, null, null, null, null, null, null, null, null, null, null, null, null, null, null, null, null, null, null, null, null, null, null, null, null, null, null, null, null, null, null, null, null, null, null, null, null, null, null, null, null, null, null, null, null, null, '1', '0', null, null, null, null, null, null, null, null, null, null, '0', '0', '1');
INSERT INTO `tb_person` VALUES (null, '61044', null, null, '61044', null, 'วิภาดา', null, 'สุริยา', null, null, null, 'f', null, null, null, null, null, null, null, null, null, null, null, null, null, null, '1', null, null, null, '', null, null, null, null, null, null, null, null, null, null, null, null, null, null, null, null, null, null, null, null, null, null, null, null, null, null, null, null, null, null, null, null, null, null, null, null, null, null, null, null, null, null, null, null, null, null, null, '1', '0', null, null, null, null, null, null, null, null, null, null, '0', '0', '1');
INSERT INTO `tb_person` VALUES (null, '60012', null, null, '60012', null, 'นาริชา', null, 'จอมขันเงิน', null, null, null, 'f', null, null, null, null, null, null, null, null, null, null, null, null, null, null, '1', null, null, null, '', null, null, null, null, null, null, null, null, null, null, null, null, null, null, null, null, null, null, null, null, null, null, null, null, null, null, null, null, null, null, null, null, null, null, null, null, null, null, null, null, null, null, null, null, null, null, null, '1', '0', null, null, null, null, null, null, null, null, null, null, '0', '0', '1');
INSERT INTO `tb_person` VALUES ('', '61043', null, null, '61043', null, 'สมหญิง', null, 'ดำนิล', null, null, null, 'f', null, null, null, null, null, null, null, null, null, null, null, null, null, null, '1', null, null, null, '', null, null, null, null, null, null, null, null, null, null, null, null, null, null, null, null, null, null, null, null, null, null, null, null, null, null, null, null, null, null, null, null, null, null, null, null, null, null, null, null, null, null, null, null, null, null, null, '1', '0', null, null, null, null, null, null, null, null, null, null, '0', '0', '1');
INSERT INTO `tb_person` VALUES (null, '60016', null, null, '60016', null, 'เอกรินทร์', null, 'ศุภตระกูล', null, null, null, 'm', null, null, null, null, null, null, null, null, null, null, null, null, null, null, '1', null, null, null, '', null, null, null, null, null, null, null, null, null, null, null, null, null, null, null, null, null, null, null, null, null, null, null, null, null, null, null, null, null, null, null, null, null, null, null, null, null, null, null, null, null, null, null, null, null, null, null, '1', '0', null, null, null, null, null, null, null, null, null, null, '0', '0', '1');
INSERT INTO `tb_person` VALUES (null, '60017', null, null, '60017', null, 'ภัทรพล', null, 'หลวงแสน', null, null, null, 'm', null, null, null, null, null, null, null, null, null, null, null, null, null, null, '1', null, null, null, '', null, null, null, null, null, null, null, null, null, null, null, null, null, null, null, null, null, null, null, null, null, null, null, null, null, null, null, null, null, null, null, null, null, null, null, null, null, null, null, null, null, null, null, null, null, null, null, '1', '0', null, null, null, null, null, null, null, null, null, null, '0', '0', '1');
INSERT INTO `tb_person` VALUES (null, '60018', null, null, '60018', null, 'จิราพร', null, 'ต๊ะเสน', null, null, null, 'f', null, null, null, null, null, null, null, null, null, null, null, null, null, null, '1', null, null, null, '', null, null, null, null, null, null, null, null, null, null, null, null, null, null, null, null, null, null, null, null, null, null, null, null, null, null, null, null, null, null, null, null, null, null, null, null, null, null, null, null, null, null, null, null, null, null, null, '1', '0', null, null, null, null, null, null, null, null, null, null, '0', '0', '1');
INSERT INTO `tb_person` VALUES (null, '60019', null, null, '60019', null, 'ติณณภพ', null, 'กันตพัชญ์', null, null, null, 'm', null, null, null, null, null, null, null, null, null, null, null, null, null, null, '1', null, null, null, '', null, null, null, null, null, null, null, null, null, null, null, null, null, null, null, null, null, null, null, null, null, null, null, null, null, null, null, null, null, null, null, null, null, null, null, null, null, null, null, null, null, null, null, null, null, null, null, '1', '0', null, null, null, null, null, null, null, null, null, null, '0', '0', '1');
INSERT INTO `tb_person` VALUES (null, '62040', null, null, '62040', null, 'พิมพร', null, 'คำไส', null, null, null, 'f', null, null, null, null, null, null, null, null, null, null, null, null, null, null, '1', null, null, null, '', null, null, null, null, null, null, null, null, null, null, null, null, null, null, null, null, null, null, null, null, null, null, null, null, null, null, null, null, null, null, null, null, null, null, null, null, null, null, null, null, null, null, null, null, null, null, null, '1', '0', null, null, null, null, null, null, null, null, null, null, '0', '0', '1');
INSERT INTO `tb_person` VALUES (null, '60021', null, null, '60021', null, 'จิดาภา', null, 'พรหมปัญญา', null, null, null, 'f', null, null, null, null, null, null, null, null, null, null, null, null, null, null, '1', null, null, null, '', null, null, null, null, null, null, null, null, null, null, null, null, null, null, null, null, null, null, null, null, null, null, null, null, null, null, null, null, null, null, null, null, null, null, null, null, null, null, null, null, null, null, null, null, null, null, null, '1', '0', null, null, null, null, null, null, null, null, null, null, '0', '0', '1');
INSERT INTO `tb_person` VALUES (null, '60023', null, null, '60023', null, 'ปราวิรัตน์', null, 'คิ้วดวงตา', null, null, null, 'f', null, null, null, null, null, null, null, null, null, null, null, null, null, null, '1', null, null, null, '', null, null, null, null, null, null, null, null, null, null, null, null, null, null, null, null, null, null, null, null, null, null, null, null, null, null, null, null, null, null, null, null, null, null, null, null, null, null, null, null, null, null, null, null, null, null, null, '1', '0', null, null, null, null, null, null, null, null, null, null, '0', '0', '1');
INSERT INTO `tb_person` VALUES (null, '60024', null, null, '60024', null, 'จิตติมาภรณ์', null, 'กันทะ', null, null, null, 'f', null, null, null, null, null, null, null, null, null, null, null, null, null, null, '1', null, null, null, '', null, null, null, null, null, null, null, null, null, null, null, null, null, null, null, null, null, null, null, null, null, null, null, null, null, null, null, null, null, null, null, null, null, null, null, null, null, null, null, null, null, null, null, null, null, null, null, '1', '0', null, null, null, null, null, null, null, null, null, null, '0', '0', '1');
INSERT INTO `tb_person` VALUES (null, '60026', null, null, '60026', null, 'คณิน', null, 'กาวิชัย', null, null, null, 'm', null, null, null, null, null, null, null, null, null, null, null, null, null, null, '1', null, null, null, '', null, null, null, null, null, null, null, null, null, null, null, null, null, null, null, null, null, null, null, null, null, null, null, null, null, null, null, null, null, null, null, null, null, null, null, null, null, null, null, null, null, null, null, null, null, null, null, '1', '0', null, null, null, null, null, null, null, null, null, null, '0', '0', '1');
INSERT INTO `tb_person` VALUES (null, '60027', null, null, '60027', null, 'ไมตรี', null, 'พึ่งวิทยาธร', null, null, null, 'm', null, null, null, null, null, null, null, null, null, null, null, null, null, null, '1', null, null, null, '', null, null, null, null, null, null, null, null, null, null, null, null, null, null, null, null, null, null, null, null, null, null, null, null, null, null, null, null, null, null, null, null, null, null, null, null, null, null, null, null, null, null, null, null, null, null, null, '1', '0', null, null, null, null, null, null, null, null, null, null, '0', '0', '1');
INSERT INTO `tb_person` VALUES (null, 'siripong', null, null, 'siripong', null, 'ศิริพงค์', null, 'เชี่ยวชาญธนกิจ', null, null, null, 'm', null, null, null, null, null, null, null, null, null, null, null, null, null, null, '1', null, null, null, '', null, null, null, null, null, null, null, null, null, null, null, null, null, null, null, null, null, null, null, null, null, null, null, null, null, null, null, null, null, null, null, null, null, null, null, null, null, null, null, null, null, null, null, null, null, null, null, '1', '0', null, null, null, null, null, null, null, null, null, null, '0', '0', '1');
INSERT INTO `tb_person` VALUES (null, '60029', null, null, '60029', null, 'สุพรรษา', null, 'มารอด', null, null, null, 'f', null, null, null, null, null, null, null, null, null, null, null, null, null, null, '1', null, null, null, '', null, null, null, null, null, null, null, null, null, null, null, null, null, null, null, null, null, null, null, null, null, null, null, null, null, null, null, null, null, null, null, null, null, null, null, null, null, null, null, null, null, null, null, null, null, null, null, '1', '0', null, null, null, null, null, null, null, null, null, null, '0', '0', '1');
INSERT INTO `tb_person` VALUES (null, '60030', null, null, '60030', null, 'พิมลดา', null, 'ไชยศิริ', null, null, null, 'f', null, null, null, null, null, null, null, null, null, null, null, null, null, null, '1', null, null, null, '', null, null, null, null, null, null, null, null, null, null, null, null, null, null, null, null, null, null, null, null, null, null, null, null, null, null, null, null, null, null, null, null, null, null, null, null, null, null, null, null, null, null, null, null, null, null, null, '1', '0', null, null, null, null, null, null, null, null, null, null, '0', '0', '1');
INSERT INTO `tb_person` VALUES (null, '61041', null, null, '61041', null, 'พิมลพรรณ', null, 'รัตนพัฒนากุล', null, null, null, 'f', null, null, null, null, null, null, null, null, null, null, null, null, null, null, '1', null, null, null, '', null, null, null, null, null, null, null, null, null, null, null, null, null, null, null, null, null, null, null, null, null, null, null, null, null, null, null, null, null, null, null, null, null, null, null, null, null, null, null, null, null, null, null, null, null, null, null, '1', '0', null, null, null, null, null, null, null, null, null, null, '0', '0', '1');
INSERT INTO `tb_person` VALUES (null, '60032', null, null, '60032', null, 'พัชราภรณ์', null, 'พุทธิมา', null, null, null, 'f', null, null, null, null, null, null, null, null, null, null, null, null, null, null, '1', null, null, null, '', null, null, null, null, null, null, null, null, null, null, null, null, null, null, null, null, null, null, null, null, null, null, null, null, null, null, null, null, null, null, null, null, null, null, null, null, null, null, null, null, null, null, null, null, null, null, null, '1', '0', null, null, null, null, null, null, null, null, null, null, '0', '0', '1');
INSERT INTO `tb_person` VALUES (null, '61039', null, null, '61039', null, 'สุทธิชา', null, 'วีระวงศ์', null, null, null, 'f', null, null, null, null, null, null, null, null, null, null, null, null, null, null, '1', null, null, null, '', null, null, null, null, null, null, null, null, null, null, null, null, null, null, null, null, null, null, null, null, null, null, null, null, null, null, null, null, null, null, null, null, null, null, null, null, null, null, null, null, null, null, null, null, null, null, null, '1', '0', null, null, null, null, null, null, null, null, null, null, '0', '0', '1');
INSERT INTO `tb_person` VALUES (null, '60034', null, null, '60034', null, 'นัฐชัย', null, 'โพธิ์รอด', null, null, null, 'm', null, null, null, null, null, null, null, null, null, null, null, null, null, null, '1', null, null, null, '', null, null, null, null, null, null, null, null, null, null, null, null, null, null, null, null, null, null, null, null, null, null, null, null, null, null, null, null, null, null, null, null, null, null, null, null, null, null, null, null, null, null, null, null, null, null, null, '1', '0', null, null, null, null, null, null, null, null, null, null, '0', '0', '1');
INSERT INTO `tb_person` VALUES (null, '60035', null, null, '60035', null, 'ธันยนัช', null, 'ทุนอินทร์', null, null, null, 'f', null, null, null, null, null, null, null, null, null, null, null, null, null, null, '1', null, null, null, '', null, null, null, null, null, null, null, null, null, null, null, null, null, null, null, null, null, null, null, null, null, null, null, null, null, null, null, null, null, null, null, null, null, null, null, null, null, null, null, null, null, null, null, null, null, null, null, '1', '0', null, null, null, null, null, null, null, null, null, null, '0', '0', '1');
INSERT INTO `tb_person` VALUES (null, '60037', null, null, '60037', null, 'ภาสินี', null, 'ปู่ปา', null, null, null, 'f', null, null, null, null, null, null, null, null, null, null, null, null, null, null, '1', null, null, null, '', null, null, null, null, null, null, null, null, null, null, null, null, null, null, null, null, null, null, null, null, null, null, null, null, null, null, null, null, null, null, null, null, null, null, null, null, null, null, null, null, null, null, null, null, null, null, null, '1', '0', null, null, null, null, null, null, null, null, null, null, '0', '0', '1');
INSERT INTO `tb_person` VALUES (null, '60038', null, null, '60038', null, 'สีรีรัตน์', null, 'มณฑนม', null, null, null, 'f', null, null, null, null, null, null, null, null, null, null, null, null, null, null, '1', null, null, null, '', null, null, null, null, null, null, null, null, null, null, null, null, null, null, null, null, null, null, null, null, null, null, null, null, null, null, null, null, null, null, null, null, null, null, null, null, null, null, null, null, null, null, null, null, null, null, null, '1', '0', null, null, null, null, null, null, null, null, null, null, '0', '0', '1');
INSERT INTO `tb_person` VALUES (null, '61038', null, null, '61038', null, 'นันท์นภัส', null, 'ร่องดุสิต', null, null, null, 'f', null, null, null, null, null, null, null, null, null, null, null, null, null, null, '1', null, null, null, '', null, null, null, null, null, null, null, null, null, null, null, null, null, null, null, null, null, null, null, null, null, null, null, null, null, null, null, null, null, null, null, null, null, null, null, null, null, null, null, null, null, null, null, null, null, null, null, '1', '0', null, null, null, null, null, null, null, null, null, null, '0', '0', '1');
INSERT INTO `tb_person` VALUES (null, '60042', null, null, '60042', null, 'ณัฐชยา', null, 'สุทาชัย', null, null, null, 'f', null, null, null, null, null, null, null, null, null, null, null, null, null, null, '1', null, null, null, '', null, null, null, null, null, null, null, null, null, null, null, null, null, null, null, null, null, null, null, null, null, null, null, null, null, null, null, null, null, null, null, null, null, null, null, null, null, null, null, null, null, null, null, null, null, null, null, '1', '0', null, null, null, null, null, null, null, null, null, null, '0', '0', '1');
INSERT INTO `tb_person` VALUES (null, '60043', null, null, '60043', null, 'อธิชาภัสร์', null, 'จันทร์เส็ง', null, null, null, 'f', null, null, null, null, null, null, null, null, null, null, null, null, null, null, '1', null, null, null, '', null, null, null, null, null, null, null, null, null, null, null, null, null, null, null, null, null, null, null, null, null, null, null, null, null, null, null, null, null, null, null, null, null, null, null, null, null, null, null, null, null, null, null, null, null, null, null, '1', '0', null, null, null, null, null, null, null, null, null, null, '0', '0', '1');
INSERT INTO `tb_person` VALUES (null, '60044', null, null, '60044', null, 'รุ้งลาวัลย์', null, 'สุนทร', null, null, null, 'f', null, null, null, null, null, null, null, null, null, null, null, null, null, null, '1', null, null, null, '', null, null, null, null, null, null, null, null, null, null, null, null, null, null, null, null, null, null, null, null, null, null, null, null, null, null, null, null, null, null, null, null, null, null, null, null, null, null, null, null, null, null, null, null, null, null, null, '1', '0', null, null, null, null, null, null, null, null, null, null, '0', '0', '1');
INSERT INTO `tb_person` VALUES (null, '60045', null, null, '60045', null, 'ภัทรกร', null, 'ดำรงไชย', null, null, null, 'f', null, null, null, null, null, null, null, null, null, null, null, null, null, null, '1', null, null, null, '', null, null, null, null, null, null, null, null, null, null, null, null, null, null, null, null, null, null, null, null, null, null, null, null, null, null, null, null, null, null, null, null, null, null, null, null, null, null, null, null, null, null, null, null, null, null, null, '1', '0', null, null, null, null, null, null, null, null, null, null, '0', '0', '1');
INSERT INTO `tb_person` VALUES (null, '60046', null, null, '60046', null, 'ใกล้รุ่ง', null, 'วิวัฒน์ชัยกุล', null, null, null, 'f', null, null, null, null, null, null, null, null, null, null, null, null, null, null, '1', null, null, null, '', null, null, null, null, null, null, null, null, null, null, null, null, null, null, null, null, null, null, null, null, null, null, null, null, null, null, null, null, null, null, null, null, null, null, null, null, null, null, null, null, null, null, null, null, null, null, null, '1', '0', null, null, null, null, null, null, null, null, null, null, '0', '0', '1');
INSERT INTO `tb_person` VALUES (null, '62031', null, null, '62031', null, 'สิริญา', null, 'จันกันธา', null, null, null, 'f', null, null, null, null, null, null, null, null, null, null, null, null, null, null, '1', null, null, null, '', null, null, null, null, null, null, null, null, null, null, null, null, null, null, null, null, null, null, null, null, null, null, null, null, null, null, null, null, null, null, null, null, null, null, null, null, null, null, null, null, null, null, null, null, null, null, null, '1', '0', null, null, null, null, null, null, null, null, null, null, '0', '0', '1');
INSERT INTO `tb_person` VALUES (null, '60048', null, null, '60048', null, 'วราภรณ์', null, 'เมฆลา', null, null, null, 'f', null, null, null, null, null, null, null, null, null, null, null, null, null, null, '1', null, null, null, '', null, null, null, null, null, null, null, null, null, null, null, null, null, null, null, null, null, null, null, null, null, null, null, null, null, null, null, null, null, null, null, null, null, null, null, null, null, null, null, null, null, null, null, null, null, null, null, '1', '0', null, null, null, null, null, null, null, null, null, null, '0', '0', '1');
INSERT INTO `tb_person` VALUES (null, '60049', null, null, '60049', null, 'กนกวรรณ', null, 'ตื่นถาวร', null, null, null, 'f', null, null, null, null, null, null, null, null, null, null, null, null, null, null, '1', null, null, null, '', null, null, null, null, null, null, null, null, null, null, null, null, null, null, null, null, null, null, null, null, null, null, null, null, null, null, null, null, null, null, null, null, null, null, null, null, null, null, null, null, null, null, null, null, null, null, null, '1', '0', null, null, null, null, null, null, null, null, null, null, '0', '0', '1');
INSERT INTO `tb_person` VALUES (null, '60050', null, null, '60050', null, 'อมรรัตน์', null, 'โดดาธรรม', null, null, null, 'f', null, null, null, null, null, null, null, null, null, null, null, null, null, null, '1', null, null, null, '', null, null, null, null, null, null, null, null, null, null, null, null, null, null, null, null, null, null, null, null, null, null, null, null, null, null, null, null, null, null, null, null, null, null, null, null, null, null, null, null, null, null, null, null, null, null, null, '1', '0', null, null, null, null, null, null, null, null, null, null, '0', '0', '1');
INSERT INTO `tb_person` VALUES (null, '60051', null, null, '60051', null, 'วรัญญา', null, 'ต่ายทา', null, null, null, 'f', null, null, null, null, null, null, null, null, null, null, null, null, null, null, '1', null, null, null, '', null, null, null, null, null, null, null, null, null, null, null, null, null, null, null, null, null, null, null, null, null, null, null, null, null, null, null, null, null, null, null, null, null, null, null, null, null, null, null, null, null, null, null, null, null, null, null, '1', '0', null, null, null, null, null, null, null, null, null, null, '0', '0', '1');
INSERT INTO `tb_person` VALUES (null, '60052', null, null, '60052', null, 'กมลทิพย์', null, 'ปัญญาทิพย์', null, null, null, 'f', null, null, null, null, null, null, null, null, null, null, null, null, null, null, '1', null, null, null, '', null, null, null, null, null, null, null, null, null, null, null, null, null, null, null, null, null, null, null, null, null, null, null, null, null, null, null, null, null, null, null, null, null, null, null, null, null, null, null, null, null, null, null, null, null, null, null, '1', '0', null, null, null, null, null, null, null, null, null, null, '0', '0', '1');
INSERT INTO `tb_person` VALUES (null, '60053', null, null, '60053', null, 'ธันย์ชนก', null, 'เฟืองคำ', null, null, null, 'f', null, null, null, null, null, null, null, null, null, null, null, null, null, null, '1', null, null, null, '', null, null, null, null, null, null, null, null, null, null, null, null, null, null, null, null, null, null, null, null, null, null, null, null, null, null, null, null, null, null, null, null, null, null, null, null, null, null, null, null, null, null, null, null, null, null, null, '1', '0', null, null, null, null, null, null, null, null, null, null, '0', '0', '1');
INSERT INTO `tb_person` VALUES (null, '62030', null, null, '62030', null, 'นุชนาฎ', null, 'เสนาธรรม', null, null, null, 'f', null, null, null, null, null, null, null, null, null, null, null, null, null, null, '1', null, null, null, '', null, null, null, null, null, null, null, null, null, null, null, null, null, null, null, null, null, null, null, null, null, null, null, null, null, null, null, null, null, null, null, null, null, null, null, null, null, null, null, null, null, null, null, null, null, null, null, '1', '0', null, null, null, null, null, null, null, null, null, null, '0', '0', '1');
INSERT INTO `tb_person` VALUES (null, 'lsinghak', null, null, 'lsinghak', null, 'ลัดดาวัลย์', null, 'สิงห์คำฟู', null, null, null, 'f', null, null, null, null, null, null, null, null, null, null, null, null, null, null, '1', null, null, null, '', null, null, null, null, null, null, null, null, null, null, null, null, null, null, null, null, null, null, null, null, null, null, null, null, null, null, null, null, null, null, null, null, null, null, null, null, null, null, null, null, null, null, null, null, null, null, null, '1', '0', null, null, null, null, null, null, null, null, null, null, '0', '0', '1');
INSERT INTO `tb_person` VALUES (null, 'nipa', null, null, 'nipa', null, 'นิภา', null, 'ภู่ปะวะโรทัย', null, null, null, 'f', null, null, null, null, null, null, null, null, null, null, null, null, null, null, '1', null, null, null, '', null, null, null, null, null, null, null, null, null, null, null, null, null, null, null, null, null, null, null, null, null, null, null, null, null, null, null, null, null, null, null, null, null, null, null, null, null, null, null, null, null, null, null, null, null, null, null, '1', '0', null, null, null, null, null, null, null, null, null, null, '0', '0', '1');
INSERT INTO `tb_person` VALUES (null, 'narisa', null, null, 'narisa', null, 'นริสา', null, 'ศรีบัณฑิตมงคล', null, null, null, 'f', null, null, null, null, null, null, null, null, null, null, null, null, null, null, '1', null, null, null, '', null, null, null, null, null, null, null, null, null, null, null, null, null, null, null, null, null, null, null, null, null, null, null, null, null, null, null, null, null, null, null, null, null, null, null, null, null, null, null, null, null, null, null, null, null, null, null, '1', '0', null, null, null, null, null, null, null, null, null, null, '0', '0', '1');
INSERT INTO `tb_person` VALUES (null, 'isuksawa', null, null, 'isuksawa', null, 'อิษฎางค์', null, 'สุขสวัสดิ์', null, null, null, 'f', null, null, null, null, null, null, null, null, null, null, null, null, null, null, '1', null, null, null, '', null, null, null, null, null, null, null, null, null, null, null, null, null, null, null, null, null, null, null, null, null, null, null, null, null, null, null, null, null, null, null, null, null, null, null, null, null, null, null, null, null, null, null, null, null, null, null, '1', '0', null, null, null, null, null, null, null, null, null, null, '0', '0', '1');
INSERT INTO `tb_person` VALUES (null, '61037', null, null, '61037', null, 'ประภาวรินทร์', null, 'ภูวเดชโภคนิษฐ์', null, null, null, 'f', null, null, null, null, null, null, null, null, null, null, null, null, null, null, '1', null, null, null, '', null, null, null, null, null, null, null, null, null, null, null, null, null, null, null, null, null, null, null, null, null, null, null, null, null, null, null, null, null, null, null, null, null, null, null, null, null, null, null, null, null, null, null, null, null, null, null, '1', '0', null, null, null, null, null, null, null, null, null, null, '0', '0', '1');
INSERT INTO `tb_person` VALUES (null, '61003', null, null, '61003', null, 'ศิพร', null, 'เตชะหมื่น', null, null, null, 'f', null, null, null, null, null, null, null, null, null, null, null, null, null, null, '1', null, null, null, '', null, null, null, null, null, null, null, null, null, null, null, null, null, null, null, null, null, null, null, null, null, null, null, null, null, null, null, null, null, null, null, null, null, null, null, null, null, null, null, null, null, null, null, null, null, null, null, '1', '0', null, null, null, null, null, null, null, null, null, null, '0', '0', '1');
INSERT INTO `tb_person` VALUES (null, '61004', null, null, '61004', null, 'จันทิรา', null, 'กาทองทุ่ง', null, null, null, 'f', null, null, null, null, null, null, null, null, null, null, null, null, null, null, '1', null, null, null, '', null, null, null, null, null, null, null, null, null, null, null, null, null, null, null, null, null, null, null, null, null, null, null, null, null, null, null, null, null, null, null, null, null, null, null, null, null, null, null, null, null, null, null, null, null, null, null, '1', '0', null, null, null, null, null, null, null, null, null, null, '0', '0', '1');
INSERT INTO `tb_person` VALUES (null, '61036', null, null, '61036', null, 'วิรุฬ', null, 'การเร็ว', null, null, null, 'm', null, null, null, null, null, null, null, null, null, null, null, null, null, null, '1', null, null, null, '', null, null, null, null, null, null, null, null, null, null, null, null, null, null, null, null, null, null, null, null, null, null, null, null, null, null, null, null, null, null, null, null, null, null, null, null, null, null, null, null, null, null, null, null, null, null, null, '1', '0', null, null, null, null, null, null, null, null, null, null, '0', '0', '1');
INSERT INTO `tb_person` VALUES (null, '61006', null, null, '61006', null, 'นพดล', null, 'อินตานวน', null, null, null, 'm', null, null, null, null, null, null, null, null, null, null, null, null, null, null, '1', null, null, null, '', null, null, null, null, null, null, null, null, null, null, null, null, null, null, null, null, null, null, null, null, null, null, null, null, null, null, null, null, null, null, null, null, null, null, null, null, null, null, null, null, null, null, null, null, null, null, null, '1', '0', null, null, null, null, null, null, null, null, null, null, '0', '0', '1');
INSERT INTO `tb_person` VALUES (null, '62029', null, null, '62029', null, 'แสงมณี', null, 'พรมติ๊บ', null, null, null, 'f', null, null, null, null, null, null, null, null, null, null, null, null, null, null, '1', null, null, null, '', null, null, null, null, null, null, null, null, null, null, null, null, null, null, null, null, null, null, null, null, null, null, null, null, null, null, null, null, null, null, null, null, null, null, null, null, null, null, null, null, null, null, null, null, null, null, null, '1', '0', null, null, null, null, null, null, null, null, null, null, '0', '0', '1');
INSERT INTO `tb_person` VALUES (null, '61008', null, null, '61008', null, 'รัชนีกร', null, 'แสนสุข', null, null, null, 'f', null, null, null, null, null, null, null, null, null, null, null, null, null, null, '1', null, null, null, '', null, null, null, null, null, null, null, null, null, null, null, null, null, null, null, null, null, null, null, null, null, null, null, null, null, null, null, null, null, null, null, null, null, null, null, null, null, null, null, null, null, null, null, null, null, null, null, '1', '0', null, null, null, null, null, null, null, null, null, null, '0', '0', '1');
INSERT INTO `tb_person` VALUES (null, '61035', null, null, '61035', null, 'ปิยณัฐ', null, 'คำดวงดาว', null, null, null, 'm', null, null, null, null, null, null, null, null, null, null, null, null, null, null, '1', null, null, null, '', null, null, null, null, null, null, null, null, null, null, null, null, null, null, null, null, null, null, null, null, null, null, null, null, null, null, null, null, null, null, null, null, null, null, null, null, null, null, null, null, null, null, null, null, null, null, null, '1', '0', null, null, null, null, null, null, null, null, null, null, '0', '0', '1');
INSERT INTO `tb_person` VALUES (null, '61011', null, null, '61011', null, 'ระมิงค์', null, 'เย็นจิตต์', null, null, null, 'm', null, null, null, null, null, null, null, null, null, null, null, null, null, null, '1', null, null, null, '', null, null, null, null, null, null, null, null, null, null, null, null, null, null, null, null, null, null, null, null, null, null, null, null, null, null, null, null, null, null, null, null, null, null, null, null, null, null, null, null, null, null, null, null, null, null, null, '1', '0', null, null, null, null, null, null, null, null, null, null, '0', '0', '1');
INSERT INTO `tb_person` VALUES (null, '61012', null, null, '61012', null, 'สุภาภรณ์', null, 'สังคำ', null, null, null, 'f', null, null, null, null, null, null, null, null, null, null, null, null, null, null, '1', null, null, null, '', null, null, null, null, null, null, null, null, null, null, null, null, null, null, null, null, null, null, null, null, null, null, null, null, null, null, null, null, null, null, null, null, null, null, null, null, null, null, null, null, null, null, null, null, null, null, null, '1', '0', null, null, null, null, null, null, null, null, null, null, '0', '0', '1');
INSERT INTO `tb_person` VALUES (null, '61013', null, null, '61013', null, 'อรทัย', null, 'คำใหม่', null, null, null, 'f', null, null, null, null, null, null, null, null, null, null, null, null, null, null, '1', null, null, null, '', null, null, null, null, null, null, null, null, null, null, null, null, null, null, null, null, null, null, null, null, null, null, null, null, null, null, null, null, null, null, null, null, null, null, null, null, null, null, null, null, null, null, null, null, null, null, null, '1', '0', null, null, null, null, null, null, null, null, null, null, '0', '0', '1');
INSERT INTO `tb_person` VALUES (null, '61015', null, null, '61015', null, 'ชลธิชา', null, 'ลืมกลืน', null, null, null, 'f', null, null, null, null, null, null, null, null, null, null, null, null, null, null, '1', null, null, null, '', null, null, null, null, null, null, null, null, null, null, null, null, null, null, null, null, null, null, null, null, null, null, null, null, null, null, null, null, null, null, null, null, null, null, null, null, null, null, null, null, null, null, null, null, null, null, null, '1', '0', null, null, null, null, null, null, null, null, null, null, '0', '0', '1');
INSERT INTO `tb_person` VALUES (null, '61016', null, null, '61016', null, 'รุ้งรวี', null, 'แสงเขียว', null, null, null, 'f', null, null, null, null, null, null, null, null, null, null, null, null, null, null, '1', null, null, null, '', null, null, null, null, null, null, null, null, null, null, null, null, null, null, null, null, null, null, null, null, null, null, null, null, null, null, null, null, null, null, null, null, null, null, null, null, null, null, null, null, null, null, null, null, null, null, null, '1', '0', null, null, null, null, null, null, null, null, null, null, '0', '0', '1');
INSERT INTO `tb_person` VALUES (null, '62028', null, null, '62028', null, 'สุพีรณัฐ', null, 'คำแผ่นชัย', null, null, null, 'f', null, null, null, null, null, null, null, null, null, null, null, null, null, null, '1', null, null, null, '', null, null, null, null, null, null, null, null, null, null, null, null, null, null, null, null, null, null, null, null, null, null, null, null, null, null, null, null, null, null, null, null, null, null, null, null, null, null, null, null, null, null, null, null, null, null, null, '1', '0', null, null, null, null, null, null, null, null, null, null, '0', '0', '1');
INSERT INTO `tb_person` VALUES (null, '61018', null, null, '61018', null, 'อธิป', null, 'น้อมศิริ', null, null, null, 'm', null, null, null, null, null, null, null, null, null, null, null, null, null, null, '1', null, null, null, '', null, null, null, null, null, null, null, null, null, null, null, null, null, null, null, null, null, null, null, null, null, null, null, null, null, null, null, null, null, null, null, null, null, null, null, null, null, null, null, null, null, null, null, null, null, null, null, '1', '0', null, null, null, null, null, null, null, null, null, null, '0', '0', '1');
INSERT INTO `tb_person` VALUES (null, '61019', null, null, '61019', null, 'เมธินี', null, 'จิตธรรม', null, null, null, 'f', null, null, null, null, null, null, null, null, null, null, null, null, null, null, '1', null, null, null, '', null, null, null, null, null, null, null, null, null, null, null, null, null, null, null, null, null, null, null, null, null, null, null, null, null, null, null, null, null, null, null, null, null, null, null, null, null, null, null, null, null, null, null, null, null, null, null, '1', '0', null, null, null, null, null, null, null, null, null, null, '0', '0', '1');
INSERT INTO `tb_person` VALUES (null, '61020', null, null, '61020', null, 'สุพัตรา', null, 'ติ๊ปปิน', null, null, null, 'f', null, null, null, null, null, null, null, null, null, null, null, null, null, null, '1', null, null, null, '', null, null, null, null, null, null, null, null, null, null, null, null, null, null, null, null, null, null, null, null, null, null, null, null, null, null, null, null, null, null, null, null, null, null, null, null, null, null, null, null, null, null, null, null, null, null, null, '1', '0', null, null, null, null, null, null, null, null, null, null, '0', '0', '1');
INSERT INTO `tb_person` VALUES (null, '61033', null, null, '61033', null, 'รุ่งทิพย์', null, 'บุญเรือง', null, null, null, 'f', null, null, null, null, null, null, null, null, null, null, null, null, null, null, '1', null, null, null, '', null, null, null, null, null, null, null, null, null, null, null, null, null, null, null, null, null, null, null, null, null, null, null, null, null, null, null, null, null, null, null, null, null, null, null, null, null, null, null, null, null, null, null, null, null, null, null, '1', '0', null, null, null, null, null, null, null, null, null, null, '0', '0', '1');
INSERT INTO `tb_person` VALUES (null, '61022', null, null, '61022', null, 'นัฐพงษ์', null, 'ยาสมุทร', null, null, null, 'm', null, null, null, null, null, null, null, null, null, null, null, null, null, null, '1', null, null, null, '', null, null, null, null, null, null, null, null, null, null, null, null, null, null, null, null, null, null, null, null, null, null, null, null, null, null, null, null, null, null, null, null, null, null, null, null, null, null, null, null, null, null, null, null, null, null, null, '1', '0', null, null, null, null, null, null, null, null, null, null, '0', '0', '1');
INSERT INTO `tb_person` VALUES (null, '61032', null, null, '61032', null, 'สุจริตพรรณ', null, 'ใจเป็ง', null, null, null, 'f', null, null, null, null, null, null, null, null, null, null, null, null, null, null, '1', null, null, null, '', null, null, null, null, null, null, null, null, null, null, null, null, null, null, null, null, null, null, null, null, null, null, null, null, null, null, null, null, null, null, null, null, null, null, null, null, null, null, null, null, null, null, null, null, null, null, null, '1', '0', null, null, null, null, null, null, null, null, null, null, '0', '0', '1');
INSERT INTO `tb_person` VALUES (null, '61024', null, null, '61024', null, 'นิตยา', null, 'เสนนะ', null, null, null, 'f', null, null, null, null, null, null, null, null, null, null, null, null, null, null, '1', null, null, null, '', null, null, null, null, null, null, null, null, null, null, null, null, null, null, null, null, null, null, null, null, null, null, null, null, null, null, null, null, null, null, null, null, null, null, null, null, null, null, null, null, null, null, null, null, null, null, null, '1', '0', null, null, null, null, null, null, null, null, null, null, '0', '0', '1');
INSERT INTO `tb_person` VALUES (null, '61028', null, null, '61028', null, 'พัชราภรณ์', null, 'เลายี่ปา', null, null, null, 'f', null, null, null, null, null, null, null, null, null, null, null, null, null, null, '1', null, null, null, '', null, null, null, null, null, null, null, null, null, null, null, null, null, null, null, null, null, null, null, null, null, null, null, null, null, null, null, null, null, null, null, null, null, null, null, null, null, null, null, null, null, null, null, null, null, null, null, '1', '0', null, null, null, null, null, null, null, null, null, null, '0', '0', '1');
INSERT INTO `tb_person` VALUES (null, '61026', null, null, '61026', null, 'ภัทรวรรณ', null, 'วรวัฒน์วิจิตร', null, null, null, 'f', null, null, null, null, null, null, null, null, null, null, null, null, null, null, '1', null, null, null, '', null, null, null, null, null, null, null, null, null, null, null, null, null, null, null, null, null, null, null, null, null, null, null, null, null, null, null, null, null, null, null, null, null, null, null, null, null, null, null, null, null, null, null, null, null, null, null, '1', '0', null, null, null, null, null, null, null, null, null, null, '0', '0', '1');
INSERT INTO `tb_person` VALUES (null, '61034', null, null, '61034', null, 'ชรินทร์', null, 'อินทไชย', null, null, null, 'm', null, null, null, null, null, null, null, null, null, null, null, null, null, null, '1', null, null, null, '', null, null, null, null, null, null, null, null, null, null, null, null, null, null, null, null, null, null, null, null, null, null, null, null, null, null, null, null, null, null, null, null, null, null, null, null, null, null, null, null, null, null, null, null, null, null, null, '1', '0', null, null, null, null, null, null, null, null, null, null, '0', '0', '1');
INSERT INTO `tb_person` VALUES (null, '62007', null, null, '62007', null, 'กัญญาณัฐ', null, 'พุทธิมา', null, null, null, 'f', null, null, null, null, null, null, null, null, null, null, null, null, null, null, '1', null, null, null, '', null, null, null, null, null, null, null, null, null, null, null, null, null, null, null, null, null, null, null, null, null, null, null, null, null, null, null, null, null, null, null, null, null, null, null, null, null, null, null, null, null, null, null, null, null, null, null, '1', '0', null, null, null, null, null, null, null, null, null, null, '0', '0', '1');
INSERT INTO `tb_person` VALUES (null, '62008', null, null, '62008', null, 'ธวัชชัย', null, 'ต่อคำอ้าย', null, null, null, 'm', null, null, null, null, null, null, null, null, null, null, null, null, null, null, '1', null, null, null, '', null, null, null, null, null, null, null, null, null, null, null, null, null, null, null, null, null, null, null, null, null, null, null, null, null, null, null, null, null, null, null, null, null, null, null, null, null, null, null, null, null, null, null, null, null, null, null, '1', '0', null, null, null, null, null, null, null, null, null, null, '0', '0', '1');
INSERT INTO `tb_person` VALUES (null, '62009', null, null, '62009', null, 'กัญชญารัตน์', null, 'คำมา', null, null, null, 'f', null, null, null, null, null, null, null, null, null, null, null, null, null, null, '1', null, null, null, '', null, null, null, null, null, null, null, null, null, null, null, null, null, null, null, null, null, null, null, null, null, null, null, null, null, null, null, null, null, null, null, null, null, null, null, null, null, null, null, null, null, null, null, null, null, null, null, '1', '0', null, null, null, null, null, null, null, null, null, null, '0', '0', '1');
INSERT INTO `tb_person` VALUES (null, '62039', null, null, '62039', null, 'เตือนใจ', null, 'ยกยอดี', null, null, null, 'f', null, null, null, null, null, null, null, null, null, null, null, null, null, null, '1', null, null, null, '', null, null, null, null, null, null, null, null, null, null, null, null, null, null, null, null, null, null, null, null, null, null, null, null, null, null, null, null, null, null, null, null, null, null, null, null, null, null, null, null, null, null, null, null, null, null, null, '1', '0', null, null, null, null, null, null, null, null, null, null, '0', '0', '1');
INSERT INTO `tb_person` VALUES (null, '62011\r\n', null, null, '62011\r\n', null, 'อัญชนา  \r\n', null, 'วรรณภิระ\r\n', null, null, null, 'f', null, null, null, null, null, null, null, null, null, null, null, null, null, null, '1', null, null, null, '', null, null, null, null, null, null, null, null, null, null, null, null, null, null, null, null, null, null, null, null, null, null, null, null, null, null, null, null, null, null, null, null, null, null, null, null, null, null, null, null, null, null, null, null, null, null, null, '1', '0', null, null, null, null, null, null, null, null, null, null, '0', '0', '1');
INSERT INTO `tb_person` VALUES (null, '62025', null, null, '62025', null, 'ธร', null, 'ประเสริฐสมบูรณ์', null, null, null, 'm', null, null, null, null, null, null, null, null, null, null, null, null, null, null, '1', null, null, null, '', null, null, null, null, null, null, null, null, null, null, null, null, null, null, null, null, null, null, null, null, null, null, null, null, null, null, null, null, null, null, null, null, null, null, null, null, null, null, null, null, null, null, null, null, null, null, null, '1', '0', null, null, null, null, null, null, null, null, null, null, '0', '0', '1');
INSERT INTO `tb_person` VALUES (null, '62037', null, null, '62037', null, 'พนิดา', null, 'ศรีใจ', null, null, null, 'f', null, null, null, null, null, null, null, null, null, null, null, null, null, null, '1', null, null, null, '', null, null, null, null, null, null, null, null, null, null, null, null, null, null, null, null, null, null, null, null, null, null, null, null, null, null, null, null, null, null, null, null, null, null, null, null, null, null, null, null, null, null, null, null, null, null, null, '1', '0', null, null, null, null, null, null, null, null, null, null, '0', '0', '1');
INSERT INTO `tb_person` VALUES (null, '62014', null, null, '62014', null, 'วรัญญา\r\n', null, 'แปงชาติ\r\n', null, null, null, 'f', null, null, null, null, null, null, null, null, null, null, null, null, null, null, '1', null, null, null, '', null, null, null, null, null, null, null, null, null, null, null, null, null, null, null, null, null, null, null, null, null, null, null, null, null, null, null, null, null, null, null, null, null, null, null, null, null, null, null, null, null, null, null, null, null, null, null, '1', '0', null, null, null, null, null, null, null, null, null, null, '0', '0', '1');
INSERT INTO `tb_person` VALUES (null, '62015', null, null, '62015', null, 'วริทธิ์\r\n', null, 'จันทร์ทองคำ\r\n', null, null, null, 'm', null, null, null, null, null, null, null, null, null, null, null, null, null, null, '1', null, null, null, '', null, null, null, null, null, null, null, null, null, null, null, null, null, null, null, null, null, null, null, null, null, null, null, null, null, null, null, null, null, null, null, null, null, null, null, null, null, null, null, null, null, null, null, null, null, null, null, '1', '0', null, null, null, null, null, null, null, null, null, null, '0', '0', '1');
INSERT INTO `tb_person` VALUES (null, '62016', null, null, '62016', null, 'ทิพวรรณ \r\n', null, 'สุริยะมล\r\n', null, null, null, 'f', null, null, null, null, null, null, null, null, null, null, null, null, null, null, '1', null, null, null, '', null, null, null, null, null, null, null, null, null, null, null, null, null, null, null, null, null, null, null, null, null, null, null, null, null, null, null, null, null, null, null, null, null, null, null, null, null, null, null, null, null, null, null, null, null, null, null, '1', '0', null, null, null, null, null, null, null, null, null, null, '0', '0', '1');
INSERT INTO `tb_person` VALUES (null, '62023', null, null, '62023', null, 'ศิริพงษ์', null, 'สุราศรี', null, null, null, 'm', null, null, null, null, null, null, null, null, null, null, null, null, null, null, '1', null, null, null, '', null, null, null, null, null, null, null, null, null, null, null, null, null, null, null, null, null, null, null, null, null, null, null, null, null, null, null, null, null, null, null, null, null, null, null, null, null, null, null, null, null, null, null, null, null, null, null, '1', '0', null, null, null, null, null, null, null, null, null, null, '0', '0', '1');
INSERT INTO `tb_person` VALUES (null, '62018', null, null, '62018', null, 'ณฐพร \r\n', null, 'เจิดจำรัส\r\n', null, null, null, 'm', null, null, null, null, null, null, null, null, null, null, null, null, null, null, '1', null, null, null, '', null, null, null, null, null, null, null, null, null, null, null, null, null, null, null, null, null, null, null, null, null, null, null, null, null, null, null, null, null, null, null, null, null, null, null, null, null, null, null, null, null, null, null, null, null, null, null, '1', '0', null, null, null, null, null, null, null, null, null, null, '0', '0', '1');
INSERT INTO `tb_person` VALUES (null, '62019', null, null, '62019', null, 'เบญจพร  \r\n', null, 'สมศรี\r\n', null, null, null, 'f', null, null, null, null, null, null, null, null, null, null, null, null, null, null, '1', null, null, null, '', null, null, null, null, null, null, null, null, null, null, null, null, null, null, null, null, null, null, null, null, null, null, null, null, null, null, null, null, null, null, null, null, null, null, null, null, null, null, null, null, null, null, null, null, null, null, null, '1', '0', null, null, null, null, null, null, null, null, null, null, '0', '0', '1');
INSERT INTO `tb_person` VALUES (null, '62020', null, null, '62020', null, 'สุธิดา  \r\n', null, 'สุตะวงค์\r\n', null, null, null, 'f', null, null, null, null, null, null, null, null, null, null, null, null, null, null, '1', null, null, null, '', null, null, null, null, null, null, null, null, null, null, null, null, null, null, null, null, null, null, null, null, null, null, null, null, null, null, null, null, null, null, null, null, null, null, null, null, null, null, null, null, null, null, null, null, null, null, null, '1', '0', null, null, null, null, null, null, null, null, null, null, '0', '0', '1');
INSERT INTO `tb_person` VALUES (null, '62021', null, null, '62021', null, 'รัตนาภรณ์  \r\n', null, 'ยาวิละ\r\n', null, null, null, 'f', null, null, null, null, null, null, null, null, null, null, null, null, null, null, '1', null, null, null, '', null, null, null, null, null, null, null, null, null, null, null, null, null, null, null, null, null, null, null, null, null, null, null, null, null, null, null, null, null, null, null, null, null, null, null, null, null, null, null, null, null, null, null, null, null, null, null, '1', '0', null, null, null, null, null, null, null, null, null, null, '0', '0', '1');
INSERT INTO `tb_person` VALUES (null, '62022', null, null, '62022', null, 'ภัทรบดินทร์  \r\n', null, 'เปาวะ\r\n', null, null, null, 'm', null, null, null, null, null, null, null, null, null, null, null, null, null, null, '1', null, null, null, '', null, null, null, null, null, null, null, null, null, null, null, null, null, null, null, null, null, null, null, null, null, null, null, null, null, null, null, null, null, null, null, null, null, null, null, null, null, null, null, null, null, null, null, null, null, null, null, '1', '0', null, null, null, null, null, null, null, null, null, null, '0', '0', '1');
INSERT INTO `tb_person` VALUES (null, 'marudee', null, null, 'marudee', null, 'มลฤดี', null, 'เอกมหาชัย', null, null, null, 'f', null, null, null, null, null, null, null, null, null, null, null, null, null, null, '1', null, null, null, '', null, null, null, null, null, null, null, null, null, null, null, null, null, null, null, null, null, null, null, null, null, null, null, null, null, null, null, null, null, null, null, null, null, null, null, null, null, null, null, null, null, null, null, null, null, null, null, '1', '0', null, null, null, null, null, null, null, null, null, null, '0', '0', '1');
INSERT INTO `tb_person` VALUES (null, 'pailin', null, null, 'pailin', null, 'ไพลิน', null, 'คงมีผล', null, null, null, 'f', null, null, null, null, null, null, null, null, null, null, null, null, null, null, '1', null, null, null, '', null, null, null, null, null, null, null, null, null, null, null, null, null, null, null, null, null, null, null, null, null, null, null, null, null, null, null, null, null, null, null, null, null, null, null, null, null, null, null, null, null, null, null, null, null, null, null, '1', '0', null, null, null, null, null, null, null, null, null, null, '0', '0', '1');
INSERT INTO `tb_person` VALUES (null, '62041', null, null, '62041', null, 'ชัชนนท์  \r\n', null, 'กัมทรทิพย์\r\n', null, null, null, 'm', null, null, null, null, null, null, null, null, null, null, null, null, null, null, '1', null, null, null, '', null, null, null, null, null, null, null, null, null, null, null, null, null, null, null, null, null, null, null, null, null, null, null, null, null, null, null, null, null, null, null, null, null, null, null, null, null, null, null, null, null, null, null, null, null, null, null, '1', '0', null, null, null, null, null, null, null, null, null, null, '0', '0', '1');
INSERT INTO `tb_person` VALUES (null, '62042', null, null, '62042', null, 'ภัททิยา\r\n', null, 'กันทา\r\n', null, null, null, 'f', null, null, null, null, null, null, null, null, null, null, null, null, null, null, '1', null, null, null, '', null, null, null, null, null, null, null, null, null, null, null, null, null, null, null, null, null, null, null, null, null, null, null, null, null, null, null, null, null, null, null, null, null, null, null, null, null, null, null, null, null, null, null, null, null, null, null, '1', '0', null, null, null, null, null, null, null, null, null, null, '0', '0', '1');
INSERT INTO `tb_person` VALUES (null, '62043', null, null, '62043', null, 'ณีรนุช\r\n', null, 'ตันธนะเศรษฐ์\r\n', null, null, null, 'f', null, null, null, null, null, null, null, null, null, null, null, null, null, null, '1', null, null, null, '', null, null, null, null, null, null, null, null, null, null, null, null, null, null, null, null, null, null, null, null, null, null, null, null, null, null, null, null, null, null, null, null, null, null, null, null, null, null, null, null, null, null, null, null, null, null, null, '1', '0', null, null, null, null, null, null, null, null, null, null, '0', '0', '1');
INSERT INTO `tb_person` VALUES (null, '62044', null, null, '62044', null, 'เพชรรัช  \r\n', null, 'หอมมาลา\r\n', null, null, null, 'f', null, null, null, null, null, null, null, null, null, null, null, null, null, null, '1', null, null, null, '', null, null, null, null, null, null, null, null, null, null, null, null, null, null, null, null, null, null, null, null, null, null, null, null, null, null, null, null, null, null, null, null, null, null, null, null, null, null, null, null, null, null, null, null, null, null, null, '1', '0', null, null, null, null, null, null, null, null, null, null, '0', '0', '1');
INSERT INTO `tb_person` VALUES (null, '63028', null, null, '63028', null, 'กรชนก\r\n', null, 'อักษรดิษฐ์\r\n', null, null, null, 'f', null, null, null, null, null, null, null, null, null, null, null, null, null, null, '1', null, null, null, '', null, null, null, null, null, null, null, null, null, null, null, null, null, null, null, null, null, null, null, null, null, null, null, null, null, null, null, null, null, null, null, null, null, null, null, null, null, null, null, null, null, null, null, null, null, null, null, '1', '0', null, null, null, null, null, null, null, null, null, null, '0', '0', '1');
INSERT INTO `tb_person` VALUES (null, '62045', null, null, '62045', null, 'ณัฐสุดา\r\n', null, 'โลแก้ว\r\n', null, null, null, 'f', null, null, null, null, null, null, null, null, null, null, null, null, null, null, '1', null, null, null, '', null, null, null, null, null, null, null, null, null, null, null, null, null, null, null, null, null, null, null, null, null, null, null, null, null, null, null, null, null, null, null, null, null, null, null, null, null, null, null, null, null, null, null, null, null, null, null, '1', '0', null, null, null, null, null, null, null, null, null, null, '0', '0', '1');
INSERT INTO `tb_person` VALUES (null, '62046', null, null, '62046', null, 'ณัฐชยาน์ \r\n', null, 'ปู่มณี\r\n', null, null, null, 'f', null, null, null, null, null, null, null, null, null, null, null, null, null, null, '1', null, null, null, '', null, null, null, null, null, null, null, null, null, null, null, null, null, null, null, null, null, null, null, null, null, null, null, null, null, null, null, null, null, null, null, null, null, null, null, null, null, null, null, null, null, null, null, null, null, null, null, '1', '0', null, null, null, null, null, null, null, null, null, null, '0', '0', '1');
INSERT INTO `tb_person` VALUES (null, '62047', null, null, '62047', null, 'ปิยะนุช  \r\n', null, 'จันมา\r\n', null, null, null, 'f', null, null, null, null, null, null, null, null, null, null, null, null, null, null, '1', null, null, null, '', null, null, null, null, null, null, null, null, null, null, null, null, null, null, null, null, null, null, null, null, null, null, null, null, null, null, null, null, null, null, null, null, null, null, null, null, null, null, null, null, null, null, null, null, null, null, null, '1', '0', null, null, null, null, null, null, null, null, null, null, '0', '0', '1');
INSERT INTO `tb_person` VALUES (null, '62048\r\n', null, null, '62048\r\n', null, 'อรวรรณ  \r\n', null, 'เลี่ยมสกุล\r\n', null, null, null, 'f', null, null, null, null, null, null, null, null, null, null, null, null, null, null, '1', null, null, null, '', null, null, null, null, null, null, null, null, null, null, null, null, null, null, null, null, null, null, null, null, null, null, null, null, null, null, null, null, null, null, null, null, null, null, null, null, null, null, null, null, null, null, null, null, null, null, null, '1', '0', null, null, null, null, null, null, null, null, null, null, '0', '0', '1');
INSERT INTO `tb_person` VALUES (null, '62049', null, null, '62049', null, 'ทอฝัน  \r\n', null, 'สุธาโน\r\n', null, null, null, 'f', null, null, null, null, null, null, null, null, null, null, null, null, null, null, '1', null, null, null, '', null, null, null, null, null, null, null, null, null, null, null, null, null, null, null, null, null, null, null, null, null, null, null, null, null, null, null, null, null, null, null, null, null, null, null, null, null, null, null, null, null, null, null, null, null, null, null, '1', '0', null, null, null, null, null, null, null, null, null, null, '0', '0', '1');
INSERT INTO `tb_person` VALUES (null, '62050', null, null, '62050', null, 'อัมรินทร์\r\n', null, 'อัมรินทร์\r\n', null, null, null, 'm', null, null, null, null, null, null, null, null, null, null, null, null, null, null, '1', null, null, null, '', null, null, null, null, null, null, null, null, null, null, null, null, null, null, null, null, null, null, null, null, null, null, null, null, null, null, null, null, null, null, null, null, null, null, null, null, null, null, null, null, null, null, null, null, null, null, null, '1', '0', null, null, null, null, null, null, null, null, null, null, '0', '0', '1');
INSERT INTO `tb_person` VALUES (null, '63001', null, null, '63001', null, 'วีริยารัศมิ์\r\n', null, 'มานะผัน\r\n', null, null, null, 'f', null, null, null, null, null, null, null, null, null, null, null, null, null, null, '1', null, null, null, '', null, null, null, null, null, null, null, null, null, null, null, null, null, null, null, null, null, null, null, null, null, null, null, null, null, null, null, null, null, null, null, null, null, null, null, null, null, null, null, null, null, null, null, null, null, null, null, '1', '0', null, null, null, null, null, null, null, null, null, null, '0', '0', '1');
INSERT INTO `tb_person` VALUES (null, '63002', null, null, '63002', null, 'เพียรทิพย์\r\n', null, 'สินจ้าง\r\n', null, null, null, 'f', null, null, null, null, null, null, null, null, null, null, null, null, null, null, '1', null, null, null, '', null, null, null, null, null, null, null, null, null, null, null, null, null, null, null, null, null, null, null, null, null, null, null, null, null, null, null, null, null, null, null, null, null, null, null, null, null, null, null, null, null, null, null, null, null, null, null, '1', '0', null, null, null, null, null, null, null, null, null, null, '0', '0', '1');
INSERT INTO `tb_person` VALUES (null, '63003', null, null, '63003', null, 'วราภรณ์\r\n', null, 'สิงห์ชัย\r\n', null, null, null, 'f', null, null, null, null, null, null, null, null, null, null, null, null, null, null, '1', null, null, null, '', null, null, null, null, null, null, null, null, null, null, null, null, null, null, null, null, null, null, null, null, null, null, null, null, null, null, null, null, null, null, null, null, null, null, null, null, null, null, null, null, null, null, null, null, null, null, null, '1', '0', null, null, null, null, null, null, null, null, null, null, '0', '0', '1');
INSERT INTO `tb_person` VALUES (null, '63004', null, null, '63004', null, 'พรฟ้า\r\n', null, 'อนันต์ไพศาล\r\n', null, null, null, 'f', null, null, null, null, null, null, null, null, null, null, null, null, null, null, '1', null, null, null, '', null, null, null, null, null, null, null, null, null, null, null, null, null, null, null, null, null, null, null, null, null, null, null, null, null, null, null, null, null, null, null, null, null, null, null, null, null, null, null, null, null, null, null, null, null, null, null, '1', '0', null, null, null, null, null, null, null, null, null, null, '0', '0', '1');
INSERT INTO `tb_person` VALUES (null, '63006', null, null, '63006', null, 'กาญจน์ประภา\r\n', null, 'วงค์ปัญญา\r\n', null, null, null, 'f', null, null, null, null, null, null, null, null, null, null, null, null, null, null, '1', null, null, null, '', null, null, null, null, null, null, null, null, null, null, null, null, null, null, null, null, null, null, null, null, null, null, null, null, null, null, null, null, null, null, null, null, null, null, null, null, null, null, null, null, null, null, null, null, null, null, null, '1', '0', null, null, null, null, null, null, null, null, null, null, '0', '0', '1');
INSERT INTO `tb_person` VALUES (null, '63007', null, null, '63007', null, 'ศุภณัฐ  \r\n', null, 'มโนชมภู\r\n', null, null, null, 'm', null, null, null, null, null, null, null, null, null, null, null, null, null, null, '1', null, null, null, '', null, null, null, null, null, null, null, null, null, null, null, null, null, null, null, null, null, null, null, null, null, null, null, null, null, null, null, null, null, null, null, null, null, null, null, null, null, null, null, null, null, null, null, null, null, null, null, '1', '0', null, null, null, null, null, null, null, null, null, null, '0', '0', '1');
INSERT INTO `tb_person` VALUES (null, '63008', null, null, '63008', null, 'นราศักดิ์\r\n', null, 'หลวงหล้า\r\n', null, null, null, 'm', null, null, null, null, null, null, null, null, null, null, null, null, null, null, '1', null, null, null, '', null, null, null, null, null, null, null, null, null, null, null, null, null, null, null, null, null, null, null, null, null, null, null, null, null, null, null, null, null, null, null, null, null, null, null, null, null, null, null, null, null, null, null, null, null, null, null, '1', '0', null, null, null, null, null, null, null, null, null, null, '0', '0', '1');
INSERT INTO `tb_person` VALUES (null, '63010', null, null, '63010', null, 'อวยชัย  \r\n', null, 'ทิพย์เสถียร\r\n', null, null, null, 'm', null, null, null, null, null, null, null, null, null, null, null, null, null, null, '1', null, null, null, '', null, null, null, null, null, null, null, null, null, null, null, null, null, null, null, null, null, null, null, null, null, null, null, null, null, null, null, null, null, null, null, null, null, null, null, null, null, null, null, null, null, null, null, null, null, null, null, '1', '0', null, null, null, null, null, null, null, null, null, null, '0', '0', '1');
INSERT INTO `tb_person` VALUES (null, '63011', null, null, '63011', null, 'วิรัตน์ดา\r\n', null, 'ถิ่นการ์\r\n', null, null, null, 'f', null, null, null, null, null, null, null, null, null, null, null, null, null, null, '1', null, null, null, '', null, null, null, null, null, null, null, null, null, null, null, null, null, null, null, null, null, null, null, null, null, null, null, null, null, null, null, null, null, null, null, null, null, null, null, null, null, null, null, null, null, null, null, null, null, null, null, '1', '0', null, null, null, null, null, null, null, null, null, null, '0', '0', '1');
INSERT INTO `tb_person` VALUES (null, '63012', null, null, '63012', null, 'นิตยา\r\n', null, 'วงค์แก้ว\r\n', null, null, null, 'f', null, null, null, null, null, null, null, null, null, null, null, null, null, null, '1', null, null, null, '', null, null, null, null, null, null, null, null, null, null, null, null, null, null, null, null, null, null, null, null, null, null, null, null, null, null, null, null, null, null, null, null, null, null, null, null, null, null, null, null, null, null, null, null, null, null, null, '1', '0', null, null, null, null, null, null, null, null, null, null, '0', '0', '1');
INSERT INTO `tb_person` VALUES (null, '63013', null, null, '63013', null, 'สุรชาติ\r\n', null, 'วงค์ใหม่\r\n', null, null, null, 'm', null, null, null, null, null, null, null, null, null, null, null, null, null, null, '1', null, null, null, '', null, null, null, null, null, null, null, null, null, null, null, null, null, null, null, null, null, null, null, null, null, null, null, null, null, null, null, null, null, null, null, null, null, null, null, null, null, null, null, null, null, null, null, null, null, null, null, '1', '0', null, null, null, null, null, null, null, null, null, null, '0', '0', '1');
INSERT INTO `tb_person` VALUES (null, '63017', null, null, '63017', null, 'กุลณัฐ\r\n', null, 'จริงมาก\r\n', null, null, null, 'f', null, null, null, null, null, null, null, null, null, null, null, null, null, null, '1', null, null, null, '', null, null, null, null, null, null, null, null, null, null, null, null, null, null, null, null, null, null, null, null, null, null, null, null, null, null, null, null, null, null, null, null, null, null, null, null, null, null, null, null, null, null, null, null, null, null, null, '1', '0', null, null, null, null, null, null, null, null, null, null, '0', '0', '1');
INSERT INTO `tb_person` VALUES (null, '63014', null, null, '63014', null, 'ทัยสวรรค์\r\n', null, 'ดู่ยา\r\n', null, null, null, 'm', null, null, null, null, null, null, null, null, null, null, null, null, null, null, '1', null, null, null, '', null, null, null, null, null, null, null, null, null, null, null, null, null, null, null, null, null, null, null, null, null, null, null, null, null, null, null, null, null, null, null, null, null, null, null, null, null, null, null, null, null, null, null, null, null, null, null, '1', '0', null, null, null, null, null, null, null, null, null, null, '0', '0', '1');
INSERT INTO `tb_person` VALUES (null, '63015\r\n', null, null, '63015\r\n', null, 'พิชชาวีร์\r\n', null, 'โอบอ้อม\r\n', null, null, null, 'f', null, null, null, null, null, null, null, null, null, null, null, null, null, null, '1', null, null, null, '', null, null, null, null, null, null, null, null, null, null, null, null, null, null, null, null, null, null, null, null, null, null, null, null, null, null, null, null, null, null, null, null, null, null, null, null, null, null, null, null, null, null, null, null, null, null, null, '1', '0', null, null, null, null, null, null, null, null, null, null, '0', '0', '1');
INSERT INTO `tb_person` VALUES (null, '63016', null, null, '63016', null, 'พัชรพิทธ์\r\n', null, 'ยศสุข\r\n', null, null, null, 'f', null, null, null, null, null, null, null, null, null, null, null, null, null, null, '1', null, null, null, '', null, null, null, null, null, null, null, null, null, null, null, null, null, null, null, null, null, null, null, null, null, null, null, null, null, null, null, null, null, null, null, null, null, null, null, null, null, null, null, null, null, null, null, null, null, null, null, '1', '0', null, null, null, null, null, null, null, null, null, null, '0', '0', '1');
INSERT INTO `tb_person` VALUES (null, '63018', null, null, '63018', null, 'วลัยลักษณ์\r\n', null, 'จองแดง\r\n', null, null, null, 'f', null, null, null, null, null, null, null, null, null, null, null, null, null, null, '1', null, null, null, '', null, null, null, null, null, null, null, null, null, null, null, null, null, null, null, null, null, null, null, null, null, null, null, null, null, null, null, null, null, null, null, null, null, null, null, null, null, null, null, null, null, null, null, null, null, null, null, '1', '0', null, null, null, null, null, null, null, null, null, null, '0', '0', '1');
INSERT INTO `tb_person` VALUES (null, '63019', null, null, '63019', null, 'อรวีร์\r\n', null, 'ทิศรำวัง\r\n', null, null, null, 'f', null, null, null, null, null, null, null, null, null, null, null, null, null, null, '1', null, null, null, '', null, null, null, null, null, null, null, null, null, null, null, null, null, null, null, null, null, null, null, null, null, null, null, null, null, null, null, null, null, null, null, null, null, null, null, null, null, null, null, null, null, null, null, null, null, null, null, '1', '0', null, null, null, null, null, null, null, null, null, null, '0', '0', '1');
INSERT INTO `tb_person` VALUES (null, '63021', null, null, '63021', null, 'ชินวัตร\r\n', null, 'ภูดอนตอง\r\n', null, null, null, 'm', null, null, null, null, null, null, null, null, null, null, null, null, null, null, '1', null, null, null, '', null, null, null, null, null, null, null, null, null, null, null, null, null, null, null, null, null, null, null, null, null, null, null, null, null, null, null, null, null, null, null, null, null, null, null, null, null, null, null, null, null, null, null, null, null, null, null, '1', '0', null, null, null, null, null, null, null, null, null, null, '0', '0', '1');
INSERT INTO `tb_person` VALUES (null, '63022', null, null, '63022', null, 'อนุวัฒน์\r\n', null, 'แก้วบุญเรือง\r\n', null, null, null, 'm', null, null, null, null, null, null, null, null, null, null, null, null, null, null, '1', null, null, null, '', null, null, null, null, null, null, null, null, null, null, null, null, null, null, null, null, null, null, null, null, null, null, null, null, null, null, null, null, null, null, null, null, null, null, null, null, null, null, null, null, null, null, null, null, null, null, null, '1', '0', null, null, null, null, null, null, null, null, null, null, '0', '0', '1');
INSERT INTO `tb_person` VALUES (null, '63023', null, null, '63023', null, 'วิศรุต\r\n', null, 'มงคล', null, null, null, 'm', null, null, null, null, null, null, null, null, null, null, null, null, null, null, '1', null, null, null, '', null, null, null, null, null, null, null, null, null, null, null, null, null, null, null, null, null, null, null, null, null, null, null, null, null, null, null, null, null, null, null, null, null, null, null, null, null, null, null, null, null, null, null, null, null, null, null, '1', '0', null, null, null, null, null, null, null, null, null, null, '0', '0', '1');
INSERT INTO `tb_person` VALUES (null, '63024', null, null, '63024', null, 'ณัฐพล\r\n', null, 'ซื่อสัตย์สุจริต\r\n', null, null, null, 'm', null, null, null, null, null, null, null, null, null, null, null, null, null, null, '1', null, null, null, '', null, null, null, null, null, null, null, null, null, null, null, null, null, null, null, null, null, null, null, null, null, null, null, null, null, null, null, null, null, null, null, null, null, null, null, null, null, null, null, null, null, null, null, null, null, null, null, '1', '0', null, null, null, null, null, null, null, null, null, null, '0', '0', '1');
INSERT INTO `tb_person` VALUES (null, '63025', null, null, '63025', null, 'ชัย\r\n', null, 'นายแสง\r\n', null, null, null, 'm', null, null, null, null, null, null, null, null, null, null, null, null, null, null, '1', null, null, null, '', null, null, null, null, null, null, null, null, null, null, null, null, null, null, null, null, null, null, null, null, null, null, null, null, null, null, null, null, null, null, null, null, null, null, null, null, null, null, null, null, null, null, null, null, null, null, null, '1', '0', null, null, null, null, null, null, null, null, null, null, '0', '0', '1');
INSERT INTO `tb_person` VALUES (null, '63026', null, null, '63026', null, 'วรรณดี\r\n', null, 'จีนา', null, null, null, 'f', null, null, null, null, null, null, null, null, null, null, null, null, null, null, '1', null, null, null, '', null, null, null, null, null, null, null, null, null, null, null, null, null, null, null, null, null, null, null, null, null, null, null, null, null, null, null, null, null, null, null, null, null, null, null, null, null, null, null, null, null, null, null, null, null, null, null, '1', '0', null, null, null, null, null, null, null, null, null, null, '0', '0', '1');
INSERT INTO `tb_person` VALUES (null, '63027', null, null, '63027', null, 'วรางคณา \r\n', null, 'แก้วดอนดุก\r\n', null, null, null, 'f', null, null, null, null, null, null, null, null, null, null, null, null, null, null, '1', null, null, null, '', null, null, null, null, null, null, null, null, null, null, null, null, null, null, null, null, null, null, null, null, null, null, null, null, null, null, null, null, null, null, null, null, null, null, null, null, null, null, null, null, null, null, null, null, null, null, null, '1', '0', null, null, null, null, null, null, null, null, null, null, '0', '0', '1');
INSERT INTO `tb_person` VALUES (null, '63029', null, null, '63029', null, 'ณัฐธิดา\r\n', null, 'ต้อติดวงค์\r\n', null, null, null, 'f', null, null, null, null, null, null, null, null, null, null, null, null, null, null, '1', null, null, null, '', null, null, null, null, null, null, null, null, null, null, null, null, null, null, null, null, null, null, null, null, null, null, null, null, null, null, null, null, null, null, null, null, null, null, null, null, null, null, null, null, null, null, null, null, null, null, null, '1', '0', null, null, null, null, null, null, null, null, null, null, '0', '0', '1');
INSERT INTO `tb_person` VALUES (null, '63030', null, null, '63030', null, 'ชนากานต์\r\n', null, 'วสันตวิษุวัต\r\n', null, null, null, 'f', null, null, null, null, null, null, null, null, null, null, null, null, null, null, '1', null, null, null, '', null, null, null, null, null, null, null, null, null, null, null, null, null, null, null, null, null, null, null, null, null, null, null, null, null, null, null, null, null, null, null, null, null, null, null, null, null, null, null, null, null, null, null, null, null, null, null, '1', '0', null, null, null, null, null, null, null, null, null, null, '0', '0', '1');
INSERT INTO `tb_person` VALUES (null, '63031', null, null, '63031', null, 'กันยารัตน์\r\n', null, 'บุญมา\r\n', null, null, null, 'f', null, null, null, null, null, null, null, null, null, null, null, null, null, null, '1', null, null, null, '', null, null, null, null, null, null, null, null, null, null, null, null, null, null, null, null, null, null, null, null, null, null, null, null, null, null, null, null, null, null, null, null, null, null, null, null, null, null, null, null, null, null, null, null, null, null, null, '1', '0', null, null, null, null, null, null, null, null, null, null, '0', '0', '1');
INSERT INTO `tb_person` VALUES (null, '63032', null, null, '63032', null, 'บุษยารัตน์\r\n', null, 'ป้องภัย\r\n', null, null, null, 'f', null, null, null, null, null, null, null, null, null, null, null, null, null, null, '1', null, null, null, '', null, null, null, null, null, null, null, null, null, null, null, null, null, null, null, null, null, null, null, null, null, null, null, null, null, null, null, null, null, null, null, null, null, null, null, null, null, null, null, null, null, null, null, null, null, null, null, '1', '0', null, null, null, null, null, null, null, null, null, null, '0', '0', '1');
INSERT INTO `tb_person` VALUES (null, '63033', null, null, '63033', null, 'พิชญา\r\n', null, 'สุมาลัย\r\n', null, null, null, 'f', null, null, null, null, null, null, null, null, null, null, null, null, null, null, '1', null, null, null, '', null, null, null, null, null, null, null, null, null, null, null, null, null, null, null, null, null, null, null, null, null, null, null, null, null, null, null, null, null, null, null, null, null, null, null, null, null, null, null, null, null, null, null, null, null, null, null, '1', '0', null, null, null, null, null, null, null, null, null, null, '0', '0', '1');
INSERT INTO `tb_person` VALUES (null, '63034', null, null, '63034', null, 'ตุล\r\n', null, 'ชัยกิจมงคล\r\n', null, null, null, 'm', null, null, null, null, null, null, null, null, null, null, null, null, null, null, '1', null, null, null, '', null, null, null, null, null, null, null, null, null, null, null, null, null, null, null, null, null, null, null, null, null, null, null, null, null, null, null, null, null, null, null, null, null, null, null, null, null, null, null, null, null, null, null, null, null, null, null, '1', '0', null, null, null, null, null, null, null, null, null, null, '0', '0', '1');
INSERT INTO `tb_person` VALUES (null, '63035', null, null, '63035', null, 'ปารียา\r\n', null, 'สมศักดิ์\r\n', null, null, null, 'f', null, null, null, null, null, null, null, null, null, null, null, null, null, null, '1', null, null, null, '', null, null, null, null, null, null, null, null, null, null, null, null, null, null, null, null, null, null, null, null, null, null, null, null, null, null, null, null, null, null, null, null, null, null, null, null, null, null, null, null, null, null, null, null, null, null, null, '1', '0', null, null, null, null, null, null, null, null, null, null, '0', '0', '1');
INSERT INTO `tb_person` VALUES (null, '63036', null, null, '63036', null, 'ขนิสตา \r\n', null, 'วงศ์ศรีหทัย\r\n', null, null, null, 'f', null, null, null, null, null, null, null, null, null, null, null, null, null, null, '1', null, null, null, '', null, null, null, null, null, null, null, null, null, null, null, null, null, null, null, null, null, null, null, null, null, null, null, null, null, null, null, null, null, null, null, null, null, null, null, null, null, null, null, null, null, null, null, null, null, null, null, '1', '0', null, null, null, null, null, null, null, null, null, null, '0', '0', '1');

-- ----------------------------
-- Table structure for tb_position
-- ----------------------------
DROP TABLE IF EXISTS `tb_position`;
CREATE TABLE `tb_position` (
  `position_code` char(255) NOT NULL DEFAULT '',
  `position_code1` varchar(255) DEFAULT NULL,
  `position_name` char(255) DEFAULT NULL,
  `position_nameAB` char(255) DEFAULT NULL,
  `position_name1` char(255) DEFAULT NULL,
  `pp_code` char(255) DEFAULT NULL,
  PRIMARY KEY (`position_code`)
) ENGINE=MyISAM DEFAULT CHARSET=tis620;

-- ----------------------------
-- Records of tb_position
-- ----------------------------
INSERT INTO `tb_position` VALUES ('00', '00', null, null, null, null);
INSERT INTO `tb_position` VALUES ('43', '43', 'พนักงานธุรการ', null, 'พนักงานธุรการ', null);
INSERT INTO `tb_position` VALUES ('47', '47', 'พนักงานบริการทั่วไป(คนงาน)', null, 'พนักงานบริการทั่วไป(คนงาน)', null);
INSERT INTO `tb_position` VALUES ('44', '44', 'ช่างเขียนแบบ', null, 'ช่างเขียนแบบ', null);
INSERT INTO `tb_position` VALUES ('55', '55', 'เภสัชกร', '', 'เภสัชกร', '');
INSERT INTO `tb_position` VALUES ('56', '56', 'พนักงานบัญชี', null, 'พนักงานบัญชี', null);
INSERT INTO `tb_position` VALUES ('57', '57', 'พนักงานผู้ช่วยทางการแพทย์', null, 'พนักงานผู้ช่วยทางการแพทย์', null);
INSERT INTO `tb_position` VALUES ('58', '58', 'แพทย์จีน', null, 'แพทย์จีน', null);
INSERT INTO `tb_position` VALUES ('59', '59', 'นักฟิสิกส์การแพทย์', null, 'นักฟิสิกส์การแพทย์', null);
INSERT INTO `tb_position` VALUES ('60', '60', 'ผู้จัดการ (LASIK)', null, 'ผู้จัดการ (LASIK)', null);
INSERT INTO `tb_position` VALUES ('61', '61', 'พนักงานการเงิน', null, 'พนักงานการเงิน', null);
INSERT INTO `tb_position` VALUES ('62', '62', 'นักเคมีรังสี', null, 'นักเคมีรังสี', null);
INSERT INTO `tb_position` VALUES ('63', '63', 'นักเภสัชรังสี', null, 'นักเภสัชรังสี', null);
INSERT INTO `tb_position` VALUES ('64', '64', 'นักรังสีการแพทย์', null, 'นักรังสีการแพทย์', null);
INSERT INTO `tb_position` VALUES ('65', '65', 'แพทย์', null, 'แพทย์', null);
INSERT INTO `tb_position` VALUES ('66', '66', 'พนักงานเวชระเบียน', null, 'พนักงานเวชระเบียน', null);
INSERT INTO `tb_position` VALUES ('67', '67', 'พนักงานบริหารงานทั่วไป', null, 'พนักงานบริหารงานทั่วไป', null);
INSERT INTO `tb_position` VALUES ('68', '68', 'พนักงานเก็บเงิน', null, 'พนักงานเก็บเงิน', null);
INSERT INTO `tb_position` VALUES ('69', '69', 'แพทย์แผนไทยประยุกต์', null, 'แพทย์แผนไทยประยุกต์', null);
INSERT INTO `tb_position` VALUES ('70', '70', 'ช่างไฟฟ้า', null, 'ช่างไฟฟ้า', null);
INSERT INTO `tb_position` VALUES ('71', '71', 'พนักงานเปล', null, 'พนักงานเปล', null);
INSERT INTO `tb_position` VALUES ('72', '72', 'พนักงานผู้ช่วยเภสัชกร', null, 'พนักงานผู้ช่วยเภสัชกร', null);
INSERT INTO `tb_position` VALUES ('73', '73', 'นักเทคนิคการแพทย์', null, 'นักเทคนิคการแพทย์', null);
INSERT INTO `tb_position` VALUES ('74', '74', 'นักกายภาพบำบัด', null, 'นักกายภาพบำบัด', null);
INSERT INTO `tb_position` VALUES ('75', '75', 'พนักงานขับรถยนต์', null, 'พนักงานขับรถยนต์', null);
INSERT INTO `tb_position` VALUES ('76', '76', 'พนักงานผู้ช่วยทางการแพทย์', null, 'พนักงานผู้ช่วยทางการแพทย์', null);
INSERT INTO `tb_position` VALUES ('77', '77', 'นักวิชาการคอมพิวเตอร์', null, 'นักวิชาการคอมพิวเตอร์', null);
INSERT INTO `tb_position` VALUES ('78', '78', 'นักกิจกรรมบำบัด', null, 'นักกิจกรรมบำบัด', null);
INSERT INTO `tb_position` VALUES ('79', '79', 'พนักงานโภชนาการ', null, 'พนักงานโภชนาการ', null);
INSERT INTO `tb_position` VALUES ('80', '80', 'นักโภชนาการ', null, 'นักโภชนาการ', null);
INSERT INTO `tb_position` VALUES ('81', '81', 'พนักงานเปล', null, 'พนักงานเปล', null);
INSERT INTO `tb_position` VALUES ('82', '82', 'พนักงานเครื่องคอมพิวเตอร์', null, 'พนักงานเครื่องคอมพิวเตอร์', null);
INSERT INTO `tb_position` VALUES ('83', '83', 'พนักงานประชาสัมพันธ์', null, 'พนักงานประชาสัมพันธ์', null);
INSERT INTO `tb_position` VALUES ('84', '84', 'พนักงานธุรการ (พัสดุ)', null, 'พนักงานธุรการ (พัสดุ)', null);
INSERT INTO `tb_position` VALUES ('85', '85', 'พนักงานกายภาพบำบัด', null, 'พนักงานกายภาพบำบัด', null);
INSERT INTO `tb_position` VALUES ('86', '86', 'พนักงานการตลาด', null, 'พนักงานการตลาด', null);
INSERT INTO `tb_position` VALUES ('87', '87', 'เจ้าหน้าที่ตรวจการนอนหลับ', null, 'เจ้าหน้าที่ตรวจการนอนหลับ', null);
INSERT INTO `tb_position` VALUES ('88', '88', 'วิศวกรระบบเครือข่าย', null, 'วิศวกรระบบเครือข่าย', null);
INSERT INTO `tb_position` VALUES ('89', '89', 'พยาบาล', null, 'พยาบาล', null);
INSERT INTO `tb_position` VALUES ('90', '90', 'พนักงานบริหารงานทั่วไป (บุคคล)', null, 'พนักงานบริหารงานทั่วไป (บุคคล)', null);
INSERT INTO `tb_position` VALUES ('91', '91', 'เจ้าหน้าที่การเงินและบัญชี', null, 'เจ้าหน้าที่การเงินและบัญชี', null);
INSERT INTO `tb_position` VALUES ('92', '92', 'พนักงานต้อนรับ', null, 'พนักงานต้อนรับ', null);
INSERT INTO `tb_position` VALUES ('93', '93', 'ผู้จัดการ (TTCM)', null, 'ผู้จัดการ (TTCM)', null);
INSERT INTO `tb_position` VALUES ('94', '94', 'พนักงานธุรการ (กายภาพบำบัด)', null, 'พนักงานธุรการ (กายภาพบำบัด)', null);
INSERT INTO `tb_position` VALUES ('95', '95', 'พนักงานผู้ช่วยทางการแพทย์ (กายภาพบำบัด)', null, 'พนักงานผู้ช่วยทางการแพทย์ (กายภาพบำบัด)', null);
INSERT INTO `tb_position` VALUES ('96', '96', 'พนักงานโภชนาการ (กุ๊ก)', null, 'พนักงานโภชนาการ (กุ๊ก)', null);
INSERT INTO `tb_position` VALUES ('97', '97', 'พนักงานโภชนาการ (ผู้ช่วยกุ๊ก)', null, 'พนักงานโภชนาการ (ผู้ช่วยกุ๊ก)', null);
INSERT INTO `tb_position` VALUES ('98', '98', 'ผู้อำนวยการศูนย์', null, 'ผู้อำนวยการศูนย์', null);
INSERT INTO `tb_position` VALUES ('99', '99', 'รองผู้อำนวยการ', null, 'รองผู้อำนวยการ', null);
INSERT INTO `tb_position` VALUES ('01', '01', 'หัวหน้าศูนย์', null, 'หัวหน้าศูนย์', null);
INSERT INTO `tb_position` VALUES ('02', '02', 'รักษาการแทน เลขานุการศูนย์', null, 'รักษาการแทน เลขานุการศูนย์', null);
SET FOREIGN_KEY_CHECKS=1;
