-- phpMyAdmin SQL Dump
-- version 4.8.5
-- https://www.phpmyadmin.net/
--
-- Host: 127.0.0.1
-- Generation Time: Sep 05, 2020 at 01:11 PM
-- Server version: 10.1.38-MariaDB
-- PHP Version: 7.3.2

SET SQL_MODE = "NO_AUTO_VALUE_ON_ZERO";
SET AUTOCOMMIT = 0;
START TRANSACTION;
SET time_zone = "+00:00";


/*!40101 SET @OLD_CHARACTER_SET_CLIENT=@@CHARACTER_SET_CLIENT */;
/*!40101 SET @OLD_CHARACTER_SET_RESULTS=@@CHARACTER_SET_RESULTS */;
/*!40101 SET @OLD_COLLATION_CONNECTION=@@COLLATION_CONNECTION */;
/*!40101 SET NAMES utf8mb4 */;

--
-- Database: `question`
--

-- --------------------------------------------------------

--
-- Table structure for table `qstn_answer`
--

CREATE TABLE `qstn_answer` (
  `answer_id` int(11) NOT NULL,
  `evaluation_id` int(11) NOT NULL,
  `form_id` int(11) NOT NULL,
  `category_id` int(11) NOT NULL,
  `question_group_id` int(11) NOT NULL,
  `question_id` int(11) NOT NULL,
  `choice_group_id` int(11) NOT NULL,
  `choice_id` int(11) NOT NULL,
  `choice_name` varchar(100) NOT NULL,
  `choice_point` varchar(10) NOT NULL,
  `person_id` varchar(10) NOT NULL
) ENGINE=InnoDB DEFAULT CHARSET=utf8;

--
-- Dumping data for table `qstn_answer`
--

INSERT INTO `qstn_answer` (`answer_id`, `evaluation_id`, `form_id`, `category_id`, `question_group_id`, `question_id`, `choice_group_id`, `choice_id`, `choice_name`, `choice_point`, `person_id`) VALUES
(1, 1, 6, 2, 4, 39, 2, 11, 'น้อยที่สุด', '1', '61018'),
(2, 1, 6, 2, 4, 40, 2, 12, 'น้อย', '2', '61018'),
(3, 1, 6, 2, 4, 41, 2, 13, 'ปานกลาง', '3', '61018'),
(4, 1, 6, 2, 4, 42, 2, 11, 'น้อยที่สุด', '1', '61018'),
(5, 1, 6, 2, 4, 43, 2, 14, 'มาก', '4', '61018'),
(6, 1, 6, 2, 4, 44, 2, 15, 'มากที่สุด', '5', '61018'),
(7, 1, 6, 2, 4, 45, 2, 11, 'น้อยที่สุด', '1', '61018'),
(8, 1, 6, 2, 4, 46, 2, 13, 'ปานกลาง', '3', '61018'),
(9, 1, 6, 2, 4, 47, 2, 14, 'มาก', '4', '61018'),
(10, 1, 6, 2, 5, 48, 2, 15, 'มากที่สุด', '5', '61018'),
(11, 1, 6, 2, 5, 49, 2, 11, 'น้อยที่สุด', '1', '61018'),
(12, 1, 6, 2, 5, 50, 2, 11, 'น้อยที่สุด', '1', '61018'),
(13, 1, 6, 2, 5, 51, 2, 11, 'น้อยที่สุด', '1', '61018'),
(14, 1, 6, 2, 5, 52, 2, 11, 'น้อยที่สุด', '1', '61018'),
(15, 1, 6, 2, 5, 53, 2, 15, 'มากที่สุด', '5', '61018'),
(16, 1, 6, 2, 6, 54, 2, 12, 'น้อย', '2', '61018'),
(17, 1, 6, 2, 6, 55, 2, 11, 'น้อยที่สุด', '1', '61018'),
(18, 1, 6, 2, 6, 56, 2, 11, 'น้อยที่สุด', '1', '61018'),
(19, 1, 6, 2, 6, 57, 2, 11, 'น้อยที่สุด', '1', '61018'),
(20, 1, 6, 2, 6, 58, 2, 11, 'น้อยที่สุด', '1', '61018'),
(21, 1, 6, 2, 6, 59, 2, 12, 'น้อย', '2', '61018'),
(22, 1, 6, 2, 6, 60, 2, 11, 'น้อยที่สุด', '1', '61018'),
(23, 1, 6, 2, 7, 61, 2, 11, 'น้อยที่สุด', '1', '61018'),
(24, 1, 6, 2, 7, 62, 2, 11, 'น้อยที่สุด', '1', '61018'),
(25, 1, 6, 2, 7, 63, 2, 11, 'น้อยที่สุด', '1', '61018'),
(26, 1, 6, 2, 7, 64, 2, 12, 'น้อย', '2', '61018'),
(27, 1, 6, 2, 7, 65, 2, 11, 'น้อยที่สุด', '1', '61018'),
(28, 1, 6, 2, 7, 66, 2, 11, 'น้อยที่สุด', '1', '61018'),
(29, 1, 6, 2, 7, 67, 2, 11, 'น้อยที่สุด', '1', '61018'),
(30, 1, 6, 2, 8, 68, 2, 11, 'น้อยที่สุด', '1', '61018'),
(31, 1, 6, 2, 8, 69, 2, 13, 'ปานกลาง', '3', '61018'),
(32, 1, 6, 2, 8, 70, 2, 15, 'มากที่สุด', '5', '61018'),
(33, 1, 6, 2, 8, 71, 2, 11, 'น้อยที่สุด', '1', '61018'),
(34, 1, 6, 2, 8, 72, 2, 12, 'น้อย', '2', '61018'),
(35, 2, 5, 1, 3, 31, 1, 6, 'ไม่เห็นด้วยอย่างยิ่ง', '1', '61018'),
(36, 2, 5, 1, 3, 32, 1, 6, 'ไม่เห็นด้วยอย่างยิ่ง', '1', '61018'),
(37, 2, 5, 1, 3, 34, 1, 8, 'ไม่มีความเห็น', '3', '61018'),
(38, 2, 5, 1, 3, 38, 1, 9, 'เห็นด้วย', '4', '61018');

-- --------------------------------------------------------

--
-- Table structure for table `qstn_category`
--

CREATE TABLE `qstn_category` (
  `category_id` int(11) NOT NULL,
  `category_number` varchar(5) NOT NULL,
  `category_name` text NOT NULL,
  `form_id` int(11) NOT NULL
) ENGINE=InnoDB DEFAULT CHARSET=utf8;

--
-- Dumping data for table `qstn_category`
--

INSERT INTO `qstn_category` (`category_id`, `category_number`, `category_name`, `form_id`) VALUES
(1, '1', 'มิติที่สำรวจ', 5),
(2, '1', 'ความพึงพอใจต่อการนำองค์กรของผู้บริหาร', 6),
(3, '1', 'test', 7);

-- --------------------------------------------------------

--
-- Table structure for table `qstn_choice`
--

CREATE TABLE `qstn_choice` (
  `choice_id` int(11) NOT NULL,
  `choice_number` varchar(5) NOT NULL,
  `choice_name` varchar(100) NOT NULL,
  `choice_point` varchar(10) NOT NULL,
  `choice_group_id` int(11) NOT NULL
) ENGINE=InnoDB DEFAULT CHARSET=utf8;

--
-- Dumping data for table `qstn_choice`
--

INSERT INTO `qstn_choice` (`choice_id`, `choice_number`, `choice_name`, `choice_point`, `choice_group_id`) VALUES
(1, '1', 'ไม่เห็นด้วยอย่างยิ่ง', '1', 0),
(2, '2', 'ไม่เห็นด้วย', '2', 0),
(3, '3', 'ไม่มีความเห็น', '3', 0),
(4, '4', 'เห็นด้วย', '4', 0),
(5, '5', 'เห็นด้วยอย่างยิ่ง', '5', 0),
(6, '1', 'ไม่เห็นด้วยอย่างยิ่ง', '1', 1),
(7, '2', 'ไม่เห็นด้วย', '2', 1),
(8, '3', 'ไม่มีความเห็น', '3', 1),
(9, '4', 'เห็นด้วย', '4', 1),
(10, '5', 'เห็นด้วยอย่างยิ่ง', '5', 1),
(11, '1', 'น้อยที่สุด', '1', 2),
(12, '2', 'น้อย', '2', 2),
(13, '3', 'ปานกลาง', '3', 2),
(14, '4', 'มาก', '4', 2),
(15, '5', 'มากที่สุด', '5', 2);

-- --------------------------------------------------------

--
-- Table structure for table `qstn_choice_group`
--

CREATE TABLE `qstn_choice_group` (
  `choice_group_id` int(11) NOT NULL,
  `choice_group_name` text NOT NULL,
  `choice_group_name_show` text NOT NULL
) ENGINE=InnoDB DEFAULT CHARSET=utf8;

--
-- Dumping data for table `qstn_choice_group`
--

INSERT INTO `qstn_choice_group` (`choice_group_id`, `choice_group_name`, `choice_group_name_show`) VALUES
(1, 'ระดับความคิดเห็น ไม่เห็นด้วยอย่างยิ่ง-ไม่เห็นด้วยอย่างยิ่ง (1-5)', 'ระดับความคิดเห็น'),
(2, 'ระดับความพึงพอใจ น้อยที่สุด-มากที่สุด (1-5)', 'ระดับความพึงพอใจ');

-- --------------------------------------------------------

--
-- Table structure for table `qstn_evaluate_person`
--

CREATE TABLE `qstn_evaluate_person` (
  `evaluate_person_id` int(11) NOT NULL,
  `evaluation_id` int(11) NOT NULL,
  `person_id` varchar(10) NOT NULL,
  `evaluate_time` datetime NOT NULL
) ENGINE=InnoDB DEFAULT CHARSET=utf8;

--
-- Dumping data for table `qstn_evaluate_person`
--

INSERT INTO `qstn_evaluate_person` (`evaluate_person_id`, `evaluation_id`, `person_id`, `evaluate_time`) VALUES
(7, 1, '20041', '0000-00-00 00:00:00'),
(8, 1, '55007', '0000-00-00 00:00:00'),
(9, 1, '61018', '2020-09-05 15:22:26'),
(10, 2, '61018', '2020-09-05 17:43:30');

-- --------------------------------------------------------

--
-- Table structure for table `qstn_evaluation`
--

CREATE TABLE `qstn_evaluation` (
  `evaluation_id` int(11) NOT NULL,
  `evaluation_name` text NOT NULL,
  `evaluation_by` text NOT NULL,
  `evaluation_description` text NOT NULL,
  `form_id` int(11) NOT NULL,
  `date_start` date NOT NULL,
  `date_end` date NOT NULL,
  `create_by` varchar(10) NOT NULL
) ENGINE=InnoDB DEFAULT CHARSET=utf8;

--
-- Dumping data for table `qstn_evaluation`
--

INSERT INTO `qstn_evaluation` (`evaluation_id`, `evaluation_name`, `evaluation_by`, `evaluation_description`, `form_id`, `date_start`, `date_end`, `create_by`) VALUES
(1, 'แบบประเมินความพึงพอใจของบุคลากรที่มีต่อการนำองค์กรของผู้บริหาร 2563', 'ศูนย์ความเป็นเลิศทางการแพทย์ คณะแพทยศาสตร์ มหาวิทยาลัยเชียงใหม่', '', 6, '2020-09-01', '2020-09-30', '61018'),
(2, 'test Hospital', '', '', 5, '0000-00-00', '0000-00-00', '61018');

-- --------------------------------------------------------

--
-- Table structure for table `qstn_form`
--

CREATE TABLE `qstn_form` (
  `form_id` int(11) NOT NULL,
  `form_name` text NOT NULL,
  `form_description` text NOT NULL
) ENGINE=InnoDB DEFAULT CHARSET=utf8;

--
-- Dumping data for table `qstn_form`
--

INSERT INTO `qstn_form` (`form_id`, `form_name`, `form_description`) VALUES
(1, 'แบบสำรวจความพึงพอใจของบุคลากรที่มีต่อการนำองค์กรของผู้บริหาร', 'dddddd'),
(5, 'แบบสำรวจ Hospital Survey on Patient Safety', ''),
(6, 'แบบสำรวจความพึงพอใจของบุคลากรที่มีต่อการนำองค์กรของผู้บริหาร', ''),
(7, 'test', 'test');

-- --------------------------------------------------------

--
-- Table structure for table `qstn_form_detail`
--

CREATE TABLE `qstn_form_detail` (
  `form_detail_id` int(11) NOT NULL,
  `form_detail_number` varchar(10) NOT NULL,
  `form_detail_name` text NOT NULL,
  `form_detail_items` text NOT NULL,
  `form_id` int(11) NOT NULL
) ENGINE=InnoDB DEFAULT CHARSET=utf8;

--
-- Dumping data for table `qstn_form_detail`
--

INSERT INTO `qstn_form_detail` (`form_detail_id`, `form_detail_number`, `form_detail_name`, `form_detail_items`, `form_id`) VALUES
(1, '1', 'ท่านทำงานที่ศูนย์ความเป็นเลิศทางการแพทย์ / หน่วยงานปัจจุบัน นานเท่าไร', '&lt; 1 ปี(.)1-5 ปี(.)6-10 ปี', 5),
(2, '2', 'จำนวนชั่วโมงการทำงานต่อสัปดาห์', '40-59 ชั่วโมง/สัปดาห์(.)60-69 ชั่วโมง/สัปดาห์', 5),
(3, '3', 'ตำแหน่ง', '', 5);

-- --------------------------------------------------------

--
-- Table structure for table `qstn_form_detail_answer`
--

CREATE TABLE `qstn_form_detail_answer` (
  `form_detail_answer_id` int(11) NOT NULL,
  `form_detail_answer` text NOT NULL,
  `evaluation_id` int(11) NOT NULL,
  `form_id` int(11) NOT NULL,
  `form_detail_id` int(11) NOT NULL,
  `person_id` varchar(10) NOT NULL
) ENGINE=InnoDB DEFAULT CHARSET=utf8;

-- --------------------------------------------------------

--
-- Table structure for table `qstn_question`
--

CREATE TABLE `qstn_question` (
  `question_id` int(11) NOT NULL,
  `question_number` varchar(5) NOT NULL,
  `question_name` text NOT NULL,
  `form_id` int(11) NOT NULL,
  `category_id` int(11) NOT NULL,
  `question_group_id` int(11) NOT NULL
) ENGINE=InnoDB DEFAULT CHARSET=utf8;

--
-- Dumping data for table `qstn_question`
--

INSERT INTO `qstn_question` (`question_id`, `question_number`, `question_name`, `form_id`, `category_id`, `question_group_id`) VALUES
(31, '1', 'หัวหน้าหน่วยงานของท่านจะกล่าวชื่นชม (says a good word) เมื่อเห็นว่ามีการปฏิบัติงานตามแนวทางความปลอดภัย สำหรับผู้ป่วย หรือผู้รับบริการที่กำหนดไว้', 5, 1, 3),
(32, '2', 'หัวหน้าหน่วยงานของท่านจะพิจารณาข้อเสนอแนะของเจ้าหน้าที่เพื่อปรับปรุงความปลอดภัยสำหรับผู้ป่วยหรือผู้รับบริการอย่างจริงจัง', 5, 1, 3),
(34, '3', 'เมื่อไรก็ตามที่มีภาวะกดดัน เร่งด่วน  หัวหน้าหน่วยงานจะขอให้เราทำงานด้วยความรวดเร็วระมัดระวัง   แม้อาจมีการทำงานที่ลดขั้นตอน (shortcut) แต่ต้องไม่ส่งผลให้มีความเสี่ยงเพิ่มขึ้น', 5, 1, 3),
(38, '4', 'หัวหน้าหน่วยงานของท่านใส่ใจกับปัญหาความปลอดภัยของผู้ป่วยหรือผู้รับบริการที่เกิดขึ้น เพื่อป้องกันไม่ให้เกิดขึ้นซ้ำแล้วซ้ำอีก', 5, 1, 3),
(39, '1', 'การกำหนดทิศทางการทำงานขององค์กรมีความชัดเจนและครอบคลุมเรื่องวิสัยทัศน์ ค่านิยม เป้าประสงค์ และผลการดำเนินงานที่สำคัญที่ได้คาดหวัง', 6, 2, 4),
(40, '2', 'วิสัยทัศน์มีความชัดเจนและนำไปปฏิบัติได้', 6, 2, 4),
(41, '3', 'ค่านิยมองค์กรมีความชัดเจนและสามารถปฏิบัติตามได้ถูกต้อง', 6, 2, 4),
(42, '4', 'การกำหนดทิศทางขององค์กรมีความเกี่ยวข้องหรือให้ความสำคัญกับผู้รับบริการและผู้มีส่วนได้ส่วนเสียขององค์กร ', 6, 2, 4),
(43, '5', 'มีการกำกับ ติดตาม และประเมินผลการการปฏิบัติตามแผนการดำเนินงานที่กำหนดไว้', 6, 2, 4),
(44, '6', 'ผู้บริหารเป็นแบบอย่างที่ดีในการดำเนินการตามวิสัยทัศน์ที่กำหนดไว้		', 6, 2, 4),
(45, '7', 'ผู้บริหารเป็นแบบอย่างที่ดีในการดำเนินการตามค่านิยมที่กำหนด ', 6, 2, 4),
(46, '8', 'ผู้บริหารมีการสื่อสาร อธิบาย หรือชี้แจงให้ทราบถึงแผนการดำเนินงานงานและหรือตัวชี้วัดความสำเร็จของหน่วยงาน', 6, 2, 4),
(47, '9', 'ผู้บริหารมีกลยุทธ์หรือแนวทางที่จะดำเนินการให้สำเร็จตามเป้าหมายที่วางไว้', 6, 2, 4),
(48, '1', 'การชี้แจงวิสัยทัศน์ พันธกิจ และเป้าหมายขององค์กรให้บุคลากรทุกระดับได้ทราบอย่างชัดเจน ', 6, 2, 5),
(49, '2', 'มีการสร้างความร่วมมือกับบุคลากรทุกระดับเพื่อให้การดำเนินงานเป็นไปตามเป้าหมายที่วางไว้', 6, 2, 5),
(50, '3', 'มีการเปิดโอกาสให้บุคลากรทุกระดับได้สื่อสารโต้ตอบแบบ 2 ทิศทาง เพื่อสร้างความเข้าใจที่ถูกต้อง ตรงกัน', 6, 2, 5),
(51, '4', 'มีการส่งเสริมและ/หรือพัฒนาบุคลากรทุกระดับเพื่อให้สามารถปฏิบัติงานให้บรรลุวัตถุประสงค์ขององค์กรได้อย่างเต็มศักยภาพ', 6, 2, 5),
(52, '5', 'ผู้บริหารมีการชี้แจงหรือสื่อสารเรืองที่สำคัญให้บุคลากรรับทราบด้วยวิธีการต่างๆที่หลากหลายเพื่อให้บุคลากรรับรู้ เข้าใจและปฏิบัติได้', 6, 2, 5),
(53, '6', 'บุคลากรมีความมุ่งมั่นในการนำเอาค่านิยมไปสู่การปฏิบัติและนำไปเป็นส่วนหนึ่งของการปฏิบัติงานประจำวัน', 6, 2, 5),
(54, '1', 'มีการจัดกิจกรรมเพื่อสร้างความผูกพันและความร่วมมือภายในองค์กร', 6, 2, 6),
(55, '2', 'มีการสร้างแรงจูงใจเพื่อให้บุคลากรสามารถปฏิบัติงานได้ตามเป้าหมาย', 6, 2, 6),
(56, '3', 'การมีส่วนร่วมของผู้บริหารในกิจกรรมเพื่อสร้างความผูกพันในทุกระดับ', 6, 2, 6),
(57, '4', 'มีการมอบอำนาจในการตัดสินใจการดำเนินการให้แก่บุคลากรฝ่ายต่างๆ', 6, 2, 6),
(58, '5', 'มีการเปิดโอกาสให้บุคลากรมีส่วนร่วมในการพัฒนาองค์กร', 6, 2, 6),
(59, '6', 'มีการมอบหมายงานและภาระงานมีความเหมาะสม', 6, 2, 6),
(60, '7', 'การเสริมสร้างวัฒนธรรมที่มุ่งเน้นผู้รับบริการและผู้มีส่วนได้ส่วนเสีย ', 6, 2, 6),
(61, '1', 'มีการจัดทำนโยบายการกำกับดูแลองค์กรที่ดีและเป็นรูปธรรม ', 6, 2, 7),
(62, '2', 'นโยบายการกำกับดูแลองค์กรที่ดีสอดคล้องเชื่อมโยงกับค่านิยม วิสัยทัศน์ และวัฒนธรรมองค์กร', 6, 2, 7),
(63, '3', 'มีการสื่อสาร เผยแพร่นโยบายการกำกับดูแลองค์กรที่ดี ภายในองค์กรมีความทั่วถึง', 6, 2, 7),
(64, '4', 'มีการบริหารงานโดยคำนึงถึงประโยชน์ขององค์กร ', 6, 2, 7),
(65, '5', 'มีการเปิดเผยและเปิดโอกาสให้บุคลากรตรวจสอบการบริหารงานได้', 6, 2, 7),
(66, '6', 'มีการปรับปรุงผลการดำเนินงานอย่างต่อเนื่อง ', 6, 2, 7),
(67, '7', 'มีการวางแผนความก้าวหน้าให้กับบุคลากรทุกสายงาน ', 6, 2, 7),
(68, '1', 'การปฏิบัติตัวต่อบุคลากรอย่างเท่าเทียมกัน เป็นธรรม และไม่เลือกปฏิบัติ', 6, 2, 8),
(69, '2', 'การปฏิบัติตามกฎระเบียบองค์การของผู้บริหาร และสอดคล้องกับค่านิยมและวัฒนธรรมองค์กร', 6, 2, 8),
(70, '3', 'การชี้นำให้บุคลากรมีความมุ่งมั่นที่จะปฏิบัติงานให้บรรลุวิสัยทัศน์', 6, 2, 8),
(71, '4', 'การบริหารองค์กรให้มีการพัฒนาอย่างต่อเนื่อง', 6, 2, 8),
(72, '5', 'การมีคุณธรรม จริยธรรมของผู้บริหาร', 6, 2, 8),
(73, '1', 'test', 7, 3, 9),
(74, '2', 'test', 7, 3, 9),
(75, '3', 'test', 7, 3, 10),
(76, '4', 'test', 7, 3, 10);

-- --------------------------------------------------------

--
-- Table structure for table `qstn_question_group`
--

CREATE TABLE `qstn_question_group` (
  `question_group_id` int(11) NOT NULL,
  `question_group_number` varchar(5) NOT NULL,
  `question_group_name` text NOT NULL,
  `form_id` int(11) NOT NULL,
  `category_id` int(11) NOT NULL,
  `choice_group_id` int(11) NOT NULL
) ENGINE=InnoDB DEFAULT CHARSET=utf8;

--
-- Dumping data for table `qstn_question_group`
--

INSERT INTO `qstn_question_group` (`question_group_id`, `question_group_number`, `question_group_name`, `form_id`, `category_id`, `choice_group_id`) VALUES
(1, 'A', 'ความเห็นต่อการทำงานในหน่วยงานของท่านaaabbb', 5, 1, 1),
(2, 'A', 'ความเห็นต่อการทำงานในหน่วยงานของท่าน', 5, 1, 1),
(3, 'B', 'ความเห็นต่อ หัวหน้าหน่วยงาน / หัวหน้าที่อยู่เหนือขึ้นไป ของท่านaaaa', 5, 1, 1),
(4, '1', 'การกำหนดทิศทางขององค์กร ', 6, 2, 2),
(5, '2', 'การสื่อสารและการสร้างความเข้าใจทิศทางขององค์กรให้บุคลากรรับรู้ ', 6, 2, 2),
(6, '3', 'การสร้างบรรยากาศและการมีส่วนร่วมของผู้บริหารในกิจกรรมต่างๆ เกี่ยวกับการพัฒนาองค์กร', 6, 2, 2),
(7, '4', 'การให้ความสำคัญเรื่องธรรมาภิบาลขององค์กร', 6, 2, 2),
(8, '5', 'การเป็นตัวอย่างที่ดี (Role Model) ของผู้บริหารในการดำเนินการเรื่องต่างๆ', 6, 2, 2),
(9, '', 'test', 7, 3, 1),
(10, '', 'test2', 7, 3, 1);

-- --------------------------------------------------------

--
-- Table structure for table `qstn_suggestion`
--

CREATE TABLE `qstn_suggestion` (
  `suggestion_id` int(11) NOT NULL,
  `suggestion_detail` text NOT NULL,
  `evaluation_id` int(11) NOT NULL,
  `form_id` int(11) NOT NULL,
  `person_id` varchar(10) NOT NULL
) ENGINE=InnoDB DEFAULT CHARSET=utf8;

--
-- Dumping data for table `qstn_suggestion`
--

INSERT INTO `qstn_suggestion` (`suggestion_id`, `suggestion_detail`, `evaluation_id`, `form_id`, `person_id`) VALUES
(0, 'testtesttestsss', 1, 6, '61018'),
(0, 'qweqweqwe', 2, 5, '61018');

-- --------------------------------------------------------

--
-- Table structure for table `sev_center`
--

CREATE TABLE `sev_center` (
  `center_id` int(11) NOT NULL,
  `center_name` varchar(100) NOT NULL,
  `center_abbre` varchar(10) NOT NULL
) ENGINE=InnoDB DEFAULT CHARSET=utf8;

--
-- Dumping data for table `sev_center`
--

INSERT INTO `sev_center` (`center_id`, `center_name`, `center_abbre`) VALUES
(1, 'ศูนย์ความเป็นเลิศทางการแพทย์', 'CME'),
(2, 'ศูนย์วิเคราะห์สุขภาพการนอนหลับ', 'SDC'),
(3, 'ศูนย์เวชศาสตร์ผู้สูงอายุ', 'GMC'),
(4, 'ศูนย์เพทซีที และไซโคลตรอน', 'PCC'),
(5, 'ศูนย์เลสิค คณะแพทยศาสตร์ มหาวิทยาลัยเชียงใหม่', 'LASIK'),
(6, 'ศูนย์การแพทย์แผนไทย และการแพทย์ผสมผสาน', 'TTCM'),
(7, 'ศูนย์สุขภาพสตรี', 'WH'),
(8, 'ศูนย์เลเซอร์ต้อกระจกเชียงใหม่', 'CLCS'),
(9, 'ศูนย์เวชศาสตร์ผู้สูงอายุ OPD', 'OPD GMC'),
(10, 'ศูนย์เวชศาสตร์ผู้สูงอายุ IPD', 'IPD GMC');

-- --------------------------------------------------------

--
-- Table structure for table `sev_person`
--

CREATE TABLE `sev_person` (
  `person_id` varchar(10) NOT NULL,
  `person_prefix` varchar(50) NOT NULL,
  `person_fname` varchar(50) NOT NULL,
  `person_lname` varchar(50) NOT NULL,
  `person_nation_id` varchar(13) NOT NULL,
  `person_start_work_date` date NOT NULL,
  `position_id` int(11) NOT NULL,
  `center_id` int(11) NOT NULL,
  `end_work` tinyint(4) NOT NULL,
  `person_end_work_date` date NOT NULL
) ENGINE=InnoDB DEFAULT CHARSET=utf8;

--
-- Dumping data for table `sev_person`
--

INSERT INTO `sev_person` (`person_id`, `person_prefix`, `person_fname`, `person_lname`, `person_nation_id`, `person_start_work_date`, `position_id`, `center_id`, `end_work`, `person_end_work_date`) VALUES
('20017', 'นางสาว', 'นิภา', 'ภู่ปะวะโรทัย', '3509901156025', '2015-10-01', 39, 3, 0, '0000-00-00'),
('20041', 'นางสาว', 'ลัดดาวัลย์', 'สิงห์คำฟู', '3510600544591', '2017-06-01', 39, 1, 0, '0000-00-00'),
('54001', 'นางสาว', 'ปวีณา', 'ศิริตัน', '1509900775213', '2011-08-01', 26, 1, 1, '2014-05-01'),
('54002', 'นางสาว', 'สิริกุล', 'จันทรเพชร', '3570500178135', '2011-08-01', 26, 1, 1, '2017-10-12'),
('54003', 'นางสาว', 'พิมจันทรา', 'ไหลเจริญ', '1509900107610', '2011-08-01', 31, 1, 1, '2011-10-01'),
('54004', 'นางสาว', 'นิชชิมา', 'บัวประเสริฐยิ่ง', '1500700001437', '2011-08-01', 21, 1, 1, '2016-05-01'),
('54005', 'นาย', 'ณัฏฐ์ฐนล', 'ใหม่ธรรม', '1510400122221', '2011-08-01', 6, 6, 1, '2019-02-01'),
('54006', 'นาย', 'นัฐทนง', 'สันทัดการ', '1309900781410', '2011-08-01', 6, 6, 1, '2011-10-01'),
('54007', 'นางสาว', 'พรพรรณ', 'พิพัฒนเศรษฐ์', '3570701016795', '2011-08-01', 31, 6, 1, '2017-10-01'),
('54008', 'นางสาว', 'ดาราพร', 'บุญนำ', '1560600032781', '2011-08-01', 8, 6, 1, '2012-04-17'),
('54009', 'นางสาว', 'กมลนัทธ์', 'ปิติศิริ', '3539900211731', '2011-10-01', 8, 3, 0, '2017-03-01'),
('54010', 'นางสาว', 'ณิชชนิกานต์', 'ภัทร์นรินท์ธกุล', '1509900272491', '2011-11-01', 6, 6, 1, '2013-04-12'),
('55001', 'นาย', 'อธิราช', 'ปันทะนันท์', '3501500316938', '2011-10-01', 2, 6, 1, '2019-01-01'),
('55002', 'นาย', 'ฉัตรชัย', 'สุขสถิตย์', '1560400006468', '2011-11-01', 2, 6, 1, '2013-02-16'),
('55003', 'นางสาว', 'สิริลักษณ์', 'ณ เชียงใหม่', '1509900079667', '2011-10-01', 40, 6, 1, '2013-07-01'),
('55004', 'นางสาว', 'มนชนก', 'ชัยพรม', '3500700106073', '2011-10-01', 21, 1, 1, '2011-12-13'),
('55005', 'นางสาว', 'อัจฉรา', 'ปัญญา', '1509900546451', '2011-10-01', 28, 6, 1, '2012-10-21'),
('55006', 'นาง', 'ภคภรณ์', 'นิภาวงษ์', '3500700127071', '2011-10-17', 7, 6, 1, '2011-06-01'),
('55007', 'นางสาว', 'สุจิตรา', 'เตชะเต่ย', '3580100102930', '2011-11-01', 20, 6, 0, '0000-00-00'),
('55008', 'นาย', 'ทัพนารายณ์', 'ไชยจินดา', '3580300041306', '2012-01-01', 6, 6, 1, '2015-07-01'),
('55009', 'นางสาว', 'อรพรรณ', 'ศรีธินนท์', '3500500152136', '2012-03-19', 21, 1, 1, '2017-01-01'),
('55010', 'นาย', 'วรวุฒิ ', 'วงศ์ฟูตัน', '1509900572959', '2012-06-01', 7, 6, 1, '2019-03-01'),
('55011', 'นาย', 'ผดุงพล', 'สุคนธมนตรีกุล', '1500800053838', '2012-06-01', 2, 6, 1, '2014-11-01'),
('55012', 'นาย', 'เจษฎาพงษ์', 'พุ่มร่วมใจ', '3560100469868', '2012-08-01', 15, 4, 0, '0000-00-00'),
('55013', 'นาง', 'กนกวฤนท์', 'กัลยาณมิตร', '3530800395662', '2012-08-01', 15, 4, 0, '0000-00-00'),
('55014', 'นางสาว', 'ถวิกา ', 'แก้วเชื้อ', '3640100363783', '2012-08-01', 12, 4, 1, '2015-10-21'),
('55015', 'นาง', 'สุภาพร ', 'เลาหพูนรังษี', '3509901258618', '2012-09-01', 3, 5, 0, '0000-00-00'),
('56001', 'นาย', 'วิศรุต', 'ปันตี', '1509900549604', '2012-10-01', 6, 6, 1, '2013-03-01'),
('56002', 'นางสาว', 'ธีราวรรณ', 'เรือนคำ', '1549900177456', '2013-01-01', 5, 6, 1, '2013-03-31'),
('56003', 'นางสาว', 'รัชตวรรณ', 'กันทา', '1560100011105', '2012-10-22', 26, 1, 0, '0000-00-00'),
('56004', 'นาง', 'จตุพร', 'รัตนศีล', '5500290011627', '2012-11-12', 5, 5, 0, '0000-00-00'),
('56005', 'นาง', 'บุษกร', 'โชตินิกร', '1301100005418', '2012-11-01', 6, 6, 1, '2015-07-31'),
('56006', 'นางสาว', 'เสาวลักษณ์', 'พรหมศร', '3570900468017', '2013-01-28', 5, 5, 0, '0000-00-00'),
('56007', 'นาง', 'อรวรรณ', 'สมทานี', '5501900014731', '2013-02-01', 5, 5, 0, '0000-00-00'),
('56008', 'นาย', 'เธียรวิชญ์', 'เอี่ยมอาภรณ์', '1589900064163', '2013-02-01', 6, 5, 1, '2016-03-01'),
('56009', 'นาย', 'ธนพงษ์', 'นันไชยกา', '1509900842891', '2013-02-01', 6, 4, 1, '2013-03-15'),
('56010', 'นางสาว', 'ธาริณี', 'บุญญวรรณ', '1509900542812', '2013-02-01', 13, 4, 0, '0000-00-00'),
('56011', 'นาย', 'กานต์', 'วิมลวรรธนะสาร', '3521000270696', '2013-02-01', 14, 4, 0, '0000-00-00'),
('56012', 'นาย', 'ธวินันท์', 'จีปราบนันท์', '3501000261450', '2013-03-01', 12, 4, 1, '2015-01-01'),
('56013', 'นาย', 'ชลวัตร', 'ชุมภูงาม', '1540400063315', '2013-03-01', 12, 4, 1, '2015-04-01'),
('56014', 'นางสาว', 'ปิ่นทิพย์', 'ชาคริตนิรันดร์', '3100903023214', '2013-03-01', 21, 1, 1, '2013-07-16'),
('56015', 'นางสาว', 'ภรณ์ทิพย์', 'อธิลาภ', '1101401396761', '2013-03-01', 2, 6, 1, '2017-08-31'),
('56016', 'นางสาว', 'ปรารถนา', 'ไชยวรรณ์', '1101401611220', '2013-03-20', 26, 1, 0, '0000-00-00'),
('56017', 'นางสาว', 'สุจิตรา', 'จะเรวงค์', '1500900115274', '2013-04-01', 31, 3, 0, '0000-00-00'),
('56018', 'นางสาว', 'ภัสสร', 'อินทร์ต้น', '1509900886333', '2013-04-01', 12, 7, 0, '0000-00-00'),
('56019', 'นางสาว', 'เกศรินทร์', 'ลือยอด', '1609800081430', '2013-05-01', 6, 6, 1, '2018-03-01'),
('56020', 'นาง', 'ศรีอินทิรา', 'วงศ์วิจิตร', '3500100084061', '2013-06-01', 5, 7, 0, '0000-00-00'),
('56021', 'นาย', 'ปาณัสม์', 'เจษฎาพร', '1509900067928', '2013-07-01', 1, 3, 1, '2018-08-01'),
('56022', 'นางสาว', 'บุษกร', 'ยอดทราย', '1509900372003', '2013-07-01', 5, 6, 1, '2014-08-01'),
('56023', 'นางสาว', 'เจนจิรา', 'แสนเมืองดี', '1509900642043', '2013-07-01', 5, 4, 0, '0000-00-00'),
('56024', 'นางสาว', 'มนชนก', 'ชัยพรม', '3500700106073', '2013-08-01', 21, 1, 1, '2013-10-27'),
('56025', 'นางสาว', 'ชฎาภา', 'ตระกูลเชียงแก้ว ', '3630500029635', '2013-09-01', 6, 6, 0, '0000-00-00'),
('56026', 'นางสาว', 'ศศิประภา ', 'กุณนะ ', '1509900886317', '2013-09-09', 32, 1, 1, '2018-11-26'),
('57001', 'นางสาว', 'ชุลีพร', 'โมอ่อน', '1509900287995', '2013-12-02', 26, 1, 1, '2014-07-01'),
('57002', 'นาย', 'สุรินทร์', 'ธรรมา', '1509900870976', '2013-12-02', 6, 1, 0, '0000-00-00'),
('57003', 'นางสาว', 'พรรณทิพา', 'เครือสามสุม', '1549900355184', '2013-12-02', 6, 7, 0, '0000-00-00'),
('57004', 'นางสาว', 'เบญจรัตน์', 'ทาอ้าย', '1509900743532', '2013-12-15', 21, 1, 0, '0000-00-00'),
('57005', 'นาง', 'สุรัชดา', 'เอกฉันท์', '3101401777973', '2013-12-16', 31, 4, 0, '0000-00-00'),
('57006', 'นาย', 'ปิยวัช', 'คุณทรงเกียรติ', '3509901165032', '2013-01-15', 18, 1, 1, '0000-00-00'),
('57007', 'นางสาว', 'พินสุวรรณ', 'บัวชุม', '3500500224897', '2014-05-01', 28, 6, 0, '0000-00-00'),
('57008', 'นางสาว', 'ชยน์พรรณ์', 'แสงเพชร', '1909800471812', '2014-05-01', 2, 6, 0, '0000-00-00'),
('57009', 'นางสาว', 'วรัญชลี', 'จี้จำปา', '1509900175364', '2014-06-01', 5, 8, 1, '2018-08-01'),
('57010', 'นางสาว', 'ลัดดาวัลย์', 'บุญสุข', '3501900682770', '2014-06-01', 31, 8, 1, '2016-03-01'),
('57011', 'นางสาว', 'ปาเจรา', 'บุญช่วย', '1560100210540', '2014-06-01', 12, 7, 0, '0000-00-00'),
('57012', 'นาย', 'ภูริทัต', 'ศรีทอง', '1509900732344', '2013-06-01', 6, 8, 1, '2014-06-01'),
('57013', 'นางสาว', 'รติรัตน์', 'ใจบุญ', '1520700096934', '2014-06-01', 6, 8, 1, '2018-08-01'),
('57014', 'นาย', 'ประวิทย์', 'ปินทา', '1509900233739', '2014-06-01', 6, 8, 1, '2018-07-01'),
('57015', 'นางสาว', 'ภาวิณี', 'สุธรรมน้อย', '1509900507936', '2014-07-01', 26, 1, 0, '0000-00-00'),
('57016', 'นาง', 'กาญจนา', 'จำวงค์', '3110100470223', '2014-08-01', 5, 6, 1, '2019-05-01'),
('58001', 'นางสาว', 'ยุวเรศ', 'ก้อนแก้ว', '1509900381185', '2014-10-01', 5, 1, 0, '0000-00-00'),
('58002', 'นาย', 'มารุต', 'คำมา', '1509901206077', '2015-01-05', 35, 1, 0, '0000-00-00'),
('58003', 'นาย', 'เกียรติศักดิ์', 'คงภาษี', '1509901152325', '2015-01-15', 2, 6, 0, '0000-00-00'),
('58004', 'นาย', 'สิริมหาจักร', 'เกียรติไชยากร', '3500200692828', '2015-03-01', 1, 3, 0, '0000-00-00'),
('58005', 'นาย', 'ปัญญา', 'ดอนวิชา', '1670700111114', '2015-05-01', 5, 10, 0, '0000-00-00'),
('58006', 'นางสาว', 'ธนวันต์', 'เทพสุวรรณ', '3560100716733', '2015-05-01', 5, 1, 1, '2015-03-01'),
('58007', 'นางสาว', 'วิพรรษา', 'ไชยเทพ', '1550600003594', '2015-05-01', 5, 1, 0, '0000-00-00'),
('58008', 'นาง', 'เอื้องพร ', 'วงศ์พัฒนากูล', '3501600038344', '2015-05-01', 5, 9, 0, '0000-00-00'),
('58009', 'นางสาว', 'ธัญญ์นลิน', 'จันทร', '1509900758718', '2015-05-01', 5, 10, 0, '0000-00-00'),
('58010', 'นางสาว', 'ณัฐกฤตา', 'ไกรจำเนียร', '1509900744989', '2015-05-01', 5, 3, 1, '2018-06-01'),
('58011', 'นางสาว', 'กนกวรรณ', 'โพธิศาสตร์', '1509900843910', '2015-05-01', 5, 1, 1, '2019-04-01'),
('58012', 'นางสาว', 'นฤมล', 'กิติรัตน์', '1509901052002', '2015-05-01', 5, 10, 0, '0000-00-00'),
('58013', 'นางสาว', 'อังคณา', 'วรรณา', '1500900165751', '2015-05-01', 5, 3, 1, '2016-01-10'),
('58014', 'นางสาว', 'ปัทมาวรรณ', 'ปันวารี', '1509901282156', '2015-05-01', 5, 3, 1, '2016-01-01'),
('58015', 'นาง', 'นพมาศ', 'สิทธิยศ', '1571100071486', '2015-05-01', 7, 1, 0, '0000-00-00'),
('58016', 'นางสาว', 'วิศัลยา', 'ไทยธรรมยานนท์', '3101500911732', '2015-05-01', 7, 3, 0, '0000-00-00'),
('58017', 'นางสาว', 'กรรณิการ์', 'สุริยะ', '1509901162517', '2015-05-01', 28, 3, 1, '2015-10-01'),
('58018', 'นางสาว', 'สิริวรรณ', 'เสาโกมุท', '1429900074305', '2015-05-01', 32, 3, 0, '0000-00-00'),
('58019', 'นาย', 'ณราศักดิ์', 'สายทอง', '3540400631687', '2015-05-01', 12, 3, 0, '0000-00-00'),
('58020', 'นางสาว', 'กติกา', 'เงินคำจันทร์', '1509900385245', '2015-05-01', 6, 1, 1, '2015-10-07'),
('58021', 'นางสาว', 'ณัฐนิชา', 'ปิปะ', '2500601023422', '2015-05-01', 6, 3, 1, '2015-05-01'),
('58022', 'นางสาว', 'สุรีนาถ', 'ศิริสอน', '1549900308828', '2015-05-01', 6, 10, 0, '0000-00-00'),
('58023', 'นางสาว', 'พรทิภา', 'ต้นมือ', '1520700097001', '2015-05-01', 6, 10, 0, '0000-00-00'),
('58024', 'นาย', 'สุธี', 'รังสี', '5501290000383', '2015-05-01', 6, 10, 0, '0000-00-00'),
('58025', 'นาย', 'นเรศ', 'ศรีนวล', '3501300767154', '2015-05-01', 37, 3, 0, '0000-00-00'),
('58026', 'นาย', 'อนุสรณ์', 'วงค์รินทร์', '3501900233673', '2015-05-01', 37, 3, 0, '0000-00-00'),
('58027', 'นางสาว', 'นฤมล', 'ก่ำแก้ว', '1560300181314', '2015-05-11', 21, 1, 0, '0000-00-00'),
('58028', 'นาย', 'กัณต์ปภัทร', 'พรมดร', '1579900365139', '2015-05-11', 8, 3, 0, '0000-00-00'),
('58029', 'นางสาว', 'นวรัตน์', 'กาวีปลูก', '1509900795931', '2015-05-11', 6, 9, 0, '0000-00-00'),
('58030', 'นางสาว', 'พฤษภา', 'ขันธราช', '1509901172148', '2015-11-11', 23, 3, 1, '2016-04-01'),
('58031', 'นางสาว', 'วาริสา', 'กันตศรี', '3501500423912', '2015-06-01', 6, 3, 1, '2016-04-16'),
('58032', 'นางสาว', 'ณิชากร', 'ธนาเดชนพัทธ์', '8501073003567', '2015-06-01', 8, 3, 0, '0000-00-00'),
('58033', 'นาย', 'ปฏพงษ์', 'เจริญชัย', '1501100104163', '2015-06-01', 2, 3, 1, '0000-00-00'),
('58034', 'นางสาว', 'นริศรา', 'สาสุจิตร์', '1509901173365', '2015-06-01', 11, 3, 0, '0000-00-00'),
('58035', 'นางสาว', 'อภิสรา', 'พลศรีเมือง', '1340300096793', '2015-06-01', 6, 3, 0, '0000-00-00'),
('58036', 'นาย', 'จักรพล', 'ย่างไพบูลย์ ', '1509901143822', '2015-06-01', 6, 4, 1, '0000-00-00'),
('58037', 'นางสาว', 'จุฑารัตน์', 'ตันยเวช', '1509900495806', '2015-06-08', 9, 3, 0, '0000-00-00'),
('58038', 'นาง', 'จุฑามาศ', 'เหลืองอรุณชัย', '1549900175879', '2015-07-01', 7, 3, 1, '2016-03-01'),
('58039', 'นางสาว', 'พิมพิลา', 'คำพุธ', '1509900750776', '2015-08-01', 6, 6, 0, '0000-00-00'),
('58040', 'นางสาว', 'ภรภัทร', 'เล็กทรัพย์', '3509901191149', '2015-08-01', 6, 6, 0, '0000-00-00'),
('58041', 'นางสาว', 'พรทิพย์', 'สงวนมิตร', '3100900949876', '2015-08-01', 1, 3, 1, '2015-11-01'),
('58042', 'นาย', 'จีระพันธ์', 'เชื้อเมืองพาน', '1501100006749', '2015-09-01', 36, 3, 1, '2020-04-01'),
('58043', 'นางสาว', 'ภัทรพิลาส', 'กาญจนกุลดิษฐ', '1103700967770', '2015-10-01', 28, 3, 1, '2018-03-01'),
('58044', 'นางสาว', 'ชรินทิพย์', 'จันทร์หอกลอง', '1539900395526', '2015-09-01', 31, 1, 0, '0000-00-00'),
('58045', 'นางสาว', 'พิชามญชุ์', 'หาญเจริญกิจ', '1509901193676', '2015-10-01', 5, 3, 1, '2017-08-01'),
('58046', 'นางสาว', 'ปณาลี', 'อุประดิษฐ์', '1509901256597', '2015-09-01', 5, 10, 0, '0000-00-00'),
('58047', 'นางสาว', 'อุบลวรรณ', 'ภู่สว่าง', '1570700175109', '2015-09-01', 5, 10, 0, '0000-00-00'),
('58048', 'นางสาว', 'มนันญา', 'อินทรจักร', '1509901296611', '2015-10-01', 5, 3, 1, '2017-03-01'),
('58049', 'นางสาว', 'สาธนี', 'จำต๊ะ', '1509901018769', '2015-09-01', 5, 3, 1, '2019-07-01'),
('58050', 'นางสาว', 'เสาวลักษณ์', 'ชุนดี', '1509901219438', '2015-09-07', 5, 10, 0, '0000-00-00'),
('58051', 'นางสาว', 'นาริชา', 'จอมขันเงิน', '1509901191347', '2015-10-07', 5, 3, 1, '2015-10-07'),
('58052', 'นาย', 'นิรตศัย', 'ปนิทานโต', '1529900349788', '2015-09-07', 6, 10, 0, '0000-00-00'),
('58053', 'นาย', 'พัชรพงษ์', 'ปิคนวล', '1500700156139', '2015-09-07', 6, 3, 0, '0000-00-00'),
('58054', 'นาย', 'รณกร', 'เสาร์จร', '1540600055781', '2015-09-07', 6, 3, 1, '2018-10-04'),
('59001', 'นางสาว', 'เวธิการ์', 'จั๋นอ้าย', '1509901159532', '2015-10-01', 6, 3, 1, '2017-04-01'),
('59002', 'นางสาว', 'ทิฆัมพร', 'พรวชิรวิทย์', '1550500140514', '2015-10-01', 6, 3, 1, '2016-06-01'),
('59003', 'นางสาว', 'ทิพวรรณ', 'อุ่นเมือง', '1520400046991', '2015-10-01', 32, 3, 0, '0000-00-00'),
('59004', 'นางสาว', 'ทิชากร', 'แจ้งสันเทียะ', '1620100123123', '2015-10-01', 6, 3, 1, '2017-05-15'),
('59005', 'นาง', 'ศรีนวล', 'ศรีบัว', '3509900211740', '2015-10-01', 6, 10, 0, '0000-00-00'),
('59006', 'นางสาว', 'จิดารัตน์', 'หวานมีรส', '1529900409357', '2015-10-01', 5, 10, 0, '0000-00-00'),
('59007', 'นางสาว', 'รติรัตน์', 'วรสุธานีวรรณ', '1510600015762', '2015-10-01', 5, 2, 0, '0000-00-00'),
('59008', 'นาย', 'เทอดศักดิ์', 'ไชยวรรณะ', '3509900634756', '2015-10-01', 11, 3, 0, '0000-00-00'),
('59009', 'นาง', 'พัชรมณฑน์', 'ศุภผล', '3230300290066', '2015-10-12', 5, 9, 0, '0000-00-00'),
('59010', 'นางสาว', 'กนกวรรณ', 'จินะ', '1509901694934', '2015-10-15', 6, 9, 0, '0000-00-00'),
('59011', 'นางสาว', 'สุริสา', 'ศรีอ๊อต', '1650300032172', '2015-11-01', 5, 10, 0, '0000-00-00'),
('59012', 'นาย', 'มานิตย์', 'ทนนวงค์', '3501400511461', '2015-11-01', 6, 3, 0, '0000-00-00'),
('59013', 'นางสาว', 'อาภาภัทร', 'สุขจันทร์', '1509901233465', '2015-11-16', 5, 3, 1, '2018-07-01'),
('59014', 'นางสาว', 'อรพรรณ', 'ยะบึง', '1510100208324', '2015-11-16', 5, 10, 0, '0000-00-00'),
('59015', 'นางสาว', 'ภคนันท์', 'สุจา', '1501200071186', '2015-11-16', 6, 9, 0, '0000-00-00'),
('59016', 'นาย', 'ณัฐกฤษณ์', 'อินทะพันธุ์', '2510100015044', '2015-11-16', 6, 3, 1, '2017-12-01'),
('59017', 'นาย', 'ภัทรภูมิ', 'โยปัญญา', '3560300733127', '2015-11-16', 6, 9, 0, '0000-00-00'),
('59018', 'นางสาว', 'พุทธรักษา', 'จงศิริ', '1580500057323', '2015-11-16', 8, 3, 1, '2019-08-15'),
('59019', 'นาง', 'กมลพร', 'ท้าวคำวัง', '1509900669057', '2015-11-16', 6, 10, 0, '0000-00-00'),
('59020', 'นาย', 'ประสงค์', 'พิทักษ์สกุลไพร', '3500200298925', '2015-11-16', 36, 3, 0, '0000-00-00'),
('59021', 'นางสาว', 'สุทธิกานต์', 'สุริยะ', '1589900072328', '2015-12-01', 5, 10, 0, '0000-00-00'),
('59022', 'นาง', 'สุพิชฌาย์', 'ไชยไธสง', '3100600423887', '2015-12-01', 5, 9, 0, '0000-00-00'),
('59023', 'นางสาว', 'เบญจภรณ์', 'พรมขาว', '1630500047491', '2015-12-01', 5, 3, 1, '2018-05-01'),
('59024', 'นางสาว', 'เขมิการ์', 'แปงถานี', '1500800052882', '2015-12-01', 5, 10, 0, '0000-00-00'),
('59025', 'นางสาว', 'ณัฐธิดา', 'ยอดนิปาน', '1580300077266', '2015-12-01', 6, 9, 0, '0000-00-00'),
('59026', 'นางสาว', 'สุนิสา', 'ด่านอินถา', '1529900547822', '2015-12-01', 6, 3, 1, '2016-11-01'),
('59027', 'นาย', 'ชยาภรณ์', 'กรุงนะ', '1510100189486', '2015-12-01', 6, 9, 0, '0000-00-00'),
('59028', 'นางสาว', 'ทิพย์วรรณ', 'หอมยมณ์', '1500300130604', '2015-12-01', 6, 9, 0, '0000-00-00'),
('59029', 'นางสาว', 'วัชรี', 'ทาแล', '1509900503680', '2015-12-01', 6, 9, 0, '0000-00-00'),
('59030', 'นางสาว', 'เปรมด์ฤทัย', 'เสนวิรัช', '1560100313993', '2015-12-01', 6, 10, 0, '0000-00-00'),
('59031', 'นางสาว', 'อาภาพร', 'แสนใจ', '1509901473784', '2015-12-01', 6, 10, 0, '0000-00-00'),
('59032', 'นางสาว', 'รุ่งจิรา', 'วงค์กาศ', '1839900320442', '2015-12-01', 6, 10, 0, '0000-00-00'),
('59033', 'นาย', 'ชัยธวัช', 'กิตติคุณากร', '1509901363437', '2015-12-01', 18, 1, 0, '0000-00-00'),
('59034', 'นางสาว', 'พรพรรณ', 'ธรรมศิลป์', '1509900420270', '2016-01-01', 10, 3, 0, '0000-00-00'),
('59035', 'นาย', 'ฉลอง', 'ซาวคง', '1509900218969', '2016-01-01', 19, 3, 1, '0000-00-00'),
('59036', 'นางสาว', 'ณัฐกานต์', 'ทับเที่ยง', '1820500050512', '2016-01-01', 12, 4, 1, '2016-08-01'),
('59037', 'นาย', 'กิตติ', 'งำเมือง', '1509900500354', '2016-01-11', 36, 3, 1, '2017-10-31'),
('59038', 'นาย', 'อุเทน', 'มูลแก้ว', '1500300124558', '2016-02-01', 34, 3, 0, '0000-00-00'),
('59039', 'นาย', 'วิโรจน์', 'ศรีอำนาจ', '1509901238548', '2016-02-08', 35, 1, 0, '0000-00-00'),
('59040', 'นาย', 'ภูริวัจฐ์', 'ชีคำ', '1500900030635', '2016-03-01', 33, 3, 1, '2016-03-01'),
('59041', 'นางสาว', 'พิญชญา', 'ปัญญาเทียม', '1509901291376', '2016-04-01', 31, 3, 1, '0000-00-00'),
('59042', 'นาย', 'สรัชพล', 'อำพิพัฒน์', '1559900220769', '2016-04-01', 6, 5, 1, '2016-11-01'),
('59043', 'นางสาว', 'วัชรี', 'เจริญทรัพย์', '1509900456584', '2016-04-18', 31, 1, 0, '0000-00-00'),
('59044', 'นางสาว', 'วาริสา', 'กันตศรี', '3501500423912', '2016-06-01', 6, 3, 1, '2018-05-01'),
('59045', 'นาย', 'ณัทวุฒิ', 'เฮงจีระจรัส', '1509900186218', '2016-07-01', 1, 3, 0, '0000-00-00'),
('59046', 'นาง', 'วราภรณ์', 'ชื่นจงกลกุล', '3560300041624', '2016-07-01', 5, 3, 1, '2016-11-01'),
('59047', 'นางสาว', 'กาญจนา', 'ธรรมชัยยุติ', '1509900093481', '2016-07-01', 5, 9, 0, '0000-00-00'),
('59048', 'นางสาว', 'ปรียานุช', 'ลาวตุม', '1579900442478', '2016-07-01', 5, 10, 0, '0000-00-00'),
('59049', 'นางสาว', 'ธินัสนันท์', 'สารทอง', '1559900218047', '2016-07-01', 5, 10, 0, '0000-00-00'),
('59050', 'นางสาว', 'สุทธิดา', 'ทองอินปัน', '1559900220084', '2016-07-01', 5, 10, 0, '0000-00-00'),
('59051', 'นางสาว', 'ณัฐธยาน์', 'พุทธปาจารย์', '1509901304079', '2016-07-01', 5, 9, 0, '0000-00-00'),
('59052', 'นางสาว', 'พิชญา', 'สินคณารักษ์', '1640600198564', '2016-07-01', 5, 1, 0, '0000-00-00'),
('59053', 'นางสาว', 'พิมพ์พิสุทธิ์', 'สุใจจา', '1500900117374', '2016-07-01', 6, 9, 0, '0000-00-00'),
('59054', 'นางสาว', 'สาริศา', 'สมโน', '3501700214551', '2016-07-01', 6, 10, 0, '0000-00-00'),
('59055', 'นางสาว', 'ธัญญารัตน์', 'ธรรมศิริ', '1560200083264', '2016-07-01', 6, 3, 1, '2017-11-01'),
('59056', 'นางสาว', 'นรินทร์ทิพย์', 'จันตาบุญ', '1509901610901', '2016-07-01', 6, 9, 0, '0000-00-00'),
('59057', 'นาย', 'ธิราวุฒิ', 'ปัญญาแปง', '1509900992702', '2016-07-01', 6, 3, 1, '2018-12-01'),
('59058', 'นางสาว', 'รัตน์วดี', 'มูลศรี', '1560100081065', '2016-07-04', 6, 3, 1, '0000-00-00'),
('59059', 'นางสาว', 'วิลาสินี', 'อมรใฝ่วดี', '1580400090205', '2016-07-05', 6, 3, 1, '2017-06-10'),
('59060', 'นาง', 'รัตนาภรณ์', 'วรรณรินทร์', '1509900722853', '2016-07-11', 5, 10, 0, '0000-00-00'),
('59061', 'นางสาว', 'อรทัย', 'เครื่องคำ', '3500500430632', '2016-07-21', 6, 10, 0, '0000-00-00'),
('59062', 'นาย', 'ธนากิต', 'อูปแปง', '1509901334202', '2016-07-21', 37, 3, 0, '0000-00-00'),
('59063', 'นาย', 'พงศกร', 'ปันศิริ', '1500300014591', '2016-07-21', 6, 3, 1, '2017-11-01'),
('59064', 'นางสาว', 'ณัฐพัชร์', 'รอบคำ', '1500700133481', '2016-08-01', 5, 1, 1, '2018-06-01'),
('59065', 'นางสาว', 'อัญชลี', 'ชวนประเสริฐ', '1509900420644', '2016-08-01', 34, 3, 0, '0000-00-00'),
('59066', 'นางสาว', 'ฉันทิกา', 'พลพานิช', '1-6099-00270-', '2016-08-01', 12, 4, 1, '2017-07-27'),
('59067', 'นางสาว', 'จุฑามาศ', 'เรือนดี', '1509901264794', '2016-08-01', 12, 4, 1, '2017-01-01'),
('60001', 'นางสาว', 'ภัทรสุดา', 'ตั๋นเหล็ก', '1549900289360', '2016-10-01', 6, 7, 0, '0000-00-00'),
('60002', 'นาย', 'วัชรินทร์', 'บุญเทพ', '3501500399400', '2016-10-10', 6, 3, 0, '0000-00-00'),
('60003', 'นาย', 'ปฏพงษ์', 'เจริญชัย', '1501100104163', '2016-10-05', 6, 3, 1, '2018-05-01'),
('60004', 'นางสาว', 'ขวัญเนตร', 'เครือวิเสน', '1100800899927', '2016-11-01', 6, 5, 1, '2019-02-01'),
('60005', 'นาย', 'ทนันต์', 'นันตากาศ', '1510100149859', '2016-11-01', 19, 1, 0, '0000-00-00'),
('60006', 'นาย', 'ภัทชนันท์', 'ปันกุย', '1509901539173', '2016-11-01', 6, 4, 1, '2017-06-01'),
('60007', 'นางสาว', 'นิชาภา', 'พิศฎางค์', '1509901234577', '2016-11-15', 32, 1, 1, '2018-11-01'),
('60008', 'นางสาว', 'สตรีรัตน์', 'ภัทรวรตระกูล', '1580400005135', '2016-12-01', 32, 3, 0, '0000-00-00'),
('60009', 'นางสาว', 'จุฬาลักษณ์', 'ใหม่พรม', '1510500052721', '2016-12-01', 6, 10, 0, '0000-00-00'),
('60010', 'นางสาว', 'เสาวลักษณ์', 'สุขระแหง', '1509900053455', '2016-12-01', 6, 10, 0, '0000-00-00'),
('60011', 'นางสาว', 'พรทิวา', 'ละลา', '1505100003999', '2016-12-01', 6, 3, 1, '2018-06-15'),
('60012', 'นางสาว', 'นาริชา', 'จอมขันเงิน', '1509901191347', '2016-12-01', 5, 10, 0, '0000-00-00'),
('60013', 'นางสาว', 'สุภางค์', 'ฉิมมา', '1509901383262', '2017-01-01', 5, 3, 1, '2018-08-01'),
('60014', 'นาง', 'ชญานิษฐ์', 'ศรีสองเมือง', '3509900865537', '2017-01-01', 6, 3, 1, '2017-02-16'),
('60015', 'นาย', 'จักรกฤษณ์', 'จันทร์อู่', '3500100218181', '2017-01-01', 1, 3, 1, '2017-06-05'),
('60016', 'นาย', 'เอกรินทร์', 'ศุภตระกูล', '1509900392381', '2017-02-01', 1, 3, 1, '2019-08-01'),
('60017', 'นาย', 'ภัทรพล', 'หลวงแสน', '1509900903491', '2017-02-01', 38, 3, 0, '0000-00-00'),
('60018', 'นางสาว', 'จิราพร', 'ต๊ะเสน', '1501700068541', '2017-03-01', 31, 1, 1, '2020-07-01'),
('60019', 'นาย', 'ติณณภพ', 'กันตพัชญ์', '8577373002588', '2017-03-03', 8, 3, 1, '2019-11-16'),
('60020', 'นาง', 'ชนากานต์', 'ยะราช', '1549900031427', '2017-03-02', 9, 3, 1, '2018-07-01'),
('60021', 'นาง', 'จิดาภา', 'พรหมปัญญา', '3509900856171', '2017-05-01', 7, 3, 0, '0000-00-00'),
('60022', 'นางสาว', 'ณิชกานต์', 'ชัยคำมูล', '1500300112525', '2017-04-03', 28, 3, 1, '2017-04-03'),
('60023', 'นางสาว', 'ปราวิรัตน์', 'คิ้วดวงตา', '1509900735475', '2017-04-10', 29, 1, 0, '0000-00-00'),
('60024', 'นาง', 'จิตติมาภรณ์', 'กันทะ', '1361200019267', '2017-04-18', 28, 1, 0, '0000-00-00'),
('60025', 'นางสาว', 'รังสิมันตุ์', 'ไก่งาม', '1560100137982', '2017-05-01', 16, 2, 0, '0000-00-00'),
('60026', 'นาย', 'คณิน', 'กาวิชัย', '1509901366830', '2017-06-01', 5, 1, 1, '2019-07-01'),
('60027', 'นาย', 'ไมตรี', 'พึ่งวิทยาธร', '3580400003589', '2017-06-08', 36, 1, 0, '0000-00-00'),
('60029', 'นางสาว', 'สุพรรษา', 'มารอด', '1505200002579', '2017-05-18', 6, 6, 0, '0000-00-00'),
('60030', 'นางสาว', 'พิมลดา', 'ไชยศิริ', '1430200185939', '2017-06-01', 5, 1, 0, '0000-00-00'),
('60032', 'นางสาว', 'พัชราภรณ์', 'พุทธิมา', '1509900858852', '2017-07-01', 5, 1, 0, '0000-00-00'),
('60034', 'นาย', 'นัฐชัย', 'โพธิ์รอด', '1269900160254', '2017-06-01', 17, 1, 0, '0000-00-00'),
('60035', 'นางสาว', 'ธันยนัช', 'ทุนอินทร์', '1509901340679', '2017-06-05', 12, 4, 0, '0000-00-00'),
('60036', 'นางสาว', 'สาวิตรี', 'ศรีดอยดิน', '1502200005915', '2017-07-17', 6, 3, 1, '2019-05-31'),
('60037', 'นางสาว', 'ภาสินี', 'ปู่ปา', '1501601140308', '2017-07-17', 6, 10, 0, '0000-00-00'),
('60038', 'นางสาว', 'สุรีรัตน์', 'มณฑนม', '1500300089990', '2017-08-14', 5, 10, 0, '0000-00-00'),
('60039', 'นางสาว', 'พัชรี', 'บุญตัน', '1501200084431', '2017-07-06', 6, 3, 1, '2018-11-01'),
('60042', 'นางสาว', 'ณัฐชยา', 'สุทาชัย', '1509900900956', '2017-07-04', 6, 4, 1, '2019-06-01'),
('60043', 'นางสาว', 'รัตติกาล', 'จันทร์เส็ง', '1679900282330', '2017-08-01', 11, 1, 0, '0000-00-00'),
('60044', 'นางสาว', 'รุ้งลาวัลย์', 'สุนทร', '1500900135054', '2017-08-14', 11, 1, 0, '0000-00-00'),
('60045', 'นางสาว', 'ภัทรกร', 'ดำรงไชย', '1509900950431', '2017-08-01', 7, 1, 0, '0000-00-00'),
('60046', 'นางสาว', 'ใกล้รุ่ง', 'วิวัฒน์ชัยกุล', '3509900306813', '2017-08-01', 32, 1, 0, '0000-00-00'),
('60047', 'นางสาว', 'รดา', 'วิวัฒน์ชัยกุล', '1509900565260', '2017-08-01', 6, 1, 1, '2019-04-05'),
('60048', 'นางสาว', 'วราภรณ์', 'เมฆลา', '1509901252087', '2017-08-01', 7, 1, 0, '0000-00-00'),
('60049', 'นางสาว', 'กนกวรรณ', 'ตื่นถาวรกิจ', '1501801138137', '2017-08-01', 6, 1, 1, '2020-06-01'),
('60050', 'นางสาว', 'อมรรัตน์', 'โดดาธรรม', '1509901086225', '2017-08-01', 6, 1, 0, '0000-00-00'),
('60051', 'นางสาว', 'วรัญญา', 'ต่ายทา', '1509901356940', '2017-08-01', 6, 1, 0, '0000-00-00'),
('60052', 'นางสาว', 'กมลทิพย์', 'ปัญญาทิพย์', '1509900502551', '2017-08-01', 6, 1, 0, '0000-00-00'),
('60053', 'นางสาว', 'ชมชนก', 'เฟืองคำ', '1509900901855', '2017-08-01', 31, 1, 1, '2019-11-01'),
('60054', 'นางสาว', 'กรณ์ณภัทร', 'จตุพรเรืองรอง', '1500300147639', '2017-08-01', 16, 2, 0, '0000-00-00'),
('60055', 'นางสาว', 'ปัทมา', 'ประดับ', '1640700088299', '2017-08-01', 16, 2, 0, '0000-00-00'),
('60056', 'นาย', 'อัคร', 'อนันตกุล', '1609900073757', '2017-08-15', 1, 3, 1, '2018-09-01'),
('60058', 'นางสาว', 'ณัฐฐา', 'ฐิติศรารักษ์', '1200100227135', '2017-09-01', 2, 6, 1, '2019-11-01'),
('60060', 'นางสาว', 'กนกอร', 'โพธิวงค์', '1509900958687', '2017-09-18', 31, 6, 0, '0000-00-00'),
('61001', 'นางสาว', 'กุลธิดา', 'ตรรกวรุตม์', '1529900768489', '2017-10-02', 21, 1, 0, '0000-00-00'),
('61002', 'นางสาว', 'ธัญญารัตน์', 'รักพร้า', '1103701584157', '2017-10-02', 5, 3, 1, '2018-08-01'),
('61003', 'นางสาว', 'ศิพร', 'เตชะหมื่น', '1509900851408', '2017-11-01', 27, 1, 0, '0000-00-00'),
('61004', 'นางสาว', 'จันทิรา', 'ภูมาศ', '1549900057876', '2017-11-01', 26, 1, 0, '0000-00-00'),
('61006', 'นาย', 'นพดล', 'อินตานวน', '3580400153319', '2017-11-13', 36, 3, 0, '0000-00-00'),
('61007', 'นางสาว', 'นฤมล', 'พงค์กลาง', '1460500140248', '2017-12-01', 6, 1, 1, '2019-05-01'),
('61008', 'นางสาว', 'รัชนีกร', 'แสนสุข', '1509901293158', '2017-12-01', 5, 5, 0, '0000-00-00'),
('61011', 'นาย', 'ระมิงค์', 'เย็นจิตต์', '1509901410294', '2018-01-01', 31, 1, 0, '0000-00-00'),
('61012', 'นางสาว', 'สุภาภรณ์ ', 'สังคำ', '1639900173671', '2018-01-01', 6, 10, 0, '0000-00-00'),
('61013', 'นางสาว', 'อรทัย', 'คำใหม่', '1539900626757', '2018-01-01', 6, 10, 0, '0000-00-00'),
('61015', 'นางสาว', 'ชลธิชา', 'ลืมกลืน', '1509900982065', '2018-01-01', 31, 3, 0, '0000-00-00'),
('61016', 'นางสาว', 'รุ้งรวี', 'แสงเขียว', '1489900154988', '2018-01-01', 5, 10, 0, '0000-00-00'),
('61017', 'นางสาว', 'นิชา ', 'กาดีวงศ์', '1529900740070', '2018-01-03', 23, 6, 1, '2018-10-01'),
('61018', 'นาย', 'อธิป', 'น้อมศิริ', '1509900372283', '2018-02-15', 18, 1, 0, '0000-00-00'),
('61019', 'นางสาว', 'เมธินี', 'จิตธรรม', '1509901378412', '2018-02-20', 8, 1, 0, '0000-00-00'),
('61020', 'นางสาว', 'สุพัตรา', 'ติ๊บปิน', '1540300106240', '2018-02-20', 8, 1, 0, '0000-00-00'),
('61022', 'นาย', 'นัฐพงษ์', 'ยาสมุทร', '1509901395317', '2018-02-01', 38, 4, 0, '0000-00-00'),
('61024', 'นางสาว', 'นิตยา', 'เสนนะ', '3570900331801', '2018-03-01', 28, 1, 0, '0000-00-00'),
('61025', 'นางสาว', 'พิชามญชุ์', 'จอมทัน', '1509900791766', '2018-03-01', 5, 7, 1, '2019-09-01'),
('61026', 'นางสาว', 'ภัทรวรรณ', 'วรวัฒน์วิจิตร', '1101401087237', '2018-03-01', 12, 4, 0, '0000-00-00'),
('61028', 'นางสาว', 'พัชราภรณ์', 'เลายี่ปา', '1580700019026', '2018-04-01', 6, 10, 0, '0000-00-00'),
('61032', 'นางสาว', 'สุจริตพรรณ', 'ใจเป็ง', '3630300065760', '2018-06-01', 7, 3, 0, '0000-00-00'),
('61033', 'นางสาว', 'รุ่งทิพย์', 'บุญเรือง', '1509901393004', '2018-07-01', 5, 9, 0, '0000-00-00'),
('61034', 'นาย', 'ชรินทร์', 'อินทไชย', '1509901203281', '2018-06-01', 35, 1, 0, '0000-00-00'),
('61035', 'นาย', 'ปิยณัฐ', 'คำดวงดาว', '1509900284066', '2018-06-01', 37, 1, 0, '0000-00-00'),
('61036', 'นาย', 'วิรุฬ', 'การเร็ว', '3560500601780', '2018-06-01', 38, 1, 0, '0000-00-00'),
('61037', 'นางสาว', 'ประภาวรินทร์', 'ภูวเดชโภคนิษฐ์', '1509900540925', '2018-06-01', 33, 3, 0, '0000-00-00'),
('61038', 'นางสาว', 'นันท์นภัส', 'ร่องดุสิต', '1549900345324', '2018-06-01', 33, 3, 0, '0000-00-00'),
('61039', 'นางสาว', 'สุทธิชา', 'วีระวงค์', '1869900218974', '2018-06-15', 6, 1, 0, '0000-00-00'),
('61040', 'นางสาว', 'วรัชยา', 'ฟ้าคำตัน', '1529900671400', '2018-06-18', 28, 1, 1, '2018-08-25'),
('61041', 'นางสาว', 'พิมลพรรณ', 'รัตนพัฒนากุล', '1101401900914', '2018-08-01', 1, 1, 0, '0000-00-00'),
('61042', 'นางสาว', 'กรปวีณ์', 'ปุณณโกศล', '1103700010513', '2018-08-01', 1, 1, 1, '2019-07-01'),
('61043', 'นางสาว', 'สมหญิง', 'ดำนิล', '1659900368951', '2018-07-16', 1, 1, 0, '0000-00-00'),
('61044', 'นางสาว', 'วิภาดา', 'สุริยา', '1501000076583', '2018-07-01', 6, 6, 0, '0000-00-00'),
('61045', 'นางสาว', 'กรกนก', 'วงศ์ศิลา', '1579900160723', '2018-08-01', 32, 1, 0, '0000-00-00'),
('61047', 'นาย', 'ฐิตินันท์', 'ชัยกุลเสรีวัฒน์', '150990152409-', '2018-08-15', 9, 3, 0, '0000-00-00'),
('61048', 'นางสาว', 'ศุภาพิชญ์', 'ขจรโมทย์', '1509901386857', '2018-09-01', 5, 10, 0, '0000-00-00'),
('61049', 'นางสาว', 'สุภกร', 'ฉัตรอุทัย', '1509900959969', '2018-10-01', 7, 1, 0, '0000-00-00'),
('61050', 'นางสาว', 'ลักขณา', 'เทศเปี่ยม', '366060014345-', '2018-10-01', 5, 3, 1, '2019-04-01'),
('61051', 'นาย', 'มณฑล', 'ปัญญาวัง', '1500900186112', '2018-09-17', 37, 1, 0, '0000-00-00'),
('61052', 'นางสาว', 'พลอย', 'ทรัพย์ไพบูลย์กิจ', '1509901539173', '2018-11-01', 5, 1, 0, '0000-00-00'),
('61053', 'นางสาว', 'เสาวลักษณ์', 'กันทา', '1509901233376', '2018-10-01', 28, 1, 0, '0000-00-00'),
('61054', 'นาย', 'มนต์ธัช', 'ไทยยันโต', '1509901160581', '2018-10-01', 23, 6, 0, '0000-00-00'),
('61055', 'นาย', 'เอกภพ', 'พจนสิทธิ์', '1509901617255', '2018-10-01', 11, 3, 0, '0000-00-00'),
('62001', 'นางสาว', 'จริยาพร', 'สุริยะป้อ', '1509901403417', '2018-10-15', 31, 1, 1, '2020-01-11'),
('62002', 'นางสาว', 'สุธินี', 'ส่งศรีเกตุ', '1509901655017', '2018-11-01', 28, 1, 1, '2019-02-07'),
('62003', 'นางสาว', 'ประภัสสร', 'กุณนะ', '1509901533698', '2018-12-01', 32, 1, 1, '2020-06-01'),
('62004', 'นางสาว', 'ภิชญา', 'พุฒมาเล', '1529900653576', '2018-11-16', 32, 1, 1, '2019-02-01'),
('62005', 'นาย', 'ธนบดี  ', 'นิ่มวงษ์', '1509901329888', '2019-01-15', 23, 3, 0, '0000-00-00'),
('62006', 'นาย', 'กลวัชร', 'เเสงสูง', '1819900141718', '2019-01-01', 2, 6, 0, '0000-00-00'),
('62007', 'นางสาว', 'กัญญาณัฐ', 'พุทธิมา', '1529900616158', '2019-01-15', 9, 3, 0, '0000-00-00'),
('62008', 'นาย', 'ธวัชชัย', 'ต่อคำอ้าย', '3501500040339', '2019-01-15', 36, 1, 0, '0000-00-00'),
('62009', 'นางสาว', 'กัญชญารัตน์', 'คำมา', '1550400036171', '2019-02-01', 6, 5, 1, '2020-02-01'),
('62010', 'นางสาว', 'น้ำฝน', 'ทิพย์แมม', '1501100093994', '2019-02-15', 6, 3, 1, '2019-04-01'),
('62011', 'นางสาว', 'อัญชนา  ', 'วรรณภิระ', '1510100198809', '2019-03-01', 5, 9, 0, '0000-00-00'),
('62012', 'นางสาว', 'ศศิพรรณ ', 'โมตาลี', '1500300136441', '2019-04-01', 5, 3, 1, '2019-04-01'),
('62013', 'นาย', 'ชัยญะ', 'เชาว์วิศิษฐ์เสรี', '3509901447623', '2019-03-01', 3, 6, 1, '2019-07-01'),
('62014', 'นางสาว', 'วรัญญา', 'แปงชาติ', '1510100139225', '2019-04-01', 7, 1, 0, '0000-00-00'),
('62015', 'นาย', 'วริทธิ์', 'จันทร์ทองคำ', '1509900497400', '2019-03-15', 8, 1, 0, '0000-00-00'),
('62016', 'นางสาว', 'ทิพวรรณ ', 'สุริยะมล', '1509900967481', '2019-03-15', 7, 1, 0, '0000-00-00'),
('62017', 'นางสาว', 'ศรสวรรค์', 'เผือกดิบ', '1509900803845', '2019-03-01', 28, 3, 1, '2019-03-26'),
('62018', 'นางสาว', 'ณฐพร ', 'เจิดจำรัส', '1509900463181', '2019-04-01', 8, 1, 0, '0000-00-00'),
('62019', 'นางสาว', 'เบญจพร  ', 'สมศรี', '1520600070780', '2019-03-01', 8, 1, 0, '0000-00-00'),
('62020', 'นางสาว', 'สุธิดา  ', 'สุตะวงค์', '1579900332401', '2019-03-01', 31, 3, 0, '0000-00-00'),
('62021', 'นางสาว', 'รัตนาภรณ์  ', 'ยาวิละ', '1509901377424', '2019-03-15', 6, 3, 0, '0000-00-00'),
('62022', 'นาย', 'ภัทรบดินทร์  ', 'เปาวะ', '1510400128768', '2019-03-15', 6, 6, 0, '0000-00-00'),
('62023', 'นาย', 'ศิริพงษ์', 'สุราศรี', '1560100103344', '2019-05-01', 6, 9, 0, '0000-00-00'),
('62024', 'นางสาว', 'เกศรินทร์', 'นามเจิง', '1509900391466', '2019-04-26', 5, 6, 1, '2019-04-26'),
('62025', 'นาย', 'ธร', 'ประเสริฐสมบูรณ์', '3101200302358', '2019-05-01', 34, 3, 1, '2019-09-30'),
('62026', 'นาย', 'สัญญา', 'ศรีบัวโชติ', '3730500226871', '2019-04-26', 33, 3, 1, '2019-04-26'),
('62027', 'นางสาว', 'ชวัลลักษณ์', 'บุญหลี', '3501500438740', '2019-05-01', 38, 3, 0, '0000-00-00'),
('62028', 'นางสาว', 'สุพีรณัฐ', 'คำแผ่นชัย', '1579900075947', '2019-05-01', 29, 1, 0, '0000-00-00'),
('62029', 'นางสาว', 'แสงมณี', 'พรมติ๊บ', '1550700109548', '2019-05-01', 38, 3, 0, '0000-00-00'),
('62030', 'นาง', 'นุชนาฎ', 'เสนาธรรม', '1549900334900', '2019-04-17', 28, 1, 0, '0000-00-00'),
('62031', 'นางสาว', 'สิริญา', 'จันกันธา', '1500900066761', '2019-05-01', 5, 3, 1, '0000-00-00'),
('62032', 'นางสาว', 'นภาพร', 'อินสิงห์', '1509900811970', '2019-04-22', 5, 9, 0, '0000-00-00'),
('62033', 'นางสาว', 'หยาดพิรุณ', 'เสาร์เป็ง', '1509900482844', '2019-04-17', 5, 2, 1, '2019-07-01'),
('62034', 'นาย', 'สิทธิธิวัชช์', 'ดงเล็ก', '1509901570038', '2019-05-01', 38, 3, 0, '0000-00-00'),
('62035', 'นางสาว', 'ธนัชพร', 'รักษาคม', '1659900454718', '2019-07-01', 5, 7, 0, '0000-00-00'),
('62036', 'นางสาว', 'อังคณา', 'กันทะกุล', '1509901157777', '2019-06-15', 5, 9, 0, '0000-00-00'),
('62037', 'นางสาว', 'พนิดา  ', 'ศรีใจ', '1570700134046', '2019-06-04', 5, 6, 0, '0000-00-00'),
('62038', 'นางสาว', 'วาริสา  ', 'กันตศรี', '3501500423912', '2019-06-01', 6, 3, 0, '0000-00-00'),
('62039', 'นางสาว', 'เตือนใจ  ', 'ยกยอดี', '1560300039950', '2019-07-01', 12, 3, 0, '0000-00-00'),
('62040', 'นางสาว', 'พิมพร  ', 'คำไส', '1540300093890', '2019-06-03', 6, 1, 0, '0000-00-00'),
('62041', 'นาย', 'ชัชนนท์  ', 'กัมทรทิพย์', '1100800744010', '2019-07-15', 1, 1, 1, '2020-07-01'),
('62042', 'นางสาว', 'ภัททิยา', 'กันทา', '1500900194425', '2019-07-15', 6, 1, 0, '0000-00-00'),
('62043', 'นางสาว', 'ณีรนุช', 'ตันธนะเศรษฐ์', '1509901540741', '2019-07-15', 7, 1, 0, '0000-00-00'),
('62044', 'นางสาว', 'เพชรรัช  ', 'หอมมาลา', '1509901291465', '2019-10-01', 5, 1, 0, '0000-00-00'),
('62045', 'นางสาว', 'ณัฐสุดา', 'โลแก้ว', '1509901499830', '2019-08-02', 5, 9, 0, '0000-00-00'),
('62046', 'นางสาว', 'ณัฐชยาน์ ', 'ปู่มณี', '1110200099032', '2019-08-15', 8, 3, 0, '0000-00-00'),
('62047', 'นางสาว', 'ปิยะนุช  ', 'จันมา', '1679800158106', '2019-10-01', 5, 3, 1, '2020-03-01'),
('62048', 'นางสาว', 'อรวรรณ  ', 'เลี่ยมสกุล', '1609900148625', '2019-10-01', 6, 4, 0, '0000-00-00'),
('62049', 'นางสาว', 'ทอฝัน  ', 'สุธาโน', '1505200024602', '2019-10-01', 34, 3, 0, '0000-00-00'),
('62050', 'นาย', 'อัมรินทร์', 'ไชยายงค์', '1509970042185', '2019-10-16', 35, 1, 0, '0000-00-00'),
('63001', 'นางสาว', 'วีริยารัศมิ์', 'มานะผัน', '1509901292101', '2019-11-01', 11, 1, 0, '0000-00-00'),
('63002', 'นางสาว', 'เพียรทิพย์', 'สินจ้าง', '1509901069819', '2019-11-01', 31, 1, 0, '0000-00-00'),
('63003', 'นางสาว', 'วราภรณ์', 'สิงห์ชัย', '1571100115343', '2019-11-01', 6, 1, 0, '0000-00-00'),
('63004', 'นางสาว', 'พรฟ้า  ', 'อนันต์ไพศาล', '1100800472249', '2019-11-01', 2, 6, 0, '0000-00-00'),
('63006', 'นางสาว', 'กาญจน์ประภา  ', 'วงค์ปัญญา', '1509901341268', '2019-11-01', 28, 1, 0, '0000-00-00'),
('63007', 'นาย', 'ศุภณัฐ  ', 'มโนชมภู', '1509901271189', '2019-12-01', 7, 1, 0, '0000-00-00'),
('63011', 'นางสาว', 'วิรัตน์ดา  ', 'ถิ่นการ์', '1549900383293', '2020-02-01', 5, 9, 0, '0000-00-00'),
('63012', 'นางสาว', 'นิตยา  ', 'วงค์แก้ว', '1560600082532', '2020-01-01', 8, 1, 0, '0000-00-00'),
('63013', 'นาย', 'สุระชาติ  ', 'วงค์ใหม่', '1509900733529', '2020-02-01', 37, 1, 0, '0000-00-00'),
('63014', 'นาย', 'ทัยสรรค์  ', 'ดู่ยา', '1559900154103', '2020-02-11', 35, 1, 0, '0000-00-00'),
('63015', 'นางสาว', 'พิชชาวีร์  ', 'โอบอ้อม', '1559900211085', '2020-03-16', 5, 1, 0, '0000-00-00'),
('63016', 'นางสาว', 'พัชรพิทธ์  ', 'ยศสุข', '1509901689086', '2020-03-01', 5, 9, 0, '0000-00-00'),
('63017', 'นางสาว', 'กุลณัฐ  ', 'จริงมาก', '1529900843553', '2020-03-01', 31, 1, 0, '0000-00-00'),
('63018', 'นางสาว', 'วลัยลักษณ์  ', 'จองแดง', '1505200047653', '2020-03-01', 5, 10, 0, '0000-00-00'),
('63019', 'นางสาว', 'อรวีร์  ', 'ทิศรำวัง', '1509901453996', '2020-03-16', 5, 1, 0, '0000-00-00'),
('63021', 'นาย', 'ณฐภัทร  ', 'ภูดอนตอง', '1510100256744', '2020-03-16', 34, 3, 0, '0000-00-00'),
('63022', 'นาย', 'อนุวัฒน์  ', 'แก้วบุญเรือง', '1509901327486', '2020-04-20', 37, 3, 0, '0000-00-00'),
('63023', 'นาย', 'วิศรุต  ', 'มงคล', '1580400188736', '2020-04-10', 38, 6, 0, '0000-00-00'),
('63024', 'นาย', 'ณัฐพล  ', 'ซื่อสัตย์สุจริต', '1580500063641', '2020-04-01', 36, 1, 0, '0000-00-00'),
('63025', 'นาย', 'ชัย  ', 'นายแสง', '8500973018632', '2020-05-01', 36, 3, 0, '0000-00-00'),
('63026', 'นางสาว', 'วรรณดี  ', 'จีนา', '1580400095053', '2020-06-01', 6, 5, 0, '0000-00-00'),
('63027', 'นางสาว', 'วรางคณา  ', 'แก้วดอนดุก', '1570900074683', '2020-06-01', 5, 2, 0, '0000-00-00'),
('63028', 'นางสาว', 'กรชนก  ', 'อักษรดิษฐ์', '1579900692091', '2020-07-01', 5, 1, 0, '0000-00-00'),
('63029', 'นางสาว', 'ณัฐธิดา ', 'ต้อติดวงค์', '1502201201791', '2020-07-01', 6, 1, 0, '0000-00-00'),
('63030', 'นางสาว', 'ชนากานต์  ', 'วสันตวิษุวัต', '1509901347487', '2020-07-01', 32, 1, 0, '0000-00-00'),
('63031', 'นางสาว', 'กันยารัตน์  ', 'บุญมา', '1849900282532', '2020-07-01', 6, 1, 0, '0000-00-00'),
('63032', 'นางสาว', 'บุษยารัตน์  ', 'ป้องภัย', '1549900189535', '2020-07-01', 6, 1, 0, '0000-00-00'),
('63033', 'นางสาว', 'พิชญา  ', 'สุมาลัย', '1509901142648', '2020-07-01', 31, 1, 0, '0000-00-00'),
('63034', 'นาย', 'ตุล  ', 'ชัยกิจมงคล', '1509900663512', '2020-07-01', 1, 1, 0, '0000-00-00');

-- --------------------------------------------------------

--
-- Table structure for table `sev_position`
--

CREATE TABLE `sev_position` (
  `position_id` int(11) NOT NULL COMMENT 'รหัสตำแหน่ง',
  `position_name` varchar(100) NOT NULL COMMENT 'ชื่อตำแหน่ง'
) ENGINE=InnoDB DEFAULT CHARSET=utf8;

--
-- Dumping data for table `sev_position`
--

INSERT INTO `sev_position` (`position_id`, `position_name`) VALUES
(1, 'แพทย์'),
(2, 'แพทย์จีน / แพทย์แผนไทยประยุกต์'),
(3, 'ผู้จัดการศูนย์ฯ'),
(4, 'พยาบาลเวชศาสตร์นิวเคลียร์'),
(5, 'พยาบาลวิชาชีพ'),
(6, 'ผู้ช่วยทางการแพทย์'),
(7, 'เภสัชกร'),
(8, 'ผู้ช่วยเภสัชกร'),
(9, 'นักกายภาพบำบัด'),
(10, 'นักกิจกรรมบำบัด'),
(11, 'นักเทคนิคการแพทย์'),
(12, 'นักรังสีการแพทย์'),
(13, 'นักเคมีรังสี'),
(14, 'นักเภสัชรังสี'),
(15, 'นักฟิสิกส์การแพทย์'),
(16, 'เจ้าหน้าที่ตรวจการนอนหลับ'),
(17, 'วิศวกรระบบเครือข่ายคอมพิวเตอร์'),
(18, 'นักวิชาการคอมพิวเตอร์'),
(19, 'พนักงานเครื่องคอมพิวเตอร์'),
(20, 'พยาบาลวิชาชีพ (วิจัย)'),
(21, 'พนักงานบริหารงานทั่วไป'),
(22, 'พนักงานทรัพยากรบุคคล'),
(23, 'พนักงานประชาสัมพันธ์'),
(24, 'นักพัสดุ'),
(25, 'เจ้าพนักงานพัสดุ'),
(26, 'นักวิชาการเงินการบัญชี'),
(27, 'เจ้าหน้าที่การเงินการบัญชี'),
(28, 'พนักงานเก็บเงิน'),
(29, 'พนักงานการตลาด'),
(30, 'พนักงานบริหารทั่วไป(นักพัฒนาคุณภาพ)'),
(31, 'พนักงานธุรการ'),
(32, 'พนักงานเวชระเบียน'),
(33, 'นักโภชนาการ'),
(34, 'พนักงานโภชนาการ'),
(35, 'ช่างไฟฟ้า'),
(36, 'พนักงานขับรถยนต์'),
(37, 'พนักงานเปล'),
(38, 'พนักงานบริการทั่วไป'),
(39, 'พยาบาลระดับบริหาร'),
(40, 'เจ้าหน้าที่บริหารงานวิจัย');

-- --------------------------------------------------------

--
-- Table structure for table `tb_location1`
--

CREATE TABLE `tb_location1` (
  `Ward_code` char(4) NOT NULL DEFAULT '',
  `Ward_code_old` char(4) DEFAULT NULL,
  `active` tinyint(1) DEFAULT '0',
  `ward_name` char(30) DEFAULT NULL,
  `ward_name1` char(80) DEFAULT NULL,
  `mis_code` char(12) DEFAULT NULL,
  `ward_name_eng` varchar(150) DEFAULT NULL,
  `ward_name_short` varchar(50) DEFAULT NULL,
  `ward_name_old` varchar(255) DEFAULT NULL,
  `ward_name1_old` varchar(255) DEFAULT NULL,
  `ward_tel` char(12) DEFAULT NULL,
  `ward_tel2` varchar(50) DEFAULT NULL,
  `ward_build` int(11) DEFAULT NULL,
  `ward_floor` char(30) DEFAULT NULL,
  `section_code` char(3) DEFAULT NULL,
  `Smi_code` char(5) DEFAULT NULL,
  `Smi_code_old` char(11) DEFAULT NULL,
  `Ward_order` char(4) DEFAULT NULL,
  `Ward_cat` char(2) DEFAULT NULL,
  `ward_asc_cat` char(2) DEFAULT NULL,
  `bed` int(10) UNSIGNED DEFAULT NULL,
  `bed_real` int(10) DEFAULT NULL,
  `pt` float(7,0) DEFAULT NULL,
  `noptbed` varchar(255) DEFAULT NULL,
  `WARD_OTRATE` char(5) DEFAULT NULL,
  `Costcenter` varchar(255) DEFAULT ''
) ENGINE=MyISAM DEFAULT CHARSET=tis620;

--
-- Dumping data for table `tb_location1`
--

INSERT INTO `tb_location1` (`Ward_code`, `Ward_code_old`, `active`, `ward_name`, `ward_name1`, `mis_code`, `ward_name_eng`, `ward_name_short`, `ward_name_old`, `ward_name1_old`, `ward_tel`, `ward_tel2`, `ward_build`, `ward_floor`, `section_code`, `Smi_code`, `Smi_code_old`, `Ward_order`, `Ward_cat`, `ward_asc_cat`, `bed`, `bed_real`, `pt`, `noptbed`, `WARD_OTRATE`, `Costcenter`) VALUES
('0000', '0000', 3, 'สำนักงานศูนย์ความเป็นเลิศฯ', 'สำนักงานศูนย์ความเป็นเลิศทางการแพทย์', NULL, 'CMEX OFFICE', 'CMEX OFFICE', 'สำนักงานบริหาร', 'สำนักงานบริหาร', '053-934700', '053-934700', NULL, NULL, '00', NULL, NULL, '', NULL, NULL, NULL, NULL, NULL, NULL, NULL, ''),
('0101', '0101', 3, 'ศูนย์เลสิค', 'ศูนย์เลสิค', NULL, 'CMU Lasik Center', 'CMU Lasik Center', 'ศูนย์เลสิคมหาวิทยาลัยเชียงใหม่', 'ศูนย์เลสิคมหาวิทยาลัยเชียงใหม่', '053-934777', '0827666909', NULL, NULL, '01', NULL, NULL, '', NULL, NULL, NULL, NULL, NULL, NULL, NULL, ''),
('0202', '0202', 3, 'ศูนย์สุขภาพสตรี', 'ศูนย์สุขภาพสตรี', NULL, 'Women Health Center', 'Women Health Center', 'ศูนย์สุขภาพสตรี', 'ศูนย์สุขภาพสตรี', '053-934711', '053-934712', NULL, NULL, '02', NULL, NULL, '', NULL, NULL, NULL, NULL, NULL, NULL, NULL, ''),
('0303', '0303', 3, 'ศูนย์การแพทย์ผสมผสาน', 'ศูนย์การแพทย์แผนไทยและการแพทย์ผสมผสาน', NULL, 'The Center of Thai Traditional and Complementary Medicine', 'TTCM', 'ศูนย์การแพทย์แผนไทยและการแพทย์ผสมผสาน', 'ศูนย์การแพทย์แผนไทยและการแพทย์ผสมผสาน', '053-934899', '053-934899', NULL, NULL, '03', NULL, NULL, '', NULL, NULL, NULL, NULL, NULL, NULL, NULL, ''),
('0404', '0404', 3, 'ศูนย์เพทซีที และไซโคลตรอน', 'ศูนย์เพทซีที และไซโคลตรอน', NULL, 'PET/CT & CYCLOTRON CENTER', 'PET/CT & CYCLOTRON CENTER', 'ศูนย์เพ็ทซี และไซโคลตรอน', 'ศูนย์เพ็ทซี และไซโคลตรอน', '053-934790', '053-934790', NULL, NULL, '04', NULL, NULL, '', NULL, NULL, NULL, NULL, NULL, NULL, NULL, ''),
('0505', '0505', 3, 'ศูนย์เลเซอร์ต้อกระจกเชียงใหม่', 'ศูนย์เลเซอร์ต้อกระจกเชียงใหม่', NULL, 'Chiang Mai Laser Cataract Surgery Center', 'Chiang Mai Laser Cataract Surgery Center', 'ศูนย์เลเซอร์ต้อกระจกเชียงใหม่', 'ศูนย์เลเซอร์ต้อกระจกเชียงใหม่', '053-934714', '053-934715', NULL, NULL, '05', NULL, NULL, '', NULL, NULL, NULL, NULL, NULL, NULL, NULL, ''),
('0606', '0606', 3, 'ศูนย์เวชศาสตร์ผู้สูงอายุ', 'ศูนย์เวชศาสตร์ผู้สูงอายุ', NULL, 'Geriatric Medical Center', 'Geriatric Medical Center', 'ศูนย์เวชศาสตร์ผู้สูงอายุ', 'ศูนย์เวชศาสตร์ผู้สูงอายุ', '053-920800', '053920700', NULL, NULL, '06', NULL, NULL, '', NULL, NULL, NULL, NULL, NULL, NULL, NULL, ''),
('0707', '0707', 3, 'ศูนย์วิเคราะห์สุขภาพการนอนหลับ', 'ศูนย์วิเคราะห์สุขภาพการนอนหลับ', NULL, 'Sleep Disorders Center', 'Sleep Disorders Center', 'ศูนย์วิเคราะห์สุขภาพการนอนหลับ', 'ศูนย์วิเคราะห์สุขภาพการนอนหลับ', '053-920666', '053-920666', NULL, NULL, '07', NULL, NULL, '', NULL, NULL, NULL, NULL, NULL, NULL, NULL, ''),
('0808', '0808', 3, 'ศูนย์ผู้ป่วยนอกCmex', 'ศูนย์ผู้ป่วยนอกCmex', NULL, 'OPD Cmex', 'OPD Cmex', 'ศูนย์ผู้ป่วยนอกCmex', 'ศูนย์ผู้ป่วยนอกCmex', NULL, NULL, NULL, NULL, '08', NULL, NULL, NULL, NULL, NULL, NULL, NULL, NULL, NULL, NULL, ''),
('0909', '0909', 3, 'ศูนย์ผู้ป่วยนอกGMC', 'ศูนย์ผู้ป่วยนอกGMC', NULL, 'OPD GMC', 'OPD GMC', 'ศูนย์ผู้ป่วยนอกGMC', 'ศูนย์ผู้ป่วยนอกGMC', NULL, NULL, NULL, NULL, '09', NULL, NULL, NULL, NULL, NULL, NULL, NULL, NULL, NULL, NULL, ''),
('1010', '1010', 3, 'ศูนย์ผู้ป่วยในGMC', 'ศูนย์ผู้ป่วยในGMC', NULL, 'IPD Cmex', 'IPD Cmex', 'ศูนย์ผู้ป่วยในCmex', 'ศูนย์ผู้ป่วยในCmex', NULL, NULL, NULL, NULL, '10', NULL, NULL, NULL, NULL, NULL, NULL, NULL, NULL, NULL, NULL, ''),
('1111', '1111', 3, 'ห้องตรวจจักษุGMC', 'ห้องตรวจจักษุ ศูนย์เวชศาสตร์ผู้สูงอายุ', NULL, NULL, NULL, NULL, NULL, NULL, NULL, NULL, NULL, '11', NULL, NULL, NULL, NULL, NULL, NULL, NULL, NULL, NULL, NULL, ''),
('1212', '1212', 3, 'ห้องยาCmex', 'ห้องยาCmex', NULL, NULL, NULL, NULL, NULL, NULL, NULL, NULL, NULL, '12', NULL, NULL, NULL, NULL, NULL, NULL, NULL, NULL, NULL, NULL, ''),
('1313', '1313', 3, 'ห้องยา IPD GMC', 'ห้องยา IPD GMC', NULL, NULL, NULL, NULL, NULL, NULL, NULL, NULL, NULL, '13', NULL, NULL, NULL, NULL, NULL, NULL, NULL, NULL, NULL, NULL, ''),
('1414', '1414', 3, 'ห้องยา OPD GMC', 'ห้องยา OPD GMC', NULL, NULL, NULL, NULL, NULL, NULL, NULL, NULL, NULL, '14', NULL, NULL, NULL, NULL, NULL, NULL, NULL, NULL, NULL, NULL, ''),
('1515', '1515', 3, 'ห้องยา TTCM', 'ห้องยา TTCM', NULL, NULL, NULL, NULL, NULL, NULL, NULL, NULL, NULL, '15', NULL, NULL, NULL, NULL, NULL, NULL, NULL, NULL, NULL, NULL, ''),
('1616', '1616', 3, 'หน่วยปฏิบัติการLab CMEx', 'หน่วยปฏิบัติการLab CMEx', NULL, NULL, NULL, NULL, NULL, NULL, NULL, NULL, NULL, NULL, NULL, NULL, NULL, NULL, NULL, NULL, NULL, NULL, NULL, NULL, '');

-- --------------------------------------------------------

--
-- Table structure for table `tb_nuser`
--

CREATE TABLE `tb_nuser` (
  `NUM_OT` varchar(8) NOT NULL DEFAULT '',
  `Upass` varchar(20) DEFAULT NULL,
  `ward_code` varchar(4) DEFAULT NULL,
  `pos` char(1) DEFAULT NULL,
  `PP` char(2) DEFAULT NULL,
  `status` char(1) DEFAULT NULL,
  `Utype` varchar(5) DEFAULT NULL,
  `lastdate` datetime DEFAULT NULL
) ENGINE=MyISAM DEFAULT CHARSET=tis620;

--
-- Dumping data for table `tb_nuser`
--

INSERT INTO `tb_nuser` (`NUM_OT`, `Upass`, `ward_code`, `pos`, `PP`, `status`, `Utype`, `lastdate`) VALUES
('59033', '3437', '0000', '7', '77', '1', NULL, NULL),
('61001', '8489', '0000', '7', '90', '1', NULL, NULL),
('somsang', 'lasik', '0101', '7', '01', '1', NULL, NULL),
('60058', '7135', '0303', '7', '58', '1', NULL, NULL),
('55007', '2930', '0000', '7', '66', '1', NULL, NULL),
('teekorn', 'sdc', '0707', '7', '01', '1', NULL, NULL),
('55012', '9868', '0404', '7', '00', '1', NULL, NULL),
('55013', '5662', '0404', '7', '00', '1', NULL, NULL),
('55015', '8618', '0101', '7', '60', '1', NULL, NULL),
('56003', '1105', '0000', '7', '61', '1', NULL, NULL),
('56004', '1627', '0101', '7', '89', '1', NULL, NULL),
('56006', '8017', '0101', '7', '89', '1', NULL, NULL),
('56007', '4731', '0101', '7', '89', '1', NULL, NULL),
('56010', '2812', '0404', '7', '00', '1', NULL, NULL),
('56011', '0696', '0404', '7', '00', '1', NULL, NULL),
('62009', '6171', '0101', '7', '57', '1', NULL, NULL),
('56016', '1220', '0000', '7', '61', '1', NULL, NULL),
('56017', '5274', '0606', '7', '00', '1', NULL, NULL),
('56018', '6333', '0202', '7', '64', '1', NULL, NULL),
('62008', '0339', '0000', '7', '75', '1', NULL, NULL),
('56020', '4061', '0202', '7', '89', '1', NULL, NULL),
('62007', '6158', '0606', '7', '74', '1', '', NULL),
('56023', '2043', '0404', '7', '00', '1', NULL, NULL),
('56025', '9635', '0303', '7', '57', '1', NULL, NULL),
('sahatya', 'ttcm', '0303', '7', '99', '1', NULL, NULL),
('57002', '0976', '0000', '7', '57', '1', NULL, NULL),
('57003', '5184', '0202', '7', '57', '1', NULL, NULL),
('57004', '3532', '0000', '7', '67', '1', NULL, NULL),
('57005', '7973', '0404', '7', '00', '1', NULL, NULL),
('57007', '4897', '0000', '7', '68', '1', NULL, NULL),
('57008', '1812', '0303', '7', '00', '1', NULL, NULL),
('57011', '0540', '0202', '7', '89', '1', NULL, NULL),
('nchotiro', '3007037', '0000', '7', '98', '1', NULL, NULL),
('61052', '9173', '0808', '7', '89', '1', NULL, NULL),
('57015', '7936', '0000', '7', '56', '1', NULL, NULL),
('57016', '0223', '0303', '7', '00', '1', NULL, NULL),
('58001', '1185', '0505', '7', '89', '1', NULL, NULL),
('58002', '6077', '0000', '7', '70', '1', NULL, NULL),
('58003', '2325', '0303', '7', '69', '1', NULL, NULL),
('58004', '2828', '0606', '7', '65', '1', NULL, NULL),
('58005', '1142', '0606', '7', '00', '1', NULL, NULL),
('58007', '3594', '0606', '7', '00', '1', NULL, NULL),
('58008', '8344', '0606', '7', '00', '1', NULL, NULL),
('58009', '8718', '0606', '7', '00', '1', NULL, NULL),
('62005', '9888', '0000', '7', '83', '1', NULL, NULL),
('surat', 'gmc', '0606', '7', '99', '1', NULL, NULL),
('58012', '2002', '0606', '7', '89', '1', NULL, NULL),
('58015', '1486', '0606', '7', '55', '1', NULL, NULL),
('58016', '1732', '0606', '7', '00', '1', NULL, NULL),
('58018', '4305', '0606', '7', '00', '1', NULL, NULL),
('58019', '1687', '0606', '7', '00', '1', NULL, NULL),
('58022', '8828', '0606', '7', '57', '1', NULL, NULL),
('58023', '7001', '0606', '7', '57', '1', NULL, NULL),
('58024', '0383', '0606', '7', '57', '1', NULL, NULL),
('58025', '7154', '0606', '7', '71', '1', NULL, NULL),
('58026', '3673', '0606', '7', '71', '1', NULL, NULL),
('58027', '1314', '0000', '7', '67', '1', NULL, NULL),
('58028', '5139', '0606', '7', '72', '1', NULL, NULL),
('58029', '5931', '0606', '7', '57', '1', NULL, NULL),
('58032', '3567', '0606', '7', '57', '1', NULL, NULL),
('58034', '3365', '0606', '7', '00', '1', NULL, NULL),
('58035', '6793', '0606', '7', '57', '1', NULL, NULL),
('58037', '5806', '0606', '7', '00', '1', NULL, NULL),
('58039', '0776', '0303', '7', '57', '1', NULL, NULL),
('58040', '1149', '0303', '7', '57', '1', NULL, NULL),
('58042', '6749', '0606', '7', '75', '1', NULL, NULL),
('62003', '3698', '0000', '7', '66', '1', NULL, NULL),
('58044', '5526', '0606', '7', '68', '1', NULL, NULL),
('58046', '6597', '0606', '7', '89', '1', NULL, NULL),
('58047', '5109', '0606', '7', '89', '1', NULL, NULL),
('58049', '8769', '0606', '7', '89', '1', NULL, NULL),
('58050', '9438', '0606', '7', '89', '1', NULL, NULL),
('58052', '9788', '0606', '7', '57', '1', NULL, NULL),
('58053', '6139', '0606', '7', '57', '1', NULL, NULL),
('62036', '7777', '0606', '7', '89', '1', NULL, NULL),
('59003', '6991', '0606', '7', '57', '1', NULL, NULL),
('59005', '1740', '0606', '7', '57', '1', NULL, NULL),
('59006', '9357', '0606', '7', '89', '1', NULL, NULL),
('59007', '5762', '0707', '7', '89', '1', NULL, NULL),
('59008', '4756', '0606', '7', '73', '1', NULL, NULL),
('59009', '0066', '0606', '7', '89', '1', NULL, NULL),
('59010', '4934', '0606', '7', '76', '1', NULL, NULL),
('59011', '2172', '0606', '7', '00', '1', NULL, NULL),
('59012', '1461', '0606', '7', '76', '1', NULL, NULL),
('62006', '1718', '0303', '7', '58', '1', NULL, NULL),
('59014', '8324', '0606', '7', '89', '1', NULL, NULL),
('59015', '1186', '0606', '7', '76', '1', NULL, NULL),
('62001', '3417', '0000', '7', '43', '1', NULL, NULL),
('59017', '3127', '0606', '7', '76', '1', NULL, NULL),
('59018', '7323', '0606', '7', '76', '1', NULL, NULL),
('59019', '9057', '0606', '7', '76', '1', NULL, NULL),
('59020', '8925', '0606', '7', '75', '1', NULL, NULL),
('59021', '2328', '0606', '7', '89', '1', NULL, NULL),
('59022', '3887', '0606', '7', '89', '1', NULL, NULL),
('61055', '7255', '0606', '7', '73', '1', NULL, NULL),
('59024', '2882', '0606', '7', '00', '1', NULL, NULL),
('59025', '7266', '0606', '7', '76', '1', NULL, NULL),
('59027', '9486', '0606', '7', '76', '1', NULL, NULL),
('59028', '0604', '0606', '7', '76', '1', NULL, NULL),
('59029', '3680', '0606', '7', '76', '1', NULL, NULL),
('59030', '3993', '0606', '7', '76', '1', NULL, NULL),
('59031', '3784', '0606', '7', '76', '1', NULL, NULL),
('59032', '0442', '0606', '7', '76', '1', NULL, NULL),
('59034', '0270', '0606', '7', '78', '1', NULL, NULL),
('60060', '8687', '0303', '7', '43', '1', NULL, NULL),
('59038', '4558', '0606', '7', '79', '1', NULL, NULL),
('59039', '8548', '0000', '7', '70', '1', NULL, NULL),
('61054', '0581', '0303', '7', '92', '1', '', NULL),
('59043', '6584', '0000', '7', '67', '1', NULL, NULL),
('61053', '3376', '0000', '7', '68', '1', NULL, NULL),
('59045', '6218', '0606', '7', '65', '1', NULL, NULL),
('59047', '3481', '0606', '7', '89', '1', NULL, NULL),
('59048', '2478', '0606', '7', '89', '1', NULL, NULL),
('59049', '8047', '0606', '7', '89', '1', NULL, NULL),
('59050', '0084', '0606', '7', '89', '1', NULL, NULL),
('59051', '8564', '0606', '7', '89', '1', NULL, NULL),
('59052', '8564', '0808', '7', '89', '1', NULL, NULL),
('59053', '7374', '0606', '7', '76', '1', NULL, NULL),
('59054', '4551', '0606', '7', '76', '1', NULL, NULL),
('61051', '6112', '0000', '7', '71', '1', NULL, NULL),
('59056', '0901', '0606', '7', '76', '1', NULL, NULL),
('62035', '4718', '0202', '7', '89', '1', NULL, NULL),
('59060', '2853', '0606', '7', '89', '1', NULL, NULL),
('59061', '0632', '0606', '7', '76', '1', NULL, NULL),
('59062', '4202', '0606', '7', '76', '1', NULL, NULL),
('62027', '8740', '0606', '7', '97', '1', NULL, NULL),
('61049', '9969', '0000', '7', '55', '1', NULL, NULL),
('59065', '0644', '0606', '7', '79', '1', NULL, NULL),
('60001', '9360', '0202', '7', '76', '1', NULL, NULL),
('60002', '9400', '0606', '7', '81', '1', NULL, NULL),
('61048', '6857', '0606', '7', '89', '1', NULL, NULL),
('62034', '0038', '0606', '7', '47', '1', NULL, NULL),
('60005', '9859', '0000', '7', '82', '1', NULL, NULL),
('62038', '3912', '0606', '7', '76', '1', NULL, NULL),
('60008', '5135', '0606', '7', '76', '1', NULL, NULL),
('60009', '2721', '0606', '7', '76', '1', NULL, NULL),
('60010', '3455', '0606', '7', '76', '1', NULL, NULL),
('61047', '4095', '0606', '7', '85', '1', NULL, NULL),
('60012', '1347', '0606', '7', '89', '1', NULL, NULL),
('61045', '0723', '0606', '7', '66', '1', NULL, NULL),
('60016', '2381', '0606', '7', '65', '1', NULL, NULL),
('60017', '3491', '0606', '7', '47', '1', NULL, NULL),
('60018', '8541', '0000', '7', '84', '1', NULL, NULL),
('60019', '2588', '0606', '7', '72', '1', NULL, NULL),
('61044', '6583', '0303', '7', '76', '1', NULL, NULL),
('60021', '6171', '0606', '7', '55', '1', NULL, NULL),
('60023', '5475', '0000', '7', '86', '1', NULL, NULL),
('60024', '9267', '0606', '7', '68', '1', NULL, NULL),
('60025', '7982', '0707', '7', '87', '1', NULL, NULL),
('60026', '6830', '0808', '7', '89', '1', NULL, NULL),
('60027', '3589', '0000', '7', '47', '1', NULL, NULL),
('61043', '8951', '0000', '7', '65', '1', NULL, NULL),
('60029', '2579', '0303', '7', '57', '1', NULL, NULL),
('60030', '5939', '0808', '7', '89', '1', NULL, NULL),
('62040', '3890', '0808', '7', '76', '1', NULL, NULL),
('60032', '8852', '0808', '7', '89', '1', NULL, NULL),
('61041', '0914', '0000', '7', '65', '1', NULL, NULL),
('60034', '0254', '0000', '7', '88', '1', NULL, NULL),
('60035', '0679', '0404', '7', '64', '1', NULL, NULL),
('siripong', 'exc', '0606', '7', '99', '1', NULL, NULL),
('60037', '0308', '0606', '7', '76', '1', NULL, NULL),
('60038', '9990', '0606', '7', '89', '1', NULL, NULL),
('62032', '1970', '0606', '7', '89', '1', NULL, NULL),
('61039', '8974', '0000', '7', '76', '1', '', NULL),
('61038', '5324', '0606', '7', '80', '1', NULL, NULL),
('60042', '0956', '0404', '7', '76', '1', NULL, NULL),
('60043', '2330', '0000', '7', '73', '1', NULL, NULL),
('60044', '5054', '0000', '7', '73', '1', NULL, NULL),
('60045', '0431', '0000', '7', '55', '1', NULL, NULL),
('60046', '6813', '0000', '7', '66', '1', NULL, NULL),
('62031', '6761', '0606', '7', '89', '1', NULL, NULL),
('60048', '2087', '0000', '7', '55', '1', NULL, NULL),
('60049', '8137', '0000', '7', '57', '1', NULL, NULL),
('60050', '6225', '0000', '7', '57', '1', NULL, NULL),
('60051', '6940', '0000', '7', '57', '1', NULL, NULL),
('60052', '2551', '0000', '7', '57', '1', NULL, NULL),
('60053', '1855', '0000', '7', '61', '1', NULL, NULL),
('60054', '7639', '0707', '7', '87', '1', NULL, NULL),
('60055', '8299', '0707', '7', '87', '1', NULL, NULL),
('62030', '4900', '0000', '7', '68', '1', NULL, NULL),
('lsinghak', 'dawan123', '0000', '7', '00', '1', NULL, NULL),
('narisa', 'ttcm', '0303', '7', '00', '1', NULL, NULL),
('nipa', 'gmc', '0606', '7', '00', '1', NULL, NULL),
('isuksawa', 'jaew0705', '0303', '7', '00', '1', NULL, NULL),
('61036', '1780', '0000', '7', '47', '1', NULL, NULL),
('61003', '1408', '0000', '7', '91', '1', NULL, NULL),
('61004', '7876', '0000', '7', '56', '1', NULL, NULL),
('61037', '0925', '0606', '7', '80', '1', NULL, NULL),
('61006', '3319', '0606', '7', '75', '1', NULL, NULL),
('62029', '9548', '0606', '7', '97', '1', NULL, NULL),
('61008', '3158', '0505', '7', '89', '1', NULL, NULL),
('61035', '4066', '0000', '7', '81', '1', NULL, NULL),
('61011', '0294', '0000', '7', '84', '1', NULL, NULL),
('61012', '3671', '0606', '7', '76', '1', NULL, NULL),
('61013', '6757', '0606', '7', '76', '1', NULL, NULL),
('61015', '2065', '0606', '7', '84', '1', NULL, NULL),
('61016', '4988', '0606', '7', '89', '1', NULL, NULL),
('62028', '5947', '0000', '7', '86', '1', NULL, NULL),
('61018', '2283', '0000', '7', '77', '1', NULL, NULL),
('61019', '8412', '0000', '7', '72', '1', NULL, NULL),
('61020', '6240', '0000', '7', '72', '1', NULL, NULL),
('61033', '3004', '0606', '7', '89', '1', NULL, NULL),
('61022', '5317', '0404', '7', '47', '1', NULL, NULL),
('61032', '5760', '0606', '7', '55', '1', NULL, NULL),
('61024', '1801', '0000', '7', '68', '1', NULL, NULL),
('61028', '9026', '0606', '7', '89', '1', NULL, NULL),
('61026', '7237', '0404', '7', '64', '1', NULL, NULL),
('61034', '3281', '0000', '7', '70', '1', NULL, NULL),
('62039', '9950', '0606', '7', '64', '1', NULL, NULL),
('62011', '8809', '0606', '7', '89', '1', NULL, NULL),
('62025', '2358', '0606', '7', '96', '1', NULL, NULL),
('62037', '4046', '0303', '7', '89', '1', NULL, NULL),
('62014', '9225', '0000', '7', '55', '1', NULL, NULL),
('62015', '7400', '0000', '7', '72', '1', NULL, NULL),
('62016', '7481', '0000', '7', '55', '1', NULL, NULL),
('62023', '3344', '0606', '7', '76', '1', NULL, NULL),
('62018', '3181', '0000', '7', '55', '1', NULL, NULL),
('62019', '0780', '0000', '7', '72', '1', NULL, NULL),
('62020', '2401', '0606', '7', '94', '1', NULL, NULL),
('62021', '7424', '0606', '7', '95', '1', NULL, NULL),
('62022', '8768', '0303', '7', '57', '1', NULL, NULL),
('marudee', 'petct', '0404', '7', '01', '1', NULL, NULL),
('pailin', 'women', '0202', '7', '01', '1', NULL, NULL),
('62041', '4010', '0000', '7', '65', '1', NULL, NULL),
('62042', '4425', '0808', '7', '76', '1', NULL, NULL),
('62043', '0741', '0000', '7', '55', '1', NULL, NULL),
('62044', '1465', '0808', '7', '89', '1', NULL, NULL),
('63014', '4103', '0000', '7', '44', '1', NULL, NULL),
('63017', '3553', '0000', '7', '43', '1', NULL, NULL),
('63013', '3529', '0000', '7', '81', '1', NULL, NULL),
('63012', '2532', '0000', '7', '72', '1', NULL, NULL),
('63011', '3293', '0606', '7', '89', '1', NULL, NULL),
('63010', '1024', '0606', '7', '89', '1', NULL, NULL),
('63008', '8451', '0303', '7', '47', '1', NULL, NULL),
('63007', '1189', '0000', '7', '55', '1', NULL, NULL),
('63006', '1268', '0000', '7', '68', '1', NULL, NULL),
('63004', '2249', '0303', '7', '58', '1', NULL, NULL),
('63003', '5343', '0000', '7', '57', '1', NULL, NULL),
('63002', '9819', '0000', '7', '43', '1', NULL, NULL),
('63001', '2101', '0000', '7', '73', '1', NULL, NULL),
('62050', '2185', '0000', '7', '70', '1', NULL, NULL),
('62049', '4602', '0606', '7', '96', '1', NULL, NULL),
('62048', '8625', '0606', '7', '76', '1', NULL, NULL),
('62047', '8106', '0606', '7', '89', '1', NULL, NULL),
('62046', '9032', '0606', '7', '72', '1', NULL, NULL),
('62045', '9830', '0707', '7', '89', '1', NULL, NULL),
('63026', '5053', '0101', '7', '76', '1', NULL, NULL),
('63015', '1085', '0808', '7', '89', '1', NULL, NULL),
('63016', '9086', '0808', '7', '89', '1', NULL, NULL),
('63018', '7653', '0606', '7', '89', '1', NULL, NULL),
('63019', '3996', '0808', '7', '89', '1', NULL, NULL),
('63021', '6744', '0606', '7', '96', '1', NULL, NULL),
('63022', '7486', '0606', '7', '81', '1', NULL, NULL),
('63023', '8736', '0303', '7', '47', '1', NULL, NULL),
('63024', '3641', '0000', '7', '75', '1', NULL, NULL),
('63025', '8632', '0606', '7', '75', '1', NULL, NULL),
('63027', '4683', '0707', '7', '89', '1', NULL, NULL);

-- --------------------------------------------------------

--
-- Table structure for table `tb_nward`
--

CREATE TABLE `tb_nward` (
  `News_id` int(11) NOT NULL,
  `New_Heading` varchar(255) DEFAULT NULL,
  `ward_code` varchar(5) NOT NULL DEFAULT '',
  `News_datesend` datetime DEFAULT NULL,
  `nread` int(3) UNSIGNED NOT NULL DEFAULT '0',
  `mcomment` text NOT NULL,
  `section` char(2) NOT NULL DEFAULT '',
  `sendby` varchar(10) DEFAULT NULL,
  `nresponse` int(3) UNSIGNED DEFAULT '0'
) ENGINE=MyISAM DEFAULT CHARSET=tis620;

--
-- Dumping data for table `tb_nward`
--

INSERT INTO `tb_nward` (`News_id`, `New_Heading`, `ward_code`, `News_datesend`, `nread`, `mcomment`, `section`, `sendby`, `nresponse`) VALUES
(0, 'สำนักงานCMEx', '0000', NULL, 0, '', '00', NULL, 0),
(2, 'ศูนย์สุขภาพสตรี', '0202', NULL, 0, '', '02', NULL, 0),
(1, 'ศูนย์เลสิค', '0101', NULL, 0, '', '01', NULL, 0),
(5, 'ศูนย์เลเซอร์ต้อกระจก', '0505', NULL, 0, '', '05', NULL, 0),
(4, 'ศูนย์เพ็ทซีที และไซโคลตรอน', '0404', NULL, 0, '', '04', NULL, 0),
(3, 'ศูนย์การแพทย์ผสมผสาน', '0303', NULL, 0, '', '03', NULL, 0),
(6, 'ศูนย์เวชศาสตร์ผู้สูงอายุ', '0606', NULL, 0, '', '06', NULL, 0),
(7, 'ศูนย์วิเคราะห์สุขภาพการนอนหลับ', '0707', NULL, 0, '', '07', NULL, 0),
(8, 'ศูนย์ผู้ป่วยนอกCmex', '0808', NULL, 0, '', '08', NULL, 0);

-- --------------------------------------------------------

--
-- Table structure for table `tb_person`
--

CREATE TABLE `tb_person` (
  `SSUSR_Initials` varchar(255) DEFAULT NULL,
  `NUM_OT` varchar(8) NOT NULL DEFAULT '',
  `work` date DEFAULT NULL COMMENT 'วันเริ่มทำงาน',
  `start` date DEFAULT NULL COMMENT 'วันเข้าทำงานวันแรก',
  `Person_id` varchar(30) DEFAULT NULL,
  `Person_id1` varchar(30) DEFAULT NULL,
  `Fname` varchar(30) DEFAULT NULL,
  `chFname` varchar(50) DEFAULT NULL,
  `Lname` varchar(50) DEFAULT NULL,
  `chLname` varchar(50) DEFAULT NULL,
  `name_english` varchar(30) DEFAULT NULL,
  `lname_english` varchar(50) DEFAULT NULL,
  `sex` char(1) DEFAULT NULL,
  `MR1` varchar(10) DEFAULT NULL,
  `MR` char(1) DEFAULT NULL,
  `position_id` varchar(15) DEFAULT NULL,
  `mstatus` tinyint(1) DEFAULT NULL,
  `born` date DEFAULT NULL,
  `born_1` date DEFAULT NULL,
  `national` varchar(30) DEFAULT NULL,
  `religion` tinyint(1) DEFAULT NULL,
  `BIRTH_PLACE` text,
  `father` varchar(100) DEFAULT NULL,
  `father_occu` varchar(255) DEFAULT NULL,
  `mother` varchar(100) DEFAULT NULL,
  `mother_occu` varchar(255) DEFAULT NULL,
  `MAR` varchar(11) DEFAULT NULL,
  `MAR_new` tinyint(1) DEFAULT '1',
  `couple` varchar(100) DEFAULT NULL,
  `couple_occu` varchar(255) DEFAULT NULL,
  `son_count` varchar(255) DEFAULT NULL,
  `home` varchar(255) DEFAULT '',
  `TUMBOL` varchar(50) DEFAULT NULL,
  `tumbol_id` int(11) DEFAULT NULL,
  `tumbol_name` int(10) DEFAULT NULL,
  `aumphor` int(11) DEFAULT NULL,
  `aumphor_name` varchar(15) DEFAULT NULL,
  `province_id` int(11) DEFAULT NULL,
  `PROVINCE` varchar(30) DEFAULT NULL,
  `mail_code` varchar(255) DEFAULT NULL,
  `telaphone` varchar(30) DEFAULT NULL,
  `mobile_phone` varchar(30) DEFAULT NULL,
  `ward_phone` varchar(30) DEFAULT NULL,
  `relative` text,
  `relative_occu` varchar(255) DEFAULT NULL,
  `relative_addr` text,
  `num_people` varchar(13) DEFAULT NULL,
  `num_people1` varchar(13) DEFAULT NULL,
  `edu_cer` smallint(6) DEFAULT NULL,
  `edu_cer1` varchar(255) DEFAULT NULL,
  `edu_degree` tinyint(1) DEFAULT NULL,
  `edu_from` varchar(255) DEFAULT NULL,
  `edu_vol` varchar(255) DEFAULT NULL,
  `edu_year` varchar(255) DEFAULT NULL,
  `blood_group` varchar(255) DEFAULT NULL,
  `form_size` varchar(255) DEFAULT NULL,
  `form_size1` varchar(255) DEFAULT NULL,
  `pos_new` char(3) DEFAULT NULL,
  `pos_old` varchar(50) DEFAULT NULL,
  `pos1` char(3) DEFAULT NULL,
  `pos_thai` varchar(255) DEFAULT NULL,
  `PP` char(3) DEFAULT NULL,
  `PP1` varchar(19) DEFAULT NULL,
  `PP_new` char(3) DEFAULT NULL,
  `FW_CODE` varchar(10) DEFAULT NULL,
  `FW_CODE_new` varchar(10) DEFAULT NULL,
  `FW_CODE1` varchar(45) DEFAULT NULL,
  `per_order` int(11) DEFAULT NULL,
  `work_sec` varchar(255) DEFAULT NULL,
  `nursecer_id` varchar(255) DEFAULT NULL,
  `nursecer_date` date DEFAULT NULL,
  `sapa_id` varchar(255) DEFAULT NULL,
  `samakom_id` varchar(15) DEFAULT NULL,
  `bank_no` varchar(255) DEFAULT NULL,
  `new` varchar(255) DEFAULT NULL,
  `memo` text,
  `mr_english` varchar(255) DEFAULT NULL,
  `mr_thai` varchar(255) DEFAULT NULL,
  `c_now` varchar(255) DEFAULT NULL,
  `newnurse` tinyint(1) DEFAULT '1',
  `ck` tinyint(1) DEFAULT '0',
  `ncomment` varchar(255) DEFAULT NULL,
  `nyear` char(4) DEFAULT NULL,
  `codeper` varchar(10) DEFAULT NULL,
  `goverment_fund` varchar(50) DEFAULT NULL,
  `day_card` varchar(50) DEFAULT NULL,
  `num_card` varchar(50) DEFAULT NULL,
  `stu` varchar(50) DEFAULT NULL,
  `new_status` varchar(50) DEFAULT NULL,
  `expert` varchar(50) DEFAULT NULL,
  `lastupdate` datetime DEFAULT NULL,
  `nupdate` tinyint(1) DEFAULT '0',
  `hncheck` tinyint(1) DEFAULT '0',
  `pos` char(3) DEFAULT '1'
) ENGINE=MyISAM DEFAULT CHARSET=tis620;

--
-- Dumping data for table `tb_person`
--

INSERT INTO `tb_person` (`SSUSR_Initials`, `NUM_OT`, `work`, `start`, `Person_id`, `Person_id1`, `Fname`, `chFname`, `Lname`, `chLname`, `name_english`, `lname_english`, `sex`, `MR1`, `MR`, `position_id`, `mstatus`, `born`, `born_1`, `national`, `religion`, `BIRTH_PLACE`, `father`, `father_occu`, `mother`, `mother_occu`, `MAR`, `MAR_new`, `couple`, `couple_occu`, `son_count`, `home`, `TUMBOL`, `tumbol_id`, `tumbol_name`, `aumphor`, `aumphor_name`, `province_id`, `PROVINCE`, `mail_code`, `telaphone`, `mobile_phone`, `ward_phone`, `relative`, `relative_occu`, `relative_addr`, `num_people`, `num_people1`, `edu_cer`, `edu_cer1`, `edu_degree`, `edu_from`, `edu_vol`, `edu_year`, `blood_group`, `form_size`, `form_size1`, `pos_new`, `pos_old`, `pos1`, `pos_thai`, `PP`, `PP1`, `PP_new`, `FW_CODE`, `FW_CODE_new`, `FW_CODE1`, `per_order`, `work_sec`, `nursecer_id`, `nursecer_date`, `sapa_id`, `samakom_id`, `bank_no`, `new`, `memo`, `mr_english`, `mr_thai`, `c_now`, `newnurse`, `ck`, `ncomment`, `nyear`, `codeper`, `goverment_fund`, `day_card`, `num_card`, `stu`, `new_status`, `expert`, `lastupdate`, `nupdate`, `hncheck`, `pos`) VALUES
(NULL, '59033', NULL, NULL, '59033', NULL, 'ชัยธวัช', NULL, 'กิตติคุณากร', NULL, 'chaithawat', 'kittikunakorn', 'm', NULL, NULL, NULL, NULL, NULL, NULL, NULL, NULL, NULL, NULL, NULL, NULL, NULL, NULL, 1, NULL, NULL, NULL, '', NULL, NULL, NULL, NULL, NULL, NULL, NULL, NULL, NULL, NULL, NULL, NULL, NULL, NULL, NULL, NULL, NULL, NULL, NULL, NULL, NULL, NULL, NULL, NULL, NULL, NULL, NULL, NULL, NULL, NULL, NULL, NULL, '0000', NULL, NULL, NULL, NULL, NULL, NULL, NULL, NULL, NULL, NULL, NULL, NULL, NULL, NULL, 1, 0, NULL, NULL, NULL, NULL, NULL, NULL, NULL, NULL, NULL, NULL, 0, 0, '1'),
(NULL, '60025', NULL, NULL, '60025', NULL, 'รังสิมันตุ์', NULL, 'ไก่งาม', NULL, NULL, NULL, 'f', NULL, NULL, NULL, NULL, NULL, NULL, NULL, NULL, NULL, NULL, NULL, NULL, NULL, NULL, 1, NULL, NULL, NULL, '', NULL, NULL, NULL, NULL, NULL, NULL, NULL, NULL, NULL, NULL, NULL, NULL, NULL, NULL, NULL, NULL, NULL, NULL, NULL, NULL, NULL, NULL, NULL, NULL, NULL, NULL, NULL, NULL, NULL, NULL, NULL, NULL, NULL, NULL, NULL, NULL, NULL, NULL, NULL, NULL, NULL, NULL, NULL, NULL, NULL, NULL, NULL, 1, 0, NULL, NULL, NULL, NULL, NULL, NULL, NULL, NULL, NULL, NULL, 0, 0, '1'),
(NULL, '60054', NULL, NULL, '60054', NULL, 'กรณ์ณภัทร', NULL, 'จตุพรเรืองรอง', NULL, NULL, NULL, 'f', NULL, NULL, NULL, NULL, NULL, NULL, NULL, NULL, NULL, NULL, NULL, NULL, NULL, NULL, 1, NULL, NULL, NULL, '', NULL, NULL, NULL, NULL, NULL, NULL, NULL, NULL, NULL, NULL, NULL, NULL, NULL, NULL, NULL, NULL, NULL, NULL, NULL, NULL, NULL, NULL, NULL, NULL, NULL, NULL, NULL, NULL, NULL, NULL, NULL, NULL, NULL, NULL, NULL, NULL, NULL, NULL, NULL, NULL, NULL, NULL, NULL, NULL, NULL, NULL, NULL, 1, 0, NULL, NULL, NULL, NULL, NULL, NULL, NULL, NULL, NULL, NULL, 0, 0, '1'),
(NULL, '60055', NULL, NULL, '60055', NULL, 'ปัทมา', NULL, 'ประดับ', NULL, NULL, NULL, 'f', NULL, NULL, NULL, NULL, NULL, NULL, NULL, NULL, NULL, NULL, NULL, NULL, NULL, NULL, 1, NULL, NULL, NULL, '', NULL, NULL, NULL, NULL, NULL, NULL, NULL, NULL, NULL, NULL, NULL, NULL, NULL, NULL, NULL, NULL, NULL, NULL, NULL, NULL, NULL, NULL, NULL, NULL, NULL, NULL, NULL, NULL, NULL, NULL, NULL, NULL, NULL, NULL, NULL, NULL, NULL, NULL, NULL, NULL, NULL, NULL, NULL, NULL, NULL, NULL, NULL, 1, 0, NULL, NULL, NULL, NULL, NULL, NULL, NULL, NULL, NULL, NULL, 0, 0, '1'),
(NULL, '58002', NULL, NULL, '58002', NULL, 'มารุต', NULL, 'คำมา', NULL, NULL, NULL, 'm', NULL, NULL, NULL, NULL, NULL, NULL, NULL, NULL, NULL, NULL, NULL, NULL, NULL, NULL, 1, NULL, NULL, NULL, '', NULL, NULL, NULL, NULL, NULL, NULL, NULL, NULL, NULL, NULL, NULL, NULL, NULL, NULL, NULL, NULL, NULL, NULL, NULL, NULL, NULL, NULL, NULL, NULL, NULL, NULL, NULL, NULL, NULL, NULL, NULL, NULL, NULL, NULL, NULL, NULL, NULL, NULL, NULL, NULL, NULL, NULL, NULL, NULL, NULL, NULL, NULL, 1, 0, NULL, NULL, NULL, NULL, NULL, NULL, NULL, NULL, NULL, NULL, 0, 0, '1'),
(NULL, '59039', NULL, NULL, '59039', NULL, 'วิโรจน์', NULL, 'ศรีอำนาจ', NULL, NULL, NULL, 'm', NULL, NULL, NULL, NULL, NULL, NULL, NULL, NULL, NULL, NULL, NULL, NULL, NULL, NULL, 1, NULL, NULL, NULL, '', NULL, NULL, NULL, NULL, NULL, NULL, NULL, NULL, NULL, NULL, NULL, NULL, NULL, NULL, NULL, NULL, NULL, NULL, NULL, NULL, NULL, NULL, NULL, NULL, NULL, NULL, NULL, NULL, NULL, NULL, NULL, NULL, NULL, NULL, NULL, NULL, NULL, NULL, NULL, NULL, NULL, NULL, NULL, NULL, NULL, NULL, NULL, 1, 0, NULL, NULL, NULL, NULL, NULL, NULL, NULL, NULL, NULL, NULL, 0, 0, '1'),
(NULL, '60060', NULL, NULL, '60060', NULL, 'กนกอร', NULL, 'โพธิวงค์', NULL, NULL, NULL, 'f', NULL, NULL, NULL, NULL, NULL, NULL, NULL, NULL, NULL, NULL, NULL, NULL, NULL, NULL, 1, NULL, NULL, NULL, '', NULL, NULL, NULL, NULL, NULL, NULL, NULL, NULL, NULL, NULL, NULL, NULL, NULL, NULL, NULL, NULL, NULL, NULL, NULL, NULL, NULL, NULL, NULL, NULL, NULL, NULL, NULL, NULL, NULL, NULL, NULL, NULL, NULL, NULL, NULL, NULL, NULL, NULL, NULL, NULL, NULL, NULL, NULL, NULL, NULL, NULL, NULL, 1, 0, NULL, NULL, NULL, NULL, NULL, NULL, NULL, NULL, NULL, NULL, 0, 0, '1'),
(NULL, 'teekorn', NULL, NULL, 'teekorn', NULL, 'ธีรกร', NULL, 'ธีรกิตติกุล', NULL, NULL, NULL, 'm', NULL, NULL, NULL, NULL, NULL, NULL, NULL, NULL, NULL, NULL, NULL, NULL, NULL, NULL, 1, NULL, NULL, NULL, '', NULL, NULL, NULL, NULL, NULL, NULL, NULL, NULL, NULL, NULL, NULL, NULL, NULL, NULL, NULL, NULL, NULL, NULL, NULL, NULL, NULL, NULL, NULL, NULL, NULL, NULL, NULL, NULL, NULL, NULL, NULL, NULL, NULL, NULL, NULL, NULL, NULL, NULL, NULL, NULL, NULL, NULL, NULL, NULL, NULL, NULL, NULL, 1, 0, NULL, NULL, NULL, NULL, NULL, NULL, NULL, NULL, NULL, NULL, 0, 0, '1'),
(NULL, '60058', NULL, NULL, '60058', NULL, 'ณัฐฐา\r\n', NULL, 'ฐิติศรารักษ์\r\n', NULL, '', NULL, 'f', NULL, NULL, NULL, NULL, NULL, NULL, NULL, NULL, NULL, NULL, NULL, NULL, NULL, NULL, 1, NULL, NULL, NULL, '', NULL, NULL, NULL, NULL, NULL, NULL, NULL, NULL, NULL, NULL, NULL, NULL, NULL, NULL, NULL, NULL, NULL, NULL, NULL, NULL, NULL, NULL, NULL, NULL, NULL, NULL, NULL, NULL, NULL, NULL, NULL, NULL, NULL, NULL, NULL, NULL, NULL, NULL, NULL, NULL, NULL, NULL, NULL, NULL, NULL, NULL, NULL, 1, 0, NULL, NULL, NULL, NULL, NULL, NULL, NULL, NULL, NULL, NULL, 0, 0, '1'),
(NULL, 'somsang', NULL, NULL, 'somsang', NULL, 'สมสงวน', NULL, 'อัษญคุณ', NULL, NULL, NULL, 'f', NULL, NULL, NULL, NULL, NULL, NULL, NULL, NULL, NULL, NULL, NULL, NULL, NULL, NULL, 1, NULL, NULL, NULL, '', NULL, NULL, NULL, NULL, NULL, NULL, NULL, NULL, NULL, NULL, NULL, NULL, NULL, NULL, NULL, NULL, NULL, NULL, NULL, NULL, NULL, NULL, NULL, NULL, NULL, NULL, NULL, NULL, NULL, NULL, NULL, NULL, NULL, NULL, NULL, NULL, NULL, NULL, NULL, NULL, NULL, NULL, NULL, NULL, NULL, NULL, NULL, 1, 0, NULL, NULL, NULL, NULL, NULL, NULL, NULL, NULL, NULL, NULL, 0, 0, '1'),
(NULL, '55007', NULL, NULL, '55007', NULL, 'สุจิตรา', NULL, 'เตชะเต่ย', NULL, NULL, NULL, 'f', NULL, NULL, NULL, NULL, NULL, NULL, NULL, NULL, NULL, NULL, NULL, NULL, NULL, NULL, 1, NULL, NULL, NULL, '', NULL, NULL, NULL, NULL, NULL, NULL, NULL, NULL, NULL, NULL, NULL, NULL, NULL, NULL, NULL, NULL, NULL, NULL, NULL, NULL, NULL, NULL, NULL, NULL, NULL, NULL, NULL, NULL, NULL, NULL, NULL, NULL, NULL, NULL, NULL, NULL, NULL, NULL, NULL, NULL, NULL, NULL, NULL, NULL, NULL, NULL, NULL, 1, 0, NULL, NULL, NULL, NULL, NULL, NULL, NULL, NULL, NULL, NULL, 0, 0, '1'),
(NULL, '55012', NULL, NULL, '55012', NULL, 'เจษฎาพงษ์', NULL, 'พุ่มร่วมใจ', NULL, NULL, NULL, 'm', NULL, NULL, NULL, NULL, NULL, NULL, NULL, NULL, NULL, NULL, NULL, NULL, NULL, NULL, 1, NULL, NULL, NULL, '', NULL, NULL, NULL, NULL, NULL, NULL, NULL, NULL, NULL, NULL, NULL, NULL, NULL, NULL, NULL, NULL, NULL, NULL, NULL, NULL, NULL, NULL, NULL, NULL, NULL, NULL, NULL, NULL, NULL, NULL, NULL, NULL, NULL, NULL, NULL, NULL, NULL, NULL, NULL, NULL, NULL, NULL, NULL, NULL, NULL, NULL, NULL, 1, 0, NULL, NULL, NULL, NULL, NULL, NULL, NULL, NULL, NULL, NULL, 0, 0, '1'),
(NULL, '55013', NULL, NULL, '55013', NULL, 'กนกวฤนท์', NULL, 'กัลยาณมิตร', NULL, NULL, NULL, 'f', NULL, NULL, NULL, NULL, NULL, NULL, NULL, NULL, NULL, NULL, NULL, NULL, NULL, NULL, 1, NULL, NULL, NULL, '', NULL, NULL, NULL, NULL, NULL, NULL, NULL, NULL, NULL, NULL, NULL, NULL, NULL, NULL, NULL, NULL, NULL, NULL, NULL, NULL, NULL, NULL, NULL, NULL, NULL, NULL, NULL, NULL, NULL, NULL, NULL, NULL, NULL, NULL, NULL, NULL, NULL, NULL, NULL, NULL, NULL, NULL, NULL, NULL, NULL, NULL, NULL, 1, 0, NULL, NULL, NULL, NULL, NULL, NULL, NULL, NULL, NULL, NULL, 0, 0, '1'),
(NULL, '55015', NULL, NULL, '55015', NULL, 'สุภาพร', NULL, 'เลาหพูนรังษี', NULL, NULL, NULL, 'f', NULL, NULL, NULL, NULL, NULL, NULL, NULL, NULL, NULL, NULL, NULL, NULL, NULL, NULL, 1, NULL, NULL, NULL, '', NULL, NULL, NULL, NULL, NULL, NULL, NULL, NULL, NULL, NULL, NULL, NULL, NULL, NULL, NULL, NULL, NULL, NULL, NULL, NULL, NULL, NULL, NULL, NULL, NULL, NULL, NULL, NULL, NULL, NULL, NULL, NULL, NULL, NULL, NULL, NULL, NULL, NULL, NULL, NULL, NULL, NULL, NULL, NULL, NULL, NULL, NULL, 1, 0, NULL, NULL, NULL, NULL, NULL, NULL, NULL, NULL, NULL, NULL, 0, 0, '1'),
(NULL, '56003', NULL, NULL, '56003', NULL, 'รัชตวรรณ', NULL, 'กันทา', NULL, NULL, NULL, 'f', NULL, NULL, NULL, NULL, NULL, NULL, NULL, NULL, NULL, NULL, NULL, NULL, NULL, NULL, 1, NULL, NULL, NULL, '', NULL, NULL, NULL, NULL, NULL, NULL, NULL, NULL, NULL, NULL, NULL, NULL, NULL, NULL, NULL, NULL, NULL, NULL, NULL, NULL, NULL, NULL, NULL, NULL, NULL, NULL, NULL, NULL, NULL, NULL, NULL, NULL, NULL, NULL, NULL, NULL, NULL, NULL, NULL, NULL, NULL, NULL, NULL, NULL, NULL, NULL, NULL, 1, 0, NULL, NULL, NULL, NULL, NULL, NULL, NULL, NULL, NULL, NULL, 0, 0, '1'),
(NULL, '56004', NULL, NULL, '56004', NULL, 'จตุพร', NULL, 'รัตนศีล', NULL, NULL, NULL, 'f', NULL, NULL, NULL, NULL, NULL, NULL, NULL, NULL, NULL, NULL, NULL, NULL, NULL, NULL, 1, NULL, NULL, NULL, '', NULL, NULL, NULL, NULL, NULL, NULL, NULL, NULL, NULL, NULL, NULL, NULL, NULL, NULL, NULL, NULL, NULL, NULL, NULL, NULL, NULL, NULL, NULL, NULL, NULL, NULL, NULL, NULL, NULL, NULL, NULL, NULL, NULL, NULL, NULL, NULL, NULL, NULL, NULL, NULL, NULL, NULL, NULL, NULL, NULL, NULL, NULL, 1, 0, NULL, NULL, NULL, NULL, NULL, NULL, NULL, NULL, NULL, NULL, 0, 0, '1'),
(NULL, '56006', NULL, NULL, '56006', NULL, 'เสาวลักษณ์', NULL, 'พรหมศร', NULL, NULL, NULL, 'f', NULL, NULL, NULL, NULL, NULL, NULL, NULL, NULL, NULL, NULL, NULL, NULL, NULL, NULL, 1, NULL, NULL, NULL, '', NULL, NULL, NULL, NULL, NULL, NULL, NULL, NULL, NULL, NULL, NULL, NULL, NULL, NULL, NULL, NULL, NULL, NULL, NULL, NULL, NULL, NULL, NULL, NULL, NULL, NULL, NULL, NULL, NULL, NULL, NULL, NULL, NULL, NULL, NULL, NULL, NULL, NULL, NULL, NULL, NULL, NULL, NULL, NULL, NULL, NULL, NULL, 1, 0, NULL, NULL, NULL, NULL, NULL, NULL, NULL, NULL, NULL, NULL, 0, 0, '1'),
(NULL, '56007', NULL, NULL, '56007', NULL, 'อรวรรณ', NULL, 'สมทานี', NULL, NULL, NULL, 'f', NULL, NULL, NULL, NULL, NULL, NULL, NULL, NULL, NULL, NULL, NULL, NULL, NULL, NULL, 1, NULL, NULL, NULL, '', NULL, NULL, NULL, NULL, NULL, NULL, NULL, NULL, NULL, NULL, NULL, NULL, NULL, NULL, NULL, NULL, NULL, NULL, NULL, NULL, NULL, NULL, NULL, NULL, NULL, NULL, NULL, NULL, NULL, NULL, NULL, NULL, NULL, NULL, NULL, NULL, NULL, NULL, NULL, NULL, NULL, NULL, NULL, NULL, NULL, NULL, NULL, 1, 0, NULL, NULL, NULL, NULL, NULL, NULL, NULL, NULL, NULL, NULL, 0, 0, '1'),
(NULL, '56010', NULL, NULL, '56010', NULL, 'ธาริณี', NULL, 'บุญญวรรณ', NULL, NULL, NULL, 'f', NULL, NULL, NULL, NULL, NULL, NULL, NULL, NULL, NULL, NULL, NULL, NULL, NULL, NULL, 1, NULL, NULL, NULL, '', NULL, NULL, NULL, NULL, NULL, NULL, NULL, NULL, NULL, NULL, NULL, NULL, NULL, NULL, NULL, NULL, NULL, NULL, NULL, NULL, NULL, NULL, NULL, NULL, NULL, NULL, NULL, NULL, NULL, NULL, NULL, NULL, NULL, NULL, NULL, NULL, NULL, NULL, NULL, NULL, NULL, NULL, NULL, NULL, NULL, NULL, NULL, 1, 0, NULL, NULL, NULL, NULL, NULL, NULL, NULL, NULL, NULL, NULL, 0, 0, '1'),
(NULL, '56011', NULL, NULL, '56011', NULL, 'กานต์', NULL, 'วิมลวรรธนะสาร', NULL, NULL, NULL, 'm', NULL, NULL, NULL, NULL, NULL, NULL, NULL, NULL, NULL, NULL, NULL, NULL, NULL, NULL, 1, NULL, NULL, NULL, '', NULL, NULL, NULL, NULL, NULL, NULL, NULL, NULL, NULL, NULL, NULL, NULL, NULL, NULL, NULL, NULL, NULL, NULL, NULL, NULL, NULL, NULL, NULL, NULL, NULL, NULL, NULL, NULL, NULL, NULL, NULL, NULL, NULL, NULL, NULL, NULL, NULL, NULL, NULL, NULL, NULL, NULL, NULL, NULL, NULL, NULL, NULL, 1, 0, NULL, NULL, NULL, NULL, NULL, NULL, NULL, NULL, NULL, NULL, 0, 0, '1'),
(NULL, '62005', NULL, NULL, '62005', NULL, 'ธนบดี', NULL, 'นื่มวงษ์', NULL, NULL, NULL, 'm', NULL, NULL, NULL, NULL, NULL, NULL, NULL, NULL, NULL, NULL, NULL, NULL, NULL, NULL, 1, NULL, NULL, NULL, '', NULL, NULL, NULL, NULL, NULL, NULL, NULL, NULL, NULL, NULL, NULL, NULL, NULL, NULL, NULL, NULL, NULL, NULL, NULL, NULL, NULL, NULL, NULL, NULL, NULL, NULL, NULL, NULL, NULL, NULL, NULL, NULL, NULL, NULL, NULL, NULL, NULL, NULL, NULL, NULL, NULL, NULL, NULL, NULL, NULL, NULL, NULL, 1, 0, NULL, NULL, NULL, NULL, NULL, NULL, NULL, NULL, NULL, NULL, 0, 0, '1'),
(NULL, '61052', NULL, NULL, '61052', NULL, 'พลอย', NULL, 'ทรัพย์ไพบูลย์กิจ', NULL, NULL, NULL, 'f', NULL, NULL, NULL, NULL, NULL, NULL, NULL, NULL, NULL, NULL, NULL, NULL, NULL, NULL, 1, NULL, NULL, NULL, '', NULL, NULL, NULL, NULL, NULL, NULL, NULL, NULL, NULL, NULL, NULL, NULL, NULL, NULL, NULL, NULL, NULL, NULL, NULL, NULL, NULL, NULL, NULL, NULL, NULL, NULL, NULL, NULL, NULL, NULL, NULL, NULL, NULL, NULL, NULL, NULL, NULL, NULL, NULL, NULL, NULL, NULL, NULL, NULL, NULL, NULL, NULL, 1, 0, NULL, NULL, NULL, NULL, NULL, NULL, NULL, NULL, NULL, NULL, 0, 0, '1'),
(NULL, '56016', NULL, NULL, '56016', NULL, 'ปรารถนา', NULL, 'ไชยวรรณ์', NULL, NULL, NULL, 'f', NULL, NULL, NULL, NULL, NULL, NULL, NULL, NULL, NULL, NULL, NULL, NULL, NULL, NULL, 1, NULL, NULL, NULL, '', NULL, NULL, NULL, NULL, NULL, NULL, NULL, NULL, NULL, NULL, NULL, NULL, NULL, NULL, NULL, NULL, NULL, NULL, NULL, NULL, NULL, NULL, NULL, NULL, NULL, NULL, NULL, NULL, NULL, NULL, NULL, NULL, NULL, NULL, NULL, NULL, NULL, NULL, NULL, NULL, NULL, NULL, NULL, NULL, NULL, NULL, NULL, 1, 0, NULL, NULL, NULL, NULL, NULL, NULL, NULL, NULL, NULL, NULL, 0, 0, '1'),
(NULL, '56017', NULL, NULL, '56017', NULL, 'สุจิตรา', NULL, 'จะเรวงค์', NULL, NULL, NULL, 'f', NULL, NULL, NULL, NULL, NULL, NULL, NULL, NULL, NULL, NULL, NULL, NULL, NULL, NULL, 1, NULL, NULL, NULL, '', NULL, NULL, NULL, NULL, NULL, NULL, NULL, NULL, NULL, NULL, NULL, NULL, NULL, NULL, NULL, NULL, NULL, NULL, NULL, NULL, NULL, NULL, NULL, NULL, NULL, NULL, NULL, NULL, NULL, NULL, NULL, NULL, NULL, NULL, NULL, NULL, NULL, NULL, NULL, NULL, NULL, NULL, NULL, NULL, NULL, NULL, NULL, 1, 0, NULL, NULL, NULL, NULL, NULL, NULL, NULL, NULL, NULL, NULL, 0, 0, '1'),
(NULL, '56018', NULL, NULL, '56018', NULL, 'ภัสสร', NULL, 'อินทร์ต้น', NULL, NULL, NULL, 'f', NULL, NULL, NULL, NULL, NULL, NULL, NULL, NULL, NULL, NULL, NULL, NULL, NULL, NULL, 1, NULL, NULL, NULL, '', NULL, NULL, NULL, NULL, NULL, NULL, NULL, NULL, NULL, NULL, NULL, NULL, NULL, NULL, NULL, NULL, NULL, NULL, NULL, NULL, NULL, NULL, NULL, NULL, NULL, NULL, NULL, NULL, NULL, NULL, NULL, NULL, NULL, NULL, NULL, NULL, NULL, NULL, NULL, NULL, NULL, NULL, NULL, NULL, NULL, NULL, NULL, 1, 0, NULL, NULL, NULL, NULL, NULL, NULL, NULL, NULL, NULL, NULL, 0, 0, '1'),
(NULL, '56020', NULL, NULL, '56020', NULL, 'ศรีอินทิรา', NULL, 'วงศ์วิจิตร', NULL, NULL, NULL, 'f', NULL, NULL, NULL, NULL, NULL, NULL, NULL, NULL, NULL, NULL, NULL, NULL, NULL, NULL, 1, NULL, NULL, NULL, '', NULL, NULL, NULL, NULL, NULL, NULL, NULL, NULL, NULL, NULL, NULL, NULL, NULL, NULL, NULL, NULL, NULL, NULL, NULL, NULL, NULL, NULL, NULL, NULL, NULL, NULL, NULL, NULL, NULL, NULL, NULL, NULL, NULL, NULL, NULL, NULL, NULL, NULL, NULL, NULL, NULL, NULL, NULL, NULL, NULL, NULL, NULL, 1, 0, NULL, NULL, NULL, NULL, NULL, NULL, NULL, NULL, NULL, NULL, 0, 0, '1'),
(NULL, '62006', NULL, NULL, '62006', NULL, 'กลวัชร', NULL, 'แสงสูง', NULL, NULL, NULL, 'm', NULL, NULL, NULL, NULL, NULL, NULL, NULL, NULL, NULL, NULL, NULL, NULL, NULL, NULL, 1, NULL, NULL, NULL, '', NULL, NULL, NULL, NULL, NULL, NULL, NULL, NULL, NULL, NULL, NULL, NULL, NULL, NULL, NULL, NULL, NULL, NULL, NULL, NULL, NULL, NULL, NULL, NULL, NULL, NULL, NULL, NULL, NULL, NULL, NULL, NULL, NULL, NULL, NULL, NULL, NULL, NULL, NULL, NULL, NULL, NULL, NULL, NULL, NULL, NULL, NULL, 1, 0, NULL, NULL, NULL, NULL, NULL, NULL, NULL, NULL, NULL, NULL, 0, 0, '1'),
(NULL, '62003', NULL, NULL, '62003', NULL, 'ประภัสสร', NULL, 'กุนนะ', NULL, NULL, NULL, 'f', NULL, NULL, NULL, NULL, NULL, NULL, NULL, NULL, NULL, NULL, NULL, NULL, NULL, NULL, 1, NULL, NULL, NULL, '', NULL, NULL, NULL, NULL, NULL, NULL, NULL, NULL, NULL, NULL, NULL, NULL, NULL, NULL, NULL, NULL, NULL, NULL, NULL, NULL, NULL, NULL, NULL, NULL, NULL, NULL, NULL, NULL, NULL, NULL, NULL, NULL, NULL, NULL, NULL, NULL, NULL, NULL, NULL, NULL, NULL, NULL, NULL, NULL, NULL, NULL, NULL, 1, 0, NULL, NULL, NULL, NULL, NULL, NULL, NULL, NULL, NULL, NULL, 0, 0, '1'),
(NULL, '56023', NULL, NULL, '56023', NULL, 'เจนจิรา', NULL, 'แสนเมืองดี', NULL, NULL, NULL, 'f', NULL, NULL, NULL, NULL, NULL, NULL, NULL, NULL, NULL, NULL, NULL, NULL, NULL, NULL, 1, NULL, NULL, NULL, '', NULL, NULL, NULL, NULL, NULL, NULL, NULL, NULL, NULL, NULL, NULL, NULL, NULL, NULL, NULL, NULL, NULL, NULL, NULL, NULL, NULL, NULL, NULL, NULL, NULL, NULL, NULL, NULL, NULL, NULL, NULL, NULL, NULL, NULL, NULL, NULL, NULL, NULL, NULL, NULL, NULL, NULL, NULL, NULL, NULL, NULL, NULL, 1, 0, NULL, NULL, NULL, NULL, NULL, NULL, NULL, NULL, NULL, NULL, 0, 0, '1'),
(NULL, '56025', NULL, NULL, '56025', NULL, 'ชฎาภา', NULL, 'ตระกูลเชียงแก้ว', NULL, NULL, NULL, 'f', NULL, NULL, NULL, NULL, NULL, NULL, NULL, NULL, NULL, NULL, NULL, NULL, NULL, NULL, 1, NULL, NULL, NULL, '', NULL, NULL, NULL, NULL, NULL, NULL, NULL, NULL, NULL, NULL, NULL, NULL, NULL, NULL, NULL, NULL, NULL, NULL, NULL, NULL, NULL, NULL, NULL, NULL, NULL, NULL, NULL, NULL, NULL, NULL, NULL, NULL, NULL, NULL, NULL, NULL, NULL, NULL, NULL, NULL, NULL, NULL, NULL, NULL, NULL, NULL, NULL, 1, 0, NULL, NULL, NULL, NULL, NULL, NULL, NULL, NULL, NULL, NULL, 0, 0, '1'),
(NULL, 'sahatya', NULL, NULL, 'sahatya', NULL, 'สหัทยา', NULL, 'ไพบูลย์วรชาติ', NULL, NULL, NULL, 'f', NULL, NULL, NULL, NULL, NULL, NULL, NULL, NULL, NULL, NULL, NULL, NULL, NULL, NULL, 1, NULL, NULL, NULL, '', NULL, NULL, NULL, NULL, NULL, NULL, NULL, NULL, NULL, NULL, NULL, NULL, NULL, NULL, NULL, NULL, NULL, NULL, NULL, NULL, NULL, NULL, NULL, NULL, NULL, NULL, NULL, NULL, NULL, NULL, NULL, NULL, NULL, NULL, NULL, NULL, NULL, NULL, NULL, NULL, NULL, NULL, NULL, NULL, NULL, NULL, NULL, 1, 0, NULL, NULL, NULL, NULL, NULL, NULL, NULL, NULL, NULL, NULL, 0, 0, '1'),
(NULL, '57002', NULL, NULL, '57002', NULL, 'สุรินทร์', NULL, 'ธรรมา', NULL, NULL, NULL, 'm', NULL, NULL, NULL, NULL, NULL, NULL, NULL, NULL, NULL, NULL, NULL, NULL, NULL, NULL, 1, NULL, NULL, NULL, '', NULL, NULL, NULL, NULL, NULL, NULL, NULL, NULL, NULL, NULL, NULL, NULL, NULL, NULL, NULL, NULL, NULL, NULL, NULL, NULL, NULL, NULL, NULL, NULL, NULL, NULL, NULL, NULL, NULL, NULL, NULL, NULL, NULL, NULL, NULL, NULL, NULL, NULL, NULL, NULL, NULL, NULL, NULL, NULL, NULL, NULL, NULL, 1, 0, NULL, NULL, NULL, NULL, NULL, NULL, NULL, NULL, NULL, NULL, 0, 0, '1'),
(NULL, '57003', NULL, NULL, '57003', NULL, 'พรรณทิพา', NULL, 'เครือสามสุม', NULL, NULL, NULL, 'f', NULL, NULL, NULL, NULL, NULL, NULL, NULL, NULL, NULL, NULL, NULL, NULL, NULL, NULL, 1, NULL, NULL, NULL, '', NULL, NULL, NULL, NULL, NULL, NULL, NULL, NULL, NULL, NULL, NULL, NULL, NULL, NULL, NULL, NULL, NULL, NULL, NULL, NULL, NULL, NULL, NULL, NULL, NULL, NULL, NULL, NULL, NULL, NULL, NULL, NULL, NULL, NULL, NULL, NULL, NULL, NULL, NULL, NULL, NULL, NULL, NULL, NULL, NULL, NULL, NULL, 1, 0, NULL, NULL, NULL, NULL, NULL, NULL, NULL, NULL, NULL, NULL, 0, 0, '1'),
(NULL, '57004', NULL, NULL, '57004', NULL, 'เบญจรัตน์', NULL, 'ทาอ้าย', NULL, NULL, NULL, 'f', NULL, NULL, NULL, NULL, NULL, NULL, NULL, NULL, NULL, NULL, NULL, NULL, NULL, NULL, 1, NULL, NULL, NULL, '', NULL, NULL, NULL, NULL, NULL, NULL, NULL, NULL, NULL, NULL, NULL, NULL, NULL, NULL, NULL, NULL, NULL, NULL, NULL, NULL, NULL, NULL, NULL, NULL, NULL, NULL, NULL, NULL, NULL, NULL, NULL, NULL, NULL, NULL, NULL, NULL, NULL, NULL, NULL, NULL, NULL, NULL, NULL, NULL, NULL, NULL, NULL, 1, 0, NULL, NULL, NULL, NULL, NULL, NULL, NULL, NULL, NULL, NULL, 0, 0, '1'),
(NULL, '57005', NULL, NULL, '57005', NULL, 'สุรัชดา', NULL, 'คำวังสวัสดิ์', NULL, NULL, NULL, 'f', NULL, NULL, NULL, NULL, NULL, NULL, NULL, NULL, NULL, NULL, NULL, NULL, NULL, NULL, 1, NULL, NULL, NULL, '', NULL, NULL, NULL, NULL, NULL, NULL, NULL, NULL, NULL, NULL, NULL, NULL, NULL, NULL, NULL, NULL, NULL, NULL, NULL, NULL, NULL, NULL, NULL, NULL, NULL, NULL, NULL, NULL, NULL, NULL, NULL, NULL, NULL, NULL, NULL, NULL, NULL, NULL, NULL, NULL, NULL, NULL, NULL, NULL, NULL, NULL, NULL, 1, 0, NULL, NULL, NULL, NULL, NULL, NULL, NULL, NULL, NULL, NULL, 0, 0, '1'),
(NULL, '57007', NULL, NULL, '57007', NULL, 'พินสุวรรณ', NULL, 'บัวชุม', NULL, NULL, NULL, 'f', NULL, NULL, NULL, NULL, NULL, NULL, NULL, NULL, NULL, NULL, NULL, NULL, NULL, NULL, 1, NULL, NULL, NULL, '', NULL, NULL, NULL, NULL, NULL, NULL, NULL, NULL, NULL, NULL, NULL, NULL, NULL, NULL, NULL, NULL, NULL, NULL, NULL, NULL, NULL, NULL, NULL, NULL, NULL, NULL, NULL, NULL, NULL, NULL, NULL, NULL, NULL, NULL, NULL, NULL, NULL, NULL, NULL, NULL, NULL, NULL, NULL, NULL, NULL, NULL, NULL, 1, 0, NULL, NULL, NULL, NULL, NULL, NULL, NULL, NULL, NULL, NULL, 0, 0, '1'),
(NULL, '57008', NULL, NULL, '57008', NULL, 'ชยน์พรรณ์', NULL, 'แสงเพชร', NULL, NULL, NULL, 'f', NULL, NULL, NULL, NULL, NULL, NULL, NULL, NULL, NULL, NULL, NULL, NULL, NULL, NULL, 1, NULL, NULL, NULL, '', NULL, NULL, NULL, NULL, NULL, NULL, NULL, NULL, NULL, NULL, NULL, NULL, NULL, NULL, NULL, NULL, NULL, NULL, NULL, NULL, NULL, NULL, NULL, NULL, NULL, NULL, NULL, NULL, NULL, NULL, NULL, NULL, NULL, NULL, NULL, NULL, NULL, NULL, NULL, NULL, NULL, NULL, NULL, NULL, NULL, NULL, NULL, 1, 0, NULL, NULL, NULL, NULL, NULL, NULL, NULL, NULL, NULL, NULL, 0, 0, '1'),
(NULL, 'nchotiro', NULL, NULL, 'nchotiro', NULL, 'นเรนทร์', NULL, 'โชติรสนิรมิต', NULL, NULL, NULL, 'm', NULL, NULL, NULL, NULL, NULL, NULL, NULL, NULL, NULL, NULL, NULL, NULL, NULL, NULL, 1, NULL, NULL, NULL, '', NULL, NULL, NULL, NULL, NULL, NULL, NULL, NULL, NULL, NULL, NULL, NULL, NULL, NULL, NULL, NULL, NULL, NULL, NULL, NULL, NULL, NULL, NULL, NULL, NULL, NULL, NULL, NULL, NULL, NULL, NULL, NULL, NULL, NULL, NULL, NULL, NULL, NULL, NULL, NULL, NULL, NULL, NULL, NULL, NULL, NULL, NULL, 1, 0, NULL, NULL, NULL, NULL, NULL, NULL, NULL, NULL, NULL, NULL, 0, 0, '1'),
(NULL, '57011', NULL, NULL, '57011', NULL, 'ปาเจรา', NULL, 'บุญช่วย', NULL, NULL, NULL, 'f', NULL, NULL, NULL, NULL, NULL, NULL, NULL, NULL, NULL, NULL, NULL, NULL, NULL, NULL, 1, NULL, NULL, NULL, '', NULL, NULL, NULL, NULL, NULL, NULL, NULL, NULL, NULL, NULL, NULL, NULL, NULL, NULL, NULL, NULL, NULL, NULL, NULL, NULL, NULL, NULL, NULL, NULL, NULL, NULL, NULL, NULL, NULL, NULL, NULL, NULL, NULL, NULL, NULL, NULL, NULL, NULL, NULL, NULL, NULL, NULL, NULL, NULL, NULL, NULL, NULL, 1, 0, NULL, NULL, NULL, NULL, NULL, NULL, NULL, NULL, NULL, NULL, 0, 0, '1'),
(NULL, '62036', NULL, NULL, '62036', NULL, 'อังคณา', NULL, 'กันทะกุล', NULL, NULL, NULL, 'f', NULL, NULL, NULL, NULL, NULL, NULL, NULL, NULL, NULL, NULL, NULL, NULL, NULL, NULL, 1, NULL, NULL, NULL, '', NULL, NULL, NULL, NULL, NULL, NULL, NULL, NULL, NULL, NULL, NULL, NULL, NULL, NULL, NULL, NULL, NULL, NULL, NULL, NULL, NULL, NULL, NULL, NULL, NULL, NULL, NULL, NULL, NULL, NULL, NULL, NULL, NULL, NULL, NULL, NULL, NULL, NULL, NULL, NULL, NULL, NULL, NULL, NULL, NULL, NULL, NULL, 1, 0, NULL, NULL, NULL, NULL, NULL, NULL, NULL, NULL, NULL, NULL, 0, 0, '1'),
(NULL, '57015', NULL, NULL, '57015', NULL, 'ภาวิณี', NULL, 'สุธรรมน้อย', NULL, NULL, NULL, 'f', NULL, NULL, NULL, NULL, NULL, NULL, NULL, NULL, NULL, NULL, NULL, NULL, NULL, NULL, 1, NULL, NULL, NULL, '', NULL, NULL, NULL, NULL, NULL, NULL, NULL, NULL, NULL, NULL, NULL, NULL, NULL, NULL, NULL, NULL, NULL, NULL, NULL, NULL, NULL, NULL, NULL, NULL, NULL, NULL, NULL, NULL, NULL, NULL, NULL, NULL, NULL, NULL, NULL, NULL, NULL, NULL, NULL, NULL, NULL, NULL, NULL, NULL, NULL, NULL, NULL, 1, 0, NULL, NULL, NULL, NULL, NULL, NULL, NULL, NULL, NULL, NULL, 0, 0, '1'),
(NULL, '57016', NULL, NULL, '57016', NULL, 'กาญจนา', NULL, 'จำวงค์', NULL, NULL, NULL, 'f', NULL, NULL, NULL, NULL, NULL, NULL, NULL, NULL, NULL, NULL, NULL, NULL, NULL, NULL, 1, NULL, NULL, NULL, '', NULL, NULL, NULL, NULL, NULL, NULL, NULL, NULL, NULL, NULL, NULL, NULL, NULL, NULL, NULL, NULL, NULL, NULL, NULL, NULL, NULL, NULL, NULL, NULL, NULL, NULL, NULL, NULL, NULL, NULL, NULL, NULL, NULL, NULL, NULL, NULL, NULL, NULL, NULL, NULL, NULL, NULL, NULL, NULL, NULL, NULL, NULL, 1, 0, NULL, NULL, NULL, NULL, NULL, NULL, NULL, NULL, NULL, NULL, 0, 0, '1'),
(NULL, '58001', NULL, NULL, '58001', NULL, 'ยุวเรศ', NULL, 'ก้อนแก้ว', NULL, NULL, NULL, 'f', NULL, NULL, NULL, NULL, NULL, NULL, NULL, NULL, NULL, NULL, NULL, NULL, NULL, NULL, 1, NULL, NULL, NULL, '', NULL, NULL, NULL, NULL, NULL, NULL, NULL, NULL, NULL, NULL, NULL, NULL, NULL, NULL, NULL, NULL, NULL, NULL, NULL, NULL, NULL, NULL, NULL, NULL, NULL, NULL, NULL, NULL, NULL, NULL, NULL, NULL, NULL, NULL, NULL, NULL, NULL, NULL, NULL, NULL, NULL, NULL, NULL, NULL, NULL, NULL, NULL, 1, 0, NULL, NULL, NULL, NULL, NULL, NULL, NULL, NULL, NULL, NULL, 0, 0, '1'),
(NULL, '58003', NULL, NULL, '58003', NULL, 'เกียรติศักดิ์', NULL, 'คงภาษี', NULL, NULL, NULL, 'm', NULL, NULL, NULL, NULL, NULL, NULL, NULL, NULL, NULL, NULL, NULL, NULL, NULL, NULL, 1, NULL, NULL, NULL, '', NULL, NULL, NULL, NULL, NULL, NULL, NULL, NULL, NULL, NULL, NULL, NULL, NULL, NULL, NULL, NULL, NULL, NULL, NULL, NULL, NULL, NULL, NULL, NULL, NULL, NULL, NULL, NULL, NULL, NULL, NULL, NULL, NULL, NULL, NULL, NULL, NULL, NULL, NULL, NULL, NULL, NULL, NULL, NULL, NULL, NULL, NULL, 1, 0, NULL, NULL, NULL, NULL, NULL, NULL, NULL, NULL, NULL, NULL, 0, 0, '1'),
(NULL, '58004', NULL, NULL, '58004', NULL, 'สิริมหาจักร', NULL, 'เกียรติไชยากร', NULL, NULL, NULL, 'm', NULL, NULL, NULL, NULL, NULL, NULL, NULL, NULL, NULL, NULL, NULL, NULL, NULL, NULL, 1, NULL, NULL, NULL, '', NULL, NULL, NULL, NULL, NULL, NULL, NULL, NULL, NULL, NULL, NULL, NULL, NULL, NULL, NULL, NULL, NULL, NULL, NULL, NULL, NULL, NULL, NULL, NULL, NULL, NULL, NULL, NULL, NULL, NULL, NULL, NULL, NULL, NULL, NULL, NULL, NULL, NULL, NULL, NULL, NULL, NULL, NULL, NULL, NULL, NULL, NULL, 1, 0, NULL, NULL, NULL, NULL, NULL, NULL, NULL, NULL, NULL, NULL, 0, 0, '1'),
(NULL, '58005', NULL, NULL, '58005', NULL, 'ปัญญา', NULL, 'ดอนวิชา', NULL, NULL, NULL, 'm', NULL, NULL, NULL, NULL, NULL, NULL, NULL, NULL, NULL, NULL, NULL, NULL, NULL, NULL, 1, NULL, NULL, NULL, '', NULL, NULL, NULL, NULL, NULL, NULL, NULL, NULL, NULL, NULL, NULL, NULL, NULL, NULL, NULL, NULL, NULL, NULL, NULL, NULL, NULL, NULL, NULL, NULL, NULL, NULL, NULL, NULL, NULL, NULL, NULL, NULL, NULL, NULL, NULL, NULL, NULL, NULL, NULL, NULL, NULL, NULL, NULL, NULL, NULL, NULL, NULL, 1, 0, NULL, NULL, NULL, NULL, NULL, NULL, NULL, NULL, NULL, NULL, 0, 0, '1'),
(NULL, '58007', NULL, NULL, '58007', NULL, 'วิพรรษา', NULL, 'ไชยเทพ', NULL, NULL, NULL, 'f', NULL, NULL, NULL, NULL, NULL, NULL, NULL, NULL, NULL, NULL, NULL, NULL, NULL, NULL, 1, NULL, NULL, NULL, '', NULL, NULL, NULL, NULL, NULL, NULL, NULL, NULL, NULL, NULL, NULL, NULL, NULL, NULL, NULL, NULL, NULL, NULL, NULL, NULL, NULL, NULL, NULL, NULL, NULL, NULL, NULL, NULL, NULL, NULL, NULL, NULL, NULL, NULL, NULL, NULL, NULL, NULL, NULL, NULL, NULL, NULL, NULL, NULL, NULL, NULL, NULL, 1, 0, NULL, NULL, NULL, NULL, NULL, NULL, NULL, NULL, NULL, NULL, 0, 0, '1'),
(NULL, '58008', NULL, NULL, '58008', NULL, 'เอื้องพร', NULL, 'วงศ์พัฒนากูล', NULL, NULL, NULL, 'f', NULL, NULL, NULL, NULL, NULL, NULL, NULL, NULL, NULL, NULL, NULL, NULL, NULL, NULL, 1, NULL, NULL, NULL, '', NULL, NULL, NULL, NULL, NULL, NULL, NULL, NULL, NULL, NULL, NULL, NULL, NULL, NULL, NULL, NULL, NULL, NULL, NULL, NULL, NULL, NULL, NULL, NULL, NULL, NULL, NULL, NULL, NULL, NULL, NULL, NULL, NULL, NULL, NULL, NULL, NULL, NULL, NULL, NULL, NULL, NULL, NULL, NULL, NULL, NULL, NULL, 1, 0, NULL, NULL, NULL, NULL, NULL, NULL, NULL, NULL, NULL, NULL, 0, 0, '1'),
(NULL, '58009', NULL, NULL, '58009', NULL, 'ธัญญ์นลิน', NULL, 'จันทร', NULL, NULL, NULL, 'f', NULL, NULL, NULL, NULL, NULL, NULL, NULL, NULL, NULL, NULL, NULL, NULL, NULL, NULL, 1, NULL, NULL, NULL, '', NULL, NULL, NULL, NULL, NULL, NULL, NULL, NULL, NULL, NULL, NULL, NULL, NULL, NULL, NULL, NULL, NULL, NULL, NULL, NULL, NULL, NULL, NULL, NULL, NULL, NULL, NULL, NULL, NULL, NULL, NULL, NULL, NULL, NULL, NULL, NULL, NULL, NULL, NULL, NULL, NULL, NULL, NULL, NULL, NULL, NULL, NULL, 1, 0, NULL, NULL, NULL, NULL, NULL, NULL, NULL, NULL, NULL, NULL, 0, 0, '1'),
(NULL, '62001', NULL, NULL, '62001', NULL, 'จริยาพร', NULL, 'สุริยะป้อ', NULL, NULL, NULL, 'f', NULL, NULL, NULL, NULL, NULL, NULL, NULL, NULL, NULL, NULL, NULL, NULL, NULL, NULL, 1, NULL, NULL, NULL, '', NULL, NULL, NULL, NULL, NULL, NULL, NULL, NULL, NULL, NULL, NULL, NULL, NULL, NULL, NULL, NULL, NULL, NULL, NULL, NULL, NULL, NULL, NULL, NULL, NULL, NULL, NULL, NULL, NULL, NULL, NULL, NULL, NULL, NULL, NULL, NULL, NULL, NULL, NULL, NULL, NULL, NULL, NULL, NULL, NULL, NULL, NULL, 1, 0, NULL, NULL, NULL, NULL, NULL, NULL, NULL, NULL, NULL, NULL, 0, 0, '1'),
(NULL, 'surat', NULL, NULL, 'surat', NULL, 'สุรัตน์', NULL, 'ตันประเวช', NULL, NULL, NULL, 'm', NULL, NULL, NULL, NULL, NULL, NULL, NULL, NULL, NULL, NULL, NULL, NULL, NULL, NULL, 1, NULL, NULL, NULL, '', NULL, NULL, NULL, NULL, NULL, NULL, NULL, NULL, NULL, NULL, NULL, NULL, NULL, NULL, NULL, NULL, NULL, NULL, NULL, NULL, NULL, NULL, NULL, NULL, NULL, NULL, NULL, NULL, NULL, NULL, NULL, NULL, NULL, NULL, NULL, NULL, NULL, NULL, NULL, NULL, NULL, NULL, NULL, NULL, NULL, NULL, NULL, 1, 0, NULL, NULL, NULL, NULL, NULL, NULL, NULL, NULL, NULL, NULL, 0, 0, '1'),
(NULL, '58012', NULL, NULL, '58012', NULL, 'นฤมล', NULL, 'กิติรัตน์', NULL, NULL, NULL, 'f', NULL, NULL, NULL, NULL, NULL, NULL, NULL, NULL, NULL, NULL, NULL, NULL, NULL, NULL, 1, NULL, NULL, NULL, '', NULL, NULL, NULL, NULL, NULL, NULL, NULL, NULL, NULL, NULL, NULL, NULL, NULL, NULL, NULL, NULL, NULL, NULL, NULL, NULL, NULL, NULL, NULL, NULL, NULL, NULL, NULL, NULL, NULL, NULL, NULL, NULL, NULL, NULL, NULL, NULL, NULL, NULL, NULL, NULL, NULL, NULL, NULL, NULL, NULL, NULL, NULL, 1, 0, NULL, NULL, NULL, NULL, NULL, NULL, NULL, NULL, NULL, NULL, 0, 0, '1'),
(NULL, '58015', NULL, NULL, '58015', NULL, 'นพมาศ', NULL, 'สิทธิยศ', NULL, NULL, NULL, 'f', NULL, NULL, NULL, NULL, NULL, NULL, NULL, NULL, NULL, NULL, NULL, NULL, NULL, NULL, 1, NULL, NULL, NULL, '', NULL, NULL, NULL, NULL, NULL, NULL, NULL, NULL, NULL, NULL, NULL, NULL, NULL, NULL, NULL, NULL, NULL, NULL, NULL, NULL, NULL, NULL, NULL, NULL, NULL, NULL, NULL, NULL, NULL, NULL, NULL, NULL, NULL, NULL, NULL, NULL, NULL, NULL, NULL, NULL, NULL, NULL, NULL, NULL, NULL, NULL, NULL, 1, 0, NULL, NULL, NULL, NULL, NULL, NULL, NULL, NULL, NULL, NULL, 0, 0, '1'),
(NULL, '58016', NULL, NULL, '58016', NULL, 'วิศัลยา', NULL, 'ไทยธรรมยานนท์', NULL, NULL, NULL, 'f', NULL, NULL, NULL, NULL, NULL, NULL, NULL, NULL, NULL, NULL, NULL, NULL, NULL, NULL, 1, NULL, NULL, NULL, '', NULL, NULL, NULL, NULL, NULL, NULL, NULL, NULL, NULL, NULL, NULL, NULL, NULL, NULL, NULL, NULL, NULL, NULL, NULL, NULL, NULL, NULL, NULL, NULL, NULL, NULL, NULL, NULL, NULL, NULL, NULL, NULL, NULL, NULL, NULL, NULL, NULL, NULL, NULL, NULL, NULL, NULL, NULL, NULL, NULL, NULL, NULL, 1, 0, NULL, NULL, NULL, NULL, NULL, NULL, NULL, NULL, NULL, NULL, 0, 0, '1'),
(NULL, '58018', NULL, NULL, '58018', NULL, 'สิริวรรณ', NULL, 'เสาโกมุท', NULL, NULL, NULL, 'f', NULL, NULL, NULL, NULL, NULL, NULL, NULL, NULL, NULL, NULL, NULL, NULL, NULL, NULL, 1, NULL, NULL, NULL, '', NULL, NULL, NULL, NULL, NULL, NULL, NULL, NULL, NULL, NULL, NULL, NULL, NULL, NULL, NULL, NULL, NULL, NULL, NULL, NULL, NULL, NULL, NULL, NULL, NULL, NULL, NULL, NULL, NULL, NULL, NULL, NULL, NULL, NULL, NULL, NULL, NULL, NULL, NULL, NULL, NULL, NULL, NULL, NULL, NULL, NULL, NULL, 1, 0, NULL, NULL, NULL, NULL, NULL, NULL, NULL, NULL, NULL, NULL, 0, 0, '1'),
(NULL, '58019', NULL, NULL, '58019', NULL, 'ณราศักดิ์', NULL, 'สายทอง', NULL, NULL, NULL, 'm', NULL, NULL, NULL, NULL, NULL, NULL, NULL, NULL, NULL, NULL, NULL, NULL, NULL, NULL, 1, NULL, NULL, NULL, '', NULL, NULL, NULL, NULL, NULL, NULL, NULL, NULL, NULL, NULL, NULL, NULL, NULL, NULL, NULL, NULL, NULL, NULL, NULL, NULL, NULL, NULL, NULL, NULL, NULL, NULL, NULL, NULL, NULL, NULL, NULL, NULL, NULL, NULL, NULL, NULL, NULL, NULL, NULL, NULL, NULL, NULL, NULL, NULL, NULL, NULL, NULL, 1, 0, NULL, NULL, NULL, NULL, NULL, NULL, NULL, NULL, NULL, NULL, 0, 0, '1'),
(NULL, '58022', NULL, NULL, '58022', NULL, 'สุรีนาถ', NULL, 'เชียงคาน', NULL, NULL, NULL, 'f', NULL, NULL, NULL, NULL, NULL, NULL, NULL, NULL, NULL, NULL, NULL, NULL, NULL, NULL, 1, NULL, NULL, NULL, '', NULL, NULL, NULL, NULL, NULL, NULL, NULL, NULL, NULL, NULL, NULL, NULL, NULL, NULL, NULL, NULL, NULL, NULL, NULL, NULL, NULL, NULL, NULL, NULL, NULL, NULL, NULL, NULL, NULL, NULL, NULL, NULL, NULL, NULL, NULL, NULL, NULL, NULL, NULL, NULL, NULL, NULL, NULL, NULL, NULL, NULL, NULL, 1, 0, NULL, NULL, NULL, NULL, NULL, NULL, NULL, NULL, NULL, NULL, 0, 0, '1'),
(NULL, '58023', NULL, NULL, '58023', NULL, 'พรทิภา', NULL, 'ต้นมือ', NULL, NULL, NULL, 'f', NULL, NULL, NULL, NULL, NULL, NULL, NULL, NULL, NULL, NULL, NULL, NULL, NULL, NULL, 1, NULL, NULL, NULL, '', NULL, NULL, NULL, NULL, NULL, NULL, NULL, NULL, NULL, NULL, NULL, NULL, NULL, NULL, NULL, NULL, NULL, NULL, NULL, NULL, NULL, NULL, NULL, NULL, NULL, NULL, NULL, NULL, NULL, NULL, NULL, NULL, NULL, NULL, NULL, NULL, NULL, NULL, NULL, NULL, NULL, NULL, NULL, NULL, NULL, NULL, NULL, 1, 0, NULL, NULL, NULL, NULL, NULL, NULL, NULL, NULL, NULL, NULL, 0, 0, '1'),
(NULL, '58024', NULL, NULL, '58024', NULL, 'สุธี', NULL, 'รังสี', NULL, NULL, NULL, 'm', NULL, NULL, NULL, NULL, NULL, NULL, NULL, NULL, NULL, NULL, NULL, NULL, NULL, NULL, 1, NULL, NULL, NULL, '', NULL, NULL, NULL, NULL, NULL, NULL, NULL, NULL, NULL, NULL, NULL, NULL, NULL, NULL, NULL, NULL, NULL, NULL, NULL, NULL, NULL, NULL, NULL, NULL, NULL, NULL, NULL, NULL, NULL, NULL, NULL, NULL, NULL, NULL, NULL, NULL, NULL, NULL, NULL, NULL, NULL, NULL, NULL, NULL, NULL, NULL, NULL, 1, 0, NULL, NULL, NULL, NULL, NULL, NULL, NULL, NULL, NULL, NULL, 0, 0, '1'),
(NULL, '58025', NULL, NULL, '58025', NULL, 'นเรศ', NULL, 'ศรีนวล', NULL, NULL, NULL, 'm', NULL, NULL, NULL, NULL, NULL, NULL, NULL, NULL, NULL, NULL, NULL, NULL, NULL, NULL, 1, NULL, NULL, NULL, '', NULL, NULL, NULL, NULL, NULL, NULL, NULL, NULL, NULL, NULL, NULL, NULL, NULL, NULL, NULL, NULL, NULL, NULL, NULL, NULL, NULL, NULL, NULL, NULL, NULL, NULL, NULL, NULL, NULL, NULL, NULL, NULL, NULL, NULL, NULL, NULL, NULL, NULL, NULL, NULL, NULL, NULL, NULL, NULL, NULL, NULL, NULL, 1, 0, NULL, NULL, NULL, NULL, NULL, NULL, NULL, NULL, NULL, NULL, 0, 0, '1'),
(NULL, '58026', NULL, NULL, '58026', NULL, 'อนุสรณ์', NULL, 'วงค์รินทร์', NULL, NULL, NULL, 'm', NULL, NULL, NULL, NULL, NULL, NULL, NULL, NULL, NULL, NULL, NULL, NULL, NULL, NULL, 1, NULL, NULL, NULL, '', NULL, NULL, NULL, NULL, NULL, NULL, NULL, NULL, NULL, NULL, NULL, NULL, NULL, NULL, NULL, NULL, NULL, NULL, NULL, NULL, NULL, NULL, NULL, NULL, NULL, NULL, NULL, NULL, NULL, NULL, NULL, NULL, NULL, NULL, NULL, NULL, NULL, NULL, NULL, NULL, NULL, NULL, NULL, NULL, NULL, NULL, NULL, 1, 0, NULL, NULL, NULL, NULL, NULL, NULL, NULL, NULL, NULL, NULL, 0, 0, '1'),
(NULL, '58027', NULL, NULL, '58027', NULL, 'นฤมล', NULL, 'ก่ำแก้ว', NULL, NULL, NULL, 'f', NULL, NULL, NULL, NULL, NULL, NULL, NULL, NULL, NULL, NULL, NULL, NULL, NULL, NULL, 1, NULL, NULL, NULL, '', NULL, NULL, NULL, NULL, NULL, NULL, NULL, NULL, NULL, NULL, NULL, NULL, NULL, NULL, NULL, NULL, NULL, NULL, NULL, NULL, NULL, NULL, NULL, NULL, NULL, NULL, NULL, NULL, NULL, NULL, NULL, NULL, '0000', NULL, NULL, NULL, NULL, NULL, NULL, NULL, NULL, NULL, NULL, NULL, NULL, NULL, NULL, 1, 0, NULL, NULL, NULL, NULL, NULL, NULL, NULL, NULL, NULL, NULL, 0, 0, '1'),
(NULL, '58028', NULL, NULL, '58028', NULL, 'กัณต์ปภัทร', NULL, 'พรมดร', NULL, NULL, NULL, 'm', NULL, NULL, NULL, NULL, NULL, NULL, NULL, NULL, NULL, NULL, NULL, NULL, NULL, NULL, 1, NULL, NULL, NULL, '', NULL, NULL, NULL, NULL, NULL, NULL, NULL, NULL, NULL, NULL, NULL, NULL, NULL, NULL, NULL, NULL, NULL, NULL, NULL, NULL, NULL, NULL, NULL, NULL, NULL, NULL, NULL, NULL, NULL, NULL, NULL, NULL, NULL, NULL, NULL, NULL, NULL, NULL, NULL, NULL, NULL, NULL, NULL, NULL, NULL, NULL, NULL, 1, 0, NULL, NULL, NULL, NULL, NULL, NULL, NULL, NULL, NULL, NULL, 0, 0, '1'),
(NULL, '58029', NULL, NULL, '58029', NULL, 'นวรัตน์', NULL, 'กาวีปลูก', NULL, NULL, NULL, 'f', NULL, NULL, NULL, NULL, NULL, NULL, NULL, NULL, NULL, NULL, NULL, NULL, NULL, NULL, 1, NULL, NULL, NULL, '', NULL, NULL, NULL, NULL, NULL, NULL, NULL, NULL, NULL, NULL, NULL, NULL, NULL, NULL, NULL, NULL, NULL, NULL, NULL, NULL, NULL, NULL, NULL, NULL, NULL, NULL, NULL, NULL, NULL, NULL, NULL, NULL, NULL, NULL, NULL, NULL, NULL, NULL, NULL, NULL, NULL, NULL, NULL, NULL, NULL, NULL, NULL, 1, 0, NULL, NULL, NULL, NULL, NULL, NULL, NULL, NULL, NULL, NULL, 0, 0, '1'),
(NULL, '58032', NULL, NULL, '58032', NULL, 'ณิชากร', NULL, 'ลุงอ่อง', NULL, NULL, NULL, 'f', NULL, NULL, NULL, NULL, NULL, NULL, NULL, NULL, NULL, NULL, NULL, NULL, NULL, NULL, 1, NULL, NULL, NULL, '', NULL, NULL, NULL, NULL, NULL, NULL, NULL, NULL, NULL, NULL, NULL, NULL, NULL, NULL, NULL, NULL, NULL, NULL, NULL, NULL, NULL, NULL, NULL, NULL, NULL, NULL, NULL, NULL, NULL, NULL, NULL, NULL, NULL, NULL, NULL, NULL, NULL, NULL, NULL, NULL, NULL, NULL, NULL, NULL, NULL, NULL, NULL, 1, 0, NULL, NULL, NULL, NULL, NULL, NULL, NULL, NULL, NULL, NULL, 0, 0, '1'),
(NULL, '58034', NULL, NULL, '58034', NULL, 'นริศรา', NULL, 'สาสุจิตร์', NULL, NULL, NULL, 'f', NULL, NULL, NULL, NULL, NULL, NULL, NULL, NULL, NULL, NULL, NULL, NULL, NULL, NULL, 1, NULL, NULL, NULL, '', NULL, NULL, NULL, NULL, NULL, NULL, NULL, NULL, NULL, NULL, NULL, NULL, NULL, NULL, NULL, NULL, NULL, NULL, NULL, NULL, NULL, NULL, NULL, NULL, NULL, NULL, NULL, NULL, NULL, NULL, NULL, NULL, NULL, NULL, NULL, NULL, NULL, NULL, NULL, NULL, NULL, NULL, NULL, NULL, NULL, NULL, NULL, 1, 0, NULL, NULL, NULL, NULL, NULL, NULL, NULL, NULL, NULL, NULL, 0, 0, '1'),
(NULL, '58035', NULL, NULL, '58035', NULL, 'อภิสรา', NULL, 'พลศรีเมือง', NULL, NULL, NULL, 'f', NULL, NULL, NULL, NULL, NULL, NULL, NULL, NULL, NULL, NULL, NULL, NULL, NULL, NULL, 1, NULL, NULL, NULL, '', NULL, NULL, NULL, NULL, NULL, NULL, NULL, NULL, NULL, NULL, NULL, NULL, NULL, NULL, NULL, NULL, NULL, NULL, NULL, NULL, NULL, NULL, NULL, NULL, NULL, NULL, NULL, NULL, NULL, NULL, NULL, NULL, NULL, NULL, NULL, NULL, NULL, NULL, NULL, NULL, NULL, NULL, NULL, NULL, NULL, NULL, NULL, 1, 0, NULL, NULL, NULL, NULL, NULL, NULL, NULL, NULL, NULL, NULL, 0, 0, '1'),
(NULL, '58037', NULL, NULL, '58037', NULL, 'จุฑารัตน์', NULL, 'ตันยเวช', NULL, NULL, NULL, 'f', NULL, NULL, NULL, NULL, NULL, NULL, NULL, NULL, NULL, NULL, NULL, NULL, NULL, NULL, 1, NULL, NULL, NULL, '', NULL, NULL, NULL, NULL, NULL, NULL, NULL, NULL, NULL, NULL, NULL, NULL, NULL, NULL, NULL, NULL, NULL, NULL, NULL, NULL, NULL, NULL, NULL, NULL, NULL, NULL, NULL, NULL, NULL, NULL, NULL, NULL, NULL, NULL, NULL, NULL, NULL, NULL, NULL, NULL, NULL, NULL, NULL, NULL, NULL, NULL, NULL, 1, 0, NULL, NULL, NULL, NULL, NULL, NULL, NULL, NULL, NULL, NULL, 0, 0, '1'),
(NULL, '58039', NULL, NULL, '58039', NULL, 'พิมพิลา', NULL, 'คำพุธ', NULL, NULL, NULL, 'f', NULL, NULL, NULL, NULL, NULL, NULL, NULL, NULL, NULL, NULL, NULL, NULL, NULL, NULL, 1, NULL, NULL, NULL, '', NULL, NULL, NULL, NULL, NULL, NULL, NULL, NULL, NULL, NULL, NULL, NULL, NULL, NULL, NULL, NULL, NULL, NULL, NULL, NULL, NULL, NULL, NULL, NULL, NULL, NULL, NULL, NULL, NULL, NULL, NULL, NULL, NULL, NULL, NULL, NULL, NULL, NULL, NULL, NULL, NULL, NULL, NULL, NULL, NULL, NULL, NULL, 1, 0, NULL, NULL, NULL, NULL, NULL, NULL, NULL, NULL, NULL, NULL, 0, 0, '1'),
(NULL, '58040', NULL, NULL, '58040', NULL, 'ภรภัทร', NULL, 'เล็กทรัพย์', NULL, NULL, NULL, 'f', NULL, NULL, NULL, NULL, NULL, NULL, NULL, NULL, NULL, NULL, NULL, NULL, NULL, NULL, 1, NULL, NULL, NULL, '', NULL, NULL, NULL, NULL, NULL, NULL, NULL, NULL, NULL, NULL, NULL, NULL, NULL, NULL, NULL, NULL, NULL, NULL, NULL, NULL, NULL, NULL, NULL, NULL, NULL, NULL, NULL, NULL, NULL, NULL, NULL, NULL, NULL, NULL, NULL, NULL, NULL, NULL, NULL, NULL, NULL, NULL, NULL, NULL, NULL, NULL, NULL, 1, 0, NULL, NULL, NULL, NULL, NULL, NULL, NULL, NULL, NULL, NULL, 0, 0, '1'),
(NULL, '58042', NULL, NULL, '58042', NULL, 'จีระพันธ์', NULL, 'เชื้อเมืองพาน', NULL, NULL, NULL, 'm', NULL, NULL, NULL, NULL, NULL, NULL, NULL, NULL, NULL, NULL, NULL, NULL, NULL, NULL, 1, NULL, NULL, NULL, '', NULL, NULL, NULL, NULL, NULL, NULL, NULL, NULL, NULL, NULL, NULL, NULL, NULL, NULL, NULL, NULL, NULL, NULL, NULL, NULL, NULL, NULL, NULL, NULL, NULL, NULL, NULL, NULL, NULL, NULL, NULL, NULL, NULL, NULL, NULL, NULL, NULL, NULL, NULL, NULL, NULL, NULL, NULL, NULL, NULL, NULL, NULL, 1, 0, NULL, NULL, NULL, NULL, NULL, NULL, NULL, NULL, NULL, NULL, 0, 0, '1'),
(NULL, '61055', NULL, NULL, '61055', NULL, 'เอกภพ', NULL, 'พจนสิทธิ์', NULL, NULL, NULL, 'm', NULL, NULL, NULL, NULL, NULL, NULL, NULL, NULL, NULL, NULL, NULL, NULL, NULL, NULL, 1, NULL, NULL, NULL, '', NULL, NULL, NULL, NULL, NULL, NULL, NULL, NULL, NULL, NULL, NULL, NULL, NULL, NULL, NULL, NULL, NULL, NULL, NULL, NULL, NULL, NULL, NULL, NULL, NULL, NULL, NULL, NULL, NULL, NULL, NULL, NULL, NULL, NULL, NULL, NULL, NULL, NULL, NULL, NULL, NULL, NULL, NULL, NULL, NULL, NULL, NULL, 1, 0, NULL, NULL, NULL, NULL, NULL, NULL, NULL, NULL, NULL, NULL, 0, 0, '1'),
(NULL, '58044', NULL, NULL, '58044', NULL, 'ชรินทิพย์', NULL, 'จันทร์หอกลอง', NULL, NULL, NULL, 'f', NULL, NULL, NULL, NULL, NULL, NULL, NULL, NULL, NULL, NULL, NULL, NULL, NULL, NULL, 1, NULL, NULL, NULL, '', NULL, NULL, NULL, NULL, NULL, NULL, NULL, NULL, NULL, NULL, NULL, NULL, NULL, NULL, NULL, NULL, NULL, NULL, NULL, NULL, NULL, NULL, NULL, NULL, NULL, NULL, NULL, NULL, NULL, NULL, NULL, NULL, NULL, NULL, NULL, NULL, NULL, NULL, NULL, NULL, NULL, NULL, NULL, NULL, NULL, NULL, NULL, 1, 0, NULL, NULL, NULL, NULL, NULL, NULL, NULL, NULL, NULL, NULL, 0, 0, '1'),
(NULL, '58046', NULL, NULL, '58046', NULL, 'ปณาลี', NULL, 'อุประดิษฐ์', NULL, NULL, NULL, 'f', NULL, NULL, NULL, NULL, NULL, NULL, NULL, NULL, NULL, NULL, NULL, NULL, NULL, NULL, 1, NULL, NULL, NULL, '', NULL, NULL, NULL, NULL, NULL, NULL, NULL, NULL, NULL, NULL, NULL, NULL, NULL, NULL, NULL, NULL, NULL, NULL, NULL, NULL, NULL, NULL, NULL, NULL, NULL, NULL, NULL, NULL, NULL, NULL, NULL, NULL, NULL, NULL, NULL, NULL, NULL, NULL, NULL, NULL, NULL, NULL, NULL, NULL, NULL, NULL, NULL, 1, 0, NULL, NULL, NULL, NULL, NULL, NULL, NULL, NULL, NULL, NULL, 0, 0, '1'),
(NULL, '58047', NULL, NULL, '58047', NULL, 'อุบลวรรณ', NULL, 'ภู่สว่าง', NULL, NULL, NULL, 'f', NULL, NULL, NULL, NULL, NULL, NULL, NULL, NULL, NULL, NULL, NULL, NULL, NULL, NULL, 1, NULL, NULL, NULL, '', NULL, NULL, NULL, NULL, NULL, NULL, NULL, NULL, NULL, NULL, NULL, NULL, NULL, NULL, NULL, NULL, NULL, NULL, NULL, NULL, NULL, NULL, NULL, NULL, NULL, NULL, NULL, NULL, NULL, NULL, NULL, NULL, NULL, NULL, NULL, NULL, NULL, NULL, NULL, NULL, NULL, NULL, NULL, NULL, NULL, NULL, NULL, 1, 0, NULL, NULL, NULL, NULL, NULL, NULL, NULL, NULL, NULL, NULL, 0, 0, '1'),
(NULL, '58049', NULL, NULL, '58049', NULL, 'สาธนี', NULL, 'จำต๊ะ', NULL, NULL, NULL, 'f', NULL, NULL, NULL, NULL, NULL, NULL, NULL, NULL, NULL, NULL, NULL, NULL, NULL, NULL, 1, NULL, NULL, NULL, '', NULL, NULL, NULL, NULL, NULL, NULL, NULL, NULL, NULL, NULL, NULL, NULL, NULL, NULL, NULL, NULL, NULL, NULL, NULL, NULL, NULL, NULL, NULL, NULL, NULL, NULL, NULL, NULL, NULL, NULL, NULL, NULL, NULL, NULL, NULL, NULL, NULL, NULL, NULL, NULL, NULL, NULL, NULL, NULL, NULL, NULL, NULL, 1, 0, NULL, NULL, NULL, NULL, NULL, NULL, NULL, NULL, NULL, NULL, 0, 0, '1'),
(NULL, '58050', NULL, NULL, '58050', NULL, 'เสาวลักษณ์', NULL, 'ชุนดี', NULL, NULL, NULL, 'f', NULL, NULL, NULL, NULL, NULL, NULL, NULL, NULL, NULL, NULL, NULL, NULL, NULL, NULL, 1, NULL, NULL, NULL, '', NULL, NULL, NULL, NULL, NULL, NULL, NULL, NULL, NULL, NULL, NULL, NULL, NULL, NULL, NULL, NULL, NULL, NULL, NULL, NULL, NULL, NULL, NULL, NULL, NULL, NULL, NULL, NULL, NULL, NULL, NULL, NULL, NULL, NULL, NULL, NULL, NULL, NULL, NULL, NULL, NULL, NULL, NULL, NULL, NULL, NULL, NULL, 1, 0, NULL, NULL, NULL, NULL, NULL, NULL, NULL, NULL, NULL, NULL, 0, 0, '1'),
(NULL, '58052', NULL, NULL, '58052', NULL, 'นิรตศัย', NULL, 'ปนิทานโต', NULL, NULL, NULL, 'm', NULL, NULL, NULL, NULL, NULL, NULL, NULL, NULL, NULL, NULL, NULL, NULL, NULL, NULL, 1, NULL, NULL, NULL, '', NULL, NULL, NULL, NULL, NULL, NULL, NULL, NULL, NULL, NULL, NULL, NULL, NULL, NULL, NULL, NULL, NULL, NULL, NULL, NULL, NULL, NULL, NULL, NULL, NULL, NULL, NULL, NULL, NULL, NULL, NULL, NULL, NULL, NULL, NULL, NULL, NULL, NULL, NULL, NULL, NULL, NULL, NULL, NULL, NULL, NULL, NULL, 1, 0, NULL, NULL, NULL, NULL, NULL, NULL, NULL, NULL, NULL, NULL, 0, 0, '1'),
(NULL, '58053', NULL, NULL, '58053', NULL, 'พัชรพงษ์', NULL, 'ปิคนวล', NULL, NULL, NULL, 'm', NULL, NULL, NULL, NULL, NULL, NULL, NULL, NULL, NULL, NULL, NULL, NULL, NULL, NULL, 1, NULL, NULL, NULL, '', NULL, NULL, NULL, NULL, NULL, NULL, NULL, NULL, NULL, NULL, NULL, NULL, NULL, NULL, NULL, NULL, NULL, NULL, NULL, NULL, NULL, NULL, NULL, NULL, NULL, NULL, NULL, NULL, NULL, NULL, NULL, NULL, NULL, NULL, NULL, NULL, NULL, NULL, NULL, NULL, NULL, NULL, NULL, NULL, NULL, NULL, NULL, 1, 0, NULL, NULL, NULL, NULL, NULL, NULL, NULL, NULL, NULL, NULL, 0, 0, '1'),
(NULL, '62035', NULL, NULL, '62035', NULL, 'ธนัชพร', NULL, 'รักษาคม', NULL, NULL, NULL, 'f', NULL, NULL, NULL, NULL, NULL, NULL, NULL, NULL, NULL, NULL, NULL, NULL, NULL, NULL, 1, NULL, NULL, NULL, '', NULL, NULL, NULL, NULL, NULL, NULL, NULL, NULL, NULL, NULL, NULL, NULL, NULL, NULL, NULL, NULL, NULL, NULL, NULL, NULL, NULL, NULL, NULL, NULL, NULL, NULL, NULL, NULL, NULL, NULL, NULL, NULL, NULL, NULL, NULL, NULL, NULL, NULL, NULL, NULL, NULL, NULL, NULL, NULL, NULL, NULL, NULL, 1, 0, NULL, NULL, NULL, NULL, NULL, NULL, NULL, NULL, NULL, NULL, 0, 0, '1'),
(NULL, '59003', NULL, NULL, '59003', NULL, 'ทิพวรรณ', NULL, 'อุ่นเมือง', NULL, NULL, NULL, 'f', NULL, NULL, NULL, NULL, NULL, NULL, NULL, NULL, NULL, NULL, NULL, NULL, NULL, NULL, 1, NULL, NULL, NULL, '', NULL, NULL, NULL, NULL, NULL, NULL, NULL, NULL, NULL, NULL, NULL, NULL, NULL, NULL, NULL, NULL, NULL, NULL, NULL, NULL, NULL, NULL, NULL, NULL, NULL, NULL, NULL, NULL, NULL, NULL, NULL, NULL, NULL, NULL, NULL, NULL, NULL, NULL, NULL, NULL, NULL, NULL, NULL, NULL, NULL, NULL, NULL, 1, 0, NULL, NULL, NULL, NULL, NULL, NULL, NULL, NULL, NULL, NULL, 0, 0, '1'),
(NULL, '59005', NULL, NULL, '59005', NULL, 'ศรีนวล', NULL, 'ศรีบัว', NULL, NULL, NULL, 'f', NULL, NULL, NULL, NULL, NULL, NULL, NULL, NULL, NULL, NULL, NULL, NULL, NULL, NULL, 1, NULL, NULL, NULL, '', NULL, NULL, NULL, NULL, NULL, NULL, NULL, NULL, NULL, NULL, NULL, NULL, NULL, NULL, NULL, NULL, NULL, NULL, NULL, NULL, NULL, NULL, NULL, NULL, NULL, NULL, NULL, NULL, NULL, NULL, NULL, NULL, NULL, NULL, NULL, NULL, NULL, NULL, NULL, NULL, NULL, NULL, NULL, NULL, NULL, NULL, NULL, 1, 0, NULL, NULL, NULL, NULL, NULL, NULL, NULL, NULL, NULL, NULL, 0, 0, '1'),
(NULL, '59006', NULL, NULL, '59006', NULL, 'จิดารัตน์', NULL, 'หวานมีรส', NULL, NULL, NULL, 'f', NULL, NULL, NULL, NULL, NULL, NULL, NULL, NULL, NULL, NULL, NULL, NULL, NULL, NULL, 1, NULL, NULL, NULL, '', NULL, NULL, NULL, NULL, NULL, NULL, NULL, NULL, NULL, NULL, NULL, NULL, NULL, NULL, NULL, NULL, NULL, NULL, NULL, NULL, NULL, NULL, NULL, NULL, NULL, NULL, NULL, NULL, NULL, NULL, NULL, NULL, NULL, NULL, NULL, NULL, NULL, NULL, NULL, NULL, NULL, NULL, NULL, NULL, NULL, NULL, NULL, 1, 0, NULL, NULL, NULL, NULL, NULL, NULL, NULL, NULL, NULL, NULL, 0, 0, '1'),
(NULL, '59007', NULL, NULL, '59007', NULL, 'รติรัตน์', NULL, 'วรสุธานีวรรณ', NULL, NULL, NULL, 'f', NULL, NULL, NULL, NULL, NULL, NULL, NULL, NULL, NULL, NULL, NULL, NULL, NULL, NULL, 1, NULL, NULL, NULL, '', NULL, NULL, NULL, NULL, NULL, NULL, NULL, NULL, NULL, NULL, NULL, NULL, NULL, NULL, NULL, NULL, NULL, NULL, NULL, NULL, NULL, NULL, NULL, NULL, NULL, NULL, NULL, NULL, NULL, NULL, NULL, NULL, NULL, NULL, NULL, NULL, NULL, NULL, NULL, NULL, NULL, NULL, NULL, NULL, NULL, NULL, NULL, 1, 0, NULL, NULL, NULL, NULL, NULL, NULL, NULL, NULL, NULL, NULL, 0, 0, '1'),
(NULL, '59008', NULL, NULL, '59008', NULL, 'เทอดศักดิ์', NULL, 'ไชยวรรณะ', NULL, NULL, NULL, 'm', NULL, NULL, NULL, NULL, NULL, NULL, NULL, NULL, NULL, NULL, NULL, NULL, NULL, NULL, 1, NULL, NULL, NULL, '', NULL, NULL, NULL, NULL, NULL, NULL, NULL, NULL, NULL, NULL, NULL, NULL, NULL, NULL, NULL, NULL, NULL, NULL, NULL, NULL, NULL, NULL, NULL, NULL, NULL, NULL, NULL, NULL, NULL, NULL, NULL, NULL, NULL, NULL, NULL, NULL, NULL, NULL, NULL, NULL, NULL, NULL, NULL, NULL, NULL, NULL, NULL, 1, 0, NULL, NULL, NULL, NULL, NULL, NULL, NULL, NULL, NULL, NULL, 0, 0, '1'),
(NULL, '59009', NULL, NULL, '59009', NULL, 'พัชรมณฑน์', NULL, 'ศุภผล', NULL, NULL, NULL, 'f', NULL, NULL, NULL, NULL, NULL, NULL, NULL, NULL, NULL, NULL, NULL, NULL, NULL, NULL, 1, NULL, NULL, NULL, '', NULL, NULL, NULL, NULL, NULL, NULL, NULL, NULL, NULL, NULL, NULL, NULL, NULL, NULL, NULL, NULL, NULL, NULL, NULL, NULL, NULL, NULL, NULL, NULL, NULL, NULL, NULL, NULL, NULL, NULL, NULL, NULL, NULL, NULL, NULL, NULL, NULL, NULL, NULL, NULL, NULL, NULL, NULL, NULL, NULL, NULL, NULL, 1, 0, NULL, NULL, NULL, NULL, NULL, NULL, NULL, NULL, NULL, NULL, 0, 0, '1');
INSERT INTO `tb_person` (`SSUSR_Initials`, `NUM_OT`, `work`, `start`, `Person_id`, `Person_id1`, `Fname`, `chFname`, `Lname`, `chLname`, `name_english`, `lname_english`, `sex`, `MR1`, `MR`, `position_id`, `mstatus`, `born`, `born_1`, `national`, `religion`, `BIRTH_PLACE`, `father`, `father_occu`, `mother`, `mother_occu`, `MAR`, `MAR_new`, `couple`, `couple_occu`, `son_count`, `home`, `TUMBOL`, `tumbol_id`, `tumbol_name`, `aumphor`, `aumphor_name`, `province_id`, `PROVINCE`, `mail_code`, `telaphone`, `mobile_phone`, `ward_phone`, `relative`, `relative_occu`, `relative_addr`, `num_people`, `num_people1`, `edu_cer`, `edu_cer1`, `edu_degree`, `edu_from`, `edu_vol`, `edu_year`, `blood_group`, `form_size`, `form_size1`, `pos_new`, `pos_old`, `pos1`, `pos_thai`, `PP`, `PP1`, `PP_new`, `FW_CODE`, `FW_CODE_new`, `FW_CODE1`, `per_order`, `work_sec`, `nursecer_id`, `nursecer_date`, `sapa_id`, `samakom_id`, `bank_no`, `new`, `memo`, `mr_english`, `mr_thai`, `c_now`, `newnurse`, `ck`, `ncomment`, `nyear`, `codeper`, `goverment_fund`, `day_card`, `num_card`, `stu`, `new_status`, `expert`, `lastupdate`, `nupdate`, `hncheck`, `pos`) VALUES
(NULL, '59010', NULL, NULL, '59010', NULL, 'กนกวรรณ', NULL, 'จินะ', NULL, NULL, NULL, 'f', NULL, NULL, NULL, NULL, NULL, NULL, NULL, NULL, NULL, NULL, NULL, NULL, NULL, NULL, 1, NULL, NULL, NULL, '', NULL, NULL, NULL, NULL, NULL, NULL, NULL, NULL, NULL, NULL, NULL, NULL, NULL, NULL, NULL, NULL, NULL, NULL, NULL, NULL, NULL, NULL, NULL, NULL, NULL, NULL, NULL, NULL, NULL, NULL, NULL, NULL, NULL, NULL, NULL, NULL, NULL, NULL, NULL, NULL, NULL, NULL, NULL, NULL, NULL, NULL, NULL, 1, 0, NULL, NULL, NULL, NULL, NULL, NULL, NULL, NULL, NULL, NULL, 0, 0, '1'),
(NULL, '59011', NULL, NULL, '59011', NULL, 'สุริสา', NULL, 'ศรีอ๊อต', NULL, NULL, NULL, 'f', NULL, NULL, NULL, NULL, NULL, NULL, NULL, NULL, NULL, NULL, NULL, NULL, NULL, NULL, 1, NULL, NULL, NULL, '', NULL, NULL, NULL, NULL, NULL, NULL, NULL, NULL, NULL, NULL, NULL, NULL, NULL, NULL, NULL, NULL, NULL, NULL, NULL, NULL, NULL, NULL, NULL, NULL, NULL, NULL, NULL, NULL, NULL, NULL, NULL, NULL, NULL, NULL, NULL, NULL, NULL, NULL, NULL, NULL, NULL, NULL, NULL, NULL, NULL, NULL, NULL, 1, 0, NULL, NULL, NULL, NULL, NULL, NULL, NULL, NULL, NULL, NULL, 0, 0, '1'),
(NULL, '59012', NULL, NULL, '59012', NULL, 'มานิตย์', NULL, 'ทนนวงค์', NULL, NULL, NULL, 'm', NULL, NULL, NULL, NULL, NULL, NULL, NULL, NULL, NULL, NULL, NULL, NULL, NULL, NULL, 1, NULL, NULL, NULL, '', NULL, NULL, NULL, NULL, NULL, NULL, NULL, NULL, NULL, NULL, NULL, NULL, NULL, NULL, NULL, NULL, NULL, NULL, NULL, NULL, NULL, NULL, NULL, NULL, NULL, NULL, NULL, NULL, NULL, NULL, NULL, NULL, NULL, NULL, NULL, NULL, NULL, NULL, NULL, NULL, NULL, NULL, NULL, NULL, NULL, NULL, NULL, 1, 0, NULL, NULL, NULL, NULL, NULL, NULL, NULL, NULL, NULL, NULL, 0, 0, '1'),
(NULL, '61054', NULL, NULL, '61054', NULL, 'มนต์ธัช', NULL, 'ไทยยันโต', NULL, NULL, NULL, 'm', NULL, NULL, NULL, NULL, NULL, NULL, NULL, NULL, NULL, NULL, NULL, NULL, NULL, NULL, 1, NULL, NULL, NULL, '', NULL, NULL, NULL, NULL, NULL, NULL, NULL, NULL, NULL, NULL, NULL, NULL, NULL, NULL, NULL, NULL, NULL, NULL, NULL, NULL, NULL, NULL, NULL, NULL, NULL, NULL, NULL, NULL, NULL, NULL, NULL, NULL, NULL, NULL, NULL, NULL, NULL, NULL, NULL, NULL, NULL, NULL, NULL, NULL, NULL, NULL, NULL, 1, 0, NULL, NULL, NULL, NULL, NULL, NULL, NULL, NULL, NULL, NULL, 0, 0, '1'),
(NULL, '59014', NULL, NULL, '59014', NULL, 'อรพรรณ', NULL, 'ยะบึง', NULL, NULL, NULL, 'f', NULL, NULL, NULL, NULL, NULL, NULL, NULL, NULL, NULL, NULL, NULL, NULL, NULL, NULL, 1, NULL, NULL, NULL, '', NULL, NULL, NULL, NULL, NULL, NULL, NULL, NULL, NULL, NULL, NULL, NULL, NULL, NULL, NULL, NULL, NULL, NULL, NULL, NULL, NULL, NULL, NULL, NULL, NULL, NULL, NULL, NULL, NULL, NULL, NULL, NULL, NULL, NULL, NULL, NULL, NULL, NULL, NULL, NULL, NULL, NULL, NULL, NULL, NULL, NULL, NULL, 1, 0, NULL, NULL, NULL, NULL, NULL, NULL, NULL, NULL, NULL, NULL, 0, 0, '1'),
(NULL, '59015', NULL, NULL, '59015', NULL, 'ภคนันท์', NULL, 'สุจา', NULL, NULL, NULL, 'f', NULL, NULL, NULL, NULL, NULL, NULL, NULL, NULL, NULL, NULL, NULL, NULL, NULL, NULL, 1, NULL, NULL, NULL, '', NULL, NULL, NULL, NULL, NULL, NULL, NULL, NULL, NULL, NULL, NULL, NULL, NULL, NULL, NULL, NULL, NULL, NULL, NULL, NULL, NULL, NULL, NULL, NULL, NULL, NULL, NULL, NULL, NULL, NULL, NULL, NULL, NULL, NULL, NULL, NULL, NULL, NULL, NULL, NULL, NULL, NULL, NULL, NULL, NULL, NULL, NULL, 1, 0, NULL, NULL, NULL, NULL, NULL, NULL, NULL, NULL, NULL, NULL, 0, 0, '1'),
(NULL, '61053', NULL, NULL, '61053', NULL, 'เสาวลักษณ์', NULL, 'กันทา', NULL, NULL, NULL, 'f', NULL, NULL, NULL, NULL, NULL, NULL, NULL, NULL, NULL, NULL, NULL, NULL, NULL, NULL, 1, NULL, NULL, NULL, '', NULL, NULL, NULL, NULL, NULL, NULL, NULL, NULL, NULL, NULL, NULL, NULL, NULL, NULL, NULL, NULL, NULL, NULL, NULL, NULL, NULL, NULL, NULL, NULL, NULL, NULL, NULL, NULL, NULL, NULL, NULL, NULL, NULL, NULL, NULL, NULL, NULL, NULL, NULL, NULL, NULL, NULL, NULL, NULL, NULL, NULL, NULL, 1, 0, NULL, NULL, NULL, NULL, NULL, NULL, NULL, NULL, NULL, NULL, 0, 0, '1'),
(NULL, '59017', NULL, NULL, '59017', NULL, 'ภัทรภูมิ', NULL, 'โยปัญญา', NULL, NULL, NULL, 'm', NULL, NULL, NULL, NULL, NULL, NULL, NULL, NULL, NULL, NULL, NULL, NULL, NULL, NULL, 1, NULL, NULL, NULL, '', NULL, NULL, NULL, NULL, NULL, NULL, NULL, NULL, NULL, NULL, NULL, NULL, NULL, NULL, NULL, NULL, NULL, NULL, NULL, NULL, NULL, NULL, NULL, NULL, NULL, NULL, NULL, NULL, NULL, NULL, NULL, NULL, NULL, NULL, NULL, NULL, NULL, NULL, NULL, NULL, NULL, NULL, NULL, NULL, NULL, NULL, NULL, 1, 0, NULL, NULL, NULL, NULL, NULL, NULL, NULL, NULL, NULL, NULL, 0, 0, '1'),
(NULL, '59018', NULL, NULL, '59018', NULL, 'พุทธรักษา', NULL, 'จงศิริ', NULL, NULL, NULL, 'f', NULL, NULL, NULL, NULL, NULL, NULL, NULL, NULL, NULL, NULL, NULL, NULL, NULL, NULL, 1, NULL, NULL, NULL, '', NULL, NULL, NULL, NULL, NULL, NULL, NULL, NULL, NULL, NULL, NULL, NULL, NULL, NULL, NULL, NULL, NULL, NULL, NULL, NULL, NULL, NULL, NULL, NULL, NULL, NULL, NULL, NULL, NULL, NULL, NULL, NULL, NULL, NULL, NULL, NULL, NULL, NULL, NULL, NULL, NULL, NULL, NULL, NULL, NULL, NULL, NULL, 1, 0, NULL, NULL, NULL, NULL, NULL, NULL, NULL, NULL, NULL, NULL, 0, 0, '1'),
(NULL, '59019', NULL, NULL, '59019', NULL, 'กมลพร', NULL, 'ท้าวคำวัง', NULL, NULL, NULL, 'f', NULL, NULL, NULL, NULL, NULL, NULL, NULL, NULL, NULL, NULL, NULL, NULL, NULL, NULL, 1, NULL, NULL, NULL, '', NULL, NULL, NULL, NULL, NULL, NULL, NULL, NULL, NULL, NULL, NULL, NULL, NULL, NULL, NULL, NULL, NULL, NULL, NULL, NULL, NULL, NULL, NULL, NULL, NULL, NULL, NULL, NULL, NULL, NULL, NULL, NULL, NULL, NULL, NULL, NULL, NULL, NULL, NULL, NULL, NULL, NULL, NULL, NULL, NULL, NULL, NULL, 1, 0, NULL, NULL, NULL, NULL, NULL, NULL, NULL, NULL, NULL, NULL, 0, 0, '1'),
(NULL, '59020', NULL, NULL, '59020', NULL, 'ประสงค์', NULL, 'พิทักษ์สกุลไพร', NULL, NULL, NULL, 'm', NULL, NULL, NULL, NULL, NULL, NULL, NULL, NULL, NULL, NULL, NULL, NULL, NULL, NULL, 1, NULL, NULL, NULL, '', NULL, NULL, NULL, NULL, NULL, NULL, NULL, NULL, NULL, NULL, NULL, NULL, NULL, NULL, NULL, NULL, NULL, NULL, NULL, NULL, NULL, NULL, NULL, NULL, NULL, NULL, NULL, NULL, NULL, NULL, NULL, NULL, NULL, NULL, NULL, NULL, NULL, NULL, NULL, NULL, NULL, NULL, NULL, NULL, NULL, NULL, NULL, 1, 0, NULL, NULL, NULL, NULL, NULL, NULL, NULL, NULL, NULL, NULL, 0, 0, '1'),
(NULL, '59021', NULL, NULL, '59021', NULL, 'สุทธิกานต์', NULL, 'สุริยะ', NULL, NULL, NULL, 'f', NULL, NULL, NULL, NULL, NULL, NULL, NULL, NULL, NULL, NULL, NULL, NULL, NULL, NULL, 1, NULL, NULL, NULL, '', NULL, NULL, NULL, NULL, NULL, NULL, NULL, NULL, NULL, NULL, NULL, NULL, NULL, NULL, NULL, NULL, NULL, NULL, NULL, NULL, NULL, NULL, NULL, NULL, NULL, NULL, NULL, NULL, NULL, NULL, NULL, NULL, NULL, NULL, NULL, NULL, NULL, NULL, NULL, NULL, NULL, NULL, NULL, NULL, NULL, NULL, NULL, 1, 0, NULL, NULL, NULL, NULL, NULL, NULL, NULL, NULL, NULL, NULL, 0, 0, '1'),
(NULL, '59022', NULL, NULL, '59022', NULL, 'สุพิชฌาย์', NULL, 'ไชยไธสง', NULL, NULL, NULL, 'f', NULL, NULL, NULL, NULL, NULL, NULL, NULL, NULL, NULL, NULL, NULL, NULL, NULL, NULL, 1, NULL, NULL, NULL, '', NULL, NULL, NULL, NULL, NULL, NULL, NULL, NULL, NULL, NULL, NULL, NULL, NULL, NULL, NULL, NULL, NULL, NULL, NULL, NULL, NULL, NULL, NULL, NULL, NULL, NULL, NULL, NULL, NULL, NULL, NULL, NULL, NULL, NULL, NULL, NULL, NULL, NULL, NULL, NULL, NULL, NULL, NULL, NULL, NULL, NULL, NULL, 1, 0, NULL, NULL, NULL, NULL, NULL, NULL, NULL, NULL, NULL, NULL, 0, 0, '1'),
(NULL, '61051', NULL, NULL, '61051', NULL, 'มณฑล', NULL, 'ปัญญาวัง', NULL, NULL, NULL, 'm', NULL, NULL, NULL, NULL, NULL, NULL, NULL, NULL, NULL, NULL, NULL, NULL, NULL, NULL, 1, NULL, NULL, NULL, '', NULL, NULL, NULL, NULL, NULL, NULL, NULL, NULL, NULL, NULL, NULL, NULL, NULL, NULL, NULL, NULL, NULL, NULL, NULL, NULL, NULL, NULL, NULL, NULL, NULL, NULL, NULL, NULL, NULL, NULL, NULL, NULL, NULL, NULL, NULL, NULL, NULL, NULL, NULL, NULL, NULL, NULL, NULL, NULL, NULL, NULL, NULL, 1, 0, NULL, NULL, NULL, NULL, NULL, NULL, NULL, NULL, NULL, NULL, 0, 0, '1'),
(NULL, '59024', NULL, NULL, '59024', NULL, 'เขมิการ์', NULL, 'แปงถานี', NULL, NULL, NULL, 'f', NULL, NULL, NULL, NULL, NULL, NULL, NULL, NULL, NULL, NULL, NULL, NULL, NULL, NULL, 1, NULL, NULL, NULL, '', NULL, NULL, NULL, NULL, NULL, NULL, NULL, NULL, NULL, NULL, NULL, NULL, NULL, NULL, NULL, NULL, NULL, NULL, NULL, NULL, NULL, NULL, NULL, NULL, NULL, NULL, NULL, NULL, NULL, NULL, NULL, NULL, NULL, NULL, NULL, NULL, NULL, NULL, NULL, NULL, NULL, NULL, NULL, NULL, NULL, NULL, NULL, 1, 0, NULL, NULL, NULL, NULL, NULL, NULL, NULL, NULL, NULL, NULL, 0, 0, '1'),
(NULL, '59025', NULL, NULL, '59025', NULL, 'ณัฐธิดา', NULL, 'ยอดนิปาน', NULL, NULL, NULL, 'f', NULL, NULL, NULL, NULL, NULL, NULL, NULL, NULL, NULL, NULL, NULL, NULL, NULL, NULL, 1, NULL, NULL, NULL, '', NULL, NULL, NULL, NULL, NULL, NULL, NULL, NULL, NULL, NULL, NULL, NULL, NULL, NULL, NULL, NULL, NULL, NULL, NULL, NULL, NULL, NULL, NULL, NULL, NULL, NULL, NULL, NULL, NULL, NULL, NULL, NULL, NULL, NULL, NULL, NULL, NULL, NULL, NULL, NULL, NULL, NULL, NULL, NULL, NULL, NULL, NULL, 1, 0, NULL, NULL, NULL, NULL, NULL, NULL, NULL, NULL, NULL, NULL, 0, 0, '1'),
(NULL, '59027', NULL, NULL, '59027', NULL, 'เฉลิมชัย', NULL, 'กรุงนะ', NULL, NULL, NULL, 'm', NULL, NULL, NULL, NULL, NULL, NULL, NULL, NULL, NULL, NULL, NULL, NULL, NULL, NULL, 1, NULL, NULL, NULL, '', NULL, NULL, NULL, NULL, NULL, NULL, NULL, NULL, NULL, NULL, NULL, NULL, NULL, NULL, NULL, NULL, NULL, NULL, NULL, NULL, NULL, NULL, NULL, NULL, NULL, NULL, NULL, NULL, NULL, NULL, NULL, NULL, NULL, NULL, NULL, NULL, NULL, NULL, NULL, NULL, NULL, NULL, NULL, NULL, NULL, NULL, NULL, 1, 0, NULL, NULL, NULL, NULL, NULL, NULL, NULL, NULL, NULL, NULL, 0, 0, '1'),
(NULL, '59028', NULL, NULL, '59028', NULL, 'ทิพย์วรรณ', NULL, 'หอมยมณ์', NULL, NULL, NULL, 'f', NULL, NULL, NULL, NULL, NULL, NULL, NULL, NULL, NULL, NULL, NULL, NULL, NULL, NULL, 1, NULL, NULL, NULL, '', NULL, NULL, NULL, NULL, NULL, NULL, NULL, NULL, NULL, NULL, NULL, NULL, NULL, NULL, NULL, NULL, NULL, NULL, NULL, NULL, NULL, NULL, NULL, NULL, NULL, NULL, NULL, NULL, NULL, NULL, NULL, NULL, NULL, NULL, NULL, NULL, NULL, NULL, NULL, NULL, NULL, NULL, NULL, NULL, NULL, NULL, NULL, 1, 0, NULL, NULL, NULL, NULL, NULL, NULL, NULL, NULL, NULL, NULL, 0, 0, '1'),
(NULL, '59029', NULL, NULL, '59029', NULL, 'วัชรี', NULL, 'มาฉันท์', NULL, NULL, NULL, 'f', NULL, NULL, NULL, NULL, NULL, NULL, NULL, NULL, NULL, NULL, NULL, NULL, NULL, NULL, 1, NULL, NULL, NULL, '', NULL, NULL, NULL, NULL, NULL, NULL, NULL, NULL, NULL, NULL, NULL, NULL, NULL, NULL, NULL, NULL, NULL, NULL, NULL, NULL, NULL, NULL, NULL, NULL, NULL, NULL, NULL, NULL, NULL, NULL, NULL, NULL, NULL, NULL, NULL, NULL, NULL, NULL, NULL, NULL, NULL, NULL, NULL, NULL, NULL, NULL, NULL, 1, 0, NULL, NULL, NULL, NULL, NULL, NULL, NULL, NULL, NULL, NULL, 0, 0, '1'),
(NULL, '59030', NULL, NULL, '59030', NULL, 'เปรมด์ฤทัย', NULL, 'เสนวิรัช', NULL, NULL, NULL, 'f', NULL, NULL, NULL, NULL, NULL, NULL, NULL, NULL, NULL, NULL, NULL, NULL, NULL, NULL, 1, NULL, NULL, NULL, '', NULL, NULL, NULL, NULL, NULL, NULL, NULL, NULL, NULL, NULL, NULL, NULL, NULL, NULL, NULL, NULL, NULL, NULL, NULL, NULL, NULL, NULL, NULL, NULL, NULL, NULL, NULL, NULL, NULL, NULL, NULL, NULL, NULL, NULL, NULL, NULL, NULL, NULL, NULL, NULL, NULL, NULL, NULL, NULL, NULL, NULL, NULL, 1, 0, NULL, NULL, NULL, NULL, NULL, NULL, NULL, NULL, NULL, NULL, 0, 0, '1'),
(NULL, '59031', NULL, NULL, '59031', NULL, 'อาภาพร', NULL, 'แสนใจ', NULL, NULL, NULL, 'f', NULL, NULL, NULL, NULL, NULL, NULL, NULL, NULL, NULL, NULL, NULL, NULL, NULL, NULL, 1, NULL, NULL, NULL, '', NULL, NULL, NULL, NULL, NULL, NULL, NULL, NULL, NULL, NULL, NULL, NULL, NULL, NULL, NULL, NULL, NULL, NULL, NULL, NULL, NULL, NULL, NULL, NULL, NULL, NULL, NULL, NULL, NULL, NULL, NULL, NULL, NULL, NULL, NULL, NULL, NULL, NULL, NULL, NULL, NULL, NULL, NULL, NULL, NULL, NULL, NULL, 1, 0, NULL, NULL, NULL, NULL, NULL, NULL, NULL, NULL, NULL, NULL, 0, 0, '1'),
(NULL, '59032', NULL, NULL, '59032', NULL, 'รุ่งจิรา', NULL, 'วงค์กาศ', NULL, NULL, NULL, 'f', NULL, NULL, NULL, NULL, NULL, NULL, NULL, NULL, NULL, NULL, NULL, NULL, NULL, NULL, 1, NULL, NULL, NULL, '', NULL, NULL, NULL, NULL, NULL, NULL, NULL, NULL, NULL, NULL, NULL, NULL, NULL, NULL, NULL, NULL, NULL, NULL, NULL, NULL, NULL, NULL, NULL, NULL, NULL, NULL, NULL, NULL, NULL, NULL, NULL, NULL, NULL, NULL, NULL, NULL, NULL, NULL, NULL, NULL, NULL, NULL, NULL, NULL, NULL, NULL, NULL, 1, 0, NULL, NULL, NULL, NULL, NULL, NULL, NULL, NULL, NULL, NULL, 0, 0, '1'),
(NULL, '59034', NULL, NULL, '59034', NULL, 'พรพรรณ', NULL, 'ธรรมศิลป์', NULL, NULL, NULL, 'f', NULL, NULL, NULL, NULL, NULL, NULL, NULL, NULL, NULL, NULL, NULL, NULL, NULL, NULL, 1, NULL, NULL, NULL, '', NULL, NULL, NULL, NULL, NULL, NULL, NULL, NULL, NULL, NULL, NULL, NULL, NULL, NULL, NULL, NULL, NULL, NULL, NULL, NULL, NULL, NULL, NULL, NULL, NULL, NULL, NULL, NULL, NULL, NULL, NULL, NULL, NULL, NULL, NULL, NULL, NULL, NULL, NULL, NULL, NULL, NULL, NULL, NULL, NULL, NULL, NULL, 1, 0, NULL, NULL, NULL, NULL, NULL, NULL, NULL, NULL, NULL, NULL, 0, 0, '1'),
(NULL, '61001', NULL, NULL, '61001', NULL, 'กุลธิดา', NULL, 'ตรรกวรุตม์', NULL, NULL, NULL, 'f', NULL, NULL, NULL, NULL, NULL, NULL, NULL, NULL, NULL, NULL, NULL, NULL, NULL, NULL, 1, NULL, NULL, NULL, '', NULL, NULL, NULL, NULL, NULL, NULL, NULL, NULL, NULL, NULL, NULL, NULL, NULL, NULL, NULL, NULL, NULL, NULL, NULL, NULL, NULL, NULL, NULL, NULL, NULL, NULL, NULL, NULL, NULL, NULL, NULL, NULL, NULL, NULL, NULL, NULL, NULL, NULL, NULL, NULL, NULL, NULL, NULL, NULL, NULL, NULL, NULL, 1, 0, NULL, NULL, NULL, NULL, NULL, NULL, NULL, NULL, NULL, NULL, 0, 0, '1'),
(NULL, '59038', NULL, NULL, '59038', NULL, 'อุเทน', NULL, 'มูลแก้ว', NULL, NULL, NULL, 'm', NULL, NULL, NULL, NULL, NULL, NULL, NULL, NULL, NULL, NULL, NULL, NULL, NULL, NULL, 1, NULL, NULL, NULL, '', NULL, NULL, NULL, NULL, NULL, NULL, NULL, NULL, NULL, NULL, NULL, NULL, NULL, NULL, NULL, NULL, NULL, NULL, NULL, NULL, NULL, NULL, NULL, NULL, NULL, NULL, NULL, NULL, NULL, NULL, NULL, NULL, NULL, NULL, NULL, NULL, NULL, NULL, NULL, NULL, NULL, NULL, NULL, NULL, NULL, NULL, NULL, 1, 0, NULL, NULL, NULL, NULL, NULL, NULL, NULL, NULL, NULL, NULL, 0, 0, '1'),
(NULL, '62027', NULL, NULL, '62027', NULL, 'ชวัลลักษณ์', NULL, 'บุญหลี', NULL, NULL, NULL, 'f', NULL, NULL, NULL, NULL, NULL, NULL, NULL, NULL, NULL, NULL, NULL, NULL, NULL, NULL, 1, NULL, NULL, NULL, '', NULL, NULL, NULL, NULL, NULL, NULL, NULL, NULL, NULL, NULL, NULL, NULL, NULL, NULL, NULL, NULL, NULL, NULL, NULL, NULL, NULL, NULL, NULL, NULL, NULL, NULL, NULL, NULL, NULL, NULL, NULL, NULL, NULL, NULL, NULL, NULL, NULL, NULL, NULL, NULL, NULL, NULL, NULL, NULL, NULL, NULL, NULL, 1, 0, NULL, NULL, NULL, NULL, NULL, NULL, NULL, NULL, NULL, NULL, 0, 0, '1'),
(NULL, '59043', NULL, NULL, '59043', NULL, 'วัชรี', NULL, 'เจริญทรัพย์', NULL, NULL, NULL, 'f', NULL, NULL, NULL, NULL, NULL, NULL, NULL, NULL, NULL, NULL, NULL, NULL, NULL, NULL, 1, NULL, NULL, NULL, '', NULL, NULL, NULL, NULL, NULL, NULL, NULL, NULL, NULL, NULL, NULL, NULL, NULL, NULL, NULL, NULL, NULL, NULL, NULL, NULL, NULL, NULL, NULL, NULL, NULL, NULL, NULL, NULL, NULL, NULL, NULL, NULL, NULL, NULL, NULL, NULL, NULL, NULL, NULL, NULL, NULL, NULL, NULL, NULL, NULL, NULL, NULL, 1, 0, NULL, NULL, NULL, NULL, NULL, NULL, NULL, NULL, NULL, NULL, 0, 0, '1'),
(NULL, '59045', NULL, NULL, '59045', NULL, 'ณัทวุฒิ', NULL, 'เฮงจีระจรัส', NULL, NULL, NULL, 'm', NULL, NULL, NULL, NULL, NULL, NULL, NULL, NULL, NULL, NULL, NULL, NULL, NULL, NULL, 1, NULL, NULL, NULL, '', NULL, NULL, NULL, NULL, NULL, NULL, NULL, NULL, NULL, NULL, NULL, NULL, NULL, NULL, NULL, NULL, NULL, NULL, NULL, NULL, NULL, NULL, NULL, NULL, NULL, NULL, NULL, NULL, NULL, NULL, NULL, NULL, NULL, NULL, NULL, NULL, NULL, NULL, NULL, NULL, NULL, NULL, NULL, NULL, NULL, NULL, NULL, 1, 0, NULL, NULL, NULL, NULL, NULL, NULL, NULL, NULL, NULL, NULL, 0, 0, '1'),
(NULL, '59047', NULL, NULL, '59047', NULL, 'กาญจนา', NULL, 'ธรรมชัยยุติ', NULL, NULL, NULL, 'f', NULL, NULL, NULL, NULL, NULL, NULL, NULL, NULL, NULL, NULL, NULL, NULL, NULL, NULL, 1, NULL, NULL, NULL, '', NULL, NULL, NULL, NULL, NULL, NULL, NULL, NULL, NULL, NULL, NULL, NULL, NULL, NULL, NULL, NULL, NULL, NULL, NULL, NULL, NULL, NULL, NULL, NULL, NULL, NULL, NULL, NULL, NULL, NULL, NULL, NULL, NULL, NULL, NULL, NULL, NULL, NULL, NULL, NULL, NULL, NULL, NULL, NULL, NULL, NULL, NULL, 1, 0, NULL, NULL, NULL, NULL, NULL, NULL, NULL, NULL, NULL, NULL, 0, 0, '1'),
(NULL, '59048', NULL, NULL, '59048', NULL, 'ปรียานุช', NULL, 'ลาวตุม', NULL, NULL, NULL, 'f', NULL, NULL, NULL, NULL, NULL, NULL, NULL, NULL, NULL, NULL, NULL, NULL, NULL, NULL, 1, NULL, NULL, NULL, '', NULL, NULL, NULL, NULL, NULL, NULL, NULL, NULL, NULL, NULL, NULL, NULL, NULL, NULL, NULL, NULL, NULL, NULL, NULL, NULL, NULL, NULL, NULL, NULL, NULL, NULL, NULL, NULL, NULL, NULL, NULL, NULL, NULL, NULL, NULL, NULL, NULL, NULL, NULL, NULL, NULL, NULL, NULL, NULL, NULL, NULL, NULL, 1, 0, NULL, NULL, NULL, NULL, NULL, NULL, NULL, NULL, NULL, NULL, 0, 0, '1'),
(NULL, '59049', NULL, NULL, '59049', NULL, 'ธินัสนันท์', NULL, 'สารทอง', NULL, NULL, NULL, 'f', NULL, NULL, NULL, NULL, NULL, NULL, NULL, NULL, NULL, NULL, NULL, NULL, NULL, NULL, 1, NULL, NULL, NULL, '', NULL, NULL, NULL, NULL, NULL, NULL, NULL, NULL, NULL, NULL, NULL, NULL, NULL, NULL, NULL, NULL, NULL, NULL, NULL, NULL, NULL, NULL, NULL, NULL, NULL, NULL, NULL, NULL, NULL, NULL, NULL, NULL, NULL, NULL, NULL, NULL, NULL, NULL, NULL, NULL, NULL, NULL, NULL, NULL, NULL, NULL, NULL, 1, 0, NULL, NULL, NULL, NULL, NULL, NULL, NULL, NULL, NULL, NULL, 0, 0, '1'),
(NULL, '59050', NULL, NULL, '59050', NULL, 'สุทธิดา', NULL, 'ทองอินปัน', NULL, NULL, NULL, 'f', NULL, NULL, NULL, NULL, NULL, NULL, NULL, NULL, NULL, NULL, NULL, NULL, NULL, NULL, 1, NULL, NULL, NULL, '', NULL, NULL, NULL, NULL, NULL, NULL, NULL, NULL, NULL, NULL, NULL, NULL, NULL, NULL, NULL, NULL, NULL, NULL, NULL, NULL, NULL, NULL, NULL, NULL, NULL, NULL, NULL, NULL, NULL, NULL, NULL, NULL, NULL, NULL, NULL, NULL, NULL, NULL, NULL, NULL, NULL, NULL, NULL, NULL, NULL, NULL, NULL, 1, 0, NULL, NULL, NULL, NULL, NULL, NULL, NULL, NULL, NULL, NULL, 0, 0, '1'),
(NULL, '59051', NULL, NULL, '59051', NULL, 'ณัฐธยาน์', NULL, 'พุทธปาจารย์', NULL, NULL, NULL, 'f', NULL, NULL, NULL, NULL, NULL, NULL, NULL, NULL, NULL, NULL, NULL, NULL, NULL, NULL, 1, NULL, NULL, NULL, '', NULL, NULL, NULL, NULL, NULL, NULL, NULL, NULL, NULL, NULL, NULL, NULL, NULL, NULL, NULL, NULL, NULL, NULL, NULL, NULL, NULL, NULL, NULL, NULL, NULL, NULL, NULL, NULL, NULL, NULL, NULL, NULL, NULL, NULL, NULL, NULL, NULL, NULL, NULL, NULL, NULL, NULL, NULL, NULL, NULL, NULL, NULL, 1, 0, NULL, NULL, NULL, NULL, NULL, NULL, NULL, NULL, NULL, NULL, 0, 0, '1'),
(NULL, '59052', NULL, NULL, '59052', NULL, 'พิชญา', NULL, 'สินคณารักษ์', NULL, NULL, NULL, 'f', NULL, NULL, NULL, NULL, NULL, NULL, NULL, NULL, NULL, NULL, NULL, NULL, NULL, NULL, 1, NULL, NULL, NULL, '', NULL, NULL, NULL, NULL, NULL, NULL, NULL, NULL, NULL, NULL, NULL, NULL, NULL, NULL, NULL, NULL, NULL, NULL, NULL, NULL, NULL, NULL, NULL, NULL, NULL, NULL, NULL, NULL, NULL, NULL, NULL, NULL, NULL, NULL, NULL, NULL, NULL, NULL, NULL, NULL, NULL, NULL, NULL, NULL, NULL, NULL, NULL, 1, 0, NULL, NULL, NULL, NULL, NULL, NULL, NULL, NULL, NULL, NULL, 0, 0, '1'),
(NULL, '59053', NULL, NULL, '59053', NULL, 'พิมพ์พิสุทธิ์', NULL, 'อินธิทา', NULL, NULL, NULL, 'f', NULL, NULL, NULL, NULL, NULL, NULL, NULL, NULL, NULL, NULL, NULL, NULL, NULL, NULL, 1, NULL, NULL, NULL, '', NULL, NULL, NULL, NULL, NULL, NULL, NULL, NULL, NULL, NULL, NULL, NULL, NULL, NULL, NULL, NULL, NULL, NULL, NULL, NULL, NULL, NULL, NULL, NULL, NULL, NULL, NULL, NULL, NULL, NULL, NULL, NULL, NULL, NULL, NULL, NULL, NULL, NULL, NULL, NULL, NULL, NULL, NULL, NULL, NULL, NULL, NULL, 1, 0, NULL, NULL, NULL, NULL, NULL, NULL, NULL, NULL, NULL, NULL, 0, 0, '1'),
(NULL, '59054', NULL, NULL, '59054', NULL, 'สาริศา', NULL, 'สมโน', NULL, NULL, NULL, 'f', NULL, NULL, NULL, NULL, NULL, NULL, NULL, NULL, NULL, NULL, NULL, NULL, NULL, NULL, 1, NULL, NULL, NULL, '', NULL, NULL, NULL, NULL, NULL, NULL, NULL, NULL, NULL, NULL, NULL, NULL, NULL, NULL, NULL, NULL, NULL, NULL, NULL, NULL, NULL, NULL, NULL, NULL, NULL, NULL, NULL, NULL, NULL, NULL, NULL, NULL, NULL, NULL, NULL, NULL, NULL, NULL, NULL, NULL, NULL, NULL, NULL, NULL, NULL, NULL, NULL, 1, 0, NULL, NULL, NULL, NULL, NULL, NULL, NULL, NULL, NULL, NULL, 0, 0, '1'),
(NULL, '61049', NULL, NULL, '61049', NULL, 'สุภกร', NULL, 'ฉัตรอุทัย', NULL, NULL, NULL, 'm', NULL, NULL, NULL, NULL, NULL, NULL, NULL, NULL, NULL, NULL, NULL, NULL, NULL, NULL, 1, NULL, NULL, NULL, '', NULL, NULL, NULL, NULL, NULL, NULL, NULL, NULL, NULL, NULL, NULL, NULL, NULL, NULL, NULL, NULL, NULL, NULL, NULL, NULL, NULL, NULL, NULL, NULL, NULL, NULL, NULL, NULL, NULL, NULL, NULL, NULL, NULL, NULL, NULL, NULL, NULL, NULL, NULL, NULL, NULL, NULL, NULL, NULL, NULL, NULL, NULL, 1, 0, NULL, NULL, NULL, NULL, NULL, NULL, NULL, NULL, NULL, NULL, 0, 0, '1'),
(NULL, '59056', NULL, NULL, '59056', NULL, 'นรินทร์ทิพย์', NULL, 'จันตาบุญ', NULL, NULL, NULL, 'f', NULL, NULL, NULL, NULL, NULL, NULL, NULL, NULL, NULL, NULL, NULL, NULL, NULL, NULL, 1, NULL, NULL, NULL, '', NULL, NULL, NULL, NULL, NULL, NULL, NULL, NULL, NULL, NULL, NULL, NULL, NULL, NULL, NULL, NULL, NULL, NULL, NULL, NULL, NULL, NULL, NULL, NULL, NULL, NULL, NULL, NULL, NULL, NULL, NULL, NULL, NULL, NULL, NULL, NULL, NULL, NULL, NULL, NULL, NULL, NULL, NULL, NULL, NULL, NULL, NULL, 1, 0, NULL, NULL, NULL, NULL, NULL, NULL, NULL, NULL, NULL, NULL, 0, 0, '1'),
(NULL, '62034', NULL, NULL, '62034', NULL, 'สิทธิธิวัชช์', NULL, 'ตงเล็ก', NULL, NULL, NULL, 'm', NULL, NULL, NULL, NULL, NULL, NULL, NULL, NULL, NULL, NULL, NULL, NULL, NULL, NULL, 1, NULL, NULL, NULL, '', NULL, NULL, NULL, NULL, NULL, NULL, NULL, NULL, NULL, NULL, NULL, NULL, NULL, NULL, NULL, NULL, NULL, NULL, NULL, NULL, NULL, NULL, NULL, NULL, NULL, NULL, NULL, NULL, NULL, NULL, NULL, NULL, NULL, NULL, NULL, NULL, NULL, NULL, NULL, NULL, NULL, NULL, NULL, NULL, NULL, NULL, NULL, 1, 0, NULL, NULL, NULL, NULL, NULL, NULL, NULL, NULL, NULL, NULL, 0, 0, '1'),
(NULL, '59060', NULL, NULL, '59060', NULL, 'รัตนาภรณ์', NULL, 'วรรณรินทร์', NULL, NULL, NULL, 'f', NULL, NULL, NULL, NULL, NULL, NULL, NULL, NULL, NULL, NULL, NULL, NULL, NULL, NULL, 1, NULL, NULL, NULL, '', NULL, NULL, NULL, NULL, NULL, NULL, NULL, NULL, NULL, NULL, NULL, NULL, NULL, NULL, NULL, NULL, NULL, NULL, NULL, NULL, NULL, NULL, NULL, NULL, NULL, NULL, NULL, NULL, NULL, NULL, NULL, NULL, NULL, NULL, NULL, NULL, NULL, NULL, NULL, NULL, NULL, NULL, NULL, NULL, NULL, NULL, NULL, 1, 0, NULL, NULL, NULL, NULL, NULL, NULL, NULL, NULL, NULL, NULL, 0, 0, '1'),
(NULL, '59061', NULL, NULL, '59061', NULL, 'อรทัย', NULL, 'เครื่องคำ', NULL, NULL, NULL, 'f', NULL, NULL, NULL, NULL, NULL, NULL, NULL, NULL, NULL, NULL, NULL, NULL, NULL, NULL, 1, NULL, NULL, NULL, '', NULL, NULL, NULL, NULL, NULL, NULL, NULL, NULL, NULL, NULL, NULL, NULL, NULL, NULL, NULL, NULL, NULL, NULL, NULL, NULL, NULL, NULL, NULL, NULL, NULL, NULL, NULL, NULL, NULL, NULL, NULL, NULL, NULL, NULL, NULL, NULL, NULL, NULL, NULL, NULL, NULL, NULL, NULL, NULL, NULL, NULL, NULL, 1, 0, NULL, NULL, NULL, NULL, NULL, NULL, NULL, NULL, NULL, NULL, 0, 0, '1'),
(NULL, '59062', NULL, NULL, '59062', NULL, 'ธนากิต', NULL, 'อูปแปง', NULL, NULL, NULL, 'm', NULL, NULL, NULL, NULL, NULL, NULL, NULL, NULL, NULL, NULL, NULL, NULL, NULL, NULL, 1, NULL, NULL, NULL, '', NULL, NULL, NULL, NULL, NULL, NULL, NULL, NULL, NULL, NULL, NULL, NULL, NULL, NULL, NULL, NULL, NULL, NULL, NULL, NULL, NULL, NULL, NULL, NULL, NULL, NULL, NULL, NULL, NULL, NULL, NULL, NULL, NULL, NULL, NULL, NULL, NULL, NULL, NULL, NULL, NULL, NULL, NULL, NULL, NULL, NULL, NULL, 1, 0, NULL, NULL, NULL, NULL, NULL, NULL, NULL, NULL, NULL, NULL, 0, 0, '1'),
(NULL, '61048', NULL, NULL, '61048', NULL, 'ศุภาพิชญ์', NULL, 'ขจรโมทย์', NULL, NULL, NULL, 'f', NULL, NULL, NULL, NULL, NULL, NULL, NULL, NULL, NULL, NULL, NULL, NULL, NULL, NULL, 1, NULL, NULL, NULL, '', NULL, NULL, NULL, NULL, NULL, NULL, NULL, NULL, NULL, NULL, NULL, NULL, NULL, NULL, NULL, NULL, NULL, NULL, NULL, NULL, NULL, NULL, NULL, NULL, NULL, NULL, NULL, NULL, NULL, NULL, NULL, NULL, NULL, NULL, NULL, NULL, NULL, NULL, NULL, NULL, NULL, NULL, NULL, NULL, NULL, NULL, NULL, 1, 0, NULL, NULL, NULL, NULL, NULL, NULL, NULL, NULL, NULL, NULL, 0, 0, '1'),
(NULL, '61047', NULL, NULL, '61047', NULL, 'ฐิตินันท์', NULL, 'ชัยกุลเสรีวัฒน์', NULL, NULL, NULL, 'm', NULL, NULL, NULL, NULL, NULL, NULL, NULL, NULL, NULL, NULL, NULL, NULL, NULL, NULL, 1, NULL, NULL, NULL, '', NULL, NULL, NULL, NULL, NULL, NULL, NULL, NULL, NULL, NULL, NULL, NULL, NULL, NULL, NULL, NULL, NULL, NULL, NULL, NULL, NULL, NULL, NULL, NULL, NULL, NULL, NULL, NULL, NULL, NULL, NULL, NULL, NULL, NULL, NULL, NULL, NULL, NULL, NULL, NULL, NULL, NULL, NULL, NULL, NULL, NULL, NULL, 1, 0, NULL, NULL, NULL, NULL, NULL, NULL, NULL, NULL, NULL, NULL, 0, 0, '1'),
(NULL, '59065', NULL, NULL, '59065', NULL, 'อัญชลี', NULL, 'ชวนประเสริฐ', NULL, NULL, NULL, 'f', NULL, NULL, NULL, NULL, NULL, NULL, NULL, NULL, NULL, NULL, NULL, NULL, NULL, NULL, 1, NULL, NULL, NULL, '', NULL, NULL, NULL, NULL, NULL, NULL, NULL, NULL, NULL, NULL, NULL, NULL, NULL, NULL, NULL, NULL, NULL, NULL, NULL, NULL, NULL, NULL, NULL, NULL, NULL, NULL, NULL, NULL, NULL, NULL, NULL, NULL, NULL, NULL, NULL, NULL, NULL, NULL, NULL, NULL, NULL, NULL, NULL, NULL, NULL, NULL, NULL, 1, 0, NULL, NULL, NULL, NULL, NULL, NULL, NULL, NULL, NULL, NULL, 0, 0, '1'),
(NULL, '60001', NULL, NULL, '60001', NULL, 'ภัทรสุดา', NULL, 'เหมืองจา', NULL, NULL, NULL, 'f', NULL, NULL, NULL, NULL, NULL, NULL, NULL, NULL, NULL, NULL, NULL, NULL, NULL, NULL, 1, NULL, NULL, NULL, '', NULL, NULL, NULL, NULL, NULL, NULL, NULL, NULL, NULL, NULL, NULL, NULL, NULL, NULL, NULL, NULL, NULL, NULL, NULL, NULL, NULL, NULL, NULL, NULL, NULL, NULL, NULL, NULL, NULL, NULL, NULL, NULL, NULL, NULL, NULL, NULL, NULL, NULL, NULL, NULL, NULL, NULL, NULL, NULL, NULL, NULL, NULL, 1, 0, NULL, NULL, NULL, NULL, NULL, NULL, NULL, NULL, NULL, NULL, 0, 0, '1'),
(NULL, '60002', NULL, NULL, '60002', NULL, 'วัชรินทร์', NULL, 'บุญเทพ', NULL, NULL, NULL, 'm', NULL, NULL, NULL, NULL, NULL, NULL, NULL, NULL, NULL, NULL, NULL, NULL, NULL, NULL, 1, NULL, NULL, NULL, '', NULL, NULL, NULL, NULL, NULL, NULL, NULL, NULL, NULL, NULL, NULL, NULL, NULL, NULL, NULL, NULL, NULL, NULL, NULL, NULL, NULL, NULL, NULL, NULL, NULL, NULL, NULL, NULL, NULL, NULL, NULL, NULL, NULL, NULL, NULL, NULL, NULL, NULL, NULL, NULL, NULL, NULL, NULL, NULL, NULL, NULL, NULL, 1, 0, NULL, NULL, NULL, NULL, NULL, NULL, NULL, NULL, NULL, NULL, 0, 0, '1'),
(NULL, '61045', NULL, NULL, '61045', NULL, 'กรกนก', NULL, 'วงศ์ศิลา', NULL, NULL, NULL, 'f', NULL, NULL, NULL, NULL, NULL, NULL, NULL, NULL, NULL, NULL, NULL, NULL, NULL, NULL, 1, NULL, NULL, NULL, '', NULL, NULL, NULL, NULL, NULL, NULL, NULL, NULL, NULL, NULL, NULL, NULL, NULL, NULL, NULL, NULL, NULL, NULL, NULL, NULL, NULL, NULL, NULL, NULL, NULL, NULL, NULL, NULL, NULL, NULL, NULL, NULL, NULL, NULL, NULL, NULL, NULL, NULL, NULL, NULL, NULL, NULL, NULL, NULL, NULL, NULL, NULL, 1, 0, NULL, NULL, NULL, NULL, NULL, NULL, NULL, NULL, NULL, NULL, 0, 0, '1'),
(NULL, '62038', NULL, NULL, '62038', NULL, 'วาริสา', NULL, 'กันตศรี', NULL, NULL, NULL, 'f', NULL, NULL, NULL, NULL, NULL, NULL, NULL, NULL, NULL, NULL, NULL, NULL, NULL, NULL, 1, NULL, NULL, NULL, '', NULL, NULL, NULL, NULL, NULL, NULL, NULL, NULL, NULL, NULL, NULL, NULL, NULL, NULL, NULL, NULL, NULL, NULL, NULL, NULL, NULL, NULL, NULL, NULL, NULL, NULL, NULL, NULL, NULL, NULL, NULL, NULL, NULL, NULL, NULL, NULL, NULL, NULL, NULL, NULL, NULL, NULL, NULL, NULL, NULL, NULL, NULL, 1, 0, NULL, NULL, NULL, NULL, NULL, NULL, NULL, NULL, NULL, NULL, 0, 0, '1'),
(NULL, '60005', NULL, NULL, '60005', NULL, 'ทนันต์', NULL, 'นันตากาศ', NULL, NULL, NULL, 'm', NULL, NULL, NULL, NULL, NULL, NULL, NULL, NULL, NULL, NULL, NULL, NULL, NULL, NULL, 1, NULL, NULL, NULL, '', NULL, NULL, NULL, NULL, NULL, NULL, NULL, NULL, NULL, NULL, NULL, NULL, NULL, NULL, NULL, NULL, NULL, NULL, NULL, NULL, NULL, NULL, NULL, NULL, NULL, NULL, NULL, NULL, NULL, NULL, NULL, NULL, NULL, NULL, NULL, NULL, NULL, NULL, NULL, NULL, NULL, NULL, NULL, NULL, NULL, NULL, NULL, 1, 0, NULL, NULL, NULL, NULL, NULL, NULL, NULL, NULL, NULL, NULL, 0, 0, '1'),
(NULL, '62032', NULL, NULL, '62032', NULL, 'นภาพร', NULL, 'อินสิงห์', NULL, NULL, NULL, 'f', NULL, NULL, NULL, NULL, NULL, NULL, NULL, NULL, NULL, NULL, NULL, NULL, NULL, NULL, 1, NULL, NULL, NULL, '', NULL, NULL, NULL, NULL, NULL, NULL, NULL, NULL, NULL, NULL, NULL, NULL, NULL, NULL, NULL, NULL, NULL, NULL, NULL, NULL, NULL, NULL, NULL, NULL, NULL, NULL, NULL, NULL, NULL, NULL, NULL, NULL, NULL, NULL, NULL, NULL, NULL, NULL, NULL, NULL, NULL, NULL, NULL, NULL, NULL, NULL, NULL, 1, 0, NULL, NULL, NULL, NULL, NULL, NULL, NULL, NULL, NULL, NULL, 0, 0, '1'),
(NULL, '60008', NULL, NULL, '60008', NULL, 'สตรีรัตน์', NULL, 'ภัทรวรตระกูล', NULL, NULL, NULL, 'f', NULL, NULL, NULL, NULL, NULL, NULL, NULL, NULL, NULL, NULL, NULL, NULL, NULL, NULL, 1, NULL, NULL, NULL, '', NULL, NULL, NULL, NULL, NULL, NULL, NULL, NULL, NULL, NULL, NULL, NULL, NULL, NULL, NULL, NULL, NULL, NULL, NULL, NULL, NULL, NULL, NULL, NULL, NULL, NULL, NULL, NULL, NULL, NULL, NULL, NULL, NULL, NULL, NULL, NULL, NULL, NULL, NULL, NULL, NULL, NULL, NULL, NULL, NULL, NULL, NULL, 1, 0, NULL, NULL, NULL, NULL, NULL, NULL, NULL, NULL, NULL, NULL, 0, 0, '1'),
(NULL, '60009', NULL, NULL, '60009', NULL, 'จุฬาลักษณ์', NULL, 'ใหม่พรม', NULL, NULL, NULL, 'f', NULL, NULL, NULL, NULL, NULL, NULL, NULL, NULL, NULL, NULL, NULL, NULL, NULL, NULL, 1, NULL, NULL, NULL, '', NULL, NULL, NULL, NULL, NULL, NULL, NULL, NULL, NULL, NULL, NULL, NULL, NULL, NULL, NULL, NULL, NULL, NULL, NULL, NULL, NULL, NULL, NULL, NULL, NULL, NULL, NULL, NULL, NULL, NULL, NULL, NULL, NULL, NULL, NULL, NULL, NULL, NULL, NULL, NULL, NULL, NULL, NULL, NULL, NULL, NULL, NULL, 1, 0, NULL, NULL, NULL, NULL, NULL, NULL, NULL, NULL, NULL, NULL, 0, 0, '1'),
(NULL, '60010', NULL, NULL, '60010', NULL, 'เสาวลักษณ์', NULL, 'สุขระแหง', NULL, NULL, NULL, 'f', NULL, NULL, NULL, NULL, NULL, NULL, NULL, NULL, NULL, NULL, NULL, NULL, NULL, NULL, 1, NULL, NULL, NULL, '', NULL, NULL, NULL, NULL, NULL, NULL, NULL, NULL, NULL, NULL, NULL, NULL, NULL, NULL, NULL, NULL, NULL, NULL, NULL, NULL, NULL, NULL, NULL, NULL, NULL, NULL, NULL, NULL, NULL, NULL, NULL, NULL, NULL, NULL, NULL, NULL, NULL, NULL, NULL, NULL, NULL, NULL, NULL, NULL, NULL, NULL, NULL, 1, 0, NULL, NULL, NULL, NULL, NULL, NULL, NULL, NULL, NULL, NULL, 0, 0, '1'),
(NULL, '61044', NULL, NULL, '61044', NULL, 'วิภาดา', NULL, 'สุริยา', NULL, NULL, NULL, 'f', NULL, NULL, NULL, NULL, NULL, NULL, NULL, NULL, NULL, NULL, NULL, NULL, NULL, NULL, 1, NULL, NULL, NULL, '', NULL, NULL, NULL, NULL, NULL, NULL, NULL, NULL, NULL, NULL, NULL, NULL, NULL, NULL, NULL, NULL, NULL, NULL, NULL, NULL, NULL, NULL, NULL, NULL, NULL, NULL, NULL, NULL, NULL, NULL, NULL, NULL, NULL, NULL, NULL, NULL, NULL, NULL, NULL, NULL, NULL, NULL, NULL, NULL, NULL, NULL, NULL, 1, 0, NULL, NULL, NULL, NULL, NULL, NULL, NULL, NULL, NULL, NULL, 0, 0, '1'),
(NULL, '60012', NULL, NULL, '60012', NULL, 'นาริชา', NULL, 'จอมขันเงิน', NULL, NULL, NULL, 'f', NULL, NULL, NULL, NULL, NULL, NULL, NULL, NULL, NULL, NULL, NULL, NULL, NULL, NULL, 1, NULL, NULL, NULL, '', NULL, NULL, NULL, NULL, NULL, NULL, NULL, NULL, NULL, NULL, NULL, NULL, NULL, NULL, NULL, NULL, NULL, NULL, NULL, NULL, NULL, NULL, NULL, NULL, NULL, NULL, NULL, NULL, NULL, NULL, NULL, NULL, NULL, NULL, NULL, NULL, NULL, NULL, NULL, NULL, NULL, NULL, NULL, NULL, NULL, NULL, NULL, 1, 0, NULL, NULL, NULL, NULL, NULL, NULL, NULL, NULL, NULL, NULL, 0, 0, '1'),
('', '61043', NULL, NULL, '61043', NULL, 'สมหญิง', NULL, 'ดำนิล', NULL, NULL, NULL, 'f', NULL, NULL, NULL, NULL, NULL, NULL, NULL, NULL, NULL, NULL, NULL, NULL, NULL, NULL, 1, NULL, NULL, NULL, '', NULL, NULL, NULL, NULL, NULL, NULL, NULL, NULL, NULL, NULL, NULL, NULL, NULL, NULL, NULL, NULL, NULL, NULL, NULL, NULL, NULL, NULL, NULL, NULL, NULL, NULL, NULL, NULL, NULL, NULL, NULL, NULL, NULL, NULL, NULL, NULL, NULL, NULL, NULL, NULL, NULL, NULL, NULL, NULL, NULL, NULL, NULL, 1, 0, NULL, NULL, NULL, NULL, NULL, NULL, NULL, NULL, NULL, NULL, 0, 0, '1'),
(NULL, '60016', NULL, NULL, '60016', NULL, 'เอกรินทร์', NULL, 'ศุภตระกูล', NULL, NULL, NULL, 'm', NULL, NULL, NULL, NULL, NULL, NULL, NULL, NULL, NULL, NULL, NULL, NULL, NULL, NULL, 1, NULL, NULL, NULL, '', NULL, NULL, NULL, NULL, NULL, NULL, NULL, NULL, NULL, NULL, NULL, NULL, NULL, NULL, NULL, NULL, NULL, NULL, NULL, NULL, NULL, NULL, NULL, NULL, NULL, NULL, NULL, NULL, NULL, NULL, NULL, NULL, NULL, NULL, NULL, NULL, NULL, NULL, NULL, NULL, NULL, NULL, NULL, NULL, NULL, NULL, NULL, 1, 0, NULL, NULL, NULL, NULL, NULL, NULL, NULL, NULL, NULL, NULL, 0, 0, '1'),
(NULL, '60017', NULL, NULL, '60017', NULL, 'ภัทรพล', NULL, 'หลวงแสน', NULL, NULL, NULL, 'm', NULL, NULL, NULL, NULL, NULL, NULL, NULL, NULL, NULL, NULL, NULL, NULL, NULL, NULL, 1, NULL, NULL, NULL, '', NULL, NULL, NULL, NULL, NULL, NULL, NULL, NULL, NULL, NULL, NULL, NULL, NULL, NULL, NULL, NULL, NULL, NULL, NULL, NULL, NULL, NULL, NULL, NULL, NULL, NULL, NULL, NULL, NULL, NULL, NULL, NULL, NULL, NULL, NULL, NULL, NULL, NULL, NULL, NULL, NULL, NULL, NULL, NULL, NULL, NULL, NULL, 1, 0, NULL, NULL, NULL, NULL, NULL, NULL, NULL, NULL, NULL, NULL, 0, 0, '1'),
(NULL, '60018', NULL, NULL, '60018', NULL, 'จิราพร', NULL, 'ต๊ะเสน', NULL, NULL, NULL, 'f', NULL, NULL, NULL, NULL, NULL, NULL, NULL, NULL, NULL, NULL, NULL, NULL, NULL, NULL, 1, NULL, NULL, NULL, '', NULL, NULL, NULL, NULL, NULL, NULL, NULL, NULL, NULL, NULL, NULL, NULL, NULL, NULL, NULL, NULL, NULL, NULL, NULL, NULL, NULL, NULL, NULL, NULL, NULL, NULL, NULL, NULL, NULL, NULL, NULL, NULL, NULL, NULL, NULL, NULL, NULL, NULL, NULL, NULL, NULL, NULL, NULL, NULL, NULL, NULL, NULL, 1, 0, NULL, NULL, NULL, NULL, NULL, NULL, NULL, NULL, NULL, NULL, 0, 0, '1'),
(NULL, '60019', NULL, NULL, '60019', NULL, 'ติณณภพ', NULL, 'กันตพัชญ์', NULL, NULL, NULL, 'm', NULL, NULL, NULL, NULL, NULL, NULL, NULL, NULL, NULL, NULL, NULL, NULL, NULL, NULL, 1, NULL, NULL, NULL, '', NULL, NULL, NULL, NULL, NULL, NULL, NULL, NULL, NULL, NULL, NULL, NULL, NULL, NULL, NULL, NULL, NULL, NULL, NULL, NULL, NULL, NULL, NULL, NULL, NULL, NULL, NULL, NULL, NULL, NULL, NULL, NULL, NULL, NULL, NULL, NULL, NULL, NULL, NULL, NULL, NULL, NULL, NULL, NULL, NULL, NULL, NULL, 1, 0, NULL, NULL, NULL, NULL, NULL, NULL, NULL, NULL, NULL, NULL, 0, 0, '1'),
(NULL, '62040', NULL, NULL, '62040', NULL, 'พิมพร', NULL, 'คำไส', NULL, NULL, NULL, 'f', NULL, NULL, NULL, NULL, NULL, NULL, NULL, NULL, NULL, NULL, NULL, NULL, NULL, NULL, 1, NULL, NULL, NULL, '', NULL, NULL, NULL, NULL, NULL, NULL, NULL, NULL, NULL, NULL, NULL, NULL, NULL, NULL, NULL, NULL, NULL, NULL, NULL, NULL, NULL, NULL, NULL, NULL, NULL, NULL, NULL, NULL, NULL, NULL, NULL, NULL, NULL, NULL, NULL, NULL, NULL, NULL, NULL, NULL, NULL, NULL, NULL, NULL, NULL, NULL, NULL, 1, 0, NULL, NULL, NULL, NULL, NULL, NULL, NULL, NULL, NULL, NULL, 0, 0, '1'),
(NULL, '60021', NULL, NULL, '60021', NULL, 'จิดาภา', NULL, 'พรหมปัญญา', NULL, NULL, NULL, 'f', NULL, NULL, NULL, NULL, NULL, NULL, NULL, NULL, NULL, NULL, NULL, NULL, NULL, NULL, 1, NULL, NULL, NULL, '', NULL, NULL, NULL, NULL, NULL, NULL, NULL, NULL, NULL, NULL, NULL, NULL, NULL, NULL, NULL, NULL, NULL, NULL, NULL, NULL, NULL, NULL, NULL, NULL, NULL, NULL, NULL, NULL, NULL, NULL, NULL, NULL, NULL, NULL, NULL, NULL, NULL, NULL, NULL, NULL, NULL, NULL, NULL, NULL, NULL, NULL, NULL, 1, 0, NULL, NULL, NULL, NULL, NULL, NULL, NULL, NULL, NULL, NULL, 0, 0, '1'),
(NULL, '60023', NULL, NULL, '60023', NULL, 'ปราวิรัตน์', NULL, 'คิ้วดวงตา', NULL, NULL, NULL, 'f', NULL, NULL, NULL, NULL, NULL, NULL, NULL, NULL, NULL, NULL, NULL, NULL, NULL, NULL, 1, NULL, NULL, NULL, '', NULL, NULL, NULL, NULL, NULL, NULL, NULL, NULL, NULL, NULL, NULL, NULL, NULL, NULL, NULL, NULL, NULL, NULL, NULL, NULL, NULL, NULL, NULL, NULL, NULL, NULL, NULL, NULL, NULL, NULL, NULL, NULL, NULL, NULL, NULL, NULL, NULL, NULL, NULL, NULL, NULL, NULL, NULL, NULL, NULL, NULL, NULL, 1, 0, NULL, NULL, NULL, NULL, NULL, NULL, NULL, NULL, NULL, NULL, 0, 0, '1'),
(NULL, '60024', NULL, NULL, '60024', NULL, 'จิตติมาภรณ์', NULL, 'กันทะ', NULL, NULL, NULL, 'f', NULL, NULL, NULL, NULL, NULL, NULL, NULL, NULL, NULL, NULL, NULL, NULL, NULL, NULL, 1, NULL, NULL, NULL, '', NULL, NULL, NULL, NULL, NULL, NULL, NULL, NULL, NULL, NULL, NULL, NULL, NULL, NULL, NULL, NULL, NULL, NULL, NULL, NULL, NULL, NULL, NULL, NULL, NULL, NULL, NULL, NULL, NULL, NULL, NULL, NULL, NULL, NULL, NULL, NULL, NULL, NULL, NULL, NULL, NULL, NULL, NULL, NULL, NULL, NULL, NULL, 1, 0, NULL, NULL, NULL, NULL, NULL, NULL, NULL, NULL, NULL, NULL, 0, 0, '1'),
(NULL, '60026', NULL, NULL, '60026', NULL, 'คณิน', NULL, 'กาวิชัย', NULL, NULL, NULL, 'm', NULL, NULL, NULL, NULL, NULL, NULL, NULL, NULL, NULL, NULL, NULL, NULL, NULL, NULL, 1, NULL, NULL, NULL, '', NULL, NULL, NULL, NULL, NULL, NULL, NULL, NULL, NULL, NULL, NULL, NULL, NULL, NULL, NULL, NULL, NULL, NULL, NULL, NULL, NULL, NULL, NULL, NULL, NULL, NULL, NULL, NULL, NULL, NULL, NULL, NULL, NULL, NULL, NULL, NULL, NULL, NULL, NULL, NULL, NULL, NULL, NULL, NULL, NULL, NULL, NULL, 1, 0, NULL, NULL, NULL, NULL, NULL, NULL, NULL, NULL, NULL, NULL, 0, 0, '1'),
(NULL, '60027', NULL, NULL, '60027', NULL, 'ไมตรี', NULL, 'พึ่งวิทยาธร', NULL, NULL, NULL, 'm', NULL, NULL, NULL, NULL, NULL, NULL, NULL, NULL, NULL, NULL, NULL, NULL, NULL, NULL, 1, NULL, NULL, NULL, '', NULL, NULL, NULL, NULL, NULL, NULL, NULL, NULL, NULL, NULL, NULL, NULL, NULL, NULL, NULL, NULL, NULL, NULL, NULL, NULL, NULL, NULL, NULL, NULL, NULL, NULL, NULL, NULL, NULL, NULL, NULL, NULL, NULL, NULL, NULL, NULL, NULL, NULL, NULL, NULL, NULL, NULL, NULL, NULL, NULL, NULL, NULL, 1, 0, NULL, NULL, NULL, NULL, NULL, NULL, NULL, NULL, NULL, NULL, 0, 0, '1'),
(NULL, 'siripong', NULL, NULL, 'siripong', NULL, 'ศิริพงค์', NULL, 'เชี่ยวชาญธนกิจ', NULL, NULL, NULL, 'm', NULL, NULL, NULL, NULL, NULL, NULL, NULL, NULL, NULL, NULL, NULL, NULL, NULL, NULL, 1, NULL, NULL, NULL, '', NULL, NULL, NULL, NULL, NULL, NULL, NULL, NULL, NULL, NULL, NULL, NULL, NULL, NULL, NULL, NULL, NULL, NULL, NULL, NULL, NULL, NULL, NULL, NULL, NULL, NULL, NULL, NULL, NULL, NULL, NULL, NULL, NULL, NULL, NULL, NULL, NULL, NULL, NULL, NULL, NULL, NULL, NULL, NULL, NULL, NULL, NULL, 1, 0, NULL, NULL, NULL, NULL, NULL, NULL, NULL, NULL, NULL, NULL, 0, 0, '1'),
(NULL, '60029', NULL, NULL, '60029', NULL, 'สุพรรษา', NULL, 'มารอด', NULL, NULL, NULL, 'f', NULL, NULL, NULL, NULL, NULL, NULL, NULL, NULL, NULL, NULL, NULL, NULL, NULL, NULL, 1, NULL, NULL, NULL, '', NULL, NULL, NULL, NULL, NULL, NULL, NULL, NULL, NULL, NULL, NULL, NULL, NULL, NULL, NULL, NULL, NULL, NULL, NULL, NULL, NULL, NULL, NULL, NULL, NULL, NULL, NULL, NULL, NULL, NULL, NULL, NULL, NULL, NULL, NULL, NULL, NULL, NULL, NULL, NULL, NULL, NULL, NULL, NULL, NULL, NULL, NULL, 1, 0, NULL, NULL, NULL, NULL, NULL, NULL, NULL, NULL, NULL, NULL, 0, 0, '1'),
(NULL, '60030', NULL, NULL, '60030', NULL, 'พิมลดา', NULL, 'ไชยศิริ', NULL, NULL, NULL, 'f', NULL, NULL, NULL, NULL, NULL, NULL, NULL, NULL, NULL, NULL, NULL, NULL, NULL, NULL, 1, NULL, NULL, NULL, '', NULL, NULL, NULL, NULL, NULL, NULL, NULL, NULL, NULL, NULL, NULL, NULL, NULL, NULL, NULL, NULL, NULL, NULL, NULL, NULL, NULL, NULL, NULL, NULL, NULL, NULL, NULL, NULL, NULL, NULL, NULL, NULL, NULL, NULL, NULL, NULL, NULL, NULL, NULL, NULL, NULL, NULL, NULL, NULL, NULL, NULL, NULL, 1, 0, NULL, NULL, NULL, NULL, NULL, NULL, NULL, NULL, NULL, NULL, 0, 0, '1'),
(NULL, '61041', NULL, NULL, '61041', NULL, 'พิมลพรรณ', NULL, 'รัตนพัฒนากุล', NULL, NULL, NULL, 'f', NULL, NULL, NULL, NULL, NULL, NULL, NULL, NULL, NULL, NULL, NULL, NULL, NULL, NULL, 1, NULL, NULL, NULL, '', NULL, NULL, NULL, NULL, NULL, NULL, NULL, NULL, NULL, NULL, NULL, NULL, NULL, NULL, NULL, NULL, NULL, NULL, NULL, NULL, NULL, NULL, NULL, NULL, NULL, NULL, NULL, NULL, NULL, NULL, NULL, NULL, NULL, NULL, NULL, NULL, NULL, NULL, NULL, NULL, NULL, NULL, NULL, NULL, NULL, NULL, NULL, 1, 0, NULL, NULL, NULL, NULL, NULL, NULL, NULL, NULL, NULL, NULL, 0, 0, '1'),
(NULL, '60032', NULL, NULL, '60032', NULL, 'พัชราภรณ์', NULL, 'พุทธิมา', NULL, NULL, NULL, 'f', NULL, NULL, NULL, NULL, NULL, NULL, NULL, NULL, NULL, NULL, NULL, NULL, NULL, NULL, 1, NULL, NULL, NULL, '', NULL, NULL, NULL, NULL, NULL, NULL, NULL, NULL, NULL, NULL, NULL, NULL, NULL, NULL, NULL, NULL, NULL, NULL, NULL, NULL, NULL, NULL, NULL, NULL, NULL, NULL, NULL, NULL, NULL, NULL, NULL, NULL, NULL, NULL, NULL, NULL, NULL, NULL, NULL, NULL, NULL, NULL, NULL, NULL, NULL, NULL, NULL, 1, 0, NULL, NULL, NULL, NULL, NULL, NULL, NULL, NULL, NULL, NULL, 0, 0, '1'),
(NULL, '61039', NULL, NULL, '61039', NULL, 'สุทธิชา', NULL, 'วีระวงศ์', NULL, NULL, NULL, 'f', NULL, NULL, NULL, NULL, NULL, NULL, NULL, NULL, NULL, NULL, NULL, NULL, NULL, NULL, 1, NULL, NULL, NULL, '', NULL, NULL, NULL, NULL, NULL, NULL, NULL, NULL, NULL, NULL, NULL, NULL, NULL, NULL, NULL, NULL, NULL, NULL, NULL, NULL, NULL, NULL, NULL, NULL, NULL, NULL, NULL, NULL, NULL, NULL, NULL, NULL, NULL, NULL, NULL, NULL, NULL, NULL, NULL, NULL, NULL, NULL, NULL, NULL, NULL, NULL, NULL, 1, 0, NULL, NULL, NULL, NULL, NULL, NULL, NULL, NULL, NULL, NULL, 0, 0, '1'),
(NULL, '60034', NULL, NULL, '60034', NULL, 'นัฐชัย', NULL, 'โพธิ์รอด', NULL, NULL, NULL, 'm', NULL, NULL, NULL, NULL, NULL, NULL, NULL, NULL, NULL, NULL, NULL, NULL, NULL, NULL, 1, NULL, NULL, NULL, '', NULL, NULL, NULL, NULL, NULL, NULL, NULL, NULL, NULL, NULL, NULL, NULL, NULL, NULL, NULL, NULL, NULL, NULL, NULL, NULL, NULL, NULL, NULL, NULL, NULL, NULL, NULL, NULL, NULL, NULL, NULL, NULL, NULL, NULL, NULL, NULL, NULL, NULL, NULL, NULL, NULL, NULL, NULL, NULL, NULL, NULL, NULL, 1, 0, NULL, NULL, NULL, NULL, NULL, NULL, NULL, NULL, NULL, NULL, 0, 0, '1'),
(NULL, '60035', NULL, NULL, '60035', NULL, 'ธันยนัช', NULL, 'ทุนอินทร์', NULL, NULL, NULL, 'f', NULL, NULL, NULL, NULL, NULL, NULL, NULL, NULL, NULL, NULL, NULL, NULL, NULL, NULL, 1, NULL, NULL, NULL, '', NULL, NULL, NULL, NULL, NULL, NULL, NULL, NULL, NULL, NULL, NULL, NULL, NULL, NULL, NULL, NULL, NULL, NULL, NULL, NULL, NULL, NULL, NULL, NULL, NULL, NULL, NULL, NULL, NULL, NULL, NULL, NULL, NULL, NULL, NULL, NULL, NULL, NULL, NULL, NULL, NULL, NULL, NULL, NULL, NULL, NULL, NULL, 1, 0, NULL, NULL, NULL, NULL, NULL, NULL, NULL, NULL, NULL, NULL, 0, 0, '1'),
(NULL, '60037', NULL, NULL, '60037', NULL, 'ภาสินี', NULL, 'ปู่ปา', NULL, NULL, NULL, 'f', NULL, NULL, NULL, NULL, NULL, NULL, NULL, NULL, NULL, NULL, NULL, NULL, NULL, NULL, 1, NULL, NULL, NULL, '', NULL, NULL, NULL, NULL, NULL, NULL, NULL, NULL, NULL, NULL, NULL, NULL, NULL, NULL, NULL, NULL, NULL, NULL, NULL, NULL, NULL, NULL, NULL, NULL, NULL, NULL, NULL, NULL, NULL, NULL, NULL, NULL, NULL, NULL, NULL, NULL, NULL, NULL, NULL, NULL, NULL, NULL, NULL, NULL, NULL, NULL, NULL, 1, 0, NULL, NULL, NULL, NULL, NULL, NULL, NULL, NULL, NULL, NULL, 0, 0, '1'),
(NULL, '60038', NULL, NULL, '60038', NULL, 'สีรีรัตน์', NULL, 'มณฑนม', NULL, NULL, NULL, 'f', NULL, NULL, NULL, NULL, NULL, NULL, NULL, NULL, NULL, NULL, NULL, NULL, NULL, NULL, 1, NULL, NULL, NULL, '', NULL, NULL, NULL, NULL, NULL, NULL, NULL, NULL, NULL, NULL, NULL, NULL, NULL, NULL, NULL, NULL, NULL, NULL, NULL, NULL, NULL, NULL, NULL, NULL, NULL, NULL, NULL, NULL, NULL, NULL, NULL, NULL, NULL, NULL, NULL, NULL, NULL, NULL, NULL, NULL, NULL, NULL, NULL, NULL, NULL, NULL, NULL, 1, 0, NULL, NULL, NULL, NULL, NULL, NULL, NULL, NULL, NULL, NULL, 0, 0, '1'),
(NULL, '61038', NULL, NULL, '61038', NULL, 'นันท์นภัส', NULL, 'ร่องดุสิต', NULL, NULL, NULL, 'f', NULL, NULL, NULL, NULL, NULL, NULL, NULL, NULL, NULL, NULL, NULL, NULL, NULL, NULL, 1, NULL, NULL, NULL, '', NULL, NULL, NULL, NULL, NULL, NULL, NULL, NULL, NULL, NULL, NULL, NULL, NULL, NULL, NULL, NULL, NULL, NULL, NULL, NULL, NULL, NULL, NULL, NULL, NULL, NULL, NULL, NULL, NULL, NULL, NULL, NULL, NULL, NULL, NULL, NULL, NULL, NULL, NULL, NULL, NULL, NULL, NULL, NULL, NULL, NULL, NULL, 1, 0, NULL, NULL, NULL, NULL, NULL, NULL, NULL, NULL, NULL, NULL, 0, 0, '1'),
(NULL, '60042', NULL, NULL, '60042', NULL, 'ณัฐชยา', NULL, 'สุทาชัย', NULL, NULL, NULL, 'f', NULL, NULL, NULL, NULL, NULL, NULL, NULL, NULL, NULL, NULL, NULL, NULL, NULL, NULL, 1, NULL, NULL, NULL, '', NULL, NULL, NULL, NULL, NULL, NULL, NULL, NULL, NULL, NULL, NULL, NULL, NULL, NULL, NULL, NULL, NULL, NULL, NULL, NULL, NULL, NULL, NULL, NULL, NULL, NULL, NULL, NULL, NULL, NULL, NULL, NULL, NULL, NULL, NULL, NULL, NULL, NULL, NULL, NULL, NULL, NULL, NULL, NULL, NULL, NULL, NULL, 1, 0, NULL, NULL, NULL, NULL, NULL, NULL, NULL, NULL, NULL, NULL, 0, 0, '1'),
(NULL, '60043', NULL, NULL, '60043', NULL, 'อธิชาภัสร์', NULL, 'จันทร์เส็ง', NULL, NULL, NULL, 'f', NULL, NULL, NULL, NULL, NULL, NULL, NULL, NULL, NULL, NULL, NULL, NULL, NULL, NULL, 1, NULL, NULL, NULL, '', NULL, NULL, NULL, NULL, NULL, NULL, NULL, NULL, NULL, NULL, NULL, NULL, NULL, NULL, NULL, NULL, NULL, NULL, NULL, NULL, NULL, NULL, NULL, NULL, NULL, NULL, NULL, NULL, NULL, NULL, NULL, NULL, NULL, NULL, NULL, NULL, NULL, NULL, NULL, NULL, NULL, NULL, NULL, NULL, NULL, NULL, NULL, 1, 0, NULL, NULL, NULL, NULL, NULL, NULL, NULL, NULL, NULL, NULL, 0, 0, '1'),
(NULL, '60044', NULL, NULL, '60044', NULL, 'รุ้งลาวัลย์', NULL, 'สุนทร', NULL, NULL, NULL, 'f', NULL, NULL, NULL, NULL, NULL, NULL, NULL, NULL, NULL, NULL, NULL, NULL, NULL, NULL, 1, NULL, NULL, NULL, '', NULL, NULL, NULL, NULL, NULL, NULL, NULL, NULL, NULL, NULL, NULL, NULL, NULL, NULL, NULL, NULL, NULL, NULL, NULL, NULL, NULL, NULL, NULL, NULL, NULL, NULL, NULL, NULL, NULL, NULL, NULL, NULL, NULL, NULL, NULL, NULL, NULL, NULL, NULL, NULL, NULL, NULL, NULL, NULL, NULL, NULL, NULL, 1, 0, NULL, NULL, NULL, NULL, NULL, NULL, NULL, NULL, NULL, NULL, 0, 0, '1'),
(NULL, '60045', NULL, NULL, '60045', NULL, 'ภัทรกร', NULL, 'ดำรงไชย', NULL, NULL, NULL, 'f', NULL, NULL, NULL, NULL, NULL, NULL, NULL, NULL, NULL, NULL, NULL, NULL, NULL, NULL, 1, NULL, NULL, NULL, '', NULL, NULL, NULL, NULL, NULL, NULL, NULL, NULL, NULL, NULL, NULL, NULL, NULL, NULL, NULL, NULL, NULL, NULL, NULL, NULL, NULL, NULL, NULL, NULL, NULL, NULL, NULL, NULL, NULL, NULL, NULL, NULL, NULL, NULL, NULL, NULL, NULL, NULL, NULL, NULL, NULL, NULL, NULL, NULL, NULL, NULL, NULL, 1, 0, NULL, NULL, NULL, NULL, NULL, NULL, NULL, NULL, NULL, NULL, 0, 0, '1'),
(NULL, '60046', NULL, NULL, '60046', NULL, 'ใกล้รุ่ง', NULL, 'วิวัฒน์ชัยกุล', NULL, NULL, NULL, 'f', NULL, NULL, NULL, NULL, NULL, NULL, NULL, NULL, NULL, NULL, NULL, NULL, NULL, NULL, 1, NULL, NULL, NULL, '', NULL, NULL, NULL, NULL, NULL, NULL, NULL, NULL, NULL, NULL, NULL, NULL, NULL, NULL, NULL, NULL, NULL, NULL, NULL, NULL, NULL, NULL, NULL, NULL, NULL, NULL, NULL, NULL, NULL, NULL, NULL, NULL, NULL, NULL, NULL, NULL, NULL, NULL, NULL, NULL, NULL, NULL, NULL, NULL, NULL, NULL, NULL, 1, 0, NULL, NULL, NULL, NULL, NULL, NULL, NULL, NULL, NULL, NULL, 0, 0, '1'),
(NULL, '62031', NULL, NULL, '62031', NULL, 'สิริญา', NULL, 'จันกันธา', NULL, NULL, NULL, 'f', NULL, NULL, NULL, NULL, NULL, NULL, NULL, NULL, NULL, NULL, NULL, NULL, NULL, NULL, 1, NULL, NULL, NULL, '', NULL, NULL, NULL, NULL, NULL, NULL, NULL, NULL, NULL, NULL, NULL, NULL, NULL, NULL, NULL, NULL, NULL, NULL, NULL, NULL, NULL, NULL, NULL, NULL, NULL, NULL, NULL, NULL, NULL, NULL, NULL, NULL, NULL, NULL, NULL, NULL, NULL, NULL, NULL, NULL, NULL, NULL, NULL, NULL, NULL, NULL, NULL, 1, 0, NULL, NULL, NULL, NULL, NULL, NULL, NULL, NULL, NULL, NULL, 0, 0, '1'),
(NULL, '60048', NULL, NULL, '60048', NULL, 'วราภรณ์', NULL, 'เมฆลา', NULL, NULL, NULL, 'f', NULL, NULL, NULL, NULL, NULL, NULL, NULL, NULL, NULL, NULL, NULL, NULL, NULL, NULL, 1, NULL, NULL, NULL, '', NULL, NULL, NULL, NULL, NULL, NULL, NULL, NULL, NULL, NULL, NULL, NULL, NULL, NULL, NULL, NULL, NULL, NULL, NULL, NULL, NULL, NULL, NULL, NULL, NULL, NULL, NULL, NULL, NULL, NULL, NULL, NULL, NULL, NULL, NULL, NULL, NULL, NULL, NULL, NULL, NULL, NULL, NULL, NULL, NULL, NULL, NULL, 1, 0, NULL, NULL, NULL, NULL, NULL, NULL, NULL, NULL, NULL, NULL, 0, 0, '1'),
(NULL, '60049', NULL, NULL, '60049', NULL, 'กนกวรรณ', NULL, 'ตื่นถาวร', NULL, NULL, NULL, 'f', NULL, NULL, NULL, NULL, NULL, NULL, NULL, NULL, NULL, NULL, NULL, NULL, NULL, NULL, 1, NULL, NULL, NULL, '', NULL, NULL, NULL, NULL, NULL, NULL, NULL, NULL, NULL, NULL, NULL, NULL, NULL, NULL, NULL, NULL, NULL, NULL, NULL, NULL, NULL, NULL, NULL, NULL, NULL, NULL, NULL, NULL, NULL, NULL, NULL, NULL, NULL, NULL, NULL, NULL, NULL, NULL, NULL, NULL, NULL, NULL, NULL, NULL, NULL, NULL, NULL, 1, 0, NULL, NULL, NULL, NULL, NULL, NULL, NULL, NULL, NULL, NULL, 0, 0, '1');
INSERT INTO `tb_person` (`SSUSR_Initials`, `NUM_OT`, `work`, `start`, `Person_id`, `Person_id1`, `Fname`, `chFname`, `Lname`, `chLname`, `name_english`, `lname_english`, `sex`, `MR1`, `MR`, `position_id`, `mstatus`, `born`, `born_1`, `national`, `religion`, `BIRTH_PLACE`, `father`, `father_occu`, `mother`, `mother_occu`, `MAR`, `MAR_new`, `couple`, `couple_occu`, `son_count`, `home`, `TUMBOL`, `tumbol_id`, `tumbol_name`, `aumphor`, `aumphor_name`, `province_id`, `PROVINCE`, `mail_code`, `telaphone`, `mobile_phone`, `ward_phone`, `relative`, `relative_occu`, `relative_addr`, `num_people`, `num_people1`, `edu_cer`, `edu_cer1`, `edu_degree`, `edu_from`, `edu_vol`, `edu_year`, `blood_group`, `form_size`, `form_size1`, `pos_new`, `pos_old`, `pos1`, `pos_thai`, `PP`, `PP1`, `PP_new`, `FW_CODE`, `FW_CODE_new`, `FW_CODE1`, `per_order`, `work_sec`, `nursecer_id`, `nursecer_date`, `sapa_id`, `samakom_id`, `bank_no`, `new`, `memo`, `mr_english`, `mr_thai`, `c_now`, `newnurse`, `ck`, `ncomment`, `nyear`, `codeper`, `goverment_fund`, `day_card`, `num_card`, `stu`, `new_status`, `expert`, `lastupdate`, `nupdate`, `hncheck`, `pos`) VALUES
(NULL, '60050', NULL, NULL, '60050', NULL, 'อมรรัตน์', NULL, 'โดดาธรรม', NULL, NULL, NULL, 'f', NULL, NULL, NULL, NULL, NULL, NULL, NULL, NULL, NULL, NULL, NULL, NULL, NULL, NULL, 1, NULL, NULL, NULL, '', NULL, NULL, NULL, NULL, NULL, NULL, NULL, NULL, NULL, NULL, NULL, NULL, NULL, NULL, NULL, NULL, NULL, NULL, NULL, NULL, NULL, NULL, NULL, NULL, NULL, NULL, NULL, NULL, NULL, NULL, NULL, NULL, NULL, NULL, NULL, NULL, NULL, NULL, NULL, NULL, NULL, NULL, NULL, NULL, NULL, NULL, NULL, 1, 0, NULL, NULL, NULL, NULL, NULL, NULL, NULL, NULL, NULL, NULL, 0, 0, '1'),
(NULL, '60051', NULL, NULL, '60051', NULL, 'วรัญญา', NULL, 'ต่ายทา', NULL, NULL, NULL, 'f', NULL, NULL, NULL, NULL, NULL, NULL, NULL, NULL, NULL, NULL, NULL, NULL, NULL, NULL, 1, NULL, NULL, NULL, '', NULL, NULL, NULL, NULL, NULL, NULL, NULL, NULL, NULL, NULL, NULL, NULL, NULL, NULL, NULL, NULL, NULL, NULL, NULL, NULL, NULL, NULL, NULL, NULL, NULL, NULL, NULL, NULL, NULL, NULL, NULL, NULL, NULL, NULL, NULL, NULL, NULL, NULL, NULL, NULL, NULL, NULL, NULL, NULL, NULL, NULL, NULL, 1, 0, NULL, NULL, NULL, NULL, NULL, NULL, NULL, NULL, NULL, NULL, 0, 0, '1'),
(NULL, '60052', NULL, NULL, '60052', NULL, 'กมลทิพย์', NULL, 'ปัญญาทิพย์', NULL, NULL, NULL, 'f', NULL, NULL, NULL, NULL, NULL, NULL, NULL, NULL, NULL, NULL, NULL, NULL, NULL, NULL, 1, NULL, NULL, NULL, '', NULL, NULL, NULL, NULL, NULL, NULL, NULL, NULL, NULL, NULL, NULL, NULL, NULL, NULL, NULL, NULL, NULL, NULL, NULL, NULL, NULL, NULL, NULL, NULL, NULL, NULL, NULL, NULL, NULL, NULL, NULL, NULL, NULL, NULL, NULL, NULL, NULL, NULL, NULL, NULL, NULL, NULL, NULL, NULL, NULL, NULL, NULL, 1, 0, NULL, NULL, NULL, NULL, NULL, NULL, NULL, NULL, NULL, NULL, 0, 0, '1'),
(NULL, '60053', NULL, NULL, '60053', NULL, 'ธันย์ชนก', NULL, 'เฟืองคำ', NULL, NULL, NULL, 'f', NULL, NULL, NULL, NULL, NULL, NULL, NULL, NULL, NULL, NULL, NULL, NULL, NULL, NULL, 1, NULL, NULL, NULL, '', NULL, NULL, NULL, NULL, NULL, NULL, NULL, NULL, NULL, NULL, NULL, NULL, NULL, NULL, NULL, NULL, NULL, NULL, NULL, NULL, NULL, NULL, NULL, NULL, NULL, NULL, NULL, NULL, NULL, NULL, NULL, NULL, NULL, NULL, NULL, NULL, NULL, NULL, NULL, NULL, NULL, NULL, NULL, NULL, NULL, NULL, NULL, 1, 0, NULL, NULL, NULL, NULL, NULL, NULL, NULL, NULL, NULL, NULL, 0, 0, '1'),
(NULL, '62030', NULL, NULL, '62030', NULL, 'นุชนาฎ', NULL, 'เสนาธรรม', NULL, NULL, NULL, 'f', NULL, NULL, NULL, NULL, NULL, NULL, NULL, NULL, NULL, NULL, NULL, NULL, NULL, NULL, 1, NULL, NULL, NULL, '', NULL, NULL, NULL, NULL, NULL, NULL, NULL, NULL, NULL, NULL, NULL, NULL, NULL, NULL, NULL, NULL, NULL, NULL, NULL, NULL, NULL, NULL, NULL, NULL, NULL, NULL, NULL, NULL, NULL, NULL, NULL, NULL, NULL, NULL, NULL, NULL, NULL, NULL, NULL, NULL, NULL, NULL, NULL, NULL, NULL, NULL, NULL, 1, 0, NULL, NULL, NULL, NULL, NULL, NULL, NULL, NULL, NULL, NULL, 0, 0, '1'),
(NULL, 'lsinghak', NULL, NULL, 'lsinghak', NULL, 'ลัดดาวัลย์', NULL, 'สิงห์คำฟู', NULL, NULL, NULL, 'f', NULL, NULL, NULL, NULL, NULL, NULL, NULL, NULL, NULL, NULL, NULL, NULL, NULL, NULL, 1, NULL, NULL, NULL, '', NULL, NULL, NULL, NULL, NULL, NULL, NULL, NULL, NULL, NULL, NULL, NULL, NULL, NULL, NULL, NULL, NULL, NULL, NULL, NULL, NULL, NULL, NULL, NULL, NULL, NULL, NULL, NULL, NULL, NULL, NULL, NULL, NULL, NULL, NULL, NULL, NULL, NULL, NULL, NULL, NULL, NULL, NULL, NULL, NULL, NULL, NULL, 1, 0, NULL, NULL, NULL, NULL, NULL, NULL, NULL, NULL, NULL, NULL, 0, 0, '1'),
(NULL, 'nipa', NULL, NULL, 'nipa', NULL, 'นิภา', NULL, 'ภู่ปะวะโรทัย', NULL, NULL, NULL, 'f', NULL, NULL, NULL, NULL, NULL, NULL, NULL, NULL, NULL, NULL, NULL, NULL, NULL, NULL, 1, NULL, NULL, NULL, '', NULL, NULL, NULL, NULL, NULL, NULL, NULL, NULL, NULL, NULL, NULL, NULL, NULL, NULL, NULL, NULL, NULL, NULL, NULL, NULL, NULL, NULL, NULL, NULL, NULL, NULL, NULL, NULL, NULL, NULL, NULL, NULL, NULL, NULL, NULL, NULL, NULL, NULL, NULL, NULL, NULL, NULL, NULL, NULL, NULL, NULL, NULL, 1, 0, NULL, NULL, NULL, NULL, NULL, NULL, NULL, NULL, NULL, NULL, 0, 0, '1'),
(NULL, 'narisa', NULL, NULL, 'narisa', NULL, 'นริสา', NULL, 'ศรีบัณฑิตมงคล', NULL, NULL, NULL, 'f', NULL, NULL, NULL, NULL, NULL, NULL, NULL, NULL, NULL, NULL, NULL, NULL, NULL, NULL, 1, NULL, NULL, NULL, '', NULL, NULL, NULL, NULL, NULL, NULL, NULL, NULL, NULL, NULL, NULL, NULL, NULL, NULL, NULL, NULL, NULL, NULL, NULL, NULL, NULL, NULL, NULL, NULL, NULL, NULL, NULL, NULL, NULL, NULL, NULL, NULL, NULL, NULL, NULL, NULL, NULL, NULL, NULL, NULL, NULL, NULL, NULL, NULL, NULL, NULL, NULL, 1, 0, NULL, NULL, NULL, NULL, NULL, NULL, NULL, NULL, NULL, NULL, 0, 0, '1'),
(NULL, 'isuksawa', NULL, NULL, 'isuksawa', NULL, 'อิษฎางค์', NULL, 'สุขสวัสดิ์', NULL, NULL, NULL, 'f', NULL, NULL, NULL, NULL, NULL, NULL, NULL, NULL, NULL, NULL, NULL, NULL, NULL, NULL, 1, NULL, NULL, NULL, '', NULL, NULL, NULL, NULL, NULL, NULL, NULL, NULL, NULL, NULL, NULL, NULL, NULL, NULL, NULL, NULL, NULL, NULL, NULL, NULL, NULL, NULL, NULL, NULL, NULL, NULL, NULL, NULL, NULL, NULL, NULL, NULL, NULL, NULL, NULL, NULL, NULL, NULL, NULL, NULL, NULL, NULL, NULL, NULL, NULL, NULL, NULL, 1, 0, NULL, NULL, NULL, NULL, NULL, NULL, NULL, NULL, NULL, NULL, 0, 0, '1'),
(NULL, '61037', NULL, NULL, '61037', NULL, 'ประภาวรินทร์', NULL, 'ภูวเดชโภคนิษฐ์', NULL, NULL, NULL, 'f', NULL, NULL, NULL, NULL, NULL, NULL, NULL, NULL, NULL, NULL, NULL, NULL, NULL, NULL, 1, NULL, NULL, NULL, '', NULL, NULL, NULL, NULL, NULL, NULL, NULL, NULL, NULL, NULL, NULL, NULL, NULL, NULL, NULL, NULL, NULL, NULL, NULL, NULL, NULL, NULL, NULL, NULL, NULL, NULL, NULL, NULL, NULL, NULL, NULL, NULL, NULL, NULL, NULL, NULL, NULL, NULL, NULL, NULL, NULL, NULL, NULL, NULL, NULL, NULL, NULL, 1, 0, NULL, NULL, NULL, NULL, NULL, NULL, NULL, NULL, NULL, NULL, 0, 0, '1'),
(NULL, '61003', NULL, NULL, '61003', NULL, 'ศิพร', NULL, 'เตชะหมื่น', NULL, NULL, NULL, 'f', NULL, NULL, NULL, NULL, NULL, NULL, NULL, NULL, NULL, NULL, NULL, NULL, NULL, NULL, 1, NULL, NULL, NULL, '', NULL, NULL, NULL, NULL, NULL, NULL, NULL, NULL, NULL, NULL, NULL, NULL, NULL, NULL, NULL, NULL, NULL, NULL, NULL, NULL, NULL, NULL, NULL, NULL, NULL, NULL, NULL, NULL, NULL, NULL, NULL, NULL, NULL, NULL, NULL, NULL, NULL, NULL, NULL, NULL, NULL, NULL, NULL, NULL, NULL, NULL, NULL, 1, 0, NULL, NULL, NULL, NULL, NULL, NULL, NULL, NULL, NULL, NULL, 0, 0, '1'),
(NULL, '61004', NULL, NULL, '61004', NULL, 'จันทิรา', NULL, 'กาทองทุ่ง', NULL, NULL, NULL, 'f', NULL, NULL, NULL, NULL, NULL, NULL, NULL, NULL, NULL, NULL, NULL, NULL, NULL, NULL, 1, NULL, NULL, NULL, '', NULL, NULL, NULL, NULL, NULL, NULL, NULL, NULL, NULL, NULL, NULL, NULL, NULL, NULL, NULL, NULL, NULL, NULL, NULL, NULL, NULL, NULL, NULL, NULL, NULL, NULL, NULL, NULL, NULL, NULL, NULL, NULL, NULL, NULL, NULL, NULL, NULL, NULL, NULL, NULL, NULL, NULL, NULL, NULL, NULL, NULL, NULL, 1, 0, NULL, NULL, NULL, NULL, NULL, NULL, NULL, NULL, NULL, NULL, 0, 0, '1'),
(NULL, '61036', NULL, NULL, '61036', NULL, 'วิรุฬ', NULL, 'การเร็ว', NULL, NULL, NULL, 'm', NULL, NULL, NULL, NULL, NULL, NULL, NULL, NULL, NULL, NULL, NULL, NULL, NULL, NULL, 1, NULL, NULL, NULL, '', NULL, NULL, NULL, NULL, NULL, NULL, NULL, NULL, NULL, NULL, NULL, NULL, NULL, NULL, NULL, NULL, NULL, NULL, NULL, NULL, NULL, NULL, NULL, NULL, NULL, NULL, NULL, NULL, NULL, NULL, NULL, NULL, NULL, NULL, NULL, NULL, NULL, NULL, NULL, NULL, NULL, NULL, NULL, NULL, NULL, NULL, NULL, 1, 0, NULL, NULL, NULL, NULL, NULL, NULL, NULL, NULL, NULL, NULL, 0, 0, '1'),
(NULL, '61006', NULL, NULL, '61006', NULL, 'นพดล', NULL, 'อินตานวน', NULL, NULL, NULL, 'm', NULL, NULL, NULL, NULL, NULL, NULL, NULL, NULL, NULL, NULL, NULL, NULL, NULL, NULL, 1, NULL, NULL, NULL, '', NULL, NULL, NULL, NULL, NULL, NULL, NULL, NULL, NULL, NULL, NULL, NULL, NULL, NULL, NULL, NULL, NULL, NULL, NULL, NULL, NULL, NULL, NULL, NULL, NULL, NULL, NULL, NULL, NULL, NULL, NULL, NULL, NULL, NULL, NULL, NULL, NULL, NULL, NULL, NULL, NULL, NULL, NULL, NULL, NULL, NULL, NULL, 1, 0, NULL, NULL, NULL, NULL, NULL, NULL, NULL, NULL, NULL, NULL, 0, 0, '1'),
(NULL, '62029', NULL, NULL, '62029', NULL, 'แสงมณี', NULL, 'พรมติ๊บ', NULL, NULL, NULL, 'f', NULL, NULL, NULL, NULL, NULL, NULL, NULL, NULL, NULL, NULL, NULL, NULL, NULL, NULL, 1, NULL, NULL, NULL, '', NULL, NULL, NULL, NULL, NULL, NULL, NULL, NULL, NULL, NULL, NULL, NULL, NULL, NULL, NULL, NULL, NULL, NULL, NULL, NULL, NULL, NULL, NULL, NULL, NULL, NULL, NULL, NULL, NULL, NULL, NULL, NULL, NULL, NULL, NULL, NULL, NULL, NULL, NULL, NULL, NULL, NULL, NULL, NULL, NULL, NULL, NULL, 1, 0, NULL, NULL, NULL, NULL, NULL, NULL, NULL, NULL, NULL, NULL, 0, 0, '1'),
(NULL, '61008', NULL, NULL, '61008', NULL, 'รัชนีกร', NULL, 'แสนสุข', NULL, NULL, NULL, 'f', NULL, NULL, NULL, NULL, NULL, NULL, NULL, NULL, NULL, NULL, NULL, NULL, NULL, NULL, 1, NULL, NULL, NULL, '', NULL, NULL, NULL, NULL, NULL, NULL, NULL, NULL, NULL, NULL, NULL, NULL, NULL, NULL, NULL, NULL, NULL, NULL, NULL, NULL, NULL, NULL, NULL, NULL, NULL, NULL, NULL, NULL, NULL, NULL, NULL, NULL, NULL, NULL, NULL, NULL, NULL, NULL, NULL, NULL, NULL, NULL, NULL, NULL, NULL, NULL, NULL, 1, 0, NULL, NULL, NULL, NULL, NULL, NULL, NULL, NULL, NULL, NULL, 0, 0, '1'),
(NULL, '61035', NULL, NULL, '61035', NULL, 'ปิยณัฐ', NULL, 'คำดวงดาว', NULL, NULL, NULL, 'm', NULL, NULL, NULL, NULL, NULL, NULL, NULL, NULL, NULL, NULL, NULL, NULL, NULL, NULL, 1, NULL, NULL, NULL, '', NULL, NULL, NULL, NULL, NULL, NULL, NULL, NULL, NULL, NULL, NULL, NULL, NULL, NULL, NULL, NULL, NULL, NULL, NULL, NULL, NULL, NULL, NULL, NULL, NULL, NULL, NULL, NULL, NULL, NULL, NULL, NULL, NULL, NULL, NULL, NULL, NULL, NULL, NULL, NULL, NULL, NULL, NULL, NULL, NULL, NULL, NULL, 1, 0, NULL, NULL, NULL, NULL, NULL, NULL, NULL, NULL, NULL, NULL, 0, 0, '1'),
(NULL, '61011', NULL, NULL, '61011', NULL, 'ระมิงค์', NULL, 'เย็นจิตต์', NULL, NULL, NULL, 'm', NULL, NULL, NULL, NULL, NULL, NULL, NULL, NULL, NULL, NULL, NULL, NULL, NULL, NULL, 1, NULL, NULL, NULL, '', NULL, NULL, NULL, NULL, NULL, NULL, NULL, NULL, NULL, NULL, NULL, NULL, NULL, NULL, NULL, NULL, NULL, NULL, NULL, NULL, NULL, NULL, NULL, NULL, NULL, NULL, NULL, NULL, NULL, NULL, NULL, NULL, NULL, NULL, NULL, NULL, NULL, NULL, NULL, NULL, NULL, NULL, NULL, NULL, NULL, NULL, NULL, 1, 0, NULL, NULL, NULL, NULL, NULL, NULL, NULL, NULL, NULL, NULL, 0, 0, '1'),
(NULL, '61012', NULL, NULL, '61012', NULL, 'สุภาภรณ์', NULL, 'สังคำ', NULL, NULL, NULL, 'f', NULL, NULL, NULL, NULL, NULL, NULL, NULL, NULL, NULL, NULL, NULL, NULL, NULL, NULL, 1, NULL, NULL, NULL, '', NULL, NULL, NULL, NULL, NULL, NULL, NULL, NULL, NULL, NULL, NULL, NULL, NULL, NULL, NULL, NULL, NULL, NULL, NULL, NULL, NULL, NULL, NULL, NULL, NULL, NULL, NULL, NULL, NULL, NULL, NULL, NULL, NULL, NULL, NULL, NULL, NULL, NULL, NULL, NULL, NULL, NULL, NULL, NULL, NULL, NULL, NULL, 1, 0, NULL, NULL, NULL, NULL, NULL, NULL, NULL, NULL, NULL, NULL, 0, 0, '1'),
(NULL, '61013', NULL, NULL, '61013', NULL, 'อรทัย', NULL, 'คำใหม่', NULL, NULL, NULL, 'f', NULL, NULL, NULL, NULL, NULL, NULL, NULL, NULL, NULL, NULL, NULL, NULL, NULL, NULL, 1, NULL, NULL, NULL, '', NULL, NULL, NULL, NULL, NULL, NULL, NULL, NULL, NULL, NULL, NULL, NULL, NULL, NULL, NULL, NULL, NULL, NULL, NULL, NULL, NULL, NULL, NULL, NULL, NULL, NULL, NULL, NULL, NULL, NULL, NULL, NULL, NULL, NULL, NULL, NULL, NULL, NULL, NULL, NULL, NULL, NULL, NULL, NULL, NULL, NULL, NULL, 1, 0, NULL, NULL, NULL, NULL, NULL, NULL, NULL, NULL, NULL, NULL, 0, 0, '1'),
(NULL, '61015', NULL, NULL, '61015', NULL, 'ชลธิชา', NULL, 'ลืมกลืน', NULL, NULL, NULL, 'f', NULL, NULL, NULL, NULL, NULL, NULL, NULL, NULL, NULL, NULL, NULL, NULL, NULL, NULL, 1, NULL, NULL, NULL, '', NULL, NULL, NULL, NULL, NULL, NULL, NULL, NULL, NULL, NULL, NULL, NULL, NULL, NULL, NULL, NULL, NULL, NULL, NULL, NULL, NULL, NULL, NULL, NULL, NULL, NULL, NULL, NULL, NULL, NULL, NULL, NULL, NULL, NULL, NULL, NULL, NULL, NULL, NULL, NULL, NULL, NULL, NULL, NULL, NULL, NULL, NULL, 1, 0, NULL, NULL, NULL, NULL, NULL, NULL, NULL, NULL, NULL, NULL, 0, 0, '1'),
(NULL, '61016', NULL, NULL, '61016', NULL, 'รุ้งรวี', NULL, 'แสงเขียว', NULL, NULL, NULL, 'f', NULL, NULL, NULL, NULL, NULL, NULL, NULL, NULL, NULL, NULL, NULL, NULL, NULL, NULL, 1, NULL, NULL, NULL, '', NULL, NULL, NULL, NULL, NULL, NULL, NULL, NULL, NULL, NULL, NULL, NULL, NULL, NULL, NULL, NULL, NULL, NULL, NULL, NULL, NULL, NULL, NULL, NULL, NULL, NULL, NULL, NULL, NULL, NULL, NULL, NULL, NULL, NULL, NULL, NULL, NULL, NULL, NULL, NULL, NULL, NULL, NULL, NULL, NULL, NULL, NULL, 1, 0, NULL, NULL, NULL, NULL, NULL, NULL, NULL, NULL, NULL, NULL, 0, 0, '1'),
(NULL, '62028', NULL, NULL, '62028', NULL, 'สุพีรณัฐ', NULL, 'คำแผ่นชัย', NULL, NULL, NULL, 'f', NULL, NULL, NULL, NULL, NULL, NULL, NULL, NULL, NULL, NULL, NULL, NULL, NULL, NULL, 1, NULL, NULL, NULL, '', NULL, NULL, NULL, NULL, NULL, NULL, NULL, NULL, NULL, NULL, NULL, NULL, NULL, NULL, NULL, NULL, NULL, NULL, NULL, NULL, NULL, NULL, NULL, NULL, NULL, NULL, NULL, NULL, NULL, NULL, NULL, NULL, NULL, NULL, NULL, NULL, NULL, NULL, NULL, NULL, NULL, NULL, NULL, NULL, NULL, NULL, NULL, 1, 0, NULL, NULL, NULL, NULL, NULL, NULL, NULL, NULL, NULL, NULL, 0, 0, '1'),
(NULL, '61018', NULL, NULL, '61018', NULL, 'อธิป', NULL, 'น้อมศิริ', NULL, NULL, NULL, 'm', NULL, NULL, NULL, NULL, NULL, NULL, NULL, NULL, NULL, NULL, NULL, NULL, NULL, NULL, 1, NULL, NULL, NULL, '', NULL, NULL, NULL, NULL, NULL, NULL, NULL, NULL, NULL, NULL, NULL, NULL, NULL, NULL, NULL, NULL, NULL, NULL, NULL, NULL, NULL, NULL, NULL, NULL, NULL, NULL, NULL, NULL, NULL, NULL, NULL, NULL, NULL, NULL, NULL, NULL, NULL, NULL, NULL, NULL, NULL, NULL, NULL, NULL, NULL, NULL, NULL, 1, 0, NULL, NULL, NULL, NULL, NULL, NULL, NULL, NULL, NULL, NULL, 0, 0, '1'),
(NULL, '61019', NULL, NULL, '61019', NULL, 'เมธินี', NULL, 'จิตธรรม', NULL, NULL, NULL, 'f', NULL, NULL, NULL, NULL, NULL, NULL, NULL, NULL, NULL, NULL, NULL, NULL, NULL, NULL, 1, NULL, NULL, NULL, '', NULL, NULL, NULL, NULL, NULL, NULL, NULL, NULL, NULL, NULL, NULL, NULL, NULL, NULL, NULL, NULL, NULL, NULL, NULL, NULL, NULL, NULL, NULL, NULL, NULL, NULL, NULL, NULL, NULL, NULL, NULL, NULL, NULL, NULL, NULL, NULL, NULL, NULL, NULL, NULL, NULL, NULL, NULL, NULL, NULL, NULL, NULL, 1, 0, NULL, NULL, NULL, NULL, NULL, NULL, NULL, NULL, NULL, NULL, 0, 0, '1'),
(NULL, '61020', NULL, NULL, '61020', NULL, 'สุพัตรา', NULL, 'ติ๊ปปิน', NULL, NULL, NULL, 'f', NULL, NULL, NULL, NULL, NULL, NULL, NULL, NULL, NULL, NULL, NULL, NULL, NULL, NULL, 1, NULL, NULL, NULL, '', NULL, NULL, NULL, NULL, NULL, NULL, NULL, NULL, NULL, NULL, NULL, NULL, NULL, NULL, NULL, NULL, NULL, NULL, NULL, NULL, NULL, NULL, NULL, NULL, NULL, NULL, NULL, NULL, NULL, NULL, NULL, NULL, NULL, NULL, NULL, NULL, NULL, NULL, NULL, NULL, NULL, NULL, NULL, NULL, NULL, NULL, NULL, 1, 0, NULL, NULL, NULL, NULL, NULL, NULL, NULL, NULL, NULL, NULL, 0, 0, '1'),
(NULL, '61033', NULL, NULL, '61033', NULL, 'รุ่งทิพย์', NULL, 'บุญเรือง', NULL, NULL, NULL, 'f', NULL, NULL, NULL, NULL, NULL, NULL, NULL, NULL, NULL, NULL, NULL, NULL, NULL, NULL, 1, NULL, NULL, NULL, '', NULL, NULL, NULL, NULL, NULL, NULL, NULL, NULL, NULL, NULL, NULL, NULL, NULL, NULL, NULL, NULL, NULL, NULL, NULL, NULL, NULL, NULL, NULL, NULL, NULL, NULL, NULL, NULL, NULL, NULL, NULL, NULL, NULL, NULL, NULL, NULL, NULL, NULL, NULL, NULL, NULL, NULL, NULL, NULL, NULL, NULL, NULL, 1, 0, NULL, NULL, NULL, NULL, NULL, NULL, NULL, NULL, NULL, NULL, 0, 0, '1'),
(NULL, '61022', NULL, NULL, '61022', NULL, 'นัฐพงษ์', NULL, 'ยาสมุทร', NULL, NULL, NULL, 'm', NULL, NULL, NULL, NULL, NULL, NULL, NULL, NULL, NULL, NULL, NULL, NULL, NULL, NULL, 1, NULL, NULL, NULL, '', NULL, NULL, NULL, NULL, NULL, NULL, NULL, NULL, NULL, NULL, NULL, NULL, NULL, NULL, NULL, NULL, NULL, NULL, NULL, NULL, NULL, NULL, NULL, NULL, NULL, NULL, NULL, NULL, NULL, NULL, NULL, NULL, NULL, NULL, NULL, NULL, NULL, NULL, NULL, NULL, NULL, NULL, NULL, NULL, NULL, NULL, NULL, 1, 0, NULL, NULL, NULL, NULL, NULL, NULL, NULL, NULL, NULL, NULL, 0, 0, '1'),
(NULL, '61032', NULL, NULL, '61032', NULL, 'สุจริตพรรณ', NULL, 'ใจเป็ง', NULL, NULL, NULL, 'f', NULL, NULL, NULL, NULL, NULL, NULL, NULL, NULL, NULL, NULL, NULL, NULL, NULL, NULL, 1, NULL, NULL, NULL, '', NULL, NULL, NULL, NULL, NULL, NULL, NULL, NULL, NULL, NULL, NULL, NULL, NULL, NULL, NULL, NULL, NULL, NULL, NULL, NULL, NULL, NULL, NULL, NULL, NULL, NULL, NULL, NULL, NULL, NULL, NULL, NULL, NULL, NULL, NULL, NULL, NULL, NULL, NULL, NULL, NULL, NULL, NULL, NULL, NULL, NULL, NULL, 1, 0, NULL, NULL, NULL, NULL, NULL, NULL, NULL, NULL, NULL, NULL, 0, 0, '1'),
(NULL, '61024', NULL, NULL, '61024', NULL, 'นิตยา', NULL, 'เสนนะ', NULL, NULL, NULL, 'f', NULL, NULL, NULL, NULL, NULL, NULL, NULL, NULL, NULL, NULL, NULL, NULL, NULL, NULL, 1, NULL, NULL, NULL, '', NULL, NULL, NULL, NULL, NULL, NULL, NULL, NULL, NULL, NULL, NULL, NULL, NULL, NULL, NULL, NULL, NULL, NULL, NULL, NULL, NULL, NULL, NULL, NULL, NULL, NULL, NULL, NULL, NULL, NULL, NULL, NULL, NULL, NULL, NULL, NULL, NULL, NULL, NULL, NULL, NULL, NULL, NULL, NULL, NULL, NULL, NULL, 1, 0, NULL, NULL, NULL, NULL, NULL, NULL, NULL, NULL, NULL, NULL, 0, 0, '1'),
(NULL, '61028', NULL, NULL, '61028', NULL, 'พัชราภรณ์', NULL, 'เลายี่ปา', NULL, NULL, NULL, 'f', NULL, NULL, NULL, NULL, NULL, NULL, NULL, NULL, NULL, NULL, NULL, NULL, NULL, NULL, 1, NULL, NULL, NULL, '', NULL, NULL, NULL, NULL, NULL, NULL, NULL, NULL, NULL, NULL, NULL, NULL, NULL, NULL, NULL, NULL, NULL, NULL, NULL, NULL, NULL, NULL, NULL, NULL, NULL, NULL, NULL, NULL, NULL, NULL, NULL, NULL, NULL, NULL, NULL, NULL, NULL, NULL, NULL, NULL, NULL, NULL, NULL, NULL, NULL, NULL, NULL, 1, 0, NULL, NULL, NULL, NULL, NULL, NULL, NULL, NULL, NULL, NULL, 0, 0, '1'),
(NULL, '61026', NULL, NULL, '61026', NULL, 'ภัทรวรรณ', NULL, 'วรวัฒน์วิจิตร', NULL, NULL, NULL, 'f', NULL, NULL, NULL, NULL, NULL, NULL, NULL, NULL, NULL, NULL, NULL, NULL, NULL, NULL, 1, NULL, NULL, NULL, '', NULL, NULL, NULL, NULL, NULL, NULL, NULL, NULL, NULL, NULL, NULL, NULL, NULL, NULL, NULL, NULL, NULL, NULL, NULL, NULL, NULL, NULL, NULL, NULL, NULL, NULL, NULL, NULL, NULL, NULL, NULL, NULL, NULL, NULL, NULL, NULL, NULL, NULL, NULL, NULL, NULL, NULL, NULL, NULL, NULL, NULL, NULL, 1, 0, NULL, NULL, NULL, NULL, NULL, NULL, NULL, NULL, NULL, NULL, 0, 0, '1'),
(NULL, '61034', NULL, NULL, '61034', NULL, 'ชรินทร์', NULL, 'อินทไชย', NULL, NULL, NULL, 'm', NULL, NULL, NULL, NULL, NULL, NULL, NULL, NULL, NULL, NULL, NULL, NULL, NULL, NULL, 1, NULL, NULL, NULL, '', NULL, NULL, NULL, NULL, NULL, NULL, NULL, NULL, NULL, NULL, NULL, NULL, NULL, NULL, NULL, NULL, NULL, NULL, NULL, NULL, NULL, NULL, NULL, NULL, NULL, NULL, NULL, NULL, NULL, NULL, NULL, NULL, NULL, NULL, NULL, NULL, NULL, NULL, NULL, NULL, NULL, NULL, NULL, NULL, NULL, NULL, NULL, 1, 0, NULL, NULL, NULL, NULL, NULL, NULL, NULL, NULL, NULL, NULL, 0, 0, '1'),
(NULL, '62007', NULL, NULL, '62007', NULL, 'กัญญาณัฐ', NULL, 'พุทธิมา', NULL, NULL, NULL, 'f', NULL, NULL, NULL, NULL, NULL, NULL, NULL, NULL, NULL, NULL, NULL, NULL, NULL, NULL, 1, NULL, NULL, NULL, '', NULL, NULL, NULL, NULL, NULL, NULL, NULL, NULL, NULL, NULL, NULL, NULL, NULL, NULL, NULL, NULL, NULL, NULL, NULL, NULL, NULL, NULL, NULL, NULL, NULL, NULL, NULL, NULL, NULL, NULL, NULL, NULL, NULL, NULL, NULL, NULL, NULL, NULL, NULL, NULL, NULL, NULL, NULL, NULL, NULL, NULL, NULL, 1, 0, NULL, NULL, NULL, NULL, NULL, NULL, NULL, NULL, NULL, NULL, 0, 0, '1'),
(NULL, '62008', NULL, NULL, '62008', NULL, 'ธวัชชัย', NULL, 'ต่อคำอ้าย', NULL, NULL, NULL, 'm', NULL, NULL, NULL, NULL, NULL, NULL, NULL, NULL, NULL, NULL, NULL, NULL, NULL, NULL, 1, NULL, NULL, NULL, '', NULL, NULL, NULL, NULL, NULL, NULL, NULL, NULL, NULL, NULL, NULL, NULL, NULL, NULL, NULL, NULL, NULL, NULL, NULL, NULL, NULL, NULL, NULL, NULL, NULL, NULL, NULL, NULL, NULL, NULL, NULL, NULL, NULL, NULL, NULL, NULL, NULL, NULL, NULL, NULL, NULL, NULL, NULL, NULL, NULL, NULL, NULL, 1, 0, NULL, NULL, NULL, NULL, NULL, NULL, NULL, NULL, NULL, NULL, 0, 0, '1'),
(NULL, '62009', NULL, NULL, '62009', NULL, 'กัญชญารัตน์', NULL, 'คำมา', NULL, NULL, NULL, 'f', NULL, NULL, NULL, NULL, NULL, NULL, NULL, NULL, NULL, NULL, NULL, NULL, NULL, NULL, 1, NULL, NULL, NULL, '', NULL, NULL, NULL, NULL, NULL, NULL, NULL, NULL, NULL, NULL, NULL, NULL, NULL, NULL, NULL, NULL, NULL, NULL, NULL, NULL, NULL, NULL, NULL, NULL, NULL, NULL, NULL, NULL, NULL, NULL, NULL, NULL, NULL, NULL, NULL, NULL, NULL, NULL, NULL, NULL, NULL, NULL, NULL, NULL, NULL, NULL, NULL, 1, 0, NULL, NULL, NULL, NULL, NULL, NULL, NULL, NULL, NULL, NULL, 0, 0, '1'),
(NULL, '62039', NULL, NULL, '62039', NULL, 'เตือนใจ', NULL, 'ยกยอดี', NULL, NULL, NULL, 'f', NULL, NULL, NULL, NULL, NULL, NULL, NULL, NULL, NULL, NULL, NULL, NULL, NULL, NULL, 1, NULL, NULL, NULL, '', NULL, NULL, NULL, NULL, NULL, NULL, NULL, NULL, NULL, NULL, NULL, NULL, NULL, NULL, NULL, NULL, NULL, NULL, NULL, NULL, NULL, NULL, NULL, NULL, NULL, NULL, NULL, NULL, NULL, NULL, NULL, NULL, NULL, NULL, NULL, NULL, NULL, NULL, NULL, NULL, NULL, NULL, NULL, NULL, NULL, NULL, NULL, 1, 0, NULL, NULL, NULL, NULL, NULL, NULL, NULL, NULL, NULL, NULL, 0, 0, '1'),
(NULL, '62011\r\n', NULL, NULL, '62011\r\n', NULL, 'อัญชนา  \r\n', NULL, 'วรรณภิระ\r\n', NULL, NULL, NULL, 'f', NULL, NULL, NULL, NULL, NULL, NULL, NULL, NULL, NULL, NULL, NULL, NULL, NULL, NULL, 1, NULL, NULL, NULL, '', NULL, NULL, NULL, NULL, NULL, NULL, NULL, NULL, NULL, NULL, NULL, NULL, NULL, NULL, NULL, NULL, NULL, NULL, NULL, NULL, NULL, NULL, NULL, NULL, NULL, NULL, NULL, NULL, NULL, NULL, NULL, NULL, NULL, NULL, NULL, NULL, NULL, NULL, NULL, NULL, NULL, NULL, NULL, NULL, NULL, NULL, NULL, 1, 0, NULL, NULL, NULL, NULL, NULL, NULL, NULL, NULL, NULL, NULL, 0, 0, '1'),
(NULL, '62025', NULL, NULL, '62025', NULL, 'ธร', NULL, 'ประเสริฐสมบูรณ์', NULL, NULL, NULL, 'm', NULL, NULL, NULL, NULL, NULL, NULL, NULL, NULL, NULL, NULL, NULL, NULL, NULL, NULL, 1, NULL, NULL, NULL, '', NULL, NULL, NULL, NULL, NULL, NULL, NULL, NULL, NULL, NULL, NULL, NULL, NULL, NULL, NULL, NULL, NULL, NULL, NULL, NULL, NULL, NULL, NULL, NULL, NULL, NULL, NULL, NULL, NULL, NULL, NULL, NULL, NULL, NULL, NULL, NULL, NULL, NULL, NULL, NULL, NULL, NULL, NULL, NULL, NULL, NULL, NULL, 1, 0, NULL, NULL, NULL, NULL, NULL, NULL, NULL, NULL, NULL, NULL, 0, 0, '1'),
(NULL, '62037', NULL, NULL, '62037', NULL, 'พนิดา', NULL, 'ศรีใจ', NULL, NULL, NULL, 'f', NULL, NULL, NULL, NULL, NULL, NULL, NULL, NULL, NULL, NULL, NULL, NULL, NULL, NULL, 1, NULL, NULL, NULL, '', NULL, NULL, NULL, NULL, NULL, NULL, NULL, NULL, NULL, NULL, NULL, NULL, NULL, NULL, NULL, NULL, NULL, NULL, NULL, NULL, NULL, NULL, NULL, NULL, NULL, NULL, NULL, NULL, NULL, NULL, NULL, NULL, NULL, NULL, NULL, NULL, NULL, NULL, NULL, NULL, NULL, NULL, NULL, NULL, NULL, NULL, NULL, 1, 0, NULL, NULL, NULL, NULL, NULL, NULL, NULL, NULL, NULL, NULL, 0, 0, '1'),
(NULL, '62014', NULL, NULL, '62014', NULL, 'วรัญญา\r\n', NULL, 'แปงชาติ\r\n', NULL, NULL, NULL, 'f', NULL, NULL, NULL, NULL, NULL, NULL, NULL, NULL, NULL, NULL, NULL, NULL, NULL, NULL, 1, NULL, NULL, NULL, '', NULL, NULL, NULL, NULL, NULL, NULL, NULL, NULL, NULL, NULL, NULL, NULL, NULL, NULL, NULL, NULL, NULL, NULL, NULL, NULL, NULL, NULL, NULL, NULL, NULL, NULL, NULL, NULL, NULL, NULL, NULL, NULL, NULL, NULL, NULL, NULL, NULL, NULL, NULL, NULL, NULL, NULL, NULL, NULL, NULL, NULL, NULL, 1, 0, NULL, NULL, NULL, NULL, NULL, NULL, NULL, NULL, NULL, NULL, 0, 0, '1'),
(NULL, '62015', NULL, NULL, '62015', NULL, 'วริทธิ์\r\n', NULL, 'จันทร์ทองคำ\r\n', NULL, NULL, NULL, 'm', NULL, NULL, NULL, NULL, NULL, NULL, NULL, NULL, NULL, NULL, NULL, NULL, NULL, NULL, 1, NULL, NULL, NULL, '', NULL, NULL, NULL, NULL, NULL, NULL, NULL, NULL, NULL, NULL, NULL, NULL, NULL, NULL, NULL, NULL, NULL, NULL, NULL, NULL, NULL, NULL, NULL, NULL, NULL, NULL, NULL, NULL, NULL, NULL, NULL, NULL, NULL, NULL, NULL, NULL, NULL, NULL, NULL, NULL, NULL, NULL, NULL, NULL, NULL, NULL, NULL, 1, 0, NULL, NULL, NULL, NULL, NULL, NULL, NULL, NULL, NULL, NULL, 0, 0, '1'),
(NULL, '62016', NULL, NULL, '62016', NULL, 'ทิพวรรณ \r\n', NULL, 'สุริยะมล\r\n', NULL, NULL, NULL, 'f', NULL, NULL, NULL, NULL, NULL, NULL, NULL, NULL, NULL, NULL, NULL, NULL, NULL, NULL, 1, NULL, NULL, NULL, '', NULL, NULL, NULL, NULL, NULL, NULL, NULL, NULL, NULL, NULL, NULL, NULL, NULL, NULL, NULL, NULL, NULL, NULL, NULL, NULL, NULL, NULL, NULL, NULL, NULL, NULL, NULL, NULL, NULL, NULL, NULL, NULL, NULL, NULL, NULL, NULL, NULL, NULL, NULL, NULL, NULL, NULL, NULL, NULL, NULL, NULL, NULL, 1, 0, NULL, NULL, NULL, NULL, NULL, NULL, NULL, NULL, NULL, NULL, 0, 0, '1'),
(NULL, '62023', NULL, NULL, '62023', NULL, 'ศิริพงษ์', NULL, 'สุราศรี', NULL, NULL, NULL, 'm', NULL, NULL, NULL, NULL, NULL, NULL, NULL, NULL, NULL, NULL, NULL, NULL, NULL, NULL, 1, NULL, NULL, NULL, '', NULL, NULL, NULL, NULL, NULL, NULL, NULL, NULL, NULL, NULL, NULL, NULL, NULL, NULL, NULL, NULL, NULL, NULL, NULL, NULL, NULL, NULL, NULL, NULL, NULL, NULL, NULL, NULL, NULL, NULL, NULL, NULL, NULL, NULL, NULL, NULL, NULL, NULL, NULL, NULL, NULL, NULL, NULL, NULL, NULL, NULL, NULL, 1, 0, NULL, NULL, NULL, NULL, NULL, NULL, NULL, NULL, NULL, NULL, 0, 0, '1'),
(NULL, '62018', NULL, NULL, '62018', NULL, 'ณฐพร \r\n', NULL, 'เจิดจำรัส\r\n', NULL, NULL, NULL, 'm', NULL, NULL, NULL, NULL, NULL, NULL, NULL, NULL, NULL, NULL, NULL, NULL, NULL, NULL, 1, NULL, NULL, NULL, '', NULL, NULL, NULL, NULL, NULL, NULL, NULL, NULL, NULL, NULL, NULL, NULL, NULL, NULL, NULL, NULL, NULL, NULL, NULL, NULL, NULL, NULL, NULL, NULL, NULL, NULL, NULL, NULL, NULL, NULL, NULL, NULL, NULL, NULL, NULL, NULL, NULL, NULL, NULL, NULL, NULL, NULL, NULL, NULL, NULL, NULL, NULL, 1, 0, NULL, NULL, NULL, NULL, NULL, NULL, NULL, NULL, NULL, NULL, 0, 0, '1'),
(NULL, '62019', NULL, NULL, '62019', NULL, 'เบญจพร  \r\n', NULL, 'สมศรี\r\n', NULL, NULL, NULL, 'f', NULL, NULL, NULL, NULL, NULL, NULL, NULL, NULL, NULL, NULL, NULL, NULL, NULL, NULL, 1, NULL, NULL, NULL, '', NULL, NULL, NULL, NULL, NULL, NULL, NULL, NULL, NULL, NULL, NULL, NULL, NULL, NULL, NULL, NULL, NULL, NULL, NULL, NULL, NULL, NULL, NULL, NULL, NULL, NULL, NULL, NULL, NULL, NULL, NULL, NULL, NULL, NULL, NULL, NULL, NULL, NULL, NULL, NULL, NULL, NULL, NULL, NULL, NULL, NULL, NULL, 1, 0, NULL, NULL, NULL, NULL, NULL, NULL, NULL, NULL, NULL, NULL, 0, 0, '1'),
(NULL, '62020', NULL, NULL, '62020', NULL, 'สุธิดา  \r\n', NULL, 'สุตะวงค์\r\n', NULL, NULL, NULL, 'f', NULL, NULL, NULL, NULL, NULL, NULL, NULL, NULL, NULL, NULL, NULL, NULL, NULL, NULL, 1, NULL, NULL, NULL, '', NULL, NULL, NULL, NULL, NULL, NULL, NULL, NULL, NULL, NULL, NULL, NULL, NULL, NULL, NULL, NULL, NULL, NULL, NULL, NULL, NULL, NULL, NULL, NULL, NULL, NULL, NULL, NULL, NULL, NULL, NULL, NULL, NULL, NULL, NULL, NULL, NULL, NULL, NULL, NULL, NULL, NULL, NULL, NULL, NULL, NULL, NULL, 1, 0, NULL, NULL, NULL, NULL, NULL, NULL, NULL, NULL, NULL, NULL, 0, 0, '1'),
(NULL, '62021', NULL, NULL, '62021', NULL, 'รัตนาภรณ์  \r\n', NULL, 'ยาวิละ\r\n', NULL, NULL, NULL, 'f', NULL, NULL, NULL, NULL, NULL, NULL, NULL, NULL, NULL, NULL, NULL, NULL, NULL, NULL, 1, NULL, NULL, NULL, '', NULL, NULL, NULL, NULL, NULL, NULL, NULL, NULL, NULL, NULL, NULL, NULL, NULL, NULL, NULL, NULL, NULL, NULL, NULL, NULL, NULL, NULL, NULL, NULL, NULL, NULL, NULL, NULL, NULL, NULL, NULL, NULL, NULL, NULL, NULL, NULL, NULL, NULL, NULL, NULL, NULL, NULL, NULL, NULL, NULL, NULL, NULL, 1, 0, NULL, NULL, NULL, NULL, NULL, NULL, NULL, NULL, NULL, NULL, 0, 0, '1'),
(NULL, '62022', NULL, NULL, '62022', NULL, 'ภัทรบดินทร์  \r\n', NULL, 'เปาวะ\r\n', NULL, NULL, NULL, 'm', NULL, NULL, NULL, NULL, NULL, NULL, NULL, NULL, NULL, NULL, NULL, NULL, NULL, NULL, 1, NULL, NULL, NULL, '', NULL, NULL, NULL, NULL, NULL, NULL, NULL, NULL, NULL, NULL, NULL, NULL, NULL, NULL, NULL, NULL, NULL, NULL, NULL, NULL, NULL, NULL, NULL, NULL, NULL, NULL, NULL, NULL, NULL, NULL, NULL, NULL, NULL, NULL, NULL, NULL, NULL, NULL, NULL, NULL, NULL, NULL, NULL, NULL, NULL, NULL, NULL, 1, 0, NULL, NULL, NULL, NULL, NULL, NULL, NULL, NULL, NULL, NULL, 0, 0, '1'),
(NULL, 'marudee', NULL, NULL, 'marudee', NULL, 'มลฤดี', NULL, 'เอกมหาชัย', NULL, NULL, NULL, 'f', NULL, NULL, NULL, NULL, NULL, NULL, NULL, NULL, NULL, NULL, NULL, NULL, NULL, NULL, 1, NULL, NULL, NULL, '', NULL, NULL, NULL, NULL, NULL, NULL, NULL, NULL, NULL, NULL, NULL, NULL, NULL, NULL, NULL, NULL, NULL, NULL, NULL, NULL, NULL, NULL, NULL, NULL, NULL, NULL, NULL, NULL, NULL, NULL, NULL, NULL, NULL, NULL, NULL, NULL, NULL, NULL, NULL, NULL, NULL, NULL, NULL, NULL, NULL, NULL, NULL, 1, 0, NULL, NULL, NULL, NULL, NULL, NULL, NULL, NULL, NULL, NULL, 0, 0, '1'),
(NULL, 'pailin', NULL, NULL, 'pailin', NULL, 'ไพลิน', NULL, 'คงมีผล', NULL, NULL, NULL, 'f', NULL, NULL, NULL, NULL, NULL, NULL, NULL, NULL, NULL, NULL, NULL, NULL, NULL, NULL, 1, NULL, NULL, NULL, '', NULL, NULL, NULL, NULL, NULL, NULL, NULL, NULL, NULL, NULL, NULL, NULL, NULL, NULL, NULL, NULL, NULL, NULL, NULL, NULL, NULL, NULL, NULL, NULL, NULL, NULL, NULL, NULL, NULL, NULL, NULL, NULL, NULL, NULL, NULL, NULL, NULL, NULL, NULL, NULL, NULL, NULL, NULL, NULL, NULL, NULL, NULL, 1, 0, NULL, NULL, NULL, NULL, NULL, NULL, NULL, NULL, NULL, NULL, 0, 0, '1'),
(NULL, '62041', NULL, NULL, '62041', NULL, 'ชัชนนท์  \r\n', NULL, 'กัมทรทิพย์\r\n', NULL, NULL, NULL, 'm', NULL, NULL, NULL, NULL, NULL, NULL, NULL, NULL, NULL, NULL, NULL, NULL, NULL, NULL, 1, NULL, NULL, NULL, '', NULL, NULL, NULL, NULL, NULL, NULL, NULL, NULL, NULL, NULL, NULL, NULL, NULL, NULL, NULL, NULL, NULL, NULL, NULL, NULL, NULL, NULL, NULL, NULL, NULL, NULL, NULL, NULL, NULL, NULL, NULL, NULL, NULL, NULL, NULL, NULL, NULL, NULL, NULL, NULL, NULL, NULL, NULL, NULL, NULL, NULL, NULL, 1, 0, NULL, NULL, NULL, NULL, NULL, NULL, NULL, NULL, NULL, NULL, 0, 0, '1'),
(NULL, '62042', NULL, NULL, '62042', NULL, 'ภัททิยา\r\n', NULL, 'กันทา\r\n', NULL, NULL, NULL, 'f', NULL, NULL, NULL, NULL, NULL, NULL, NULL, NULL, NULL, NULL, NULL, NULL, NULL, NULL, 1, NULL, NULL, NULL, '', NULL, NULL, NULL, NULL, NULL, NULL, NULL, NULL, NULL, NULL, NULL, NULL, NULL, NULL, NULL, NULL, NULL, NULL, NULL, NULL, NULL, NULL, NULL, NULL, NULL, NULL, NULL, NULL, NULL, NULL, NULL, NULL, NULL, NULL, NULL, NULL, NULL, NULL, NULL, NULL, NULL, NULL, NULL, NULL, NULL, NULL, NULL, 1, 0, NULL, NULL, NULL, NULL, NULL, NULL, NULL, NULL, NULL, NULL, 0, 0, '1'),
(NULL, '62043', NULL, NULL, '62043', NULL, 'ณีรนุช\r\n', NULL, 'ตันธนะเศรษฐ์\r\n', NULL, NULL, NULL, 'f', NULL, NULL, NULL, NULL, NULL, NULL, NULL, NULL, NULL, NULL, NULL, NULL, NULL, NULL, 1, NULL, NULL, NULL, '', NULL, NULL, NULL, NULL, NULL, NULL, NULL, NULL, NULL, NULL, NULL, NULL, NULL, NULL, NULL, NULL, NULL, NULL, NULL, NULL, NULL, NULL, NULL, NULL, NULL, NULL, NULL, NULL, NULL, NULL, NULL, NULL, NULL, NULL, NULL, NULL, NULL, NULL, NULL, NULL, NULL, NULL, NULL, NULL, NULL, NULL, NULL, 1, 0, NULL, NULL, NULL, NULL, NULL, NULL, NULL, NULL, NULL, NULL, 0, 0, '1'),
(NULL, '62044', NULL, NULL, '62044', NULL, 'เพชรรัช  \r\n', NULL, 'หอมมาลา\r\n', NULL, NULL, NULL, 'f', NULL, NULL, NULL, NULL, NULL, NULL, NULL, NULL, NULL, NULL, NULL, NULL, NULL, NULL, 1, NULL, NULL, NULL, '', NULL, NULL, NULL, NULL, NULL, NULL, NULL, NULL, NULL, NULL, NULL, NULL, NULL, NULL, NULL, NULL, NULL, NULL, NULL, NULL, NULL, NULL, NULL, NULL, NULL, NULL, NULL, NULL, NULL, NULL, NULL, NULL, NULL, NULL, NULL, NULL, NULL, NULL, NULL, NULL, NULL, NULL, NULL, NULL, NULL, NULL, NULL, 1, 0, NULL, NULL, NULL, NULL, NULL, NULL, NULL, NULL, NULL, NULL, 0, 0, '1'),
(NULL, '62045', NULL, NULL, '62045', NULL, 'ณัฐสุดา\r\n', NULL, 'โลแก้ว\r\n', NULL, NULL, NULL, 'f', NULL, NULL, NULL, NULL, NULL, NULL, NULL, NULL, NULL, NULL, NULL, NULL, NULL, NULL, 1, NULL, NULL, NULL, '', NULL, NULL, NULL, NULL, NULL, NULL, NULL, NULL, NULL, NULL, NULL, NULL, NULL, NULL, NULL, NULL, NULL, NULL, NULL, NULL, NULL, NULL, NULL, NULL, NULL, NULL, NULL, NULL, NULL, NULL, NULL, NULL, NULL, NULL, NULL, NULL, NULL, NULL, NULL, NULL, NULL, NULL, NULL, NULL, NULL, NULL, NULL, 1, 0, NULL, NULL, NULL, NULL, NULL, NULL, NULL, NULL, NULL, NULL, 0, 0, '1'),
(NULL, '62046', NULL, NULL, '62046', NULL, 'ณัฐชยาน์ \r\n', NULL, 'ปู่มณี\r\n', NULL, NULL, NULL, 'f', NULL, NULL, NULL, NULL, NULL, NULL, NULL, NULL, NULL, NULL, NULL, NULL, NULL, NULL, 1, NULL, NULL, NULL, '', NULL, NULL, NULL, NULL, NULL, NULL, NULL, NULL, NULL, NULL, NULL, NULL, NULL, NULL, NULL, NULL, NULL, NULL, NULL, NULL, NULL, NULL, NULL, NULL, NULL, NULL, NULL, NULL, NULL, NULL, NULL, NULL, NULL, NULL, NULL, NULL, NULL, NULL, NULL, NULL, NULL, NULL, NULL, NULL, NULL, NULL, NULL, 1, 0, NULL, NULL, NULL, NULL, NULL, NULL, NULL, NULL, NULL, NULL, 0, 0, '1'),
(NULL, '62047', NULL, NULL, '62047', NULL, 'ปิยะนุช  \r\n', NULL, 'จันมา\r\n', NULL, NULL, NULL, 'f', NULL, NULL, NULL, NULL, NULL, NULL, NULL, NULL, NULL, NULL, NULL, NULL, NULL, NULL, 1, NULL, NULL, NULL, '', NULL, NULL, NULL, NULL, NULL, NULL, NULL, NULL, NULL, NULL, NULL, NULL, NULL, NULL, NULL, NULL, NULL, NULL, NULL, NULL, NULL, NULL, NULL, NULL, NULL, NULL, NULL, NULL, NULL, NULL, NULL, NULL, NULL, NULL, NULL, NULL, NULL, NULL, NULL, NULL, NULL, NULL, NULL, NULL, NULL, NULL, NULL, 1, 0, NULL, NULL, NULL, NULL, NULL, NULL, NULL, NULL, NULL, NULL, 0, 0, '1'),
(NULL, '62048\r\n', NULL, NULL, '62048\r\n', NULL, 'อรวรรณ  \r\n', NULL, 'เลี่ยมสกุล\r\n', NULL, NULL, NULL, 'f', NULL, NULL, NULL, NULL, NULL, NULL, NULL, NULL, NULL, NULL, NULL, NULL, NULL, NULL, 1, NULL, NULL, NULL, '', NULL, NULL, NULL, NULL, NULL, NULL, NULL, NULL, NULL, NULL, NULL, NULL, NULL, NULL, NULL, NULL, NULL, NULL, NULL, NULL, NULL, NULL, NULL, NULL, NULL, NULL, NULL, NULL, NULL, NULL, NULL, NULL, NULL, NULL, NULL, NULL, NULL, NULL, NULL, NULL, NULL, NULL, NULL, NULL, NULL, NULL, NULL, 1, 0, NULL, NULL, NULL, NULL, NULL, NULL, NULL, NULL, NULL, NULL, 0, 0, '1'),
(NULL, '62049', NULL, NULL, '62049', NULL, 'ทอฝัน  \r\n', NULL, 'สุธาโน\r\n', NULL, NULL, NULL, 'f', NULL, NULL, NULL, NULL, NULL, NULL, NULL, NULL, NULL, NULL, NULL, NULL, NULL, NULL, 1, NULL, NULL, NULL, '', NULL, NULL, NULL, NULL, NULL, NULL, NULL, NULL, NULL, NULL, NULL, NULL, NULL, NULL, NULL, NULL, NULL, NULL, NULL, NULL, NULL, NULL, NULL, NULL, NULL, NULL, NULL, NULL, NULL, NULL, NULL, NULL, NULL, NULL, NULL, NULL, NULL, NULL, NULL, NULL, NULL, NULL, NULL, NULL, NULL, NULL, NULL, 1, 0, NULL, NULL, NULL, NULL, NULL, NULL, NULL, NULL, NULL, NULL, 0, 0, '1'),
(NULL, '62050', NULL, NULL, '62050', NULL, 'อัมรินทร์\r\n', NULL, 'อัมรินทร์\r\n', NULL, NULL, NULL, 'm', NULL, NULL, NULL, NULL, NULL, NULL, NULL, NULL, NULL, NULL, NULL, NULL, NULL, NULL, 1, NULL, NULL, NULL, '', NULL, NULL, NULL, NULL, NULL, NULL, NULL, NULL, NULL, NULL, NULL, NULL, NULL, NULL, NULL, NULL, NULL, NULL, NULL, NULL, NULL, NULL, NULL, NULL, NULL, NULL, NULL, NULL, NULL, NULL, NULL, NULL, NULL, NULL, NULL, NULL, NULL, NULL, NULL, NULL, NULL, NULL, NULL, NULL, NULL, NULL, NULL, 1, 0, NULL, NULL, NULL, NULL, NULL, NULL, NULL, NULL, NULL, NULL, 0, 0, '1'),
(NULL, '63001', NULL, NULL, '63001', NULL, 'วีริยารัศมิ์\r\n', NULL, 'มานะผัน\r\n', NULL, NULL, NULL, 'f', NULL, NULL, NULL, NULL, NULL, NULL, NULL, NULL, NULL, NULL, NULL, NULL, NULL, NULL, 1, NULL, NULL, NULL, '', NULL, NULL, NULL, NULL, NULL, NULL, NULL, NULL, NULL, NULL, NULL, NULL, NULL, NULL, NULL, NULL, NULL, NULL, NULL, NULL, NULL, NULL, NULL, NULL, NULL, NULL, NULL, NULL, NULL, NULL, NULL, NULL, NULL, NULL, NULL, NULL, NULL, NULL, NULL, NULL, NULL, NULL, NULL, NULL, NULL, NULL, NULL, 1, 0, NULL, NULL, NULL, NULL, NULL, NULL, NULL, NULL, NULL, NULL, 0, 0, '1'),
(NULL, '63002', NULL, NULL, '63002', NULL, 'เพียรทิพย์\r\n', NULL, 'สินจ้าง\r\n', NULL, NULL, NULL, 'f', NULL, NULL, NULL, NULL, NULL, NULL, NULL, NULL, NULL, NULL, NULL, NULL, NULL, NULL, 1, NULL, NULL, NULL, '', NULL, NULL, NULL, NULL, NULL, NULL, NULL, NULL, NULL, NULL, NULL, NULL, NULL, NULL, NULL, NULL, NULL, NULL, NULL, NULL, NULL, NULL, NULL, NULL, NULL, NULL, NULL, NULL, NULL, NULL, NULL, NULL, NULL, NULL, NULL, NULL, NULL, NULL, NULL, NULL, NULL, NULL, NULL, NULL, NULL, NULL, NULL, 1, 0, NULL, NULL, NULL, NULL, NULL, NULL, NULL, NULL, NULL, NULL, 0, 0, '1'),
(NULL, '63003', NULL, NULL, '63003', NULL, 'วราภรณ์\r\n', NULL, 'สิงห์ชัย\r\n', NULL, NULL, NULL, 'f', NULL, NULL, NULL, NULL, NULL, NULL, NULL, NULL, NULL, NULL, NULL, NULL, NULL, NULL, 1, NULL, NULL, NULL, '', NULL, NULL, NULL, NULL, NULL, NULL, NULL, NULL, NULL, NULL, NULL, NULL, NULL, NULL, NULL, NULL, NULL, NULL, NULL, NULL, NULL, NULL, NULL, NULL, NULL, NULL, NULL, NULL, NULL, NULL, NULL, NULL, NULL, NULL, NULL, NULL, NULL, NULL, NULL, NULL, NULL, NULL, NULL, NULL, NULL, NULL, NULL, 1, 0, NULL, NULL, NULL, NULL, NULL, NULL, NULL, NULL, NULL, NULL, 0, 0, '1'),
(NULL, '63004', NULL, NULL, '63004', NULL, 'พรฟ้า\r\n', NULL, 'อนันต์ไพศาล\r\n', NULL, NULL, NULL, 'f', NULL, NULL, NULL, NULL, NULL, NULL, NULL, NULL, NULL, NULL, NULL, NULL, NULL, NULL, 1, NULL, NULL, NULL, '', NULL, NULL, NULL, NULL, NULL, NULL, NULL, NULL, NULL, NULL, NULL, NULL, NULL, NULL, NULL, NULL, NULL, NULL, NULL, NULL, NULL, NULL, NULL, NULL, NULL, NULL, NULL, NULL, NULL, NULL, NULL, NULL, NULL, NULL, NULL, NULL, NULL, NULL, NULL, NULL, NULL, NULL, NULL, NULL, NULL, NULL, NULL, 1, 0, NULL, NULL, NULL, NULL, NULL, NULL, NULL, NULL, NULL, NULL, 0, 0, '1'),
(NULL, '63006', NULL, NULL, '63006', NULL, 'กาญจน์ประภา\r\n', NULL, 'วงค์ปัญญา\r\n', NULL, NULL, NULL, 'f', NULL, NULL, NULL, NULL, NULL, NULL, NULL, NULL, NULL, NULL, NULL, NULL, NULL, NULL, 1, NULL, NULL, NULL, '', NULL, NULL, NULL, NULL, NULL, NULL, NULL, NULL, NULL, NULL, NULL, NULL, NULL, NULL, NULL, NULL, NULL, NULL, NULL, NULL, NULL, NULL, NULL, NULL, NULL, NULL, NULL, NULL, NULL, NULL, NULL, NULL, NULL, NULL, NULL, NULL, NULL, NULL, NULL, NULL, NULL, NULL, NULL, NULL, NULL, NULL, NULL, 1, 0, NULL, NULL, NULL, NULL, NULL, NULL, NULL, NULL, NULL, NULL, 0, 0, '1'),
(NULL, '63007', NULL, NULL, '63007', NULL, 'ศุภณัฐ  \r\n', NULL, 'มโนชมภู\r\n', NULL, NULL, NULL, 'm', NULL, NULL, NULL, NULL, NULL, NULL, NULL, NULL, NULL, NULL, NULL, NULL, NULL, NULL, 1, NULL, NULL, NULL, '', NULL, NULL, NULL, NULL, NULL, NULL, NULL, NULL, NULL, NULL, NULL, NULL, NULL, NULL, NULL, NULL, NULL, NULL, NULL, NULL, NULL, NULL, NULL, NULL, NULL, NULL, NULL, NULL, NULL, NULL, NULL, NULL, NULL, NULL, NULL, NULL, NULL, NULL, NULL, NULL, NULL, NULL, NULL, NULL, NULL, NULL, NULL, 1, 0, NULL, NULL, NULL, NULL, NULL, NULL, NULL, NULL, NULL, NULL, 0, 0, '1'),
(NULL, '63008', NULL, NULL, '63008', NULL, 'นราศักดิ์\r\n', NULL, 'หลวงหล้า\r\n', NULL, NULL, NULL, 'm', NULL, NULL, NULL, NULL, NULL, NULL, NULL, NULL, NULL, NULL, NULL, NULL, NULL, NULL, 1, NULL, NULL, NULL, '', NULL, NULL, NULL, NULL, NULL, NULL, NULL, NULL, NULL, NULL, NULL, NULL, NULL, NULL, NULL, NULL, NULL, NULL, NULL, NULL, NULL, NULL, NULL, NULL, NULL, NULL, NULL, NULL, NULL, NULL, NULL, NULL, NULL, NULL, NULL, NULL, NULL, NULL, NULL, NULL, NULL, NULL, NULL, NULL, NULL, NULL, NULL, 1, 0, NULL, NULL, NULL, NULL, NULL, NULL, NULL, NULL, NULL, NULL, 0, 0, '1'),
(NULL, '63010', NULL, NULL, '63010', NULL, 'อวยชัย  \r\n', NULL, 'ทิพย์เสถียร\r\n', NULL, NULL, NULL, 'm', NULL, NULL, NULL, NULL, NULL, NULL, NULL, NULL, NULL, NULL, NULL, NULL, NULL, NULL, 1, NULL, NULL, NULL, '', NULL, NULL, NULL, NULL, NULL, NULL, NULL, NULL, NULL, NULL, NULL, NULL, NULL, NULL, NULL, NULL, NULL, NULL, NULL, NULL, NULL, NULL, NULL, NULL, NULL, NULL, NULL, NULL, NULL, NULL, NULL, NULL, NULL, NULL, NULL, NULL, NULL, NULL, NULL, NULL, NULL, NULL, NULL, NULL, NULL, NULL, NULL, 1, 0, NULL, NULL, NULL, NULL, NULL, NULL, NULL, NULL, NULL, NULL, 0, 0, '1'),
(NULL, '63011', NULL, NULL, '63011', NULL, 'วิรัตน์ดา\r\n', NULL, 'ถิ่นการ์\r\n', NULL, NULL, NULL, 'f', NULL, NULL, NULL, NULL, NULL, NULL, NULL, NULL, NULL, NULL, NULL, NULL, NULL, NULL, 1, NULL, NULL, NULL, '', NULL, NULL, NULL, NULL, NULL, NULL, NULL, NULL, NULL, NULL, NULL, NULL, NULL, NULL, NULL, NULL, NULL, NULL, NULL, NULL, NULL, NULL, NULL, NULL, NULL, NULL, NULL, NULL, NULL, NULL, NULL, NULL, NULL, NULL, NULL, NULL, NULL, NULL, NULL, NULL, NULL, NULL, NULL, NULL, NULL, NULL, NULL, 1, 0, NULL, NULL, NULL, NULL, NULL, NULL, NULL, NULL, NULL, NULL, 0, 0, '1'),
(NULL, '63012', NULL, NULL, '63012', NULL, 'นิตยา\r\n', NULL, 'วงค์แก้ว\r\n', NULL, NULL, NULL, 'f', NULL, NULL, NULL, NULL, NULL, NULL, NULL, NULL, NULL, NULL, NULL, NULL, NULL, NULL, 1, NULL, NULL, NULL, '', NULL, NULL, NULL, NULL, NULL, NULL, NULL, NULL, NULL, NULL, NULL, NULL, NULL, NULL, NULL, NULL, NULL, NULL, NULL, NULL, NULL, NULL, NULL, NULL, NULL, NULL, NULL, NULL, NULL, NULL, NULL, NULL, NULL, NULL, NULL, NULL, NULL, NULL, NULL, NULL, NULL, NULL, NULL, NULL, NULL, NULL, NULL, 1, 0, NULL, NULL, NULL, NULL, NULL, NULL, NULL, NULL, NULL, NULL, 0, 0, '1'),
(NULL, '63013', NULL, NULL, '63013', NULL, 'สุรชาติ\r\n', NULL, 'วงค์ใหม่\r\n', NULL, NULL, NULL, 'm', NULL, NULL, NULL, NULL, NULL, NULL, NULL, NULL, NULL, NULL, NULL, NULL, NULL, NULL, 1, NULL, NULL, NULL, '', NULL, NULL, NULL, NULL, NULL, NULL, NULL, NULL, NULL, NULL, NULL, NULL, NULL, NULL, NULL, NULL, NULL, NULL, NULL, NULL, NULL, NULL, NULL, NULL, NULL, NULL, NULL, NULL, NULL, NULL, NULL, NULL, NULL, NULL, NULL, NULL, NULL, NULL, NULL, NULL, NULL, NULL, NULL, NULL, NULL, NULL, NULL, 1, 0, NULL, NULL, NULL, NULL, NULL, NULL, NULL, NULL, NULL, NULL, 0, 0, '1'),
(NULL, '63017', NULL, NULL, '63017', NULL, 'กุลณัฐ\r\n', NULL, 'จริงมาก\r\n', NULL, NULL, NULL, 'f', NULL, NULL, NULL, NULL, NULL, NULL, NULL, NULL, NULL, NULL, NULL, NULL, NULL, NULL, 1, NULL, NULL, NULL, '', NULL, NULL, NULL, NULL, NULL, NULL, NULL, NULL, NULL, NULL, NULL, NULL, NULL, NULL, NULL, NULL, NULL, NULL, NULL, NULL, NULL, NULL, NULL, NULL, NULL, NULL, NULL, NULL, NULL, NULL, NULL, NULL, NULL, NULL, NULL, NULL, NULL, NULL, NULL, NULL, NULL, NULL, NULL, NULL, NULL, NULL, NULL, 1, 0, NULL, NULL, NULL, NULL, NULL, NULL, NULL, NULL, NULL, NULL, 0, 0, '1'),
(NULL, '63014', NULL, NULL, '63014', NULL, 'ทัยสวรรค์\r\n', NULL, 'ดู่ยา\r\n', NULL, NULL, NULL, 'm', NULL, NULL, NULL, NULL, NULL, NULL, NULL, NULL, NULL, NULL, NULL, NULL, NULL, NULL, 1, NULL, NULL, NULL, '', NULL, NULL, NULL, NULL, NULL, NULL, NULL, NULL, NULL, NULL, NULL, NULL, NULL, NULL, NULL, NULL, NULL, NULL, NULL, NULL, NULL, NULL, NULL, NULL, NULL, NULL, NULL, NULL, NULL, NULL, NULL, NULL, NULL, NULL, NULL, NULL, NULL, NULL, NULL, NULL, NULL, NULL, NULL, NULL, NULL, NULL, NULL, 1, 0, NULL, NULL, NULL, NULL, NULL, NULL, NULL, NULL, NULL, NULL, 0, 0, '1'),
(NULL, '63015\r\n', NULL, NULL, '63015\r\n', NULL, 'พิชชาวีร์\r\n', NULL, 'โอบอ้อม\r\n', NULL, NULL, NULL, 'f', NULL, NULL, NULL, NULL, NULL, NULL, NULL, NULL, NULL, NULL, NULL, NULL, NULL, NULL, 1, NULL, NULL, NULL, '', NULL, NULL, NULL, NULL, NULL, NULL, NULL, NULL, NULL, NULL, NULL, NULL, NULL, NULL, NULL, NULL, NULL, NULL, NULL, NULL, NULL, NULL, NULL, NULL, NULL, NULL, NULL, NULL, NULL, NULL, NULL, NULL, NULL, NULL, NULL, NULL, NULL, NULL, NULL, NULL, NULL, NULL, NULL, NULL, NULL, NULL, NULL, 1, 0, NULL, NULL, NULL, NULL, NULL, NULL, NULL, NULL, NULL, NULL, 0, 0, '1'),
(NULL, '63016', NULL, NULL, '63016', NULL, 'พัชรพิทธ์\r\n', NULL, 'ยศสุข\r\n', NULL, NULL, NULL, 'f', NULL, NULL, NULL, NULL, NULL, NULL, NULL, NULL, NULL, NULL, NULL, NULL, NULL, NULL, 1, NULL, NULL, NULL, '', NULL, NULL, NULL, NULL, NULL, NULL, NULL, NULL, NULL, NULL, NULL, NULL, NULL, NULL, NULL, NULL, NULL, NULL, NULL, NULL, NULL, NULL, NULL, NULL, NULL, NULL, NULL, NULL, NULL, NULL, NULL, NULL, NULL, NULL, NULL, NULL, NULL, NULL, NULL, NULL, NULL, NULL, NULL, NULL, NULL, NULL, NULL, 1, 0, NULL, NULL, NULL, NULL, NULL, NULL, NULL, NULL, NULL, NULL, 0, 0, '1'),
(NULL, '63018', NULL, NULL, '63018', NULL, 'วลัยลักษณ์\r\n', NULL, 'จองแดง\r\n', NULL, NULL, NULL, 'f', NULL, NULL, NULL, NULL, NULL, NULL, NULL, NULL, NULL, NULL, NULL, NULL, NULL, NULL, 1, NULL, NULL, NULL, '', NULL, NULL, NULL, NULL, NULL, NULL, NULL, NULL, NULL, NULL, NULL, NULL, NULL, NULL, NULL, NULL, NULL, NULL, NULL, NULL, NULL, NULL, NULL, NULL, NULL, NULL, NULL, NULL, NULL, NULL, NULL, NULL, NULL, NULL, NULL, NULL, NULL, NULL, NULL, NULL, NULL, NULL, NULL, NULL, NULL, NULL, NULL, 1, 0, NULL, NULL, NULL, NULL, NULL, NULL, NULL, NULL, NULL, NULL, 0, 0, '1'),
(NULL, '63019', NULL, NULL, '63019', NULL, 'อรวีร์\r\n', NULL, 'ทิศรำวัง\r\n', NULL, NULL, NULL, 'f', NULL, NULL, NULL, NULL, NULL, NULL, NULL, NULL, NULL, NULL, NULL, NULL, NULL, NULL, 1, NULL, NULL, NULL, '', NULL, NULL, NULL, NULL, NULL, NULL, NULL, NULL, NULL, NULL, NULL, NULL, NULL, NULL, NULL, NULL, NULL, NULL, NULL, NULL, NULL, NULL, NULL, NULL, NULL, NULL, NULL, NULL, NULL, NULL, NULL, NULL, NULL, NULL, NULL, NULL, NULL, NULL, NULL, NULL, NULL, NULL, NULL, NULL, NULL, NULL, NULL, 1, 0, NULL, NULL, NULL, NULL, NULL, NULL, NULL, NULL, NULL, NULL, 0, 0, '1'),
(NULL, '63021', NULL, NULL, '63021', NULL, 'ชินวัตร\r\n', NULL, 'ภูดอนตอง\r\n', NULL, NULL, NULL, 'm', NULL, NULL, NULL, NULL, NULL, NULL, NULL, NULL, NULL, NULL, NULL, NULL, NULL, NULL, 1, NULL, NULL, NULL, '', NULL, NULL, NULL, NULL, NULL, NULL, NULL, NULL, NULL, NULL, NULL, NULL, NULL, NULL, NULL, NULL, NULL, NULL, NULL, NULL, NULL, NULL, NULL, NULL, NULL, NULL, NULL, NULL, NULL, NULL, NULL, NULL, NULL, NULL, NULL, NULL, NULL, NULL, NULL, NULL, NULL, NULL, NULL, NULL, NULL, NULL, NULL, 1, 0, NULL, NULL, NULL, NULL, NULL, NULL, NULL, NULL, NULL, NULL, 0, 0, '1'),
(NULL, '63022', NULL, NULL, '63022', NULL, 'อนุวัฒน์\r\n', NULL, 'แก้วบุญเรือง\r\n', NULL, NULL, NULL, 'm', NULL, NULL, NULL, NULL, NULL, NULL, NULL, NULL, NULL, NULL, NULL, NULL, NULL, NULL, 1, NULL, NULL, NULL, '', NULL, NULL, NULL, NULL, NULL, NULL, NULL, NULL, NULL, NULL, NULL, NULL, NULL, NULL, NULL, NULL, NULL, NULL, NULL, NULL, NULL, NULL, NULL, NULL, NULL, NULL, NULL, NULL, NULL, NULL, NULL, NULL, NULL, NULL, NULL, NULL, NULL, NULL, NULL, NULL, NULL, NULL, NULL, NULL, NULL, NULL, NULL, 1, 0, NULL, NULL, NULL, NULL, NULL, NULL, NULL, NULL, NULL, NULL, 0, 0, '1'),
(NULL, '63023', NULL, NULL, '63023', NULL, 'วิศรุต\r\n', NULL, 'มงคล', NULL, NULL, NULL, 'm', NULL, NULL, NULL, NULL, NULL, NULL, NULL, NULL, NULL, NULL, NULL, NULL, NULL, NULL, 1, NULL, NULL, NULL, '', NULL, NULL, NULL, NULL, NULL, NULL, NULL, NULL, NULL, NULL, NULL, NULL, NULL, NULL, NULL, NULL, NULL, NULL, NULL, NULL, NULL, NULL, NULL, NULL, NULL, NULL, NULL, NULL, NULL, NULL, NULL, NULL, NULL, NULL, NULL, NULL, NULL, NULL, NULL, NULL, NULL, NULL, NULL, NULL, NULL, NULL, NULL, 1, 0, NULL, NULL, NULL, NULL, NULL, NULL, NULL, NULL, NULL, NULL, 0, 0, '1'),
(NULL, '63024', NULL, NULL, '63024', NULL, 'ณัฐพล\r\n', NULL, 'ซื่อสัตย์สุจริต\r\n', NULL, NULL, NULL, 'm', NULL, NULL, NULL, NULL, NULL, NULL, NULL, NULL, NULL, NULL, NULL, NULL, NULL, NULL, 1, NULL, NULL, NULL, '', NULL, NULL, NULL, NULL, NULL, NULL, NULL, NULL, NULL, NULL, NULL, NULL, NULL, NULL, NULL, NULL, NULL, NULL, NULL, NULL, NULL, NULL, NULL, NULL, NULL, NULL, NULL, NULL, NULL, NULL, NULL, NULL, NULL, NULL, NULL, NULL, NULL, NULL, NULL, NULL, NULL, NULL, NULL, NULL, NULL, NULL, NULL, 1, 0, NULL, NULL, NULL, NULL, NULL, NULL, NULL, NULL, NULL, NULL, 0, 0, '1'),
(NULL, '63025', NULL, NULL, '63025', NULL, 'ชัย\r\n', NULL, 'นายแสง\r\n', NULL, NULL, NULL, 'm', NULL, NULL, NULL, NULL, NULL, NULL, NULL, NULL, NULL, NULL, NULL, NULL, NULL, NULL, 1, NULL, NULL, NULL, '', NULL, NULL, NULL, NULL, NULL, NULL, NULL, NULL, NULL, NULL, NULL, NULL, NULL, NULL, NULL, NULL, NULL, NULL, NULL, NULL, NULL, NULL, NULL, NULL, NULL, NULL, NULL, NULL, NULL, NULL, NULL, NULL, NULL, NULL, NULL, NULL, NULL, NULL, NULL, NULL, NULL, NULL, NULL, NULL, NULL, NULL, NULL, 1, 0, NULL, NULL, NULL, NULL, NULL, NULL, NULL, NULL, NULL, NULL, 0, 0, '1'),
(NULL, '63026', NULL, NULL, '63026', NULL, 'วรรณดี\r\n', NULL, 'จีนา', NULL, NULL, NULL, 'f', NULL, NULL, NULL, NULL, NULL, NULL, NULL, NULL, NULL, NULL, NULL, NULL, NULL, NULL, 1, NULL, NULL, NULL, '', NULL, NULL, NULL, NULL, NULL, NULL, NULL, NULL, NULL, NULL, NULL, NULL, NULL, NULL, NULL, NULL, NULL, NULL, NULL, NULL, NULL, NULL, NULL, NULL, NULL, NULL, NULL, NULL, NULL, NULL, NULL, NULL, NULL, NULL, NULL, NULL, NULL, NULL, NULL, NULL, NULL, NULL, NULL, NULL, NULL, NULL, NULL, 1, 0, NULL, NULL, NULL, NULL, NULL, NULL, NULL, NULL, NULL, NULL, 0, 0, '1'),
(NULL, '63027', NULL, NULL, '63027', NULL, 'วรางคณา \r\n', NULL, 'แก้วดอนดุก\r\n', NULL, NULL, NULL, 'f', NULL, NULL, NULL, NULL, NULL, NULL, NULL, NULL, NULL, NULL, NULL, NULL, NULL, NULL, 1, NULL, NULL, NULL, '', NULL, NULL, NULL, NULL, NULL, NULL, NULL, NULL, NULL, NULL, NULL, NULL, NULL, NULL, NULL, NULL, NULL, NULL, NULL, NULL, NULL, NULL, NULL, NULL, NULL, NULL, NULL, NULL, NULL, NULL, NULL, NULL, NULL, NULL, NULL, NULL, NULL, NULL, NULL, NULL, NULL, NULL, NULL, NULL, NULL, NULL, NULL, 1, 0, NULL, NULL, NULL, NULL, NULL, NULL, NULL, NULL, NULL, NULL, 0, 0, '1');

-- --------------------------------------------------------

--
-- Table structure for table `tb_position`
--

CREATE TABLE `tb_position` (
  `position_code` char(255) NOT NULL DEFAULT '',
  `position_code1` varchar(255) DEFAULT NULL,
  `position_name` char(255) DEFAULT NULL,
  `position_nameAB` char(255) DEFAULT NULL,
  `position_name1` char(255) DEFAULT NULL,
  `pp_code` char(255) DEFAULT NULL
) ENGINE=MyISAM DEFAULT CHARSET=tis620;

--
-- Dumping data for table `tb_position`
--

INSERT INTO `tb_position` (`position_code`, `position_code1`, `position_name`, `position_nameAB`, `position_name1`, `pp_code`) VALUES
('00', '00', NULL, NULL, NULL, NULL),
('43', '43', 'พนักงานธุรการ', NULL, 'พนักงานธุรการ', NULL),
('47', '47', 'พนักงานบริการทั่วไป(คนงาน)', NULL, 'พนักงานบริการทั่วไป(คนงาน)', NULL),
('44', '44', 'ช่างเขียนแบบ', NULL, 'ช่างเขียนแบบ', NULL),
('55', '55', 'เภสัชกร', '', 'เภสัชกร', ''),
('56', '56', 'พนักงานบัญชี', NULL, 'พนักงานบัญชี', NULL),
('57', '57', 'พนักงานผู้ช่วยทางการแพทย์', NULL, 'พนักงานผู้ช่วยทางการแพทย์', NULL),
('58', '58', 'แพทย์จีน', NULL, 'แพทย์จีน', NULL),
('59', '59', 'นักฟิสิกส์การแพทย์', NULL, 'นักฟิสิกส์การแพทย์', NULL),
('60', '60', 'ผู้จัดการ (LASIK)', NULL, 'ผู้จัดการ (LASIK)', NULL),
('61', '61', 'พนักงานการเงิน', NULL, 'พนักงานการเงิน', NULL),
('62', '62', 'นักเคมีรังสี', NULL, 'นักเคมีรังสี', NULL),
('63', '63', 'นักเภสัชรังสี', NULL, 'นักเภสัชรังสี', NULL),
('64', '64', 'นักรังสีการแพทย์', NULL, 'นักรังสีการแพทย์', NULL),
('65', '65', 'แพทย์', NULL, 'แพทย์', NULL),
('66', '66', 'พนักงานเวชระเบียน', NULL, 'พนักงานเวชระเบียน', NULL),
('67', '67', 'พนักงานบริหารงานทั่วไป', NULL, 'พนักงานบริหารงานทั่วไป', NULL),
('68', '68', 'พนักงานเก็บเงิน', NULL, 'พนักงานเก็บเงิน', NULL),
('69', '69', 'แพทย์แผนไทยประยุกต์', NULL, 'แพทย์แผนไทยประยุกต์', NULL),
('70', '70', 'ช่างไฟฟ้า', NULL, 'ช่างไฟฟ้า', NULL),
('71', '71', 'พนักงานเปล', NULL, 'พนักงานเปล', NULL),
('72', '72', 'พนักงานผู้ช่วยเภสัชกร', NULL, 'พนักงานผู้ช่วยเภสัชกร', NULL),
('73', '73', 'นักเทคนิคการแพทย์', NULL, 'นักเทคนิคการแพทย์', NULL),
('74', '74', 'นักกายภาพบำบัด', NULL, 'นักกายภาพบำบัด', NULL),
('75', '75', 'พนักงานขับรถยนต์', NULL, 'พนักงานขับรถยนต์', NULL),
('76', '76', 'พนักงานผู้ช่วยทางการแพทย์', NULL, 'พนักงานผู้ช่วยทางการแพทย์', NULL),
('77', '77', 'นักวิชาการคอมพิวเตอร์', NULL, 'นักวิชาการคอมพิวเตอร์', NULL),
('78', '78', 'นักกิจกรรมบำบัด', NULL, 'นักกิจกรรมบำบัด', NULL),
('79', '79', 'พนักงานโภชนาการ', NULL, 'พนักงานโภชนาการ', NULL),
('80', '80', 'นักโภชนาการ', NULL, 'นักโภชนาการ', NULL),
('81', '81', 'พนักงานเปล', NULL, 'พนักงานเปล', NULL),
('82', '82', 'พนักงานเครื่องคอมพิวเตอร์', NULL, 'พนักงานเครื่องคอมพิวเตอร์', NULL),
('83', '83', 'พนักงานประชาสัมพันธ์', NULL, 'พนักงานประชาสัมพันธ์', NULL),
('84', '84', 'พนักงานธุรการ (พัสดุ)', NULL, 'พนักงานธุรการ (พัสดุ)', NULL),
('85', '85', 'พนักงานกายภาพบำบัด', NULL, 'พนักงานกายภาพบำบัด', NULL),
('86', '86', 'พนักงานการตลาด', NULL, 'พนักงานการตลาด', NULL),
('87', '87', 'เจ้าหน้าที่ตรวจการนอนหลับ', NULL, 'เจ้าหน้าที่ตรวจการนอนหลับ', NULL),
('88', '88', 'วิศวกรระบบเครือข่าย', NULL, 'วิศวกรระบบเครือข่าย', NULL),
('89', '89', 'พยาบาล', NULL, 'พยาบาล', NULL),
('90', '90', 'พนักงานบริหารงานทั่วไป (บุคคล)', NULL, 'พนักงานบริหารงานทั่วไป (บุคคล)', NULL),
('91', '91', 'เจ้าหน้าที่การเงินและบัญชี', NULL, 'เจ้าหน้าที่การเงินและบัญชี', NULL),
('92', '92', 'พนักงานต้อนรับ', NULL, 'พนักงานต้อนรับ', NULL),
('93', '93', 'ผู้จัดการ (TTCM)', NULL, 'ผู้จัดการ (TTCM)', NULL),
('94', '94', 'พนักงานธุรการ (กายภาพบำบัด)', NULL, 'พนักงานธุรการ (กายภาพบำบัด)', NULL),
('95', '95', 'พนักงานผู้ช่วยทางการแพทย์ (กายภาพบำบัด)', NULL, 'พนักงานผู้ช่วยทางการแพทย์ (กายภาพบำบัด)', NULL),
('96', '96', 'พนักงานโภชนาการ (กุ๊ก)', NULL, 'พนักงานโภชนาการ (กุ๊ก)', NULL),
('97', '97', 'พนักงานโภชนาการ (ผู้ช่วยกุ๊ก)', NULL, 'พนักงานโภชนาการ (ผู้ช่วยกุ๊ก)', NULL),
('98', '98', 'ผู้อำนวยการศูนย์', NULL, 'ผู้อำนวยการศูนย์', NULL),
('99', '99', 'รองผู้อำนวยการ', NULL, 'รองผู้อำนวยการ', NULL),
('01', '01', 'หัวหน้าศูนย์', NULL, 'หัวหน้าศูนย์', NULL),
('02', '02', 'รักษาการแทน เลขานุการศูนย์', NULL, 'รักษาการแทน เลขานุการศูนย์', NULL);

--
-- Indexes for dumped tables
--

--
-- Indexes for table `qstn_answer`
--
ALTER TABLE `qstn_answer`
  ADD PRIMARY KEY (`answer_id`);

--
-- Indexes for table `qstn_category`
--
ALTER TABLE `qstn_category`
  ADD PRIMARY KEY (`category_id`);

--
-- Indexes for table `qstn_choice`
--
ALTER TABLE `qstn_choice`
  ADD PRIMARY KEY (`choice_id`);

--
-- Indexes for table `qstn_choice_group`
--
ALTER TABLE `qstn_choice_group`
  ADD PRIMARY KEY (`choice_group_id`);

--
-- Indexes for table `qstn_evaluate_person`
--
ALTER TABLE `qstn_evaluate_person`
  ADD PRIMARY KEY (`evaluate_person_id`);

--
-- Indexes for table `qstn_evaluation`
--
ALTER TABLE `qstn_evaluation`
  ADD PRIMARY KEY (`evaluation_id`);

--
-- Indexes for table `qstn_form`
--
ALTER TABLE `qstn_form`
  ADD PRIMARY KEY (`form_id`);

--
-- Indexes for table `qstn_form_detail`
--
ALTER TABLE `qstn_form_detail`
  ADD PRIMARY KEY (`form_detail_id`);

--
-- Indexes for table `qstn_form_detail_answer`
--
ALTER TABLE `qstn_form_detail_answer`
  ADD PRIMARY KEY (`form_detail_answer_id`);

--
-- Indexes for table `qstn_question`
--
ALTER TABLE `qstn_question`
  ADD PRIMARY KEY (`question_id`);

--
-- Indexes for table `qstn_question_group`
--
ALTER TABLE `qstn_question_group`
  ADD PRIMARY KEY (`question_group_id`);

--
-- Indexes for table `sev_center`
--
ALTER TABLE `sev_center`
  ADD PRIMARY KEY (`center_id`);

--
-- Indexes for table `sev_person`
--
ALTER TABLE `sev_person`
  ADD PRIMARY KEY (`person_id`);

--
-- Indexes for table `sev_position`
--
ALTER TABLE `sev_position`
  ADD PRIMARY KEY (`position_id`);

--
-- Indexes for table `tb_location1`
--
ALTER TABLE `tb_location1`
  ADD PRIMARY KEY (`Ward_code`);

--
-- Indexes for table `tb_nuser`
--
ALTER TABLE `tb_nuser`
  ADD PRIMARY KEY (`NUM_OT`);

--
-- Indexes for table `tb_nward`
--
ALTER TABLE `tb_nward`
  ADD PRIMARY KEY (`News_id`,`ward_code`);

--
-- Indexes for table `tb_person`
--
ALTER TABLE `tb_person`
  ADD PRIMARY KEY (`NUM_OT`);

--
-- Indexes for table `tb_position`
--
ALTER TABLE `tb_position`
  ADD PRIMARY KEY (`position_code`);

--
-- AUTO_INCREMENT for dumped tables
--

--
-- AUTO_INCREMENT for table `qstn_answer`
--
ALTER TABLE `qstn_answer`
  MODIFY `answer_id` int(11) NOT NULL AUTO_INCREMENT, AUTO_INCREMENT=39;

--
-- AUTO_INCREMENT for table `qstn_category`
--
ALTER TABLE `qstn_category`
  MODIFY `category_id` int(11) NOT NULL AUTO_INCREMENT, AUTO_INCREMENT=4;

--
-- AUTO_INCREMENT for table `qstn_choice`
--
ALTER TABLE `qstn_choice`
  MODIFY `choice_id` int(11) NOT NULL AUTO_INCREMENT, AUTO_INCREMENT=16;

--
-- AUTO_INCREMENT for table `qstn_choice_group`
--
ALTER TABLE `qstn_choice_group`
  MODIFY `choice_group_id` int(11) NOT NULL AUTO_INCREMENT, AUTO_INCREMENT=3;

--
-- AUTO_INCREMENT for table `qstn_evaluate_person`
--
ALTER TABLE `qstn_evaluate_person`
  MODIFY `evaluate_person_id` int(11) NOT NULL AUTO_INCREMENT, AUTO_INCREMENT=11;

--
-- AUTO_INCREMENT for table `qstn_evaluation`
--
ALTER TABLE `qstn_evaluation`
  MODIFY `evaluation_id` int(11) NOT NULL AUTO_INCREMENT, AUTO_INCREMENT=3;

--
-- AUTO_INCREMENT for table `qstn_form`
--
ALTER TABLE `qstn_form`
  MODIFY `form_id` int(11) NOT NULL AUTO_INCREMENT, AUTO_INCREMENT=8;

--
-- AUTO_INCREMENT for table `qstn_form_detail`
--
ALTER TABLE `qstn_form_detail`
  MODIFY `form_detail_id` int(11) NOT NULL AUTO_INCREMENT, AUTO_INCREMENT=4;

--
-- AUTO_INCREMENT for table `qstn_form_detail_answer`
--
ALTER TABLE `qstn_form_detail_answer`
  MODIFY `form_detail_answer_id` int(11) NOT NULL AUTO_INCREMENT;

--
-- AUTO_INCREMENT for table `qstn_question`
--
ALTER TABLE `qstn_question`
  MODIFY `question_id` int(11) NOT NULL AUTO_INCREMENT, AUTO_INCREMENT=77;

--
-- AUTO_INCREMENT for table `qstn_question_group`
--
ALTER TABLE `qstn_question_group`
  MODIFY `question_group_id` int(11) NOT NULL AUTO_INCREMENT, AUTO_INCREMENT=11;

--
-- AUTO_INCREMENT for table `sev_center`
--
ALTER TABLE `sev_center`
  MODIFY `center_id` int(11) NOT NULL AUTO_INCREMENT, AUTO_INCREMENT=11;

--
-- AUTO_INCREMENT for table `sev_position`
--
ALTER TABLE `sev_position`
  MODIFY `position_id` int(11) NOT NULL AUTO_INCREMENT COMMENT 'รหัสตำแหน่ง', AUTO_INCREMENT=41;
COMMIT;

/*!40101 SET CHARACTER_SET_CLIENT=@OLD_CHARACTER_SET_CLIENT */;
/*!40101 SET CHARACTER_SET_RESULTS=@OLD_CHARACTER_SET_RESULTS */;
/*!40101 SET COLLATION_CONNECTION=@OLD_COLLATION_CONNECTION */;
