-- phpMyAdmin SQL Dump
-- version 4.8.5
-- https://www.phpmyadmin.net/
--
-- Host: 127.0.0.1
-- Generation Time: Dec 02, 2021 at 10:49 AM
-- Server version: 10.1.38-MariaDB
-- PHP Version: 7.3.2

SET SQL_MODE = "NO_AUTO_VALUE_ON_ZERO";
SET AUTOCOMMIT = 0;
START TRANSACTION;
SET time_zone = "+00:00";


/*!40101 SET @OLD_CHARACTER_SET_CLIENT=@@CHARACTER_SET_CLIENT */;
/*!40101 SET @OLD_CHARACTER_SET_RESULTS=@@CHARACTER_SET_RESULTS */;
/*!40101 SET @OLD_COLLATION_CONNECTION=@@COLLATION_CONNECTION */;
/*!40101 SET NAMES utf8mb4 */;

--
-- Database: `qq`
--

-- --------------------------------------------------------

--
-- Table structure for table `df_staff`
--

CREATE TABLE `df_staff` (
  `staff_id` int(11) NOT NULL,
  `staff_fname` varchar(50) NOT NULL,
  `staff_lname` varchar(50) NOT NULL,
  `staff_username` varchar(50) NOT NULL,
  `staff_password` varchar(50) NOT NULL,
  `staff_bank_account` varchar(20) NOT NULL
) ENGINE=InnoDB DEFAULT CHARSET=utf8;

--
-- Dumping data for table `df_staff`
--

INSERT INTO `df_staff` (`staff_id`, `staff_fname`, `staff_lname`, `staff_username`, `staff_password`, `staff_bank_account`) VALUES
(1, 'นพ.กฤษณ์', 'ลีมะสวัสดิ์', 'user1', '1625', '5664111625'),
(2, 'นพ.กฤษณ์', 'ปัญจสวัสดิ์วงศ์', 'user2', '4393', '5664684393'),
(3, 'นพ.กันตภพ', 'ศิวเวทพิกุล', 'user3', '1043', '5664711043'),
(4, 'นพ.กัมปนาท', 'นาสิทธิ์', 'user4', '4987', '5665414987'),
(5, 'ศ.นพ.กำพล', 'กลั่นกลิ่น', 'user5', '4288', '5662004288'),
(6, 'นพ.กิตติ', 'เทียนขาว', 'user6', '3378', '5665203378'),
(7, 'นพ.กิตติธัช', 'พงษ์พันธุ์', 'user7', '4945', '5665414945'),
(8, 'นพ.กิตติพันธุ์', 'ฤกษ์เกษม', 'user8', '2732', '5662492732'),
(9, 'นพ.กิตติศักดิ์', 'อุ่นศรีส่ง', 'user9', '0494', '5662720494'),
(10, 'นพ.ขจรศักดิ์', 'นพคุณ', 'user10', '1707', '5665331707'),
(11, 'นพ.จตุชาติ', 'ชุติพงศ์สถาพร', 'user11', '2198', '5664532198'),
(12, 'นพ.จรัสพงศ์', 'วุฒิวงศ์', 'user12', '3484', '5665133484'),
(13, 'นพ.จักรกฤษณ์', 'กีรติเรืองรอง', 'user13', '6028', '5665416028'),
(14, 'นพ.จิรชาติ', 'ไกรศรินท์', 'user14', '1560', '5662551560'),
(15, 'นพ.จุติสิน', 'เลิศบุญยพันธ์', 'user15', '0445', '5664790445'),
(16, 'นพ.เฉลิมพล', 'สุริวรรณ', 'user16', '1213', '5664711213'),
(17, 'นพ.ชญาศักดิ์', 'วันทนียวงค์', 'user17', '2974', '5665202974'),
(18, 'นพ.ชนมวรรธน์', 'บุณยนฤธี', 'user18', '5497', '5665345497'),
(19, 'นพ.ชนะการ', 'พรพัฒน์กุล', 'user19', '9007', '5662319007'),
(20, 'นพ.ชวยศ', 'หาญหิรัญ', 'user20', '2731', '5664622731'),
(21, 'นพ.ชัจชลิต', 'วัฒนากูล', 'user21', '7642', '5665417642'),
(22, 'นพ.ชัชนนท์', 'กัมทรทิพย์', 'user22', '1575', '5665271575'),
(23, 'นพ.ชัยยุทธ', 'เจริญธรรม', 'user23', '7471', '5664277471'),
(24, 'นพ.ชุติเทพ', 'ทีฆพุฒิ', 'user24', '1648', '5665271648'),
(25, 'นพ.เชน', 'ชัยชาญชีพ', 'user25', '0631', '5664790631'),
(26, 'นพ.เชษฐ', 'ศิวะสมบูรณ์', 'user26', '0643', '5662230643'),
(27, 'นพ.โชฎก', 'พรหมแสนจันทร์', 'user27', '4953', '5665414953'),
(28, 'นพ.ณัฏฐ์', 'บุณยะวิโรจ', 'user28', '9704', '5665489704'),
(29, 'นพ.ณัฐพงศ์', 'โฆษชุณหนันท์', 'user29', '9688', '5662389688'),
(30, 'นพ.ณัฐพล', 'ศิริโภคารัตนา', 'user30', '4845', '5664974845'),
(31, 'นพ.ณัฐรุจน์', 'ชัยพุทธานุกุล', 'user31', '4332', '5665204332'),
(32, 'นพ.ณัทกร', 'เผ่าพงษ์ทอง', 'user32', '1682', '5665071682'),
(33, 'นพ.ณัทวุฒิ', 'เฮงจีระจรัส', 'user33', '5965', '5664325965'),
(34, 'นพ.ดล', 'ธารไพรสาณฑ์', 'user34', '2927', '5664622927'),
(35, 'นพ.ดำรงค์', 'วิวัฒน์วงศ์วนา', 'user35', '8271', '5664498271'),
(36, 'นพ.เด่นชัย', 'ชัยสวัสดิ์', 'user36', '3584', '5665343584'),
(37, 'นพ.เติมพงศ์', 'เรียนแพง', 'user37', '1196', '5664691196'),
(38, 'นพ.ทินวัฒน์', 'วินัย', 'user38', '2897', '5665342897'),
(39, 'นพ.ธนกฤต', 'ปิยเจริญกิจ', 'user39', '2352', '5664892352'),
(40, 'นพ.ธนพ', 'ศรีสุวรรณ', 'user40', '2485', '5664672485'),
(41, 'นพ.ธนวัฒน์', 'เบญจานุวัตรา', 'user41', '8765', '5662188765'),
(42, 'นพ.ธนา', 'นิพิทสุขการ', 'user42', '3274', '5662003274'),
(43, 'นพ.ธนาวัฒก์', 'รัตนธรรมเมธี', 'user43', '6092', '5664326092'),
(44, 'นพ.ธนินนิตย์', 'ลีรพันธ์', 'user44', '4046', '5662624046'),
(45, 'นพ.ธนู', 'หินทอง', 'user45', '2183', '5662142183'),
(46, 'นพ.ธเนศ', 'ชิตาพนารักษ์', 'user46', '1948', '5662431948'),
(47, 'นพ.ธเนศ', 'ขัตติพัฒนาพงษ์', 'user47', '8729', '5664188729'),
(48, 'นพ.ธัชธรรม์', 'สุขสมบูรณ์เจริญ', 'user48', '2588', '5664512588'),
(49, 'นพ.ธานัท', 'กันธะวัง', 'user49', '2686', '5664962686'),
(50, 'นพ.ธิตินัท', 'ไม้หอม', 'user50', '1981', '5665271981'),
(51, 'นพ.ธีรเจต', 'กิตติภูมิ', 'user51', '2441', '5664892441'),
(52, 'นพ.ธีรนัย', 'พยัฒวิเชียร', 'user52', '3169', '5664623169'),
(53, 'นพ.เธียรไชย', 'ภัทรสกุลชัย', 'user53', '1079', '4360101079'),
(54, 'นพ.นครินทร์', 'อินมุตโต', 'user54', '2051', '5664352051'),
(55, 'นพ.นนท์', 'พิพิธสมบัติ', 'user55', '3576', '5665343576'),
(56, 'นพ.นพรัตน์', 'ธนะชัยขันธ์', 'user56', '5616', '5662025616'),
(57, 'นพ.นภัทร', 'โตวณะบุตร', 'user57', '1027', '5662691027'),
(58, 'นพ.นัฐพงษ์', 'นิมิตรรุ่งทวี', 'user58', '2774', '5664532774'),
(59, 'นพ.นันทวิช', 'สุคนธเวศ', 'user59', '8379', '5662208379'),
(60, 'นพ.นิเทศก์', 'แก้วสว่าง', 'user60', '3308', '5665183308'),
(61, 'นพ.นิธิ', 'ธินรุ่งโรจน์', 'user61', '9682', '5664029682'),
(62, 'นพ.บุญส่ง', 'เกษมพิทักษ์พงค์', 'user62', '6886', '5665596886'),
(63, 'นพ.ปกป้อง', 'พิริยคุณธร', 'user63', '7640', '5664867640'),
(64, 'นพ.ปรเมษฐ์', 'วินิจจะกูล', 'user64', '0180', '5664390180'),
(65, 'นพ.ประสิทธิ์', 'วงศ์ตรีรัตนชัย', 'user65', '1602', '5662741602'),
(66, 'นพ.ปาณัสม์', 'เจษฎาพร', 'user66', '6335', '5664326335'),
(67, 'นพ.ปีรติวัจน์', 'ปั้นเพ็ง', 'user67', '7579', '5665417579'),
(68, 'นพ.ปูรณ์', 'อภิชาติปิยกุล', 'user68', '3509', '5664623509'),
(69, 'นพ.พงศกร', 'สุตินกาศ', 'user69', '2104', '5664792104'),
(70, 'นพ.พงษ์ศิริ', 'ปรารถนาดี', 'user70', '0585', '5662000585'),
(71, 'นพ.พศุตม์', 'จุฑารัตนากูล', 'user71', '3591', '5664623591'),
(72, 'นพ.พิชิตชัย', 'อรรถโกมล', 'user72', '6440', '5664326440'),
(73, 'นพ.พิภู', 'ถาวรชีวิน', 'user73', '4042', '5665414042'),
(74, 'นพ.พิรัฐ', 'ศิริพิพัฒนมงคล', 'user74', '2432', '5664962432'),
(75, 'นพ.พุทธิพงศ์', 'หริณวรรณ', 'user75', '0524', '5665280524'),
(76, 'นพ.ไพรัตน์', 'พฤกษชาติคุณ', 'user76', '6683', '5662016683'),
(77, 'นพ.ภากร', 'เกิดสินธ์ชัย', 'user77', '5427', '5664975427'),
(78, 'นพ.ภานุวัฒน์', 'ลาภพิเศษพันธุ์', 'user78', '3779', '5664623779'),
(79, 'นพ.ภาสกร', 'สวัสดิรักษ์', 'user79', '1797', '5664261797'),
(80, 'นพ.ภาสุ', 'วิภาตะนัย', 'user80', '5228', '5665345228'),
(81, 'นพ.ภูมิพัฒน์', 'โล่ห์สุริยะ', 'user81', '4937', '5665414937'),
(82, 'นพ.ภูริพงศ์', 'กิจดำรงธรรม', 'user82', '0356', '5664270356'),
(83, 'นพ.ภูริพงศ์', 'จันทิมา', 'user83', '6981', '5664466981'),
(84, 'นพ.ภูวพงศ์', 'นิ่มกิ่งรัตน์', 'user84', '2697', '5664112697'),
(85, 'นพ.ภูวิชญ์', 'เจริญเชื้อ', 'user85', '5976', '5665325976'),
(86, 'นพ.มติ', 'เชื้อมโนชาญ', 'user86', '2710', '5664112710'),
(87, 'นพ.มีน', 'หมั่นพินิจ', 'user87', '6408', '5665136408'),
(88, 'นพ.ยรรยง', 'บุญมี', 'user88', '4238', '5665414238'),
(89, 'นพ.ยอดยิ่ง', 'ปัญจสวัสดิ์วงศ์', 'user89', '2079', '5662012079'),
(90, 'นพ.ยุติธรรม', 'สุตีคา', 'user90', '2516', '5662592516'),
(91, 'นพ.ยุทธพันธ์', 'วรรณโสภา', 'user91', '2280', '5664762280'),
(92, 'นพ.รนกฤต', 'เมธังกูร', 'user92', '3007', '5664893007'),
(93, 'นพ.ฤทธิกร', 'พรไพศาลสกุล', 'user93', '1635', '5665201635'),
(94, 'นพ.วรพล', 'โชติวงศ์วชิร', 'user94', '5912', '5665405912'),
(95, 'นพ.วรวิทย์', 'ศรีธาราธิคุณ', 'user95', '0891', '5665280891'),
(96, 'นพ.วรวุธ', 'ลาภพิเศษพันธุ์', 'user96', '6512', '5665266512'),
(97, 'นพ.วิทวัส', 'วุฒิวงศ์', 'user97', '7212', '5664467212'),
(98, 'นพ.วิศัลย์', 'อนุตระกูลชัย', 'user98', '2906', '5664112906'),
(99, 'นพ.วุฒินันท์', 'มนัสสุนทรวุฒิ', 'user99', '0540', '5665280540'),
(100, 'นพ.ศิริพงค์', 'เชี่ยวชาญธนกิจ', 'user100', '1259', '5662231259'),
(101, 'นพ.ศิวัฒม์', 'ภู่ริยะพันธ์', 'user101', '5289', '5662535289'),
(102, 'นพ.ศุภณ', 'ศรีพลากิจ', 'user102', '0074', '5662320074'),
(103, 'นพ.เศรษฐพงศ์', 'บุญศรี', 'user103', '7064', '5662767064'),
(104, 'นพ.สักกาเดช', 'ลิ้มมหาคุณ', 'user104', '2213', '5665122213'),
(105, 'นพ.สัณหวิชญ์', 'จันทร์รังสี', 'user105', '0832', '5664000832'),
(106, 'นพ.สัตยา', 'โรจนเสถียร', 'user106', '2689', '5662012689'),
(107, 'นพ.สารนาถ', 'ออรพินท์', 'user107', '9373', '5664509373'),
(108, 'นพ.สิทธิพงษ์', 'ระย้าแก้ว', 'user108', '4961', '5665414961'),
(109, 'นพ.สินธิป', 'พัฒนะคูหา', 'user109', '7738', '5664997738'),
(110, 'นพ.สิริมหาจักร', 'เกียรติไชยากร', 'user110', '4999', '5664264999'),
(111, 'นพ.สุทธิภาศ', 'พงศ์มณี', 'user111', '2306', '5664432306'),
(112, 'นพ.สุรเชษฐ์', 'วงษ์นิ่ม', 'user112', '1057', '5664691057'),
(113, 'นพ.สุรพงษ์', 'หล่อสมฤดี', 'user113', '9211', '5662679211'),
(114, 'นพ.สุรศักดิ์', 'บุณยฤทธิชัยกิจ', 'user114', '5030', '5662045030'),
(115, 'นพ.สุรัตน์', 'ตันประเวช', 'user115', '3171', '5664263171'),
(116, 'นพ.สุริธร', 'สุนทรพันธ์', 'user116', '5268', '5662045268'),
(117, 'นพ.สุวรรณ', 'แสนหมี่', 'user117', '1171', '5664001171'),
(118, 'นพ.สุวิจักษณ์', 'ถิ่นว่อง', 'user118', '1767', '4320211767'),
(119, 'นพ.หาญพล', 'ขลิบเงิน', 'user119', '0994', '5664390994'),
(120, 'นพ.อดิศักดิ์', 'กิตติสาเรศ', 'user120', '1311', '5664601311'),
(121, 'นพ.อติคุณ', 'ลิ้มสุคนธ์', 'user121', '3185', '5664123185'),
(122, 'นพ.อติชาต', 'วังเมือง', 'user122', '9982', '5665489982'),
(123, 'นพ.อธิวัฒน์', 'สุนทรพันธ์', 'user123', '6874', '5664666874'),
(124, 'นพ.อนุชาติ', 'มาธนะสารวุฒิ', 'user124', '3750', '5664493750'),
(125, 'นพ.อภิรักษ์', 'แสงสิน', 'user125', '4790', '5664254790'),
(126, 'นพ.อภิวิช', 'มงคลกำธร', 'user126', '2943', '5665412943'),
(127, 'นพ.อภิศักดิ์', 'สุนทรพันธ์', 'user127', '5043', '5664695043'),
(128, 'นพ.อวิรุทธ์', 'อุ่นอารมย์', 'user128', '1724', '5665201724'),
(129, 'นพ.อัคร', 'อมันตกุล', 'user129', '3754', '5664533754'),
(130, 'นพ.อัครพร', 'เนาววิรุทธ์', 'user130', '2557', '5665552557'),
(131, 'นพ.อาทิตย์', 'เสมอเชื้อ', 'user131', '6574', '5664596574'),
(132, 'นพ.อานน', 'ทัศนะบรรจง', 'user132', '7689', '5665487689'),
(133, 'นพ.อิศราพงษ์', 'เพียรงาน', 'user133', '4602', '5664624602'),
(134, 'นพ.เอกภัทร์', 'โภคศิริ', 'user134', '5914', '5664975914'),
(135, 'นพ.เอกรินทร์', 'ศุภตระกูล', 'user135', '7610', '5664467610'),
(136, 'รศ.นพ.ธีรกร', 'ธีรกิตติกุล', 'user136', '6787', '5662346787'),
(137, 'ผศ.พญ.นัทธยา', 'ปัทมภาสพงษ์', 'user137', '3783', '5664063783'),
(138, 'ผศ.พญ.วิทธนี', 'ณ เชียงใหม่', 'user138', '2093', '5662232093'),
(139, 'พญ.กนกกาญจน์', 'ภิญโญพรพาณิชย์', 'user139', '4366', '5664974366'),
(140, 'พญ.กนกขวัญ', 'เอื้อวิริยานุกูล', 'user140', '0482', '5665070482'),
(141, 'พญ.กนกวรรณ', 'ภิญโญพรพาณิชย์', 'user141', '9480', '5664389480'),
(142, 'พญ.กรปวีณ์', 'ปุณณโกศล', 'user142', '1001', '5664711001'),
(143, 'พญ.กรรณิการ์', 'สมิทธิเศรษฐ์', 'user143', '0314', '5664790314'),
(144, 'พญ.ขวัญสุรางค์', 'รัตนจันทร์', 'user144', '6942', '5665486942'),
(145, 'พญ.ข้าวขวัญ', 'หนูเอก', 'user145', '5332', '5665345332'),
(146, 'พญ.จินตนา', 'รุจิเวชพงศธร', 'user146', '3485', '5664253485'),
(147, 'พญ.จิรัญญา', 'ตีระวณิชย์', 'user147', '9913', '5664909913'),
(148, 'พญ.จุฬารัตน์', 'ดวงแก้ว', 'user148', '4633', '5664974633'),
(149, 'พญ.จุฬาลักษณ์', 'ตั้งมั่นคงวรกุล', 'user149', '1798', '5664111798'),
(150, 'พญ.เจนจิต', 'ชูวุฒยากร', 'user150', '9558', '5662279558'),
(151, 'พญ.ชนิศา', 'พรชัยสกุลดี', 'user151', '4163', '5665134163'),
(152, 'พญ.ฐปณีย์', 'วณิชชากร', 'user152', '0753', '5662740753'),
(153, 'พญ.ณัฐสุดา', 'โพธิกุล', 'user153', '1371', '5665271371'),
(154, 'พญ.ตาณทิพ', 'จิรัฐติกาลสกุล', 'user154', '0704', '5664790704'),
(155, 'พญ.ทรรศลักษณ์', 'ทองหงษ์', 'user155', '3951', '5664263951'),
(156, 'พญ.ธนิกา', 'เกตุเผือก', 'user156', '7987', '4071017987'),
(157, 'พญ.ธันย์สิตา', 'กมลศรีพัฒน์', 'user157', '2425', '5664892425'),
(158, 'พญ.ธิดารัตน์', 'ลีอังกูรเสถียร', 'user158', '7087', '5662537087'),
(159, 'พญ.นลินี', 'จิณเสน', 'user159', '4718', '5665344718'),
(160, 'พญ.นันทพร', 'ตียพันธ์', 'user160', '6132', '8792026132'),
(161, 'พญ.นันทพร', 'นาวารวงศ์', 'user161', '3274', '5664623274'),
(162, 'พญ.นิพาวรรณ', 'ไวศยะนันท์', 'user162', '0176', '5664430176'),
(163, 'พญ.บุศรินทร์', 'เนตรอนงค์', 'user163', '0940', '5664790940'),
(164, 'พญ.บุษยามาส', 'ชีวสกุลยง', 'user164', '3186', '5664053186'),
(165, 'พญ.ปรางค์มาลี', 'ลือชารัศมี', 'user165', '3998', '5664253998'),
(166, 'พญ.ปรียานุช', 'คุณทรงเกียรติ', 'user166', '0211', '5664390211'),
(167, 'พญ.ปัทมา', 'โกมุทบุตร', 'user167', '6547', '5662766547'),
(168, 'พญ.ปาริชาติ', 'สาลี', 'user168', '2492', '5662642492'),
(169, 'พญ.ปีติชา', 'ตันประเสริฐ', 'user169', '4189', '5665134189'),
(170, 'พญ.ผกามาศ', 'พสกภักดี', 'user170', '4854', '5662704854'),
(171, 'พญ.พิชชาพร', 'ผุดผ่อง', 'user171', '5299', '5664975299'),
(172, 'พญ.พิมลพรรณ', 'รัตนพัฒนากุล', 'user172', '1297', '5664791297'),
(173, 'พญ.ไพลิน', 'คงมีผล', 'user173', '8914', '5662678914'),
(174, 'พญ.ภวิกา', 'ฤกษ์ธรรมกิจ', 'user174', '1831', '5664711831'),
(175, 'พญ.ภาณุมาศ', 'คำเขื่อน', 'user175', '3592', '5665343592'),
(176, 'พญ.ภิรมยา', 'ใจบุญ', 'user176', '2920', '5664892920'),
(177, 'พญ.เมตตาภรณ์', 'พรพัฒน์กุล', 'user177', '5751', '5664505751'),
(178, 'พญ.เยาวลักษณ์', 'ช่างรัตนกร', 'user178', '3249', '5664713249'),
(179, 'พญ.รุจิรา', 'รุจิเวชพงศธร', 'user179', '3892', '5664623892'),
(180, 'พญ.ลลิตา', 'นรเศรษฐ์ธาดา', 'user180', '0471', '5662430471'),
(181, 'พญ.ลลิตา', 'ฮั่นตระกูล', 'user181', '9793', '5664909793'),
(182, 'พญ.ลักขณา', 'อดิเรกลาภวงศ์', 'user182', '1459', '5664791459'),
(183, 'พญ.ลินดา', 'หรรษภิญโญ', 'user183', '9865', '5664599865'),
(184, 'พญ.วณิชชา', 'จันทร์หลวง', 'user184', '3057', '5664893057'),
(185, 'พญ.วรพร', 'ชัยกิจมงคล', 'user185', '9248', '5664429248'),
(186, 'พญ.วรางคณา', 'ลาภพิเศษพันธุ์', 'user186', '6208', '5664946208'),
(187, 'พญ.วรางคณา', 'อาภรณ์ชยานนท์', 'user187', '7230', '5662667230'),
(188, 'พญ.วลัยกร', 'คำเขียว', 'user188', '9178', '5665489178'),
(189, 'พญ.วิภาวี', 'มรกต', 'user189', '2154', '5664712154'),
(190, 'พญ.ศณัฏฐา', 'พรมพิทักษ์', 'user190', '3568', '5665343568'),
(191, 'พญ.ศรีสุลักษณ์', 'คะชา', 'user191', '5865', '5664695865'),
(192, 'พญ.ศศิวิมล', 'เทพจักร์', 'user192', '4045', '5664894045'),
(193, 'ผศ.พญ.ศุภวรรณ', 'บูรณพิร', 'user193', '7628', '5662387628'),
(194, 'พญ.สมหญิง', 'ดำนิล', 'user194', '3641', '5664873641'),
(195, 'พญ.สรัตวดี', 'หล่อสมฤดี', 'user195', '7221', '5662797221'),
(196, 'พญ.สริตา', 'มุกุระ', 'user196', '1726', '5664791726'),
(197, 'พญ.สลิตา', 'อังกุรวรานนท์', 'user197', '4832', '5665214832'),
(198, 'พญ.สลิล', 'กีรติกานนท์', 'user198', '1734', '5664791734'),
(199, 'พญ.สายสวาท', 'ไชยเศรษฐ', 'user199', '3970', '5662353970'),
(200, 'พญ.สิริกาญจน์', 'ลิมปกาญจน์', 'user200', '4448', '5662264448'),
(201, 'พญ.เหมือนพลอย', 'นิภารักษ์', 'user201', '7006', '5664327006'),
(202, 'พญ.อภิจารวี', 'สุริยะ', 'user202', '3403', '5665343403'),
(203, 'พญ.อรอนงค์', 'อุดมศิริธำรง', 'user203', '2618', '5665412618'),
(204, 'พญ.อรุณทิพย์', 'ลือชูวงศ์', 'user204', '4513', '5664624513'),
(205, 'พญ.อังคณา', 'นัดสาสาร', 'user205', '0234', '5664600234'),
(206, 'พญ.อัมพิกา', 'มังคละพฤกษ์', 'user206', '4196', '4057764196'),
(207, 'พญ.อานันท์ชนก', 'ศฤงคารินกุล', 'user207', '0280', '5662400280'),
(208, 'พญ.อารีวรรณ', 'สมหวังประเสริฐ', 'user208', '0407', '5662730407'),
(209, 'พญ.อิงฟ้า', 'นิยมกูล', 'user209', '6594', '5665486594'),
(210, 'รศ.นพ.ชัยวัฒน์', 'บำรุงกิจ', 'user210', '9605', '5662219605'),
(211, 'รศ.นพ.ธนวัฒน์', 'วะสีนนท์', 'user211', '3204', '5664063204'),
(212, 'รศ.นพ.พีระศักดิ์', 'เลิศตระการนนท์', 'user212', '9222', '5662389222'),
(213, 'รศ.นพ.อรรถวุฒิ', 'ดีสมโชค', 'user213', '4027', '5662494027'),
(214, 'รศ.พญ.กานดา', 'เมฆใจดี', 'user214', '7715', '5662087715'),
(215, 'รศ.พญ.จันทิมา', 'เอื้อตรงจิตต์', 'user215', '9595', '5662709595'),
(216, 'รศ.พญ.ตันหยง', 'พิพานเมฆาภรณ์', 'user216', '5816', '5662445816'),
(217, 'รศ.พญ.ยุพา', 'สุมิตสวรรค์', 'user217', '7829', '5664777829'),
(218, 'รศ.พญ.สุวลี', 'พจมานวิพุธ', 'user218', '9895', '5662379895'),
(219, 'ศ.พญ.มาลัย', 'มุตตารักษ์', 'user219', '4204', '5662024204'),
(220, 'อ.นพ.จักรี', 'หมัดล่า', 'user220', '3406', '5664783406'),
(221, 'อ.นพ.ยุตติ', 'อมรเลิศวัฒนา', 'user221', '4694', '5665414694'),
(222, 'อ.นพ.รักษ์', 'ตนานุวัฒน์', 'user222', '2727', '5662142727'),
(223, 'นพ.วรกิตติ', 'ลาภพิเศษพันธุ์', 'user223', '7115', '5664467115'),
(224, 'พญ.มัณฑนา', 'ยี่หวา', 'user224', '5366', '5665345366'),
(225, 'นพ.นำทัพ', 'เหล็กกล้า', 'user225', '9657', '5665489657'),
(226, 'นพ.สุรพงศ์', 'ตั้งสัตยวาที', 'user226', '9152', '5665489152'),
(227, 'นพ.ณภัทร', 'นพรัตน์ไกรลาศ', 'user227', '4756', '5664974756'),
(228, 'นพ.ธนากร', 'รอดสการ', 'user228', '2109', '5665552109'),
(229, 'นพ.ปฏิพัทธ์', 'จินะธรรม', 'user229', '6670', '5665416670'),
(230, 'นพ.พฤทธิ์', 'คูศิริสิน', 'user230', '3575', '5664623575'),
(231, 'นพ.สมพันธ์', 'ผดุงเกียรติ', 'user231', '3509', '5662003509'),
(232, 'นพ.ระบิล', 'กำมณี', 'user232', '5340', '5665345340'),
(233, 'นพ.คมฉัตร', 'แก้วบัวดี', 'user233', '2874', '5665552874'),
(234, 'นพ.อติวิชญ์', 'แสงเรืองไร', 'user234', '9889', '5665089889'),
(235, 'นพ.ธีรพัฒน์', 'ตันพิริยะกุล', 'user235', '2625', '5665542625'),
(236, 'พญ.ชนมน', 'เมฆสุริเยนทร์', 'user236', '4691', '5664974691'),
(237, 'นพ.ณัฐรัฐ', 'นาครัชตะอมร', 'user237', '3234', '5665213234'),
(238, 'นพ.พลากร', 'พัฒนศิษฏางกูร', 'user238', '3242', '5665213242'),
(239, 'ผศ.นพ.มล.พันธุ์ภัทร์', 'จักรพันธุ์', 'user239', '1592', '5664351592'),
(240, 'นพ.ศรัญ', 'พรมวังขวา', 'user240', '2823', '5665182823'),
(241, 'พญ.ปรัชญ์หทัย', 'ชิตไทสง', 'user241', '1001', '5664791001'),
(242, 'พญ.สุชาดา', 'อินทร์ยา', 'user242', '7126', '5665487126'),
(243, 'พญ.หฤทชนัน', 'มาลัยรุ่งสกุล', 'user243', '5789', '5664975789'),
(244, 'พญ.อิงฟ้า', 'ชนะนนท์', 'user244', '5711', '5665155711'),
(245, 'พญ.อัจฉรียา', 'วิวัฒน์วงศ์วนา', 'user245', '2485', '5662552485'),
(246, 'นพ.ณัฐ', 'อดุลย์เกษม', 'user246', '2473', '5665342473'),
(247, 'นพ.ตุล', 'ชัยกิจมงคล', 'user247', '2450', '5664782450'),
(248, 'นพ.ชลกานต์', 'วโรภาษ', 'user248', '3834', '5665413834'),
(249, 'นพ.ชวาทิพย์', 'ลีรัตนากร', 'user249', '7286', '5665417286'),
(250, 'นพ.วิชญะ', 'วงษ์พิทักษ์', 'user250', '5446', '5665415446'),
(251, 'นพ.สุรเชษฐ์', 'รุณรักษา', 'user251', '7416', '5664467416'),
(252, 'พญ.ณัฐฑ์นันท์', 'ตาเจริญเมือง', 'user252', '0203', '5665600203'),
(253, 'นพ.กฤติคุณ', 'ตระกูลสุขรัตน์', 'user253', '8910', '5665488910'),
(254, 'พญ.ภัทราพร', 'ตาเจริญเมือง', 'user254', '4203', '5664254203'),
(255, 'พญ.สุนิษา', 'คุรุธรรมานนท์', 'user255', '0830', '5665550830'),
(256, 'นพ.เกษม', 'อุตวิชัย', 'user256', '6947', '5662046947'),
(257, 'นพ.ประโยชน์', 'จงอยู่สุข', 'user257', '4026', '5662004026'),
(258, 'นพ.สมศักดิ์', 'เพชรโสภณสกุล', 'user258', '4107', '5662084107'),
(259, 'พญ.ณัชชา', 'วิวัฒน์คุณูปการ', 'user259', '9740', '5665069740'),
(260, 'พญ.ศศิวิมล', 'มูลกะเยาว์', 'user260', '5402', '5665155402'),
(261, 'นพ.ปฏิญญา', 'สุริยงค์', 'user261', '9083', '5665089083'),
(262, 'พญ.สุภาวิตา', 'เปลี่ยนนวม', 'user262', '5614', '5665155614'),
(263, 'พญ.ปุญญิสา', 'อินไทย', 'user263', '2531', '5665552531'),
(264, 'นพ.วีรพล', 'ทั้งไพศาล', 'user264', '4181', '5665414181'),
(265, 'พญ.วรรณวลียา', 'ธงทอง', 'user265', '9738', '5665489738'),
(266, 'พญ.หริยา', 'รัตนสกล', 'user266', '8724', '5665488724'),
(267, 'พญ.อมลยา', 'อมันตกุล', 'user267', '6350', '8682296350'),
(268, 'นพ.วรกันต์', 'วรธำรงผไท', 'user268', '2031', '5664712031'),
(269, 'นพ.วิชัย', 'ชื่นจงกลกุล', 'user269', '3820', '5662103820'),
(270, 'พญ.คุลิกา', 'ศรีสวาท', 'user270', '8469', '5665088469'),
(271, 'พญ.จุฑามาส', 'เจนยงศักดิ์', 'user271', '2002', '5665552002'),
(272, 'พญ.ณัฐชนก', 'นิยติวัฒน์ชาญชัย', 'user272', '2431', '5664532431'),
(273, 'พญ.แสงศิริ', 'ชุมแสงศรี', 'user273', '1834', '5665271834'),
(274, 'นพ.จิราวัฒน์', 'แสงสิน', 'user274', '5951', '5664465951'),
(275, 'นพ.ทวีทรัพย์', 'ชัยแก้ว', 'user275', '2952', '5665342952'),
(276, 'นพ.ธฤต', 'อิงครัตน์', 'user276', '1654', '5665411654'),
(277, 'นพ.นรากร', 'หมื่นตาบุตร', 'user277', '9009', '5665089009'),
(278, 'นพ.ปวีร์', 'ชลิดาพงศ์', 'user278', '2653', '5664892653'),
(279, 'พญ.กันธรากร', 'อุ่นจิตติ', 'user279', '1851', '5664891851'),
(280, 'พญ.อทิตยา', 'อภิวรรธกกุล', 'user280', '4424', '5664624424'),
(281, 'นพ.จิรวัฒน์', 'นุชพงษ์', 'user281', '1759', '5665611759'),
(282, 'นพ.พงศ์พันธุ์', 'เขาจารี', 'user282', '1432', '5665611432'),
(283, 'นพ.อนุชิต', 'ชัยอัมพร', 'user283', '2345', '5665552345'),
(284, 'นพ.วรเทพ', 'หวังตระกูลชัย', 'user284', '9520', '5665089520'),
(285, 'นพ.พงศธร', 'ทั้งสุข', 'user285', '1666', '5665551666'),
(286, 'พญ.พรรณนิภา', 'สุวรรณสม', 'user286', '2540', '5664112540'),
(287, 'รศ.พญ.สุรินทร์พร', 'ลิขิตเสถียร', 'user287', '0709', '5662620709'),
(288, 'นพ.ธนภัทร', 'เชาว์วิศิษฐ์เสรี', 'user288', '0738', '5664790738'),
(289, 'นพ.ภูมิ', 'ณรงค์เกียรติคุณ', 'user289', '1407', '5665201407'),
(290, 'นพ.อนุสรณ์', 'กองก่อ', 'user290', '3699', '5664533699'),
(291, 'นพ.ศรัณย์', 'ควรประเสริฐ', 'user291', '7466', '5662387466'),
(292, 'นพ.ธนวัฒน์', 'พันธุ์พรหม', 'user292', '4063', '5665484063'),
(293, 'นพ.ภาสวิชญ์', 'จวงทอง', 'user293', '1384', '5665201384'),
(294, 'นพ.รชานนท์', 'กาญจนศักดิ์ชัย', 'user294', '5225', '5665545225'),
(295, 'นพ.วรากร', 'จริงจิตร', 'user295', '7413', '5662657413'),
(296, 'พญ.พันสกาว', 'สันติเทวกุล', 'user296', '3870', '5665553870'),
(297, 'นพ.ศุภพงษ์', 'อาวรณ์', 'user297', '2435', '5662592435'),
(298, 'พญ.กชกร', 'แก้วบุตร', 'user298', '6332', '5665486332'),
(299, 'พญ.สริตา', 'มุกุระ', 'user299', '2768', '5665602768'),
(300, 'นพ.ณัฐพงศ์', 'เขียวษา', 'user300', '1238', '5665611238'),
(301, 'นพ.ธนภัทร', 'กัลยาวุฒิพงศ์', 'user301', '3305', '5665413305'),
(302, 'นพ.นัทธพงศ์', 'วิญญูหัตถกิจ', 'user302', '4799', '5665154799'),
(303, 'นพ.วัฒนกิจ', 'มุทิรางกูร', 'user303', '1818', '5665271818'),
(304, 'พญ.อมลยา', 'อมันตกุล', 'user304', '1904', '5664791904'),
(305, 'นพ.ชัยชิรัตน์', 'วงศ์จิรสกุล', 'user305', '3039', '5665343039'),
(306, 'นพ.เฉลิมเกียรติ', 'การสุทธิวิวัฒน์', 'user306', '5695', '5665485695'),
(307, 'นพ.ณภัทร', 'อิศราประทีปรัตน์', 'user307', '1331', '5665551331'),
(308, 'นพ.ดิว', 'สายอุดม', 'user308', '5502', '5665345502'),
(309, 'นพ.วรัชญ์', 'อภิวรรธกกุล', 'user309', '3099', '5664893099'),
(310, 'นพ.วิชชา', 'วิพุธอมร', 'user310', '5750', '5665485750'),
(311, 'นพ.สิรดนัย', 'วัฒนวงษ์คีรี', 'user311', '1658', '5665551658'),
(312, 'พญ.ปนัดดา', 'ทิพย์เดช', 'user312', '3659', '5664893659'),
(313, 'พญ.พรพิมล', 'เรือนคำ', 'user313', '9237', '5665089237'),
(314, 'พญ.สุพิชชา', 'กิจจานุกิจ', 'user314', '2028', '5665552028'),
(315, 'พญ.ศุพรทิพย์', 'หินทอง', 'user315', '1653', '5664791653'),
(316, 'นพ.ชิตวัน', 'ฝั้นชมภู', 'user316', '2145', '5665612145'),
(317, 'นพ.ธีรภัทร', 'แสงมีอานุภาพ', 'user317', '0819', '5664790819'),
(318, 'นพ.ปรัชญา', 'คล่องแคล่ว', 'user318', '5041', '5665665041'),
(319, 'นพ.พงษ์นิวัฒน์', 'จันทนา', 'user319', '5237', '5665665237'),
(320, 'นพ.วสุวิช', 'วันไชยธนวงศ์', 'user320', '1522', '5664791522'),
(321, 'นพ.ศุภโชค', 'พงษ์รัตนานุกูล', 'user321', '5776', '5665485776'),
(322, 'พญ.กานต์พิชมณชุ์', 'สุวรรณนิคม', 'user322', '2391', '5664622391'),
(323, 'พญ.กนกวรรณ', 'อร่ามรุณ', 'user323', '1519', '5665551519'),
(324, 'พญ.ชนิกาญจน์', 'อินสว่าง', 'user324', '5154', '5665345154'),
(325, 'พญ.สโรชา', 'ศรีจันทร์ดร', 'user325', '5733', '4330495733'),
(326, 'พญ.สุชัญญา', 'สิทธิรังสรรค์', 'user326', '1419', '5665341419'),
(327, 'พญ.อิชยา', 'คงมี', 'user327', '1674', '5665551674'),
(328, 'นพ.อานนท์', 'ศักดิ์เรืองแมน', 'user328', '5891', '5664975891'),
(329, 'พญ.ศมน', 'วานิชพงษ์พันธุ์', 'user329', '5613', '5664975613');

-- --------------------------------------------------------

--
-- Table structure for table `qq_call`
--

CREATE TABLE `qq_call` (
  `call_id` int(11) NOT NULL,
  `register_id` int(11) NOT NULL,
  `department_id` int(11) NOT NULL,
  `channel_id` int(11) NOT NULL,
  `call_datetime` datetime NOT NULL,
  `call_by` varchar(10) NOT NULL
) ENGINE=InnoDB DEFAULT CHARSET=utf8;

-- --------------------------------------------------------

--
-- Table structure for table `qq_channel`
--

CREATE TABLE `qq_channel` (
  `channel_id` int(11) NOT NULL,
  `channel_name` varchar(20) NOT NULL,
  `channel_number` int(11) NOT NULL,
  `department_id` int(11) NOT NULL,
  `site_id` int(11) NOT NULL
) ENGINE=InnoDB DEFAULT CHARSET=utf8;

--
-- Dumping data for table `qq_channel`
--

INSERT INTO `qq_channel` (`channel_id`, `channel_name`, `channel_number`, `department_id`, `site_id`) VALUES
(1, 'ห้องการเงิน ช่อง 4', 4, 8, 2),
(2, 'ห้องการเงิน ช่อง 5', 5, 8, 2),
(3, 'ห้องการเงิน ช่อง 6', 6, 8, 2),
(4, 'ห้องที่ 1', 1, 10, 1),
(5, 'ห้องที่ 2', 2, 10, 1),
(6, 'ห้องที่ 3', 3, 10, 1),
(7, 'ห้องที่ 4', 4, 10, 1),
(8, 'ห้องที่ 5', 5, 10, 1),
(9, 'ห้องที่ 6', 6, 10, 1),
(10, 'ช่องที่ 1', 1, 9, 1),
(11, 'ช่องที่ 2', 2, 9, 1),
(12, 'ช่องที่ 1', 1, 11, 2),
(13, 'ช่องที่ 2', 2, 11, 2),
(14, 'ช่องที่ 3', 3, 11, 2),
(15, 'ห้องที่ 1', 1, 5, 2),
(16, 'ห้องที่ 2', 2, 5, 2),
(17, 'ห้องที่ 3', 3, 5, 2),
(18, 'ห้องที่ 4', 4, 5, 2),
(19, 'ห้องที่ 5', 5, 5, 2);

-- --------------------------------------------------------

--
-- Table structure for table `qq_claim`
--

CREATE TABLE `qq_claim` (
  `claim_id` int(11) NOT NULL,
  `claim_name` varchar(100) NOT NULL,
  `claim_name_show` text NOT NULL
) ENGINE=InnoDB DEFAULT CHARSET=utf8;

--
-- Dumping data for table `qq_claim`
--

INSERT INTO `qq_claim` (`claim_id`, `claim_name`, `claim_name_show`) VALUES
(1, 'เบิกตรง', 'เบิกตรง'),
(2, 'อปท', 'อปท'),
(3, 'รัฐวิสาหกิจ', 'รัฐวิสาหกิจ'),
(4, 'เงินสด', 'เงินสด'),
(5, 'เบิกตรง สาธารณสุข', 'เบิกตรง กระทรวงสาธารณสุข'),
(6, 'เบิกตรง กทม.', 'เบิกตรง กรุงเทพมหานคร');

-- --------------------------------------------------------

--
-- Table structure for table `qq_department`
--

CREATE TABLE `qq_department` (
  `department_id` int(11) NOT NULL,
  `department_code` varchar(25) NOT NULL,
  `department_name` varchar(50) NOT NULL,
  `site_id` int(11) NOT NULL
) ENGINE=InnoDB DEFAULT CHARSET=utf8;

--
-- Dumping data for table `qq_department`
--

INSERT INTO `qq_department` (`department_id`, `department_code`, `department_name`, `site_id`) VALUES
(1, 'จุดคัดกรอง', 'จุดคัดกรอง', 2),
(2, 'ห้องเจาะเลือด ชั้น 2', 'ห้องเจาะเลือด ชั้น 2', 2),
(3, 'ห้องเอ็กซเรย์ชั้น 2', 'ห้องเอ็กซเรย์ชั้น 2', 2),
(4, 'คลินิกเวชกรรมฟื้นฟู ชั้น ', 'คลินิกเวชกรรมฟื้นฟู ชั้น 2', 2),
(5, 'หน้าห้องตรวจแพทย์ ชั้น 1', 'หน้าห้องตรวจแพทย์ ชั้น 1', 2),
(6, 'เคาน์เตอร์พยาบาล OPD', 'เคาน์เตอร์พยาบาล ชั้น 1', 2),
(7, 'ห้องยา (Verify)', 'ห้องยา (Verify)', 2),
(8, 'การเงิน', 'การเงิน ชั้น 1', 2),
(9, 'ห้องเจาะเลือด', 'ห้องเจาะเลือด ชั้น 1', 1),
(10, 'หน้าห้องตรวจแพทย์ ชั้น 3', 'หน้าห้องตรวจแพทย์ ชั้น 3', 1),
(11, 'ห้องยา (จ่ายยา)', 'ห้องยา (จ่ายยา)', 2),
(12, 'เคาน์เตอร์พยาบาล ชั้น 3', 'เคาน์เตอร์พยาบาล ชั้น 3', 1),
(13, 'WH', 'ศูนย์สุขภาพสตรี', 1),
(14, 'WH (เงินเชื่อศรีพัฒน์)', 'ศูนย์สุขภาพสตรี (เงินเชื่อศรีพัฒน์)', 1),
(15, 'PET/CT', 'ศูนย์ PET/CT', 1),
(16, 'ห้องยา (Verify)', 'ห้องยา (Verify) ชั้น 1', 1),
(17, 'การเงิน', 'การเงิน ชั้น 1', 1),
(18, 'ห้องยา (จ่ายยา)', 'ห้องยา (จ่ายยา) ชั้น 1', 1),
(19, 'LASIK', 'ศูนย์ LASIK', 1),
(25, 'หน้าห้องตรวจแพทย์ ชั้น 2', 'หน้าห้องตรวจแพทย์ ชั้น 2', 2),
(26, 'เคาน์เตอร์พยาบาล ชั้น 2', 'เคาน์เตอร์พยาบาล ชั้น 2', 2),
(27, 'discharge', 'เสร็จสิ้นกระบวนการ CMEx', 1),
(28, 'CFC', 'ศูนย์การแพทย์เพื่อการมีบุตร', 1);

-- --------------------------------------------------------

--
-- Table structure for table `qq_direction`
--

CREATE TABLE `qq_direction` (
  `direction_id` int(11) NOT NULL,
  `direction_name` text NOT NULL,
  `site_id` int(11) NOT NULL
) ENGINE=InnoDB DEFAULT CHARSET=utf8;

--
-- Dumping data for table `qq_direction`
--

INSERT INTO `qq_direction` (`direction_id`, `direction_name`, `site_id`) VALUES
(26, 'เจาะเลือดไม่พบแพทย์', 1),
(27, 'X-ray ไม่พบแพทย์', 1),
(28, 'เจาะเลือด และ X-ray ไม่พบแพทย์', 1),
(29, 'เจาะเลือด และพบแพทย์', 1),
(30, 'X-ray และพบแพทย์', 1),
(31, 'เจาะเลือด X-ray และพบแพทย์', 1),
(32, 'ตรวจสุขภาพ', 1),
(33, 'นัดพบแพทย์ ไม่มีหัตถการ', 1),
(34, 'DNA', 1),
(35, 'CT', 1),
(36, 'MRI', 1),
(37, 'ส่องกล้องทางเดินอาหาร', 1),
(38, 'ขอประวัติ พบแพทย์', 1),
(39, 'ขอประวัติ ไม่พบแพทย์', 1),
(40, 'LASIK', 1),
(41, 'WH', 1),
(42, 'PET/CT', 1),
(44, 'Refill ยา', 1),
(45, 'ซื้ออาหารเสริม', 1),
(47, '', 1),
(48, 'เจาเลือดไม่พบแพทย์', 2),
(49, 'X-ray ไม่พบแพทย์', 2),
(50, 'เจาะเลือดและ X-ray ไม่พบแพทย์', 2),
(51, 'เจาะเลือด พบแพทย์', 2),
(52, 'X-ray พบแพทย์', 2),
(53, 'เจาะเลือด X-ray พบแพทย์', 2),
(54, 'ตรวจสุขภาพ (ไม่มีโปรแกรม)', 2),
(55, 'พบแพทย์ ไม่มีหัตถการ', 2),
(56, 'CT', 2),
(57, 'MRI', 2),
(58, 'ส่องกล้องทางเดินอาหาร', 2),
(59, 'ขอประวัติ พบแพทย์', 2),
(60, 'ขอประวัติ ไม่พบแพทย์', 2);

-- --------------------------------------------------------

--
-- Table structure for table `qq_direction_detail`
--

CREATE TABLE `qq_direction_detail` (
  `direction_detail_id` int(11) NOT NULL,
  `direction_id` int(11) NOT NULL,
  `department_id` int(11) NOT NULL,
  `department_order` int(11) NOT NULL
) ENGINE=InnoDB DEFAULT CHARSET=utf8;

--
-- Dumping data for table `qq_direction_detail`
--

INSERT INTO `qq_direction_detail` (`direction_detail_id`, `direction_id`, `department_id`, `department_order`) VALUES
(88, 26, 9, 1),
(89, 26, 17, 2),
(90, 26, 27, 3),
(91, 27, 17, 1),
(92, 27, 27, 2),
(93, 28, 9, 1),
(94, 28, 17, 2),
(95, 28, 27, 3),
(96, 29, 9, 1),
(97, 29, 17, 2),
(98, 29, 10, 3),
(99, 29, 12, 4),
(100, 29, 16, 5),
(101, 29, 17, 6),
(102, 29, 18, 7),
(103, 29, 27, 8),
(104, 30, 17, 1),
(105, 30, 10, 2),
(106, 30, 12, 3),
(107, 30, 16, 4),
(108, 30, 17, 5),
(109, 30, 18, 6),
(110, 30, 27, 7),
(111, 31, 9, 1),
(112, 31, 17, 2),
(113, 31, 10, 3),
(114, 31, 12, 4),
(115, 31, 16, 5),
(116, 31, 17, 6),
(117, 31, 18, 7),
(118, 31, 27, 8),
(119, 32, 12, 1),
(120, 32, 9, 2),
(121, 32, 17, 3),
(122, 32, 10, 4),
(123, 32, 12, 5),
(124, 32, 16, 6),
(125, 32, 17, 7),
(126, 32, 18, 8),
(127, 32, 27, 9),
(128, 33, 10, 1),
(129, 33, 12, 2),
(130, 33, 16, 3),
(131, 33, 17, 4),
(132, 33, 18, 5),
(133, 33, 27, 6),
(134, 34, 12, 1),
(135, 34, 9, 2),
(136, 34, 17, 3),
(137, 34, 27, 4),
(138, 35, 12, 1),
(139, 35, 16, 2),
(140, 35, 17, 3),
(141, 35, 27, 4),
(142, 36, 12, 1),
(143, 36, 16, 2),
(144, 36, 17, 3),
(145, 36, 27, 4),
(146, 37, 12, 1),
(147, 37, 16, 2),
(148, 37, 17, 3),
(149, 37, 18, 4),
(150, 37, 27, 5),
(151, 38, 10, 1),
(152, 38, 12, 2),
(153, 38, 16, 3),
(154, 38, 17, 4),
(155, 38, 18, 5),
(156, 38, 27, 6),
(157, 39, 17, 1),
(158, 39, 27, 2),
(159, 40, 19, 1),
(160, 40, 17, 2),
(161, 40, 27, 3),
(162, 41, 13, 1),
(163, 41, 17, 2),
(164, 41, 27, 3),
(165, 42, 15, 1),
(166, 42, 17, 2),
(167, 42, 27, 3),
(168, 44, 16, 1),
(169, 44, 17, 2),
(170, 44, 18, 3),
(171, 44, 27, 4),
(172, 45, 16, 1),
(173, 45, 17, 2),
(174, 45, 18, 3),
(175, 45, 27, 4),
(176, 48, 2, 1),
(177, 48, 6, 2),
(178, 48, 8, 3),
(179, 49, 3, 1),
(180, 49, 8, 2),
(181, 50, 2, 1),
(182, 50, 3, 2),
(183, 50, 6, 3),
(184, 50, 8, 4),
(185, 51, 2, 1),
(186, 51, 5, 2),
(187, 51, 6, 3),
(188, 51, 7, 4),
(189, 51, 8, 5),
(190, 51, 11, 6),
(191, 52, 3, 1),
(192, 52, 5, 2),
(193, 52, 6, 3),
(194, 52, 7, 4),
(195, 52, 8, 5),
(196, 52, 11, 6),
(197, 53, 2, 1),
(198, 53, 3, 2),
(199, 53, 5, 3),
(200, 53, 6, 4),
(201, 53, 7, 5),
(202, 53, 8, 6),
(203, 53, 11, 7),
(204, 54, 6, 1),
(205, 54, 2, 2),
(206, 54, 3, 3),
(207, 54, 5, 4),
(208, 54, 6, 5),
(209, 54, 7, 6),
(210, 54, 8, 7),
(211, 55, 5, 1),
(212, 55, 6, 2),
(213, 55, 7, 3),
(214, 55, 8, 4),
(215, 55, 11, 5),
(216, 56, 6, 1),
(217, 56, 7, 2),
(218, 56, 8, 3),
(219, 57, 6, 1),
(220, 57, 7, 2),
(221, 57, 8, 3),
(222, 58, 6, 1),
(223, 58, 7, 2),
(224, 58, 8, 3),
(225, 58, 11, 4),
(226, 59, 5, 1),
(227, 59, 6, 2),
(228, 59, 7, 3),
(229, 59, 8, 4),
(230, 59, 11, 5),
(231, 60, 8, 1);

-- --------------------------------------------------------

--
-- Table structure for table `qq_document`
--

CREATE TABLE `qq_document` (
  `document_id` int(11) NOT NULL,
  `document_name` varchar(100) NOT NULL,
  `document_name_show` text NOT NULL
) ENGINE=InnoDB DEFAULT CHARSET=utf8;

--
-- Dumping data for table `qq_document`
--

INSERT INTO `qq_document` (`document_id`, `document_name`, `document_name_show`) VALUES
(1, 'ใบรับรองแพทย์สวนดอก (ไทย)', 'ใบรับรองแพทย์โรงพยาบาลมหารายนครเชียงใหม่ (ภาษาไทย)'),
(2, 'ใบรับรองแพทย์สวนดอก (Eng)', 'ใบรับรองแพทย์โรงพยาบาลมหารายนครเชียงใหม่ (ภาษาอังกฤษ)'),
(3, 'ใบรับรองแพทย์ CMEx (ไทย)', 'ใบรับรองแพทย์ศูนย์ความเป็นเลิศทางการแพทย์ (ภาษาไทย)'),
(4, 'ใบรับรองแพทย์ CMEx (Eng)', 'ใบรับรองแพทย์ศูนย์ความเป็นเลิศทางการแพทย์ (ภาษาอังกฤษ)'),
(5, 'ใบ NR', 'ใบรับรองการใช้ยา (NR)'),
(6, 'ประวัติการรักษา', 'ประวัติการรักษา');

-- --------------------------------------------------------

--
-- Table structure for table `qq_location`
--

CREATE TABLE `qq_location` (
  `location_id` int(11) NOT NULL,
  `location_name` varchar(100) NOT NULL,
  `location_name_show` text NOT NULL,
  `site_id` int(11) NOT NULL
) ENGINE=InnoDB DEFAULT CHARSET=utf8;

--
-- Dumping data for table `qq_location`
--

INSERT INTO `qq_location` (`location_id`, `location_name`, `location_name_show`, `site_id`) VALUES
(1, 'คัดกรอง', 'คัดกรอง', 2),
(2, 'LAB', 'เจาะเลือด ห้องปฏิบัติการ ชั้น 2', 2),
(3, 'X-ray', 'เอ็กซ์เรย์ ห้องเอ็กซ์เรย์ ชั้น 2', 2),
(4, 'Rehab', 'คลินิกเวชกรรมฟื้นฟู ชั้น 2', 2),
(5, 'OPD', 'ห้องตรวจผู้ป่วยนอกชั้น 1', 2),
(6, 'OPD 2', 'ห้องตรวจผู้ป่วยนอกชั้น 2', 2),
(7, 'การเงิน', 'ชำระเงิน ห้องการเงิน ชั้น 1', 2),
(8, 'ห้องเจาะเลือด ชั้น 1', 'ห้องเจาะเลือด ชั้น 1', 1),
(9, 'ห้องเอ็กซเรย์ ชั้น 1', 'ห้องเอ็กซเรย์ ชั้น 1', 1),
(10, 'คลินิกผู้ป่วยนอก ชั้น 3', 'คลินิกผู้ป่วยนอก ชั้น 3', 1),
(11, 'WH', 'ศูนย์สุขภาพสตรี ชั้น 3', 1),
(12, 'LASIK', 'ศูนย์เลสิค ชั้น 8', 1),
(13, 'PET/CT', 'ศูนย์เพทซีที และไซโคลตรอน ชั้น 1', 1),
(14, 'ห้องการเงิน ชั้น 1', 'ชำระเงิน ห้องการเงิน ชั้น 1', 1),
(15, 'ห้องยา ชั้น 1', 'รับยา ห้องยา ชั้น 1', 1),
(16, 'ห้องยา', 'รับยา ห้องยา ชั้น 1', 2);

-- --------------------------------------------------------

--
-- Table structure for table `qq_path`
--

CREATE TABLE `qq_path` (
  `path_id` int(11) NOT NULL,
  `path_name` varchar(255) NOT NULL,
  `direction_id` int(11) NOT NULL,
  `route_id` int(11) NOT NULL,
  `site_id` int(11) NOT NULL,
  `register_type` varchar(2) NOT NULL
) ENGINE=InnoDB DEFAULT CHARSET=utf8;

--
-- Dumping data for table `qq_path`
--

INSERT INTO `qq_path` (`path_id`, `path_name`, `direction_id`, `route_id`, `site_id`, `register_type`) VALUES
(6, 'เจาะเลือด ไม่พบแพทย์', 26, 9, 1, 'B'),
(7, 'X-ray ไม่พบแพทย์', 27, 10, 1, 'B'),
(8, 'เจาะเลือด และ X-ray ไม่พบแพทย์', 28, 11, 1, 'B'),
(9, 'เจาะเลือด และพบแพทย์', 29, 12, 1, 'B'),
(10, 'X-ray และพบแพทย์', 30, 13, 1, 'B'),
(11, 'เจาะเลือด X-ray และพบแพทย์', 31, 14, 1, 'B'),
(12, 'ตรวจสุขภาพ', 32, 15, 1, 'C'),
(13, 'พบแพทย์ ไม่มีหัตถการ', 33, 16, 1, 'A'),
(14, 'DNA', 34, 17, 1, 'B'),
(15, 'CT', 35, 18, 1, 'B'),
(16, 'MRI', 36, 19, 1, 'B'),
(17, 'ส่องกล้องทางเดินอาหาร', 37, 20, 1, 'B'),
(18, 'ขอประวัติ พบแพทย์', 38, 21, 1, 'A'),
(19, 'ขอประวัติ ไม่พบแพทย์', 39, 22, 1, 'A'),
(20, 'LASIK', 40, 23, 1, 'A'),
(21, 'WH', 41, 24, 1, 'A'),
(22, 'PET/CT', 42, 25, 1, 'A'),
(23, 'Refill ยา', 44, 26, 1, 'A'),
(24, 'ซื้ออาหารเสริม', 45, 27, 1, 'A'),
(25, 'เจาะเลือด ไม่พบแพทย์', 48, 28, 2, 'B'),
(26, 'X-ray ไม่พบแพทย์', 49, 29, 2, 'B'),
(27, 'เจาะเลือด X-ray ไม่พบแพทย์', 50, 30, 2, 'B'),
(28, 'เจาะเลือดพบแพทย์', 51, 31, 2, 'B'),
(29, 'X-ray พบแพทย์', 52, 32, 2, 'B'),
(30, 'เจาะเลือด X-ray พบแพทย์', 53, 33, 2, 'B'),
(31, 'ตรวจสุขภาพ (ไม่มีโปรแกรม)', 54, 34, 2, 'B'),
(32, 'พบแพทย์ ไม่มีหัตถการ', 55, 35, 2, 'A'),
(33, 'CT', 56, 36, 2, 'B'),
(34, 'MRI', 57, 37, 2, 'B'),
(35, 'ส่องกล้องทางเดินอาหาร', 58, 38, 2, 'B'),
(36, 'ขอประวัติ พบแพทย์', 59, 39, 2, 'A'),
(37, 'ขอประวัติ ไม่พบแพทย์', 60, 40, 2, 'A');

-- --------------------------------------------------------

--
-- Table structure for table `qq_printer`
--

CREATE TABLE `qq_printer` (
  `printer_id` int(11) NOT NULL,
  `printer_name` text NOT NULL,
  `printer_ip` text NOT NULL,
  `default_for_site` tinyint(11) NOT NULL,
  `site_id` int(11) NOT NULL
) ENGINE=InnoDB DEFAULT CHARSET=utf8;

--
-- Dumping data for table `qq_printer`
--

INSERT INTO `qq_printer` (`printer_id`, `printer_name`, `printer_ip`, `default_for_site`, `site_id`) VALUES
(1, 'เวชระเบียน GMC', '10.36.1.31', 1, 2),
(2, 'เวชระเบียน CMEx', '172.27.77.110', 1, 1);

-- --------------------------------------------------------

--
-- Table structure for table `qq_queue`
--

CREATE TABLE `qq_queue` (
  `queue_id` int(11) NOT NULL,
  `queue_date` date NOT NULL,
  `site_id` int(11) NOT NULL
) ENGINE=InnoDB DEFAULT CHARSET=utf8;

--
-- Dumping data for table `qq_queue`
--

INSERT INTO `qq_queue` (`queue_id`, `queue_date`, `site_id`) VALUES
(1, '2020-02-13', 0),
(2, '2020-02-14', 0),
(3, '2020-02-15', 0),
(4, '2020-02-16', 0),
(5, '2020-02-17', 0),
(6, '2020-04-19', 0),
(7, '2020-04-19', 2),
(8, '2020-04-19', 1),
(9, '2020-04-20', 2),
(10, '2020-04-21', 2),
(11, '2020-04-21', 1),
(12, '2020-04-24', 2),
(13, '2020-04-26', 2),
(14, '2020-05-08', 2),
(15, '2020-05-09', 2),
(16, '2020-05-12', 2),
(17, '2020-05-13', 1),
(18, '2020-05-13', 2),
(19, '2020-05-14', 1),
(20, '2020-05-14', 2),
(21, '2020-07-07', 1),
(22, '2020-07-07', 0),
(23, '2020-07-08', 1),
(24, '2020-07-13', 1),
(25, '2020-07-30', 1),
(26, '2020-07-31', 1),
(27, '2020-08-03', 1),
(28, '2020-08-07', 1),
(29, '2020-08-08', 1),
(30, '2020-10-27', 1),
(31, '2020-11-24', 1),
(32, '2020-11-24', 2),
(33, '2020-11-30', 1),
(34, '2021-03-06', 1),
(35, '2021-03-07', 1),
(36, '2021-03-08', 1),
(37, '2021-03-09', 1),
(38, '2021-03-10', 1),
(39, '2021-04-05', 1),
(42, '2021-10-07', 1),
(43, '2021-10-08', 1),
(44, '2021-10-11', 1),
(45, '2021-10-12', 1),
(46, '2021-10-14', 1),
(47, '2021-10-25', 1),
(48, '2021-10-26', 1),
(49, '2021-11-29', 1),
(50, '2021-12-02', 1);

-- --------------------------------------------------------

--
-- Table structure for table `qq_register`
--

CREATE TABLE `qq_register` (
  `register_id` int(11) NOT NULL,
  `register_type` varchar(2) NOT NULL,
  `register_number` varchar(5) NOT NULL,
  `register_hn` varchar(10) NOT NULL,
  `register_name` varchar(100) NOT NULL,
  `register_datetime` datetime NOT NULL,
  `register_by` varchar(10) NOT NULL,
  `queue_id` int(11) NOT NULL,
  `site_id` int(11) NOT NULL,
  `claim_name_show` text NOT NULL,
  `claim_other` text NOT NULL,
  `document_name_shows` text NOT NULL,
  `path_id` int(11) NOT NULL,
  `path_name` varchar(255) NOT NULL,
  `direction_id` int(11) NOT NULL,
  `route_id` int(11) NOT NULL,
  `department_names` text NOT NULL,
  `location_name_shows` text NOT NULL,
  `staff` varchar(100) NOT NULL,
  `telephone` varchar(20) NOT NULL,
  `speed_level` int(11) NOT NULL,
  `new_patient` tinyint(4) NOT NULL COMMENT 'คนไข้ลงทะเบียนใหม่',
  `not_print` tinyint(4) NOT NULL COMMENT 'ไม่ต้องพิมพ์'
) ENGINE=InnoDB DEFAULT CHARSET=utf8;

--
-- Dumping data for table `qq_register`
--

INSERT INTO `qq_register` (`register_id`, `register_type`, `register_number`, `register_hn`, `register_name`, `register_datetime`, `register_by`, `queue_id`, `site_id`, `claim_name_show`, `claim_other`, `document_name_shows`, `path_id`, `path_name`, `direction_id`, `route_id`, `department_names`, `location_name_shows`, `staff`, `telephone`, `speed_level`, `new_patient`, `not_print`) VALUES
(1, '', '1', '234324234', '', '2020-02-13 12:04:58', '61018', 1, 0, '', '', '', 0, '', 0, 0, '', '', '', '', 0, 0, 0),
(2, '', '2', '23453245', '', '2020-02-13 12:05:00', '61018', 1, 0, '', '', '', 0, '', 0, 0, '', '', '', '', 0, 0, 0),
(3, '', '3', '66534', '', '2020-02-13 12:05:02', '61018', 1, 0, '', '', '', 0, '', 0, 0, '', '', '', '', 0, 0, 0),
(4, '', '4', '23452345', '', '2020-02-13 12:05:04', '61018', 1, 0, '', '', '', 0, '', 0, 0, '', '', '', '', 0, 0, 0),
(5, '', '5', '56677', '', '2020-02-13 12:05:08', '61018', 1, 0, '', '', '', 0, '', 0, 0, '', '', '', '', 0, 0, 0),
(6, '', '6', '743653245', '', '2020-02-13 12:05:11', '61018', 1, 0, '', '', '', 0, '', 0, 0, '', '', '', '', 0, 0, 0),
(7, '', '7', '65134265', '', '2020-02-13 12:05:12', '61018', 1, 0, '', '', '', 0, '', 0, 0, '', '', '', '', 0, 0, 0),
(8, '', '8', '234562346', '', '2020-02-13 12:05:13', '61018', 1, 0, '', '', '', 0, '', 0, 0, '', '', '', '', 0, 0, 0),
(9, '', '9', '2456456', '', '2020-02-13 12:05:15', '61018', 1, 0, '', '', '', 0, '', 0, 0, '', '', '', '', 0, 0, 0),
(10, '', '10', '234624356', '', '2020-02-13 12:05:17', '61018', 1, 0, '', '', '', 0, '', 0, 0, '', '', '', '', 0, 0, 0),
(11, '', '11', '345435', '', '2020-02-13 12:05:23', '61018', 1, 0, '', '', '', 0, '', 0, 0, '', '', '', '', 0, 0, 0),
(12, '', '1', '22222', '', '2020-02-14 13:40:58', '61018', 2, 0, '', '', '', 0, '', 0, 0, '', '', '', '', 0, 0, 0),
(13, '', '2', '234234', '', '2020-02-14 13:42:10', '61018', 2, 0, '', '', '', 0, '', 0, 0, '', '', '', '', 0, 0, 0),
(14, '', '3', '0597', '', '2020-02-14 13:42:11', '59033', 2, 0, '', '', '', 0, '', 0, 0, '', '', '', '', 0, 0, 0),
(15, '', '4', '555', '', '2020-02-14 13:42:12', '61018', 2, 0, '', '', '', 0, '', 0, 0, '', '', '', '', 0, 0, 0),
(16, '', '5', '0185', '', '2020-02-14 13:42:14', '59033', 2, 0, '', '', '', 0, '', 0, 0, '', '', '', '', 0, 0, 0),
(17, '', '6', '66', '', '2020-02-14 13:42:15', '61018', 2, 0, '', '', '', 0, '', 0, 0, '', '', '', '', 0, 0, 0),
(18, '', '7', '55', '', '2020-02-14 13:42:18', '61018', 2, 0, '', '', '', 0, '', 0, 0, '', '', '', '', 0, 0, 0),
(19, '', '8', '110', '', '2020-02-14 13:42:19', '59033', 2, 0, '', '', '', 0, '', 0, 0, '', '', '', '', 0, 0, 0),
(20, '', '9', '222', '', '2020-02-14 13:42:20', '61018', 2, 0, '', '', '', 0, '', 0, 0, '', '', '', '', 0, 0, 0),
(21, '', '10', '55555555', '', '2020-02-14 13:42:31', '59033', 2, 0, '', '', '', 0, '', 0, 0, '', '', '', '', 0, 0, 0),
(22, '', '11', '121212', '', '2020-02-14 16:52:58', '61018', 2, 0, '', '', '', 0, '', 0, 0, '', '', '', '', 0, 0, 0),
(23, '', '12', '2342342', '', '2020-02-14 16:53:01', '61018', 2, 0, '', '', '', 0, '', 0, 0, '', '', '', '', 0, 0, 0),
(24, '', '13', '1377380', '', '2020-02-14 17:24:08', '61018', 2, 0, '', '', '', 0, '', 0, 0, '', '', '', '', 0, 0, 0),
(25, '', '14', '1234567', '', '2020-02-14 17:24:12', '61018', 2, 0, '', '', '', 0, '', 0, 0, '', '', '', '', 0, 0, 0),
(26, '', '15', '7654321', '', '2020-02-14 17:24:17', '61018', 2, 0, '', '', '', 0, '', 0, 0, '', '', '', '', 0, 0, 0),
(27, '', '16', '1377380', '', '2020-02-14 17:27:19', '61018', 2, 0, '', '', '', 0, '', 0, 0, '', '', '', '', 0, 0, 0),
(28, '', '17', '222222', '', '2020-02-14 17:27:34', '61018', 2, 0, '', '', '', 0, '', 0, 0, '', '', '', '', 0, 0, 0),
(29, '', '18', '33333', '', '2020-02-14 17:27:57', '61018', 2, 0, '', '', '', 0, '', 0, 0, '', '', '', '', 0, 0, 0),
(30, '', '19', '33333', '', '2020-02-14 17:32:47', '61018', 2, 0, '', '', '', 0, '', 0, 0, '', '', '', '', 0, 0, 0),
(31, '', '20', '33333', '', '2020-02-14 17:40:11', '61018', 2, 0, '', '', '', 0, '', 0, 0, '', '', '', '', 0, 0, 0),
(32, '', '21', '33333', '', '2020-02-14 17:42:15', '61018', 2, 0, '', '', '', 0, '', 0, 0, '', '', '', '', 0, 0, 0),
(33, '', '22', '33333', '', '2020-02-14 17:43:49', '61018', 2, 0, '', '', '', 0, '', 0, 0, '', '', '', '', 0, 0, 0),
(34, '', '23', '33333', '', '2020-02-14 17:44:48', '61018', 2, 0, '', '', '', 0, '', 0, 0, '', '', '', '', 0, 0, 0),
(35, '', '24', '33333', '', '2020-02-14 17:54:23', '61018', 2, 0, '', '', '', 0, '', 0, 0, '', '', '', '', 0, 0, 0),
(36, '', '25', '345345', '', '2020-02-14 17:54:33', '61018', 2, 0, '', '', '', 0, '', 0, 0, '', '', '', '', 0, 0, 0),
(37, '', '26', '123123', '', '2020-02-14 17:54:36', '61018', 2, 0, '', '', '', 0, '', 0, 0, '', '', '', '', 0, 0, 0),
(38, '', '1', '33333', '', '2020-02-15 13:31:10', '61018', 3, 0, '', '', '', 0, '', 0, 0, '', '', '', '', 0, 0, 0),
(39, '', '2', '44444', '', '2020-02-15 13:31:30', '61018', 3, 0, '', '', '', 0, '', 0, 0, '', '', '', '', 0, 0, 0),
(40, '', '3', '55555', '', '2020-02-15 13:35:18', '61018', 3, 0, '', '', '', 0, '', 0, 0, '', '', '', '', 0, 0, 0),
(41, '', '4', '6666666', '', '2020-02-15 13:35:24', '61018', 3, 0, '', '', '', 0, '', 0, 0, '', '', '', '', 0, 0, 0),
(42, '', '5', '555555', '', '2020-02-15 16:35:25', '61018', 3, 0, '', '', '', 0, '', 0, 0, '', '', '', '', 0, 0, 0),
(43, '', '6', '233223', '', '2020-02-15 16:41:07', '61018', 3, 0, '', '', '', 0, '', 0, 0, '', '', '', '', 0, 0, 0),
(44, '', '7', '3232323', '', '2020-02-15 16:43:45', '61018', 3, 0, '', '', '', 0, '', 0, 0, '', '', '', '', 0, 0, 0),
(45, '', '8', '234234234', '', '2020-02-15 16:43:48', '61018', 3, 0, '', '', '', 0, '', 0, 0, '', '', '', '', 0, 0, 0),
(46, '', '1', '12345', '', '2020-02-16 08:20:48', '61018', 4, 0, '', '', '', 0, '', 0, 0, '', '', '', '', 0, 0, 0),
(47, '', '2', '11111', '', '2020-02-16 08:43:29', '61018', 4, 0, '', '', '', 0, '', 0, 0, '', '', '', '', 0, 0, 0),
(48, '', '3', '56788', '', '2020-02-16 09:11:22', '61018', 4, 0, '', '', '', 0, '', 0, 0, '', '', '', '', 0, 0, 0),
(49, '', '4', '22222', '', '2020-02-16 09:20:45', '61018', 4, 0, '', '', '', 0, '', 0, 0, '', '', '', '', 0, 0, 0),
(50, '', '5', '555555', '', '2020-02-16 10:48:36', '61018', 4, 0, '', '', '', 0, '', 0, 0, '', '', '', '', 0, 0, 0),
(51, '', '6', '66666', '', '2020-02-16 10:48:50', '61018', 4, 0, '', '', '', 0, '', 0, 0, '', '', '', '', 0, 0, 0),
(52, '', '7', '123123', '', '2020-02-16 11:07:12', '61018', 4, 0, '', '', '', 0, '', 0, 0, '', '', '', '', 0, 0, 0),
(53, '', '1', '2345678', '', '2020-02-17 11:40:39', '61018', 5, 0, '', '', '', 0, '', 0, 0, '', '', '', '', 0, 0, 0),
(54, '', '2', '11111111', '', '2020-02-17 11:41:13', '61018', 5, 0, '', '', '', 0, '', 0, 0, '', '', '', '', 0, 0, 0),
(55, '', '1', '1377380', '', '2020-04-19 15:03:53', '61018', 6, 0, '', '', '', 0, '', 0, 0, '', '', '', '', 0, 0, 0),
(56, '', '2', '2345689', '', '2020-04-19 15:14:11', '61018', 6, 0, '', '', '', 0, '', 0, 0, '', '', '', '', 0, 0, 0),
(57, '', '3', '1234567', '', '2020-04-19 15:43:34', '61018', 6, 0, '', '', '', 0, '', 0, 0, '', '', '', '', 0, 0, 0),
(58, '', '4', '1377380', '', '2020-04-19 18:06:05', '61018', 6, 0, '', '', '', 0, '', 0, 0, '', '', '', '', 0, 0, 0),
(59, '', '5', '1377789', '', '2020-04-19 18:07:59', '61018', 6, 0, '', '', '', 0, '', 0, 0, '', '', '', '', 0, 0, 0),
(60, '', '6', '1234567', '', '2020-04-19 18:11:41', '61018', 6, 0, '', '', '', 0, '', 0, 0, '', '', '', '', 0, 0, 0),
(61, '', '7', '7412589', '', '2020-04-19 18:24:47', '61018', 6, 0, '', '', '', 0, '', 0, 0, '', '', '', '', 0, 0, 0),
(62, '', '8', '5621347', '', '2020-04-19 18:30:36', '61018', 6, 0, '', '', '', 0, '', 0, 0, '', '', '', '', 0, 0, 0),
(63, '', '1', '1547895', '', '2020-04-19 18:51:50', '61018', 7, 0, '', '', '', 0, '', 0, 0, '', '', '', '', 0, 0, 0),
(64, '', '2', '5623658', '', '2020-04-19 18:53:26', '61018', 7, 0, '', '', '', 0, '', 0, 0, '', '', '', '', 0, 0, 0),
(65, '', '3', '4521589', '', '2020-04-19 18:58:46', '61018', 7, 0, '', '', '', 0, '', 0, 0, '', '', '', '', 0, 0, 0),
(66, '', '1', '1256389', '', '2020-04-19 19:01:40', '61018', 8, 0, '', '', '', 0, '', 0, 0, '', '', '', '', 0, 0, 0),
(67, '', '2', '4568952', '', '2020-04-19 19:23:04', '61018', 8, 1, '', '', '', 0, '', 0, 0, '', '', '', '', 0, 0, 0),
(68, '', '4', '5894562', '', '2020-04-19 19:26:03', '61018', 7, 2, '', '', '', 0, '', 0, 0, '', '', '', '', 0, 0, 0),
(69, '', '5', '1256369', '', '2020-04-19 19:50:13', '61018', 7, 2, '', '', '', 0, '', 0, 0, '', '', '', '', 0, 0, 0),
(70, '', '1', '2589654', '', '2020-04-20 18:14:24', '61018', 9, 2, '', '', '', 0, '', 0, 0, '', '', '', '', 0, 0, 0),
(71, '', '2', '4569875', '', '2020-04-20 18:57:22', '61018', 9, 2, '', '', '', 0, '', 0, 0, '', '', '', '', 0, 0, 0),
(72, '', '3', '4569875', '', '2020-04-20 20:11:03', '61018', 9, 2, '', '', '', 0, '', 0, 0, '', '', '', '', 0, 0, 0),
(73, '', '4', '5698563', '', '2020-04-20 20:13:04', '61018', 9, 2, '', '', '', 0, '', 0, 0, '', '', '', '', 0, 0, 0),
(74, '', '5', '4567892', '', '2020-04-20 20:47:08', '61018', 9, 2, '', '', '', 0, '', 0, 0, '', '', '', '', 0, 0, 0),
(75, '', '1', '2568543', '', '2020-04-21 14:20:59', '61045', 10, 2, '', '', '', 0, '', 0, 0, '', '', '', '', 0, 0, 0),
(76, '', '2', '2399827', '', '2020-04-21 14:27:08', '61018', 10, 2, '', '', '', 0, '', 0, 0, '', '', '', '', 0, 0, 0),
(77, '', '3', '3474788', '', '2020-04-21 14:58:06', '61018', 10, 2, '', '', '', 0, '', 0, 0, '', '', '', '', 0, 0, 0),
(78, '', '1', '3474788', '', '2020-04-21 15:24:44', '61018', 11, 1, '', '', '', 0, '', 0, 0, '', '', '', '', 0, 0, 0),
(79, '', '2', '4378607', '', '2020-04-21 15:25:25', '61018', 11, 1, '', '', '', 0, '', 0, 0, '', '', '', '', 0, 0, 0),
(80, '', '1', '1377380', '', '2020-04-24 11:42:18', '61018', 12, 2, '', '', '', 0, '', 0, 0, '', '', '', '', 0, 0, 0),
(81, '', '1', '1225636', '', '2020-04-26 17:09:26', '61018', 13, 2, '', '', '', 0, '', 0, 0, '', '', '', '', 0, 0, 0),
(82, '', '1', '1377380', '', '2020-05-09 18:01:26', '61018', 15, 2, 'เบิกตรง', '', '', 0, '', 0, 0, '', 'คัดกรอง;เจาะเลือด ห้องปฏิบัติการ ชั้น 2;เอ็กซ์เรย์ ห้องเอ็กซ์เรย์ ชั้น 2;คลินิกเวชกรรมฟื้นฟู ชั้น 2;ห้องตรวจผู้ป่วยนอกชั้น 1', '', '', 0, 0, 0),
(83, '', '2', '1377380', '', '2020-05-09 18:01:59', '61018', 15, 2, 'เบิกตรง', '', '', 0, '', 0, 0, '', 'คัดกรอง;เจาะเลือด ห้องปฏิบัติการ ชั้น 2;เอ็กซ์เรย์ ห้องเอ็กซ์เรย์ ชั้น 2;คลินิกเวชกรรมฟื้นฟู ชั้น 2;ห้องตรวจผู้ป่วยนอกชั้น 1', '', '', 0, 0, 0),
(84, '', '3', '1377380', '', '2020-05-09 18:02:13', '61018', 15, 2, 'เบิกตรง', '', '', 0, '', 0, 0, '', 'คัดกรอง;เจาะเลือด ห้องปฏิบัติการ ชั้น 2;เอ็กซ์เรย์ ห้องเอ็กซ์เรย์ ชั้น 2;คลินิกเวชกรรมฟื้นฟู ชั้น 2;ห้องตรวจผู้ป่วยนอกชั้น 1', '', '', 0, 0, 0),
(85, '', '4', '2564859', '', '2020-05-09 18:59:13', '61018', 15, 2, 'รัฐวิสาหกิจ', '', 'ใบรับรองแพทย์ศูนย์ความเป็นเลิศทางการแพทย์ (ภาษาไทย);ประวัติการรักษา', 0, '', 0, 0, '', 'คัดกรอง;เจาะเลือด ห้องปฏิบัติการ ชั้น 2;เอ็กซ์เรย์ ห้องเอ็กซ์เรย์ ชั้น 2;คลินิกเวชกรรมฟื้นฟู ชั้น 2;ห้องตรวจผู้ป่วยนอกชั้น 1;ชำระเงิน ห้องการเงิน ชั้น 1;รับยา ห้องยา ชั้น 1', '', '', 0, 0, 0),
(86, '', '5', '4567895', '', '2020-05-09 19:05:43', '61018', 15, 2, 'อื่น ๆ', 'ประกันสังคม', 'ใบรับรองแพทย์ศูนย์ความเป็นเลิศทางการแพทย์ (ภาษาไทย);ใบรับรองการใช้ยา (NR);ประวัติการรักษา', 0, '', 0, 0, '', 'คัดกรอง;เจาะเลือด ห้องปฏิบัติการ ชั้น 2;เอ็กซ์เรย์ ห้องเอ็กซ์เรย์ ชั้น 2;คลินิกเวชกรรมฟื้นฟู ชั้น 2;ห้องตรวจผู้ป่วยนอกชั้น 1;ชำระเงิน ห้องการเงิน ชั้น 1;รับยา ห้องยา ชั้น 1', '', '', 0, 0, 0),
(87, '', '6', '4567895', '', '2020-05-09 19:11:58', '61018', 15, 2, 'เบิกตรง', '', '', 0, '', 0, 0, '', '', '', '', 0, 0, 0),
(88, '', '1', '1234567', '', '2020-05-12 11:44:08', '61018', 16, 2, 'เบิกตรง', '', '', 0, '', 0, 0, '', '', '', '', 0, 0, 0),
(89, '', '1', '2345781', '', '2020-05-13 09:45:16', '61018', 17, 1, 'เบิกตรง', 'กระทรวงศึกษา', '', 0, '', 0, 0, '', '', '', '', 0, 0, 0),
(90, '', '2', '2545698', '', '2020-05-13 09:48:22', '61018', 17, 1, 'เบิกตรง', '', 'ใบรับรองแพทย์ศูนย์ความเป็นเลิศทางการแพทย์ (ภาษาไทย);ประวัติการรักษา', 0, '', 0, 0, '', 'ห้องตรวจผู้ป่วยนอก (OPD CMEx) ชั้น 3;ชำระเงิน ห้องการเงิน ชั้น 1;รับยา ห้องยา ชั้น 1', '', '', 0, 0, 0),
(91, '', '3', '1547854', '', '2020-05-13 09:57:55', '61018', 17, 1, 'เบิกตรง กระทรวงสาธารณสุข', '', '', 0, '', 0, 0, '', 'ศูนย์สุขภาพสตรี ชั้น 3;ศูนย์เลสิค ชั้น 8;ชำระเงิน ห้องการเงิน ชั้น 1;รับยา ห้องยา ชั้น 1', '', '', 0, 0, 0),
(92, '', '4', '1525698', '', '2020-05-13 10:02:11', '61018', 17, 1, 'เบิกตรง กระทรวงสาธารณสุข', '', '', 0, '', 0, 0, '', 'เจาะเลือด ห้องปฏิบัติการ ชั้น 1;ห้องตรวจผู้ป่วยนอก (OPD CMEx) ชั้น 3;ชำระเงิน ห้องการเงิน ชั้น 1;รับยา ห้องยา ชั้น 1', '', '', 0, 0, 0),
(93, '', '1', '2569878', '', '2020-05-13 10:08:48', '61018', 18, 2, 'รัฐวิสาหกิจ', '', 'ใบรับรองแพทย์ศูนย์ความเป็นเลิศทางการแพทย์ (ภาษาไทย);ประวัติการรักษา', 0, '', 0, 0, '', 'เจาะเลือด ห้องปฏิบัติการ ชั้น 2;คัดกรอง;เอ็กซ์เรย์ ห้องเอ็กซ์เรย์ ชั้น 2;ห้องตรวจผู้ป่วยนอกชั้น 1;คลินิกเวชกรรมฟื้นฟู ชั้น 2;ชำระเงิน ห้องการเงิน ชั้น 1;รับยา ห้องยา ชั้น 1', '', '', 0, 0, 0),
(94, '', '5', '2569878', '', '2020-05-13 10:11:00', '61045', 17, 1, 'เบิกตรง', '', '', 0, '', 0, 0, '', '', '', '', 0, 0, 0),
(95, '', '2', '4569874', '', '2020-05-13 10:12:05', '61018', 18, 2, 'รัฐวิสาหกิจ', '', 'ใบรับรองแพทย์ศูนย์ความเป็นเลิศทางการแพทย์ (ภาษาไทย);ประวัติการรักษา', 0, '', 0, 0, '', 'เจาะเลือด ห้องปฏิบัติการ ชั้น 2;คัดกรอง;เอ็กซ์เรย์ ห้องเอ็กซ์เรย์ ชั้น 2;ห้องตรวจผู้ป่วยนอกชั้น 1;คลินิกเวชกรรมฟื้นฟู ชั้น 2;ชำระเงิน ห้องการเงิน ชั้น 1;รับยา ห้องยา ชั้น 1', '', '', 0, 0, 0),
(96, '', '3', '1234569', '', '2020-05-13 11:07:29', '61018', 18, 2, 'เบิกตรง', '', '', 0, '', 0, 0, '', 'คัดกรอง;เจาะเลือด ห้องปฏิบัติการ ชั้น 2;เอ็กซ์เรย์ ห้องเอ็กซ์เรย์ ชั้น 2;คลินิกเวชกรรมฟื้นฟู ชั้น 2;ห้องตรวจผู้ป่วยนอกชั้น 1', '', '', 0, 0, 0),
(97, '', '4', '4521689', '', '2020-05-13 11:12:14', '61018', 18, 2, 'เบิกตรง', '', 'ใบรับรองแพทย์ศูนย์ความเป็นเลิศทางการแพทย์ (ภาษาไทย);ประวัติการรักษา', 0, '', 0, 0, '', 'คัดกรอง;เจาะเลือด ห้องปฏิบัติการ ชั้น 2;เอ็กซ์เรย์ ห้องเอ็กซ์เรย์ ชั้น 2;คลินิกเวชกรรมฟื้นฟู ชั้น 2;ห้องตรวจผู้ป่วยนอกชั้น 1;ชำระเงิน ห้องการเงิน ชั้น 1;รับยา ห้องยา ชั้น 1', '', '', 0, 0, 0),
(98, '', '1', '1236547', '', '2020-05-14 09:20:59', '61018', 19, 1, 'รัฐวิสาหกิจ', '', 'ใบรับรองแพทย์ศูนย์ความเป็นเลิศทางการแพทย์ (ภาษาไทย);ประวัติการรักษา', 0, '', 0, 0, '', 'เจาะเลือด ห้องปฏิบัติการ ชั้น 1;ห้องตรวจผู้ป่วยนอก (OPD CMEx) ชั้น 3;ชำระเงิน ห้องการเงิน ชั้น 1;รับยา ห้องยา ชั้น 1', '', '', 0, 0, 0),
(99, '', '2', '1234568', '', '2020-05-14 09:50:36', '61018', 19, 1, 'เบิกตรง', '', '', 0, '', 0, 0, '', 'เจาะเลือด ห้องปฏิบัติการ ชั้น 1;ห้องตรวจผู้ป่วยนอก (OPD CMEx) ชั้น 3;ชำระเงิน ห้องการเงิน ชั้น 1;รับยา ห้องยา ชั้น 1', '', '', 0, 0, 0),
(100, '', '1', '1234567', '', '2020-05-14 09:56:10', '61018', 20, 2, 'อปท', '', 'ประวัติการรักษา', 0, '', 0, 0, '', '', '', '', 0, 0, 0),
(101, '', '3', '123456', '', '2020-05-14 10:08:28', '61018', 19, 1, 'เบิกตรง', '', 'ใบรับรองแพทย์โรงพยาบาลมหารายนครเชียงใหม่ (ภาษาไทย);ใบรับรองการใช้ยา (NR)', 0, '', 0, 0, '', 'เจาะเลือด ห้องปฏิบัติการ ชั้น 1;ชำระเงิน ห้องการเงิน ชั้น 1;เอ็กซเรย์ ห้องเอ็กซเรย์ ชั้น 1;ห้องตรวจผู้ป่วยนอก (OPD CMEx) ชั้น 3;ชำระเงิน ห้องการเงิน ชั้น 1;รับยา ห้องยา ชั้น 1', '', '', 0, 0, 0),
(102, '', '2', '123456', '', '2020-05-14 10:28:12', '61018', 20, 2, 'เบิกตรง', '', 'ใบรับรองแพทย์โรงพยาบาลมหารายนครเชียงใหม่ (ภาษาไทย);ใบรับรองการใช้ยา (NR)', 0, '', 0, 0, '', 'เจาะเลือด ห้องปฏิบัติการ ชั้น 2;เอ็กซ์เรย์ ห้องเอ็กซ์เรย์ ชั้น 2;ห้องตรวจผู้ป่วยนอกชั้น 1;ห้องตรวจผู้ป่วยนอกชั้น 2;ชำระเงิน ห้องการเงิน ชั้น 1;รับยา ห้องยา ชั้น 1', '', '', 0, 0, 0),
(103, 'A', '1', '1234567', '', '2020-07-07 05:38:16', '61018', 21, 1, 'เบิกตรง', '', '', 5, '', 0, 0, '', '', '', '', 0, 0, 0),
(104, 'A', '2', '1234567', '', '2020-07-07 06:21:45', '61018', 21, 1, 'เบิกตรง', '', '', 0, '', 0, 0, '', '', '', '', 0, 0, 0),
(105, 'A', '3', '1236987', '', '2020-07-07 06:24:20', '61018', 21, 1, 'เบิกตรง', '', '', 0, '', 0, 0, '', '', '', '', 0, 0, 0),
(106, 'A', '4', '7896541', '', '2020-07-07 06:26:37', '61018', 21, 1, 'เบิกตรง', '', '', 0, '', 0, 0, '', '', '', '', 0, 0, 0),
(107, 'A', '5', '7896541', '', '2020-07-07 06:27:49', '61018', 21, 1, 'เบิกตรง', '', '', 5, '', 0, 0, '', '', '', '', 0, 0, 0),
(108, 'A', '6', '7896541', '', '2020-07-07 06:33:03', '61018', 21, 1, 'เบิกตรง', '', '', 5, '', 0, 0, '', '', '', '', 0, 0, 0),
(109, 'A', '7', '7896541', '', '2020-07-07 06:33:49', '61018', 21, 1, 'เบิกตรง', '', '', 5, '', 0, 0, '', '', '', '', 0, 0, 0),
(110, 'A', '8', '1254789', '', '2020-07-07 06:34:19', '61018', 21, 1, 'เบิกตรง', '', '', 5, '', 0, 0, '', '', '', '', 0, 0, 0),
(111, 'A', '9', '1456987', '', '2020-07-07 06:38:16', '61018', 21, 1, 'เบิกตรง', '', '', 5, '', 2, 6, '', '', '', '', 0, 0, 0),
(112, 'A', '10', '4569874', '', '2020-07-07 15:33:21', '61018', 21, 1, 'เบิกตรง', '', '', 6, '', 26, 9, '', '', '', '', 0, 0, 0),
(113, 'A', '11', '4569874', '', '2020-07-07 15:44:25', '61018', 21, 1, 'เบิกตรง', '', '', 6, '', 26, 9, 'ห้องเจาะเลือด ชั้น 1การเงิน ชั้น 1เสร็จสิ้นกระบวนการ CMEx', 'ห้องเจาะเลือด ชั้น 1ชำระเงิน ห้องการเงิน ชั้น 1', '', '', 0, 0, 0),
(114, '', '1', '', '', '2020-07-07 16:34:26', '61018', 22, 0, '', '', '', 0, '', 0, 0, '', '', '', '', 0, 0, 0),
(115, 'A', '12', '1234567', '', '2020-07-07 16:34:51', '61018', 21, 1, 'เบิกตรง', '', '', 6, '', 26, 9, 'ห้องเจาะเลือด ชั้น 1การเงิน ชั้น 1เสร็จสิ้นกระบวนการ CMEx', 'ห้องเจาะเลือด ชั้น 1ชำระเงิน ห้องการเงิน ชั้น 1', '', '', 0, 0, 0),
(116, 'A', '13', '1234567', '', '2020-07-07 16:35:49', '61018', 21, 1, 'เบิกตรง', '', '', 6, '', 26, 9, 'ห้องเจาะเลือด ชั้น 1การเงิน ชั้น 1เสร็จสิ้นกระบวนการ CMEx', 'ห้องเจาะเลือด ชั้น 1ชำระเงิน ห้องการเงิน ชั้น 1', '', '', 0, 0, 0),
(117, 'A', '14', '7777777', '', '2020-07-07 17:19:36', '61018', 21, 1, 'เบิกตรง', '', '', 0, '', 0, 0, 'ห้องเจาะเลือด ชั้น 1;หน้าห้องตรวจแพทย์ ชั้น 3;เคาน์เตอร์พยาบาล ชั้น 3;ศูนย์สุขภาพสตรี (เงินเชื่อศรีพัฒน์);ห้องยา (Verify) ชั้น 1;ห้องยา (จ่ายยา) ชั้น 1;เสร็จสิ้นกระบวนการ CMEx', 'ห้องเจาะเลือด ชั้น 1;ห้องเอ็กซเรย์ ชั้น 1;คลินิกผู้ป่วยนอก ชั้น 3;ศูนย์สุขภาพสตรี ชั้น 3;รับยา ห้องยา ชั้น 1;ชำระเงิน ห้องการเงิน ชั้น 1', '', '', 0, 0, 0),
(118, 'A', '15', '1231231', '', '2020-07-07 19:47:00', '61018', 21, 1, 'เบิกตรง', '', '', 6, '', 26, 9, 'ห้องเจาะเลือด ชั้น 1การเงิน ชั้น 1เสร็จสิ้นกระบวนการ CMEx', 'ห้องเจาะเลือด ชั้น 1ชำระเงิน ห้องการเงิน ชั้น 1', '', '', 0, 0, 0),
(119, 'A', '16', '1236547', '', '2020-07-07 19:47:30', '61018', 21, 1, 'เบิกตรง', '', '', 6, '', 26, 9, 'ห้องเจาะเลือด ชั้น 1การเงิน ชั้น 1เสร็จสิ้นกระบวนการ CMEx', 'ห้องเจาะเลือด ชั้น 1ชำระเงิน ห้องการเงิน ชั้น 1', '', '', 0, 0, 0),
(120, 'A', '17', '1475288', '', '2020-07-07 19:47:48', '61018', 21, 1, 'เบิกตรง', '', '', 6, '', 26, 9, 'ห้องเจาะเลือด ชั้น 1การเงิน ชั้น 1เสร็จสิ้นกระบวนการ CMEx', 'ห้องเจาะเลือด ชั้น 1ชำระเงิน ห้องการเงิน ชั้น 1', '', '', 0, 0, 0),
(121, 'A', '18', '1111111', '', '2020-07-07 19:49:19', '61018', 21, 1, 'เบิกตรง', '', '', 6, '', 26, 9, 'ห้องเจาะเลือด ชั้น 1การเงิน ชั้น 1เสร็จสิ้นกระบวนการ CMEx', 'ห้องเจาะเลือด ชั้น 1ชำระเงิน ห้องการเงิน ชั้น 1', '', '', 0, 0, 0),
(122, 'A', '19', '1111111', '', '2020-07-07 19:53:57', '61018', 21, 1, 'เบิกตรง', '', '', 6, '', 26, 9, 'ห้องเจาะเลือด ชั้น 1การเงิน ชั้น 1เสร็จสิ้นกระบวนการ CMEx', 'ห้องเจาะเลือด ชั้น 1ชำระเงิน ห้องการเงิน ชั้น 1', '', '', 0, 0, 0),
(123, 'A', '20', '1111111', '', '2020-07-07 19:58:54', '61018', 21, 1, 'เบิกตรง', '', '', 6, '', 26, 9, 'ห้องเจาะเลือด ชั้น 1การเงิน ชั้น 1เสร็จสิ้นกระบวนการ CMEx', 'ห้องเจาะเลือด ชั้น 1ชำระเงิน ห้องการเงิน ชั้น 1', '', '', 0, 0, 0),
(124, 'A', '21', '1111111', '', '2020-07-07 20:01:46', '61018', 21, 1, 'เบิกตรง', '', '', 6, '', 26, 9, 'ห้องเจาะเลือด ชั้น 1การเงิน ชั้น 1เสร็จสิ้นกระบวนการ CMEx', 'ห้องเจาะเลือด ชั้น 1ชำระเงิน ห้องการเงิน ชั้น 1', '', '', 0, 0, 0),
(125, 'A', '22', '1111111', '', '2020-07-07 20:02:54', '61018', 21, 1, 'เบิกตรง', '', '', 6, '', 26, 9, 'ห้องเจาะเลือด ชั้น 1การเงิน ชั้น 1เสร็จสิ้นกระบวนการ CMEx', 'ห้องเจาะเลือด ชั้น 1ชำระเงิน ห้องการเงิน ชั้น 1', '', '', 0, 0, 0),
(126, 'A', '23', '1111111', '', '2020-07-07 20:03:11', '61018', 21, 1, 'เบิกตรง', '', '', 6, '', 26, 9, 'ห้องเจาะเลือด ชั้น 1การเงิน ชั้น 1เสร็จสิ้นกระบวนการ CMEx', 'ห้องเจาะเลือด ชั้น 1ชำระเงิน ห้องการเงิน ชั้น 1', '', '', 0, 0, 0),
(127, 'B', '24', '2222222', '', '2020-07-07 20:04:16', '61018', 21, 1, 'เบิกตรง', '', '', 6, '', 26, 9, 'ห้องเจาะเลือด ชั้น 1การเงิน ชั้น 1เสร็จสิ้นกระบวนการ CMEx', 'ห้องเจาะเลือด ชั้น 1ชำระเงิน ห้องการเงิน ชั้น 1', '', '', 0, 0, 0),
(128, 'A', '25', '1212121', '', '2020-07-07 23:31:43', '61018', 21, 1, 'เบิกตรง', '', '', 6, '', 26, 9, 'ห้องเจาะเลือด ชั้น 1การเงิน ชั้น 1เสร็จสิ้นกระบวนการ CMEx', 'ห้องเจาะเลือด ชั้น 1ชำระเงิน ห้องการเงิน ชั้น 1', '', '', 0, 0, 0),
(129, 'A', '26', '1212123', '', '2020-07-07 23:32:20', '61018', 21, 1, 'เบิกตรง', '', '', 6, '', 26, 9, 'ห้องเจาะเลือด ชั้น 1การเงิน ชั้น 1เสร็จสิ้นกระบวนการ CMEx', 'ห้องเจาะเลือด ชั้น 1ชำระเงิน ห้องการเงิน ชั้น 1', '', '', 0, 0, 0),
(130, 'A', '27', '123454566', '', '2020-07-07 23:33:48', '61018', 21, 1, 'เบิกตรง', '', '', 6, '', 26, 9, 'ห้องเจาะเลือด ชั้น 1การเงิน ชั้น 1เสร็จสิ้นกระบวนการ CMEx', 'ห้องเจาะเลือด ชั้น 1ชำระเงิน ห้องการเงิน ชั้น 1', '', '', 0, 0, 0),
(131, 'A', '28', '2222333', '', '2020-07-07 23:35:48', '61018', 21, 1, 'เบิกตรง', '', '', 6, '', 26, 9, 'ห้องเจาะเลือด ชั้น 1การเงิน ชั้น 1เสร็จสิ้นกระบวนการ CMEx', 'ห้องเจาะเลือด ชั้น 1ชำระเงิน ห้องการเงิน ชั้น 1', '', '', 0, 0, 0),
(132, 'A', '1', '569875', '', '2020-07-08 09:17:11', '61018', 23, 1, 'เบิกตรง', '', '', 6, '', 26, 9, 'ห้องเจาะเลือด ชั้น 1การเงิน ชั้น 1เสร็จสิ้นกระบวนการ CMEx', 'ห้องเจาะเลือด ชั้น 1ชำระเงิน ห้องการเงิน ชั้น 1', '', '', 0, 0, 0),
(133, 'A', '2', '12344', '', '2020-07-08 09:28:14', '61018', 23, 1, 'เบิกตรง', '', '', 6, '', 26, 9, 'ห้องเจาะเลือด ชั้น 1การเงิน ชั้น 1เสร็จสิ้นกระบวนการ CMEx', 'ห้องเจาะเลือด ชั้น 1ชำระเงิน ห้องการเงิน ชั้น 1', '', '', 0, 0, 0),
(134, 'A', '3', '23456', '', '2020-07-08 09:29:07', '61018', 23, 1, 'เบิกตรง', '', '', 6, '', 26, 9, 'ห้องเจาะเลือด ชั้น 1การเงิน ชั้น 1เสร็จสิ้นกระบวนการ CMEx', 'ห้องเจาะเลือด ชั้น 1ชำระเงิน ห้องการเงิน ชั้น 1', '', '', 0, 0, 0),
(135, 'A', '4', '123', '', '2020-07-08 09:29:38', '61018', 23, 1, 'เบิกตรง', '', '', 6, '', 26, 9, 'ห้องเจาะเลือด ชั้น 1การเงิน ชั้น 1เสร็จสิ้นกระบวนการ CMEx', 'ห้องเจาะเลือด ชั้น 1ชำระเงิน ห้องการเงิน ชั้น 1', '', '', 0, 0, 0),
(136, 'A', '5', '1234', '', '2020-07-08 09:36:45', '61018', 23, 1, 'อปท', '', 'ใบรับรองแพทย์โรงพยาบาลมหารายนครเชียงใหม่ (ภาษาไทย);ใบรับรองแพทย์โรงพยาบาลมหารายนครเชียงใหม่ (ภาษาอังกฤษ)', 6, '', 26, 9, 'ห้องเจาะเลือด ชั้น 1การเงิน ชั้น 1เสร็จสิ้นกระบวนการ CMEx', 'ห้องเจาะเลือด ชั้น 1ชำระเงิน ห้องการเงิน ชั้น 1', '', '', 0, 0, 0),
(137, 'A', '6', '123456', '', '2020-07-08 09:43:57', '61018', 23, 1, 'เบิกตรง', '', '', 6, '', 26, 9, 'ห้องเจาะเลือด ชั้น 1การเงิน ชั้น 1เสร็จสิ้นกระบวนการ CMEx', 'ห้องเจาะเลือด ชั้น 1ชำระเงิน ห้องการเงิน ชั้น 1', '', '', 0, 0, 0),
(138, 'A', '7', '33333', '', '2020-07-08 09:44:47', '61018', 23, 1, 'เบิกตรง', '', '', 6, '', 26, 9, 'ห้องเจาะเลือด ชั้น 1การเงิน ชั้น 1เสร็จสิ้นกระบวนการ CMEx', 'ห้องเจาะเลือด ชั้น 1ชำระเงิน ห้องการเงิน ชั้น 1', '', '', 0, 0, 0),
(139, 'A', '8', '76777777', '', '2020-07-08 09:46:50', '61018', 23, 1, 'เบิกตรง', '', '', 6, '', 26, 9, 'ห้องเจาะเลือด ชั้น 1การเงิน ชั้น 1เสร็จสิ้นกระบวนการ CMEx', 'ห้องเจาะเลือด ชั้น 1ชำระเงิน ห้องการเงิน ชั้น 1', '', '', 0, 0, 0),
(140, 'A', '9', '7778889', '', '2020-07-08 09:53:16', '61018', 23, 1, 'เบิกตรง', '', '', 6, '', 26, 9, 'ห้องเจาะเลือด ชั้น 1;การเงิน ชั้น 1;เสร็จสิ้นกระบวนการ CMEx', 'ห้องเจาะเลือด ชั้น 1;ชำระเงิน ห้องการเงิน ชั้น 1', '', '', 0, 0, 0),
(141, 'A', '10', '55767', '', '2020-07-08 09:57:21', '61018', 23, 1, 'เบิกตรง', '', 'ใบรับรองแพทย์โรงพยาบาลมหารายนครเชียงใหม่ (ภาษาอังกฤษ);ใบรับรองแพทย์ศูนย์ความเป็นเลิศทางการแพทย์ (ภาษาไทย)', 6, '', 26, 9, 'ห้องเจาะเลือด ชั้น 1;การเงิน ชั้น 1;เสร็จสิ้นกระบวนการ CMEx', 'ห้องเจาะเลือด ชั้น 1;ชำระเงิน ห้องการเงิน ชั้น 1', '', '', 0, 0, 0),
(142, 'A', '11', '23425', '', '2020-07-08 09:58:17', '61018', 23, 1, 'เบิกตรง', '', 'ใบรับรองแพทย์ศูนย์ความเป็นเลิศทางการแพทย์ (ภาษาไทย);ใบรับรองแพทย์ศูนย์ความเป็นเลิศทางการแพทย์ (ภาษาอังกฤษ)', 6, '', 26, 9, 'ห้องเจาะเลือด ชั้น 1;การเงิน ชั้น 1;เสร็จสิ้นกระบวนการ CMEx', 'ห้องเจาะเลือด ชั้น 1;ชำระเงิน ห้องการเงิน ชั้น 1', '', '', 0, 0, 0),
(143, 'C', '12', '12345679', '', '2020-07-08 11:22:22', '61018', 23, 1, 'เบิกตรง', '', '', 6, '', 26, 9, 'ห้องเจาะเลือด ชั้น 1;การเงิน ชั้น 1;เสร็จสิ้นกระบวนการ CMEx', 'ห้องเจาะเลือด ชั้น 1;ชำระเงิน ห้องการเงิน ชั้น 1', '', '', 0, 0, 0),
(144, 'A', '1', '1234567', '', '2020-07-13 09:56:59', '61018', 24, 1, 'เบิกตรง', '', '', 6, '', 26, 9, 'ห้องเจาะเลือด ชั้น 1;การเงิน ชั้น 1;เสร็จสิ้นกระบวนการ CMEx', 'ห้องเจาะเลือด ชั้น 1;ชำระเงิน ห้องการเงิน ชั้น 1', '', '', 0, 0, 0),
(145, 'A', '2', '2345678', '', '2020-07-13 09:59:28', '61018', 24, 1, 'เบิกตรง', '', '', 6, '', 26, 9, 'ห้องเจาะเลือด ชั้น 1;การเงิน ชั้น 1;เสร็จสิ้นกระบวนการ CMEx', 'ห้องเจาะเลือด ชั้น 1;ชำระเงิน ห้องการเงิน ชั้น 1', '', '', 0, 0, 0),
(146, 'A', '3', '2345432', '', '2020-07-13 10:14:13', '60046', 24, 1, 'เบิกตรง', '', '', 6, '', 26, 9, 'ห้องเจาะเลือด ชั้น 1;การเงิน ชั้น 1;เสร็จสิ้นกระบวนการ CMEx', 'ห้องเจาะเลือด ชั้น 1;ชำระเงิน ห้องการเงิน ชั้น 1', '', '', 0, 0, 0),
(147, 'A', '4', '1234567', '', '2020-07-13 10:25:08', '61018', 24, 1, 'เบิกตรง', '', 'ใบรับรองแพทย์โรงพยาบาลมหารายนครเชียงใหม่ (ภาษาไทย);ใบรับรองการใช้ยา (NR)', 9, '', 29, 12, 'ห้องเจาะเลือด ชั้น 1;การเงิน ชั้น 1;หน้าห้องตรวจแพทย์ ชั้น 3;เคาน์เตอร์พยาบาล ชั้น 3;ห้องยา (Verify) ชั้น 1;การเงิน ชั้น 1;ห้องยา (จ่ายยา) ชั้น 1;เสร็จสิ้นกระบวนการ CMEx', 'ห้องเจาะเลือด ชั้น 1;ชำระเงิน ห้องการเงิน ชั้น 1;คลินิกผู้ป่วยนอก ชั้น 3;ชำระเงิน ห้องการเงิน ชั้น 1;รับยา ห้องยา ชั้น 1', '', '', 0, 0, 0),
(148, 'A', '5', '1234568', '', '2020-07-13 10:42:30', '61018', 24, 1, 'เบิกตรง', '', '', 6, '', 26, 9, 'ห้องเจาะเลือด ชั้น 1;การเงิน ชั้น 1;เสร็จสิ้นกระบวนการ CMEx', 'ห้องเจาะเลือด ชั้น 1;ชำระเงิน ห้องการเงิน ชั้น 1', '', '', 0, 0, 0),
(149, 'A', '6', '1234569', '', '2020-07-13 10:43:01', '61018', 24, 1, 'เบิกตรง', '', '', 12, '', 32, 15, 'เคาน์เตอร์พยาบาล ชั้น 3;ห้องเจาะเลือด ชั้น 1;การเงิน ชั้น 1;หน้าห้องตรวจแพทย์ ชั้น 3;เคาน์เตอร์พยาบาล ชั้น 3;ห้องยา (Verify) ชั้น 1;การเงิน ชั้น 1;ห้องยา (จ่ายยา) ชั้น 1;เสร็จสิ้นกระบวนการ CMEx', 'คลินิกผู้ป่วยนอก ชั้น 3;ห้องเจาะเลือด ชั้น 1;ชำระเงิน ห้องการเงิน ชั้น 1;ห้องเอ็กซเรย์ ชั้น 1;คลินิกผู้ป่วยนอก ชั้น 3;ชำระเงิน ห้องการเงิน ชั้น 1;รับยา ห้องยา ชั้น 1', '', '', 0, 0, 0),
(150, 'A', '7', '1234560', '', '2020-07-13 10:43:41', '61018', 24, 1, 'เบิกตรง', '', '', 10, '', 30, 13, 'การเงิน ชั้น 1;หน้าห้องตรวจแพทย์ ชั้น 3;เคาน์เตอร์พยาบาล ชั้น 3;ห้องยา (Verify) ชั้น 1;การเงิน ชั้น 1;ห้องยา (จ่ายยา) ชั้น 1;เสร็จสิ้นกระบวนการ CMEx', 'ชำระเงิน ห้องการเงิน ชั้น 1;ห้องเอ็กซเรย์ ชั้น 1;คลินิกผู้ป่วยนอก ชั้น 3;ชำระเงิน ห้องการเงิน ชั้น 1;รับยา ห้องยา ชั้น 1', '', '', 0, 0, 0),
(151, 'A', '8', '1234561', '', '2020-07-13 10:43:54', '61018', 24, 1, 'เบิกตรง', '', '', 6, '', 26, 9, 'ห้องเจาะเลือด ชั้น 1;การเงิน ชั้น 1;เสร็จสิ้นกระบวนการ CMEx', 'ห้องเจาะเลือด ชั้น 1;ชำระเงิน ห้องการเงิน ชั้น 1', '', '', 0, 0, 0),
(152, 'A', '9', '123453', '', '2020-07-13 10:45:47', '61018', 24, 1, 'เบิกตรง', '', 'ใบรับรองแพทย์โรงพยาบาลมหารายนครเชียงใหม่ (ภาษาไทย)', 15, '', 35, 18, 'เคาน์เตอร์พยาบาล ชั้น 3;ห้องยา (Verify) ชั้น 1;การเงิน ชั้น 1;เสร็จสิ้นกระบวนการ CMEx', 'คลินิกผู้ป่วยนอก ชั้น 3;ชำระเงิน ห้องการเงิน ชั้น 1', '', '', 0, 0, 0),
(153, 'B', '10', '1234321', '', '2020-07-13 10:50:32', '60046', 24, 1, 'เบิกตรง', '', '', 14, '', 34, 17, 'เคาน์เตอร์พยาบาล ชั้น 3;ห้องเจาะเลือด ชั้น 1;การเงิน ชั้น 1;เสร็จสิ้นกระบวนการ CMEx', 'คลินิกผู้ป่วยนอก ชั้น 3;ห้องเจาะเลือด ชั้น 1;ชำระเงิน ห้องการเงิน ชั้น 1', '', '', 0, 0, 0),
(154, 'A', '11', '2345566', '', '2020-07-13 11:03:04', '60046', 24, 1, 'เบิกตรง', '', '', 11, '', 31, 14, 'ห้องเจาะเลือด ชั้น 1;การเงิน ชั้น 1;หน้าห้องตรวจแพทย์ ชั้น 3;เคาน์เตอร์พยาบาล ชั้น 3;ห้องยา (Verify) ชั้น 1;การเงิน ชั้น 1;ห้องยา (จ่ายยา) ชั้น 1;เสร็จสิ้นกระบวนการ CMEx', 'ห้องเจาะเลือด ชั้น 1;ชำระเงิน ห้องการเงิน ชั้น 1;ห้องเอ็กซเรย์ ชั้น 1;คลินิกผู้ป่วยนอก ชั้น 3;ชำระเงิน ห้องการเงิน ชั้น 1;รับยา ห้องยา ชั้น 1', '', '', 0, 0, 0),
(155, 'A', '12', '234567', '', '2020-07-13 11:05:36', '60046', 24, 1, 'เบิกตรง', '', '', 9, '', 29, 12, 'ห้องเจาะเลือด ชั้น 1;การเงิน ชั้น 1;หน้าห้องตรวจแพทย์ ชั้น 3;เคาน์เตอร์พยาบาล ชั้น 3;ห้องยา (Verify) ชั้น 1;การเงิน ชั้น 1;ห้องยา (จ่ายยา) ชั้น 1;เสร็จสิ้นกระบวนการ CMEx', 'ห้องเจาะเลือด ชั้น 1;ชำระเงิน ห้องการเงิน ชั้น 1;คลินิกผู้ป่วยนอก ชั้น 3;ชำระเงิน ห้องการเงิน ชั้น 1;รับยา ห้องยา ชั้น 1', '', '', 0, 0, 0),
(156, 'A', '13', '234567', '', '2020-07-13 11:06:47', '60046', 24, 1, 'เบิกตรง', '', 'ใบรับรองแพทย์โรงพยาบาลมหารายนครเชียงใหม่ (ภาษาไทย)', 21, '', 41, 24, 'ศูนย์สุขภาพสตรี;การเงิน ชั้น 1;เสร็จสิ้นกระบวนการ CMEx', 'ศูนย์สุขภาพสตรี ชั้น 3;ชำระเงิน ห้องการเงิน ชั้น 1', '', '', 0, 0, 0),
(157, 'A', '14', '234512', '', '2020-07-13 11:09:00', '60046', 24, 1, 'เบิกตรง', '', '', 13, '', 33, 16, 'หน้าห้องตรวจแพทย์ ชั้น 3;เคาน์เตอร์พยาบาล ชั้น 3;ห้องยา (Verify) ชั้น 1;การเงิน ชั้น 1;ห้องยา (จ่ายยา) ชั้น 1;เสร็จสิ้นกระบวนการ CMEx', 'คลินิกผู้ป่วยนอก ชั้น 3;ชำระเงิน ห้องการเงิน ชั้น 1;รับยา ห้องยา ชั้น 1', '', '', 0, 0, 0),
(158, 'B', '15', '55555', '', '2020-07-13 11:10:07', '60046', 24, 1, 'เบิกตรง', '', '', 12, '', 32, 15, 'เคาน์เตอร์พยาบาล ชั้น 3;ห้องเจาะเลือด ชั้น 1;การเงิน ชั้น 1;หน้าห้องตรวจแพทย์ ชั้น 3;เคาน์เตอร์พยาบาล ชั้น 3;ห้องยา (Verify) ชั้น 1;การเงิน ชั้น 1;ห้องยา (จ่ายยา) ชั้น 1;เสร็จสิ้นกระบวนการ CMEx', 'คลินิกผู้ป่วยนอก ชั้น 3;ห้องเจาะเลือด ชั้น 1;ชำระเงิน ห้องการเงิน ชั้น 1;ห้องเอ็กซเรย์ ชั้น 1;คลินิกผู้ป่วยนอก ชั้น 3;ชำระเงิน ห้องการเงิน ชั้น 1;รับยา ห้องยา ชั้น 1', '', '', 0, 0, 0),
(159, 'A', '16', '988876', '', '2020-07-13 11:10:59', '60046', 24, 1, 'เบิกตรง', '', '', 20, '', 40, 23, 'ศูนย์ LASIK;การเงิน ชั้น 1;เสร็จสิ้นกระบวนการ CMEx', 'ศูนย์เลสิค ชั้น 8;ชำระเงิน ห้องการเงิน ชั้น 1', '', '', 0, 0, 0),
(160, 'C', '17', '7654444', '', '2020-07-13 11:11:52', '60046', 24, 1, 'เบิกตรง', '', '', 17, '', 37, 20, 'เคาน์เตอร์พยาบาล ชั้น 3;ห้องยา (Verify) ชั้น 1;การเงิน ชั้น 1;ห้องยา (จ่ายยา) ชั้น 1;เสร็จสิ้นกระบวนการ CMEx', 'คลินิกผู้ป่วยนอก ชั้น 3;ชำระเงิน ห้องการเงิน ชั้น 1;รับยา ห้องยา ชั้น 1', '', '', 0, 0, 0),
(161, 'C', '18', '3333444', '', '2020-07-13 11:30:58', '61018', 24, 1, 'เบิกตรง', '', '', 6, '', 26, 9, 'ห้องเจาะเลือด ชั้น 1;การเงิน ชั้น 1;เสร็จสิ้นกระบวนการ CMEx', 'ห้องเจาะเลือด ชั้น 1;ชำระเงิน ห้องการเงิน ชั้น 1', '', '', 0, 0, 0),
(162, 'A', '1', '1234567', '', '2020-07-30 15:52:44', '61018', 25, 1, 'เบิกตรง', '', '', 9, '', 29, 12, 'ห้องเจาะเลือด ชั้น 1;การเงิน ชั้น 1;หน้าห้องตรวจแพทย์ ชั้น 3;เคาน์เตอร์พยาบาล ชั้น 3;ห้องยา (Verify) ชั้น 1;การเงิน ชั้น 1;ห้องยา (จ่ายยา) ชั้น 1;เสร็จสิ้นกระบวนการ CMEx', 'ห้องเจาะเลือด ชั้น 1;ชำระเงิน ห้องการเงิน ชั้น 1;คลินิกผู้ป่วยนอก ชั้น 3;ชำระเงิน ห้องการเงิน ชั้น 1;รับยา ห้องยา ชั้น 1', '', '', 0, 0, 0),
(163, 'A', '2', '1234568', '', '2020-07-30 15:56:56', '61018', 25, 1, 'เบิกตรง', '', '', 6, '', 26, 9, 'ห้องเจาะเลือด ชั้น 1;การเงิน ชั้น 1;เสร็จสิ้นกระบวนการ CMEx', 'ห้องเจาะเลือด ชั้น 1;ชำระเงิน ห้องการเงิน ชั้น 1', '', '', 0, 0, 0),
(169, 'A', '1', '1234567', '', '2020-07-31 15:44:29', '61018', 26, 1, 'เบิกตรง', '', '', 6, 'เจาะเลือด ไม่พบแพทย์', 26, 9, 'ห้องเจาะเลือด ชั้น 1;การเงิน ชั้น 1;เสร็จสิ้นกระบวนการ CMEx', 'ห้องเจาะเลือด ชั้น 1;ชำระเงิน ห้องการเงิน ชั้น 1', 'กรปวีณ์ ปุณณโกศล', '', 0, 0, 0),
(170, 'D', '2', '12345678', '', '2020-07-31 16:28:21', '61018', 26, 1, 'เบิกตรง', '', '', 11, 'เจาะเลือด X-ray และพบแพทย์', 31, 14, 'ห้องเจาะเลือด ชั้น 1;การเงิน ชั้น 1;หน้าห้องตรวจแพทย์ ชั้น 3;เคาน์เตอร์พยาบาล ชั้น 3;ห้องยา (Verify) ชั้น 1;การเงิน ชั้น 1;ห้องยา (จ่ายยา) ชั้น 1;เสร็จสิ้นกระบวนการ CMEx', 'ห้องเจาะเลือด ชั้น 1;ชำระเงิน ห้องการเงิน ชั้น 1;ห้องเอ็กซเรย์ ชั้น 1;คลินิกผู้ป่วยนอก ชั้น 3;ชำระเงิน ห้องการเงิน ชั้น 1;รับยา ห้องยา ชั้น 1', 'กนกวรรณ ภิญโญพรพาณิชย์', '', 0, 0, 0),
(171, 'A', '1', '1377380', '', '2020-08-03 11:35:04', '61018', 27, 1, 'เบิกตรง', '', '', 6, 'เจาะเลือด ไม่พบแพทย์', 26, 9, 'ห้องเจาะเลือด ชั้น 1;การเงิน ชั้น 1;เสร็จสิ้นกระบวนการ CMEx', 'ห้องเจาะเลือด ชั้น 1;ชำระเงิน ห้องการเงิน ชั้น 1', '', '0814725891', 0, 0, 0),
(172, 'B', '2', '1377380', '', '2020-08-03 12:10:45', '61018', 27, 1, 'เบิกตรง', '', '', 13, 'นัดพบแพทย์ ไม่มีหัตถการ', 33, 16, 'หน้าห้องตรวจแพทย์ ชั้น 3;เคาน์เตอร์พยาบาล ชั้น 3;ห้องยา (Verify) ชั้น 1;การเงิน ชั้น 1;ห้องยา (จ่ายยา) ชั้น 1;เสร็จสิ้นกระบวนการ CMEx', 'คลินิกผู้ป่วยนอก ชั้น 3;ชำระเงิน ห้องการเงิน ชั้น 1;รับยา ห้องยา ชั้น 1', 'กนกวรรณ ภิญโญพรพาณิชย์', '0814725891', 0, 0, 0),
(173, 'A', '1', '1234567', '', '2020-08-07 09:05:45', '61018', 28, 1, 'เบิกตรง', '', '', 6, 'เจาะเลือด ไม่พบแพทย์', 26, 9, 'ห้องเจาะเลือด ชั้น 1;การเงิน ชั้น 1;เสร็จสิ้นกระบวนการ CMEx', 'ห้องเจาะเลือด ชั้น 1;ชำระเงิน ห้องการเงิน ชั้น 1', '', '', 0, 0, 0),
(174, 'A', '2', '1222345', '', '2020-08-07 09:11:12', '61018', 28, 1, 'เบิกตรง', '', '', 6, 'เจาะเลือด ไม่พบแพทย์', 26, 9, 'ห้องเจาะเลือด ชั้น 1;การเงิน ชั้น 1;เสร็จสิ้นกระบวนการ CMEx', 'ห้องเจาะเลือด ชั้น 1;ชำระเงิน ห้องการเงิน ชั้น 1', '', '', 0, 0, 0),
(175, 'A', '3', '1234321', '', '2020-08-07 09:14:10', '61018', 28, 1, 'เบิกตรง', '', '', 6, 'เจาะเลือด ไม่พบแพทย์', 26, 9, 'ห้องเจาะเลือด ชั้น 1;การเงิน ชั้น 1;เสร็จสิ้นกระบวนการ CMEx', 'ห้องเจาะเลือด ชั้น 1;ชำระเงิน ห้องการเงิน ชั้น 1', '', '', 0, 0, 0),
(176, 'B', '4', '123456', '', '2020-08-07 09:46:11', '60046', 28, 1, 'เบิกตรง', '', '', 11, 'เจาะเลือด X-ray และพบแพทย์', 31, 14, 'ห้องเจาะเลือด ชั้น 1;การเงิน ชั้น 1;หน้าห้องตรวจแพทย์ ชั้น 3;เคาน์เตอร์พยาบาล ชั้น 3;ห้องยา (Verify) ชั้น 1;การเงิน ชั้น 1;ห้องยา (จ่ายยา) ชั้น 1;เสร็จสิ้นกระบวนการ CMEx', 'ห้องเจาะเลือด ชั้น 1;ชำระเงิน ห้องการเงิน ชั้น 1;ห้องเอ็กซเรย์ ชั้น 1;คลินิกผู้ป่วยนอก ชั้น 3;ชำระเงิน ห้องการเงิน ชั้น 1;รับยา ห้องยา ชั้น 1', 'ขจรศักดิ์ นพคุณ', '', 0, 0, 0),
(177, 'A', '5', '123456', '', '2020-08-07 09:47:19', '60046', 28, 1, 'เบิกตรง', '', '', 13, 'นัดพบแพทย์ ไม่มีหัตถการ', 33, 16, 'หน้าห้องตรวจแพทย์ ชั้น 3;เคาน์เตอร์พยาบาล ชั้น 3;ห้องยา (Verify) ชั้น 1;การเงิน ชั้น 1;ห้องยา (จ่ายยา) ชั้น 1;เสร็จสิ้นกระบวนการ CMEx', 'คลินิกผู้ป่วยนอก ชั้น 3;ชำระเงิน ห้องการเงิน ชั้น 1;รับยา ห้องยา ชั้น 1', 'ธีรกร ธีรกิตติกุล', '', 0, 0, 0),
(178, 'B', '6', '123457', '', '2020-08-07 09:49:19', '60046', 28, 1, 'เบิกตรง', '', '', 10, 'X-ray และพบแพทย์', 30, 13, 'การเงิน ชั้น 1;หน้าห้องตรวจแพทย์ ชั้น 3;เคาน์เตอร์พยาบาล ชั้น 3;ห้องยา (Verify) ชั้น 1;การเงิน ชั้น 1;ห้องยา (จ่ายยา) ชั้น 1;เสร็จสิ้นกระบวนการ CMEx', 'ชำระเงิน ห้องการเงิน ชั้น 1;ห้องเอ็กซเรย์ ชั้น 1;คลินิกผู้ป่วยนอก ชั้น 3;ชำระเงิน ห้องการเงิน ชั้น 1;รับยา ห้องยา ชั้น 1', 'สักกาเดช ลิ้มมหาคุณ', '', 0, 0, 0),
(179, 'A', '7', '123458', '', '2020-08-07 09:50:45', '60046', 28, 1, 'เบิกตรง', '', '', 13, 'นัดพบแพทย์ ไม่มีหัตถการ', 33, 16, 'หน้าห้องตรวจแพทย์ ชั้น 3;เคาน์เตอร์พยาบาล ชั้น 3;ห้องยา (Verify) ชั้น 1;การเงิน ชั้น 1;ห้องยา (จ่ายยา) ชั้น 1;เสร็จสิ้นกระบวนการ CMEx', 'คลินิกผู้ป่วยนอก ชั้น 3;ชำระเงิน ห้องการเงิน ชั้น 1;รับยา ห้องยา ชั้น 1', 'กนกขวัญ เอื้อวิริยานุกูล', '', 0, 0, 0),
(180, 'C', '8', '123459', '', '2020-08-07 09:52:58', '60046', 28, 1, 'เบิกตรง', '', '', 13, 'นัดพบแพทย์ ไม่มีหัตถการ', 33, 16, 'หน้าห้องตรวจแพทย์ ชั้น 3;เคาน์เตอร์พยาบาล ชั้น 3;ห้องยา (Verify) ชั้น 1;การเงิน ชั้น 1;ห้องยา (จ่ายยา) ชั้น 1;เสร็จสิ้นกระบวนการ CMEx', 'คลินิกผู้ป่วยนอก ชั้น 3;ชำระเงิน ห้องการเงิน ชั้น 1;รับยา ห้องยา ชั้น 1', 'สินธิป พัฒนะคูหา', '', 0, 0, 0),
(181, 'B', '9', '123400', '', '2020-08-07 09:54:17', '60046', 28, 1, 'รัฐวิสาหกิจ', '', 'ใบรับรองแพทย์โรงพยาบาลมหารายนครเชียงใหม่ (ภาษาไทย);ใบรับรองการใช้ยา (NR)', 9, 'เจาะเลือด และพบแพทย์', 29, 12, 'ห้องเจาะเลือด ชั้น 1;การเงิน ชั้น 1;หน้าห้องตรวจแพทย์ ชั้น 3;เคาน์เตอร์พยาบาล ชั้น 3;ห้องยา (Verify) ชั้น 1;การเงิน ชั้น 1;ห้องยา (จ่ายยา) ชั้น 1;เสร็จสิ้นกระบวนการ CMEx', 'ห้องเจาะเลือด ชั้น 1;ชำระเงิน ห้องการเงิน ชั้น 1;คลินิกผู้ป่วยนอก ชั้น 3;ชำระเงิน ห้องการเงิน ชั้น 1;รับยา ห้องยา ชั้น 1', 'กนกกาญจน์ ภิญโญพรพาณิชย์', '', 0, 0, 0),
(182, 'A', '10', '123555', '', '2020-08-07 09:56:40', '60046', 28, 1, 'เงินสด', '', '', 20, 'LASIK', 40, 23, 'ศูนย์ LASIK;การเงิน ชั้น 1;เสร็จสิ้นกระบวนการ CMEx', 'ศูนย์เลสิค ชั้น 8;ชำระเงิน ห้องการเงิน ชั้น 1', '', '', 0, 0, 0),
(183, 'B', '11', '123555', '', '2020-08-07 09:57:07', '60046', 28, 1, 'เบิกตรง', '', '', 21, 'WH', 41, 24, 'ศูนย์สุขภาพสตรี;การเงิน ชั้น 1;เสร็จสิ้นกระบวนการ CMEx', 'ศูนย์สุขภาพสตรี ชั้น 3;ชำระเงิน ห้องการเงิน ชั้น 1', '', '', 0, 0, 0),
(184, 'A', '12', '123555', '', '2020-08-07 09:57:42', '60046', 28, 1, 'เบิกตรง', '', '', 13, 'นัดพบแพทย์ ไม่มีหัตถการ', 33, 16, 'หน้าห้องตรวจแพทย์ ชั้น 3;เคาน์เตอร์พยาบาล ชั้น 3;ห้องยา (Verify) ชั้น 1;การเงิน ชั้น 1;ห้องยา (จ่ายยา) ชั้น 1;เสร็จสิ้นกระบวนการ CMEx', 'คลินิกผู้ป่วยนอก ชั้น 3;ชำระเงิน ห้องการเงิน ชั้น 1;รับยา ห้องยา ชั้น 1', 'กฤษณ์ ปัญจสวัสดิ์วงศ์', '', 0, 0, 0),
(185, 'C', '13', '124422', '', '2020-08-07 09:58:42', '60046', 28, 1, 'เบิกตรง', '', '', 23, 'Refill ยา', 44, 26, 'ห้องยา (Verify) ชั้น 1;การเงิน ชั้น 1;ห้องยา (จ่ายยา) ชั้น 1;เสร็จสิ้นกระบวนการ CMEx', 'รับยา ห้องยา ชั้น 1;ชำระเงิน ห้องการเงิน ชั้น 1;รับยา ห้องยา ชั้น 1', '', '', 0, 0, 0),
(186, 'A', '14', '123458', '', '2020-08-07 10:11:57', '60046', 28, 1, 'เบิกตรง', '', '', 13, 'นัดพบแพทย์ ไม่มีหัตถการ', 33, 16, 'หน้าห้องตรวจแพทย์ ชั้น 3;เคาน์เตอร์พยาบาล ชั้น 3;ห้องยา (Verify) ชั้น 1;การเงิน ชั้น 1;ห้องยา (จ่ายยา) ชั้น 1;เสร็จสิ้นกระบวนการ CMEx', 'คลินิกผู้ป่วยนอก ชั้น 3;ชำระเงิน ห้องการเงิน ชั้น 1;รับยา ห้องยา ชั้น 1', 'กนกขวัญ เอื้อวิริยานุกูล', '', 0, 0, 0),
(187, 'D', '15', '123400', '', '2020-08-07 10:19:19', '60046', 28, 1, 'รัฐวิสาหกิจ', '', 'ใบรับรองแพทย์โรงพยาบาลมหารายนครเชียงใหม่ (ภาษาไทย);ใบรับรองการใช้ยา (NR)', 9, 'เจาะเลือด และพบแพทย์', 29, 12, 'ห้องเจาะเลือด ชั้น 1;การเงิน ชั้น 1;หน้าห้องตรวจแพทย์ ชั้น 3;เคาน์เตอร์พยาบาล ชั้น 3;ห้องยา (Verify) ชั้น 1;การเงิน ชั้น 1;ห้องยา (จ่ายยา) ชั้น 1;เสร็จสิ้นกระบวนการ CMEx', 'ห้องเจาะเลือด ชั้น 1;ชำระเงิน ห้องการเงิน ชั้น 1;คลินิกผู้ป่วยนอก ชั้น 3;ชำระเงิน ห้องการเงิน ชั้น 1;รับยา ห้องยา ชั้น 1', '', '', 0, 0, 0),
(188, 'A', '16', '567898', '', '2020-08-07 11:18:04', '61018', 28, 1, 'เบิกตรง', '', '', 13, 'นัดพบแพทย์ ไม่มีหัตถการ', 33, 16, 'หน้าห้องตรวจแพทย์ ชั้น 3;เคาน์เตอร์พยาบาล ชั้น 3;ห้องยา (Verify) ชั้น 1;การเงิน ชั้น 1;ห้องยา (จ่ายยา) ชั้น 1;เสร็จสิ้นกระบวนการ CMEx', 'คลินิกผู้ป่วยนอก ชั้น 3;ชำระเงิน ห้องการเงิน ชั้น 1;รับยา ห้องยา ชั้น 1', '', '', 0, 0, 0),
(189, 'A', '17', '6789098', '', '2020-08-07 11:18:34', '61018', 28, 1, 'เบิกตรง', '', '', 13, 'นัดพบแพทย์ ไม่มีหัตถการ', 33, 16, 'หน้าห้องตรวจแพทย์ ชั้น 3;เคาน์เตอร์พยาบาล ชั้น 3;ห้องยา (Verify) ชั้น 1;การเงิน ชั้น 1;ห้องยา (จ่ายยา) ชั้น 1;เสร็จสิ้นกระบวนการ CMEx', 'คลินิกผู้ป่วยนอก ชั้น 3;ชำระเงิน ห้องการเงิน ชั้น 1;รับยา ห้องยา ชั้น 1', '', '', 0, 0, 0),
(190, 'A', '18', '444444', '', '2020-08-07 11:19:14', '61018', 28, 1, 'เบิกตรง', '', '', 13, 'นัดพบแพทย์ ไม่มีหัตถการ', 33, 16, 'หน้าห้องตรวจแพทย์ ชั้น 3;เคาน์เตอร์พยาบาล ชั้น 3;ห้องยา (Verify) ชั้น 1;การเงิน ชั้น 1;ห้องยา (จ่ายยา) ชั้น 1;เสร็จสิ้นกระบวนการ CMEx', 'คลินิกผู้ป่วยนอก ชั้น 3;ชำระเงิน ห้องการเงิน ชั้น 1;รับยา ห้องยา ชั้น 1', '', '', 0, 0, 0),
(191, 'A', '19', '444444', '', '2020-08-07 11:19:25', '61018', 28, 1, 'เบิกตรง', '', '', 13, 'นัดพบแพทย์ ไม่มีหัตถการ', 33, 16, 'หน้าห้องตรวจแพทย์ ชั้น 3;เคาน์เตอร์พยาบาล ชั้น 3;ห้องยา (Verify) ชั้น 1;การเงิน ชั้น 1;ห้องยา (จ่ายยา) ชั้น 1;เสร็จสิ้นกระบวนการ CMEx', 'คลินิกผู้ป่วยนอก ชั้น 3;ชำระเงิน ห้องการเงิน ชั้น 1;รับยา ห้องยา ชั้น 1', '', '', 0, 0, 0),
(195, 'A', '1', '456789', '', '2020-08-08 09:46:54', '61018', 29, 1, 'เบิกตรง', '', '', 6, 'เจาะเลือด ไม่พบแพทย์', 26, 9, 'ห้องเจาะเลือด ชั้น 1;การเงิน ชั้น 1;เสร็จสิ้นกระบวนการ CMEx', 'ห้องเจาะเลือด ชั้น 1;ชำระเงิน ห้องการเงิน ชั้น 1', '', '', 0, 0, 0),
(197, 'A', '3', '65457457', '', '2020-08-08 09:47:46', '61018', 29, 1, 'เบิกตรง', '', '', 6, 'เจาะเลือด ไม่พบแพทย์', 26, 9, 'ห้องเจาะเลือด ชั้น 1;การเงิน ชั้น 1;เสร็จสิ้นกระบวนการ CMEx', 'ห้องเจาะเลือด ชั้น 1;ชำระเงิน ห้องการเงิน ชั้น 1', '', '', 0, 0, 0),
(199, 'A', '4', '666554', '', '2020-08-08 09:49:10', '61018', 29, 1, 'เบิกตรง', '', '', 6, 'เจาะเลือด ไม่พบแพทย์', 26, 9, 'ห้องเจาะเลือด ชั้น 1;การเงิน ชั้น 1;เสร็จสิ้นกระบวนการ CMEx', 'ห้องเจาะเลือด ชั้น 1;ชำระเงิน ห้องการเงิน ชั้น 1', '', '', 0, 0, 0),
(200, 'B', '1', '3474788', '', '2020-10-27 15:19:15', '61018', 30, 1, 'เบิกตรง', '', '', 11, 'เจาะเลือด X-ray และพบแพทย์', 31, 14, 'ห้องเจาะเลือด ชั้น 1;การเงิน ชั้น 1;หน้าห้องตรวจแพทย์ ชั้น 3;เคาน์เตอร์พยาบาล ชั้น 3;ห้องยา (Verify) ชั้น 1;การเงิน ชั้น 1;ห้องยา (จ่ายยา) ชั้น 1;เสร็จสิ้นกระบวนการ CMEx', 'ห้องเจาะเลือด ชั้น 1;ชำระเงิน ห้องการเงิน ชั้น 1;ห้องเอ็กซเรย์ ชั้น 1;คลินิกผู้ป่วยนอก ชั้น 3;ชำระเงิน ห้องการเงิน ชั้น 1;รับยา ห้องยา ชั้น 1', '', '016569999', 0, 0, 0),
(201, 'B', '1', '3456789', '', '2020-11-24 10:26:24', '61045', 31, 1, 'เบิกตรง', '', '', 9, 'เจาะเลือด และพบแพทย์', 29, 12, 'ห้องเจาะเลือด ชั้น 1;การเงิน ชั้น 1;หน้าห้องตรวจแพทย์ ชั้น 3;เคาน์เตอร์พยาบาล ชั้น 3;ห้องยา (Verify) ชั้น 1;การเงิน ชั้น 1;ห้องยา (จ่ายยา) ชั้น 1;เสร็จสิ้นกระบวนการ CMEx', 'ห้องเจาะเลือด ชั้น 1;ชำระเงิน ห้องการเงิน ชั้น 1;คลินิกผู้ป่วยนอก ชั้น 3;ชำระเงิน ห้องการเงิน ชั้น 1;รับยา ห้องยา ชั้น 1', '', '0234567890', 0, 0, 0),
(202, 'A', '2', '123456789', '', '2020-11-24 11:51:45', '61045', 31, 1, 'เบิกตรง', '', '', 13, 'พบแพทย์ ไม่มีหัตถการ', 33, 16, 'หน้าห้องตรวจแพทย์ ชั้น 3;เคาน์เตอร์พยาบาล ชั้น 3;ห้องยา (Verify) ชั้น 1;การเงิน ชั้น 1;ห้องยา (จ่ายยา) ชั้น 1;เสร็จสิ้นกระบวนการ CMEx', 'คลินิกผู้ป่วยนอก ชั้น 3;ชำระเงิน ห้องการเงิน ชั้น 1;รับยา ห้องยา ชั้น 1', '', '', 0, 0, 0),
(203, 'A', '3', '123456789', '', '2020-11-24 11:52:18', '61045', 31, 1, 'เบิกตรง', '', '', 9, 'เจาะเลือด และพบแพทย์', 29, 12, 'ห้องเจาะเลือด ชั้น 1;การเงิน ชั้น 1;หน้าห้องตรวจแพทย์ ชั้น 3;เคาน์เตอร์พยาบาล ชั้น 3;ห้องยา (Verify) ชั้น 1;การเงิน ชั้น 1;ห้องยา (จ่ายยา) ชั้น 1;เสร็จสิ้นกระบวนการ CMEx', 'ห้องเจาะเลือด ชั้น 1;ชำระเงิน ห้องการเงิน ชั้น 1;คลินิกผู้ป่วยนอก ชั้น 3;ชำระเงิน ห้องการเงิน ชั้น 1;รับยา ห้องยา ชั้น 1', '', '', 0, 0, 0),
(207, 'A', '1', '342167', '', '2020-11-24 14:00:04', '61018', 32, 2, 'เบิกตรง', '', '', 28, 'เจาะเลือดพบแพทย์', 51, 31, 'ห้องเจาะเลือด ชั้น 2;หน้าห้องตรวจแพทย์ ชั้น 1;เคาน์เตอร์พยาบาล ชั้น 1;ห้องยา (Verify);การเงิน ชั้น 1;ห้องยา (จ่ายยา)', 'เจาะเลือด ห้องปฏิบัติการ ชั้น 2;ห้องตรวจผู้ป่วยนอกชั้น 1;ชำระเงิน ห้องการเงิน ชั้น 1;รับยา ห้องยา ชั้น 1', 'ณัทวุฒิ เฮงจีระจรัส', '12455667789', 0, 0, 0),
(208, 'B', '2', '23345678', '', '2020-11-24 14:05:46', '61018', 32, 2, 'เบิกตรง', '', '', 28, 'เจาะเลือดพบแพทย์', 51, 31, 'ห้องเจาะเลือด ชั้น 2;หน้าห้องตรวจแพทย์ ชั้น 1;เคาน์เตอร์พยาบาล ชั้น 1;ห้องยา (Verify);การเงิน ชั้น 1;ห้องยา (จ่ายยา)', 'เจาะเลือด ห้องปฏิบัติการ ชั้น 2;ห้องตรวจผู้ป่วยนอกชั้น 1;ชำระเงิน ห้องการเงิน ชั้น 1;รับยา ห้องยา ชั้น 1', 'ณัทวุฒิ เฮงจีระจรัส', '', 0, 0, 0),
(209, 'D', '3', '23345678', '', '2020-11-24 14:07:37', '61018', 32, 2, 'เบิกตรง', '', '', 29, 'X-ray พบแพทย์', 52, 32, 'ห้องเอ็กซเรย์ชั้น 2;หน้าห้องตรวจแพทย์ ชั้น 1;เคาน์เตอร์พยาบาล ชั้น 1;ห้องยา (Verify);การเงิน ชั้น 1;ห้องยา (จ่ายยา)', 'เอ็กซ์เรย์ ห้องเอ็กซ์เรย์ ชั้น 2;ห้องตรวจผู้ป่วยนอกชั้น 1;ชำระเงิน ห้องการเงิน ชั้น 1;รับยา ห้องยา ชั้น 1', '', '', 0, 0, 0),
(210, 'C', '4', '351234', '', '2020-11-24 14:09:16', '61018', 32, 2, 'เบิกตรง', '', '', 31, 'ตรวจสุขภาพ (ไม่มีโปรแกรม)', 54, 34, 'เคาน์เตอร์พยาบาล ชั้น 1;ห้องเจาะเลือด ชั้น 2;ห้องเอ็กซเรย์ชั้น 2;หน้าห้องตรวจแพทย์ ชั้น 1;เคาน์เตอร์พยาบาล ชั้น 1;ห้องยา (Verify);การเงิน ชั้น 1', 'ห้องตรวจผู้ป่วยนอกชั้น 1;เจาะเลือด ห้องปฏิบัติการ ชั้น 2;เอ็กซ์เรย์ ห้องเอ็กซ์เรย์ ชั้น 2;ห้องตรวจผู้ป่วยนอกชั้น 1;ชำระเงิน ห้องการเงิน ชั้น 1;รับยา ห้องยา ชั้น 1', 'สิริมหาจักร เกียรติไชยากร', '', 0, 0, 0),
(211, 'C', '5', '543267', '', '2020-11-24 14:28:46', '61018', 32, 2, 'อื่น ๆ', 'ไม่ได้นำบัตรปปชมา', 'ใบรับรองแพทย์โรงพยาบาลมหารายนครเชียงใหม่ (ภาษาไทย);ใบรับรองการใช้ยา (NR)', 32, 'พบแพทย์ ไม่มีหัตถการ', 55, 35, 'หน้าห้องตรวจแพทย์ ชั้น 1;เคาน์เตอร์พยาบาล ชั้น 1;ห้องยา (Verify);การเงิน ชั้น 1;ห้องยา (จ่ายยา)', 'ห้องตรวจผู้ป่วยนอกชั้น 1;ชำระเงิน ห้องการเงิน ชั้น 1;รับยา ห้องยา ชั้น 1', 'med gmc', '0842345613', 0, 0, 0),
(212, 'A', '6', '543267', '', '2020-11-24 14:30:40', '61018', 32, 2, 'เบิกตรง', '', '', 25, 'เจาะเลือด ไม่พบแพทย์', 48, 28, 'ห้องเจาะเลือด ชั้น 2;เคาน์เตอร์พยาบาล ชั้น 1;การเงิน ชั้น 1', 'เจาะเลือด ห้องปฏิบัติการ ชั้น 2;ห้องตรวจผู้ป่วยนอกชั้น 1;ชำระเงิน ห้องการเงิน ชั้น 1', '', '', 0, 0, 0),
(213, 'A', '7', '456789', '', '2020-11-24 14:32:17', '61018', 32, 2, 'เบิกตรง', '', '', 32, 'พบแพทย์ ไม่มีหัตถการ', 55, 35, 'หน้าห้องตรวจแพทย์ ชั้น 1;เคาน์เตอร์พยาบาล ชั้น 1;ห้องยา (Verify);การเงิน ชั้น 1;ห้องยา (จ่ายยา)', 'ห้องตรวจผู้ป่วยนอกชั้น 1;ชำระเงิน ห้องการเงิน ชั้น 1;รับยา ห้องยา ชั้น 1', '', '', 0, 0, 0),
(214, 'A', '8', '345678', '', '2020-11-24 14:37:06', '61018', 32, 2, 'เงินสด', '', '', 32, 'พบแพทย์ ไม่มีหัตถการ', 55, 35, 'หน้าห้องตรวจแพทย์ ชั้น 1;เคาน์เตอร์พยาบาล ชั้น 1;ห้องยา (Verify);การเงิน ชั้น 1;ห้องยา (จ่ายยา)', 'ห้องตรวจผู้ป่วยนอกชั้น 1;ชำระเงิน ห้องการเงิน ชั้น 1;รับยา ห้องยา ชั้น 1', '', '', 0, 0, 0),
(215, 'A', '9', '4567898', '', '2020-11-24 14:37:50', '61018', 32, 2, 'เบิกตรง', '', '', 27, 'เจาะเลือด X-ray ไม่พบแพทย์', 50, 30, 'ห้องเจาะเลือด ชั้น 2;ห้องเอ็กซเรย์ชั้น 2;เคาน์เตอร์พยาบาล ชั้น 1;การเงิน ชั้น 1', 'เจาะเลือด ห้องปฏิบัติการ ชั้น 2;เอ็กซ์เรย์ ห้องเอ็กซ์เรย์ ชั้น 2;ห้องตรวจผู้ป่วยนอกชั้น 1;ชำระเงิน ห้องการเงิน ชั้น 1', '', '', 0, 0, 0),
(216, 'C', '4', '3452134', '', '2020-11-24 14:46:15', '61018', 31, 1, 'รัฐวิสาหกิจ', '', 'ใบรับรองแพทย์ศูนย์ความเป็นเลิศทางการแพทย์ (ภาษาไทย);ใบรับรองแพทย์ศูนย์ความเป็นเลิศทางการแพทย์ (ภาษาอังกฤษ);ใบรับรองการใช้ยา (NR)', 12, 'ตรวจสุขภาพ', 32, 15, 'เคาน์เตอร์พยาบาล ชั้น 3;ห้องเจาะเลือด ชั้น 1;การเงิน ชั้น 1;หน้าห้องตรวจแพทย์ ชั้น 3;เคาน์เตอร์พยาบาล ชั้น 3;ห้องยา (Verify) ชั้น 1;การเงิน ชั้น 1;ห้องยา (จ่ายยา) ชั้น 1;เสร็จสิ้นกระบวนการ CMEx', 'คลินิกผู้ป่วยนอก ชั้น 3;ห้องเจาะเลือด ชั้น 1;ชำระเงิน ห้องการเงิน ชั้น 1;ห้องเอ็กซเรย์ ชั้น 1;คลินิกผู้ป่วยนอก ชั้น 3;ชำระเงิน ห้องการเงิน ชั้น 1;รับยา ห้องยา ชั้น 1', 'เป็ด', '0987654321', 0, 0, 0),
(217, 'C', '5', '233456', '', '2020-11-24 14:47:16', '61018', 31, 1, 'รัฐวิสาหกิจ', '', 'ใบรับรองแพทย์ศูนย์ความเป็นเลิศทางการแพทย์ (ภาษาไทย);ใบรับรองการใช้ยา (NR)', 12, 'ตรวจสุขภาพ', 32, 15, 'เคาน์เตอร์พยาบาล ชั้น 3;ห้องเจาะเลือด ชั้น 1;การเงิน ชั้น 1;หน้าห้องตรวจแพทย์ ชั้น 3;เคาน์เตอร์พยาบาล ชั้น 3;ห้องยา (Verify) ชั้น 1;การเงิน ชั้น 1;ห้องยา (จ่ายยา) ชั้น 1;เสร็จสิ้นกระบวนการ CMEx', 'คลินิกผู้ป่วยนอก ชั้น 3;ห้องเจาะเลือด ชั้น 1;ชำระเงิน ห้องการเงิน ชั้น 1;ห้องเอ็กซเรย์ ชั้น 1;คลินิกผู้ป่วยนอก ชั้น 3;ชำระเงิน ห้องการเงิน ชั้น 1;รับยา ห้องยา ชั้น 1', 'ัดอิ้ิสาิาิา่', '2345678', 0, 0, 0),
(218, 'A', '6', '234567', '', '2020-11-24 14:48:37', '61018', 31, 1, 'เบิกตรง', '', '', 12, 'ตรวจสุขภาพ', 32, 15, 'เคาน์เตอร์พยาบาล ชั้น 3;ห้องเจาะเลือด ชั้น 1;การเงิน ชั้น 1;หน้าห้องตรวจแพทย์ ชั้น 3;เคาน์เตอร์พยาบาล ชั้น 3;ห้องยา (Verify) ชั้น 1;การเงิน ชั้น 1;ห้องยา (จ่ายยา) ชั้น 1;เสร็จสิ้นกระบวนการ CMEx', 'คลินิกผู้ป่วยนอก ชั้น 3;ห้องเจาะเลือด ชั้น 1;ชำระเงิน ห้องการเงิน ชั้น 1;ห้องเอ็กซเรย์ ชั้น 1;คลินิกผู้ป่วยนอก ชั้น 3;ชำระเงิน ห้องการเงิน ชั้น 1;รับยา ห้องยา ชั้น 1', 'dfghjk;', '34567', 0, 0, 0),
(219, 'C', '7', '1234', '', '2020-11-24 14:49:33', '61018', 31, 1, 'เบิกตรง', '', '', 23, 'Refill ยา', 44, 26, 'ห้องยา (Verify) ชั้น 1;การเงิน ชั้น 1;ห้องยา (จ่ายยา) ชั้น 1;เสร็จสิ้นกระบวนการ CMEx', 'รับยา ห้องยา ชั้น 1;ชำระเงิน ห้องการเงิน ชั้น 1;รับยา ห้องยา ชั้น 1', '', '', 0, 0, 0),
(220, 'A', '8', '1234', '', '2020-11-24 14:50:05', '61018', 31, 1, 'เบิกตรง', '', '', 13, 'พบแพทย์ ไม่มีหัตถการ', 33, 16, 'หน้าห้องตรวจแพทย์ ชั้น 3;เคาน์เตอร์พยาบาล ชั้น 3;ห้องยา (Verify) ชั้น 1;การเงิน ชั้น 1;ห้องยา (จ่ายยา) ชั้น 1;เสร็จสิ้นกระบวนการ CMEx', 'คลินิกผู้ป่วยนอก ชั้น 3;ชำระเงิน ห้องการเงิน ชั้น 1;รับยา ห้องยา ชั้น 1', 'ณัทวุฒิ เฮงจีระจรัส', '', 0, 0, 0),
(221, 'A', '9', '2132424', '', '2020-11-24 15:21:53', '61018', 31, 1, 'เงินสด', '', '', 20, 'LASIK', 40, 23, 'ศูนย์ LASIK;การเงิน ชั้น 1;เสร็จสิ้นกระบวนการ CMEx', 'ศูนย์เลสิค ชั้น 8;ชำระเงิน ห้องการเงิน ชั้น 1', '', '', 0, 0, 0),
(228, 'A', '1', '123456', '', '2020-11-30 10:37:32', '61018', 33, 1, 'เบิกตรง', '', '', 6, 'เจาะเลือด ไม่พบแพทย์', 26, 9, 'ห้องเจาะเลือด ชั้น 1;การเงิน ชั้น 1;เสร็จสิ้นกระบวนการ CMEx', 'ห้องเจาะเลือด ชั้น 1;ชำระเงิน ห้องการเงิน ชั้น 1', '', '', 0, 0, 0),
(229, 'A', '2', '1234', '', '2020-11-30 10:42:39', '61018', 33, 1, 'เบิกตรง', '', '', 13, 'พบแพทย์ ไม่มีหัตถการ', 33, 16, 'หน้าห้องตรวจแพทย์ ชั้น 3;เคาน์เตอร์พยาบาล ชั้น 3;ห้องยา (Verify) ชั้น 1;การเงิน ชั้น 1;ห้องยา (จ่ายยา) ชั้น 1;เสร็จสิ้นกระบวนการ CMEx', 'คลินิกผู้ป่วยนอก ชั้น 3;ชำระเงิน ห้องการเงิน ชั้น 1;รับยา ห้องยา ชั้น 1', 'ณั', '', 0, 0, 0),
(230, 'A', '3', '234565', '', '2020-11-30 11:32:49', '61018', 33, 1, 'เบิกตรง', '', '', 13, 'พบแพทย์ ไม่มีหัตถการ', 33, 16, 'หน้าห้องตรวจแพทย์ ชั้น 3;เคาน์เตอร์พยาบาล ชั้น 3;ห้องยา (Verify) ชั้น 1;การเงิน ชั้น 1;ห้องยา (จ่ายยา) ชั้น 1;เสร็จสิ้นกระบวนการ CMEx', 'คลินิกผู้ป่วยนอก ชั้น 3;ชำระเงิน ห้องการเงิน ชั้น 1;รับยา ห้องยา ชั้น 1', '', '', 1, 0, 0),
(231, 'A', '1', '259845', '', '2021-03-06 10:17:59', '64008', 34, 1, 'เบิกตรง', '', '', 9, 'เจาะเลือด และพบแพทย์', 29, 12, 'ห้องเจาะเลือด ชั้น 1;การเงิน ชั้น 1;หน้าห้องตรวจแพทย์ ชั้น 3;เคาน์เตอร์พยาบาล ชั้น 3;ห้องยา (Verify) ชั้น 1;การเงิน ชั้น 1;ห้องยา (จ่ายยา) ชั้น 1;เสร็จสิ้นกระบวนการ CMEx', 'ห้องเจาะเลือด ชั้น 1;ชำระเงิน ห้องการเงิน ชั้น 1;คลินิกผู้ป่วยนอก ชั้น 3;ชำระเงิน ห้องการเงิน ชั้น 1;รับยา ห้องยา ชั้น 1', '', '', 0, 0, 0),
(233, 'B', '3', '1478523', '', '2021-03-06 10:24:48', '64008', 34, 1, 'เบิกตรง กระทรวงสาธารณสุข', '', 'ใบรับรองแพทย์ศูนย์ความเป็นเลิศทางการแพทย์ (ภาษาไทย);ใบรับรองการใช้ยา (NR)', 11, 'เจาะเลือด X-ray และพบแพทย์', 31, 14, 'ห้องเจาะเลือด ชั้น 1;การเงิน ชั้น 1;หน้าห้องตรวจแพทย์ ชั้น 3;เคาน์เตอร์พยาบาล ชั้น 3;ห้องยา (Verify) ชั้น 1;การเงิน ชั้น 1;ห้องยา (จ่ายยา) ชั้น 1;เสร็จสิ้นกระบวนการ CMEx', 'ห้องเจาะเลือด ชั้น 1;ชำระเงิน ห้องการเงิน ชั้น 1;ห้องเอ็กซเรย์ ชั้น 1;คลินิกผู้ป่วยนอก ชั้น 3;ชำระเงิน ห้องการเงิน ชั้น 1;รับยา ห้องยา ชั้น 1', 'ชัยวัฒน์ บำรุงกิจ', '0814725869', 1, 0, 0),
(235, 'A', '4', '147852888', '', '2021-03-06 10:26:42', '64008', 34, 1, 'เบิกตรง', '', '', 6, 'เจาะเลือด ไม่พบแพทย์', 26, 9, 'ห้องเจาะเลือด ชั้น 1;การเงิน ชั้น 1;เสร็จสิ้นกระบวนการ CMEx', 'ห้องเจาะเลือด ชั้น 1;ชำระเงิน ห้องการเงิน ชั้น 1', 'ชัยวัฒน์ บำรุงกิจ', '0814725869', 0, 0, 0),
(236, 'A', '5', '259784', '', '2021-03-06 10:27:18', '64008', 34, 1, 'เบิกตรง', '', '', 6, 'เจาะเลือด ไม่พบแพทย์', 26, 9, 'ห้องเจาะเลือด ชั้น 1;การเงิน ชั้น 1;เสร็จสิ้นกระบวนการ CMEx', 'ห้องเจาะเลือด ชั้น 1;ชำระเงิน ห้องการเงิน ชั้น 1', 'ชัยวัฒน์ บำรุงกิจ', '0814725869', 0, 0, 0);
INSERT INTO `qq_register` (`register_id`, `register_type`, `register_number`, `register_hn`, `register_name`, `register_datetime`, `register_by`, `queue_id`, `site_id`, `claim_name_show`, `claim_other`, `document_name_shows`, `path_id`, `path_name`, `direction_id`, `route_id`, `department_names`, `location_name_shows`, `staff`, `telephone`, `speed_level`, `new_patient`, `not_print`) VALUES
(237, 'B', '6', '259845', '', '2021-03-06 10:31:40', '64008', 34, 1, 'เบิกตรง', '', '', 11, 'เจาะเลือด X-ray และพบแพทย์', 31, 14, 'ห้องเจาะเลือด ชั้น 1;การเงิน ชั้น 1;หน้าห้องตรวจแพทย์ ชั้น 3;เคาน์เตอร์พยาบาล ชั้น 3;ห้องยา (Verify) ชั้น 1;การเงิน ชั้น 1;ห้องยา (จ่ายยา) ชั้น 1;เสร็จสิ้นกระบวนการ CMEx', 'ห้องเจาะเลือด ชั้น 1;ชำระเงิน ห้องการเงิน ชั้น 1;ห้องเอ็กซเรย์ ชั้น 1;คลินิกผู้ป่วยนอก ชั้น 3;ชำระเงิน ห้องการเงิน ชั้น 1;รับยา ห้องยา ชั้น 1', '', '', 0, 0, 0),
(238, 'B', '7', '1478523', '', '2021-03-06 10:32:27', '64008', 34, 1, 'เบิกตรง', '', '', 11, 'เจาะเลือด X-ray และพบแพทย์', 31, 14, 'ห้องเจาะเลือด ชั้น 1;การเงิน ชั้น 1;หน้าห้องตรวจแพทย์ ชั้น 3;เคาน์เตอร์พยาบาล ชั้น 3;ห้องยา (Verify) ชั้น 1;การเงิน ชั้น 1;ห้องยา (จ่ายยา) ชั้น 1;เสร็จสิ้นกระบวนการ CMEx', 'ห้องเจาะเลือด ชั้น 1;ชำระเงิน ห้องการเงิน ชั้น 1;ห้องเอ็กซเรย์ ชั้น 1;คลินิกผู้ป่วยนอก ชั้น 3;ชำระเงิน ห้องการเงิน ชั้น 1;รับยา ห้องยา ชั้น 1', '', '', 0, 0, 0),
(239, 'A', '8', '259845', '', '2021-03-06 10:32:51', '64008', 34, 1, 'เบิกตรง', '', '', 11, 'เจาะเลือด X-ray และพบแพทย์', 31, 14, 'ห้องเจาะเลือด ชั้น 1;การเงิน ชั้น 1;หน้าห้องตรวจแพทย์ ชั้น 3;เคาน์เตอร์พยาบาล ชั้น 3;ห้องยา (Verify) ชั้น 1;การเงิน ชั้น 1;ห้องยา (จ่ายยา) ชั้น 1;เสร็จสิ้นกระบวนการ CMEx', 'ห้องเจาะเลือด ชั้น 1;ชำระเงิน ห้องการเงิน ชั้น 1;ห้องเอ็กซเรย์ ชั้น 1;คลินิกผู้ป่วยนอก ชั้น 3;ชำระเงิน ห้องการเงิน ชั้น 1;รับยา ห้องยา ชั้น 1', 'ชัยวัฒน์ บำรุงกิจ', '0814725869', 0, 0, 0),
(240, 'B', '9', '259845222', '', '2021-03-06 10:33:15', '64008', 34, 1, 'เบิกตรง', '', '', 11, 'เจาะเลือด X-ray และพบแพทย์', 31, 14, 'ห้องเจาะเลือด ชั้น 1;การเงิน ชั้น 1;หน้าห้องตรวจแพทย์ ชั้น 3;เคาน์เตอร์พยาบาล ชั้น 3;ห้องยา (Verify) ชั้น 1;การเงิน ชั้น 1;ห้องยา (จ่ายยา) ชั้น 1;เสร็จสิ้นกระบวนการ CMEx', 'ห้องเจาะเลือด ชั้น 1;ชำระเงิน ห้องการเงิน ชั้น 1;ห้องเอ็กซเรย์ ชั้น 1;คลินิกผู้ป่วยนอก ชั้น 3;ชำระเงิน ห้องการเงิน ชั้น 1;รับยา ห้องยา ชั้น 1', 'ชัยวัฒน์ บำรุงกิจ', '0814725869', 0, 0, 0),
(241, 'B', '10', '123456', '', '2021-03-06 10:43:20', '61018', 34, 1, 'เบิกตรง', '', '', 6, 'เจาะเลือด ไม่พบแพทย์', 26, 9, 'ห้องเจาะเลือด ชั้น 1;การเงิน ชั้น 1;เสร็จสิ้นกระบวนการ CMEx', 'ห้องเจาะเลือด ชั้น 1;ชำระเงิน ห้องการเงิน ชั้น 1', '', '', 0, 0, 0),
(242, 'B', '11', '2732414', '', '2021-03-06 13:12:00', '61018', 34, 1, 'อื่น ๆ', 'ประกันสังคม พนักงาน', 'ใบรับรองแพทย์โรงพยาบาลมหารายนครเชียงใหม่ (ภาษาไทย)', 9, 'เจาะเลือด และพบแพทย์', 29, 12, 'ห้องเจาะเลือด ชั้น 1;การเงิน ชั้น 1;หน้าห้องตรวจแพทย์ ชั้น 3;เคาน์เตอร์พยาบาล ชั้น 3;ห้องยา (Verify) ชั้น 1;การเงิน ชั้น 1;ห้องยา (จ่ายยา) ชั้น 1;เสร็จสิ้นกระบวนการ CMEx', 'ห้องเจาะเลือด ชั้น 1;ชำระเงิน ห้องการเงิน ชั้น 1;คลินิกผู้ป่วยนอก ชั้น 3;ชำระเงิน ห้องการเงิน ชั้น 1;รับยา ห้องยา ชั้น 1', 'ณัทวุฒิ เฮงจีระจรัส', '0882613455', 0, 0, 0),
(243, 'B', '12', '13773809', '', '2021-03-06 13:16:24', '61018', 34, 1, 'เบิกตรง', '', '', 11, 'เจาะเลือด X-ray และพบแพทย์', 31, 14, 'ห้องเจาะเลือด ชั้น 1;การเงิน ชั้น 1;หน้าห้องตรวจแพทย์ ชั้น 3;เคาน์เตอร์พยาบาล ชั้น 3;ห้องยา (Verify) ชั้น 1;การเงิน ชั้น 1;ห้องยา (จ่ายยา) ชั้น 1;เสร็จสิ้นกระบวนการ CMEx', 'ห้องเจาะเลือด ชั้น 1;ชำระเงิน ห้องการเงิน ชั้น 1;ห้องเอ็กซเรย์ ชั้น 1;คลินิกผู้ป่วยนอก ชั้น 3;ชำระเงิน ห้องการเงิน ชั้น 1;รับยา ห้องยา ชั้น 1', 'พงศกร สุตินกาศ', '1234567890', 1, 0, 0),
(244, 'B', '13', '2732414', '', '2021-03-06 13:59:36', '61018', 34, 1, 'อื่น ๆ', '', '', 10, 'X-ray และพบแพทย์', 30, 13, 'การเงิน ชั้น 1;หน้าห้องตรวจแพทย์ ชั้น 3;เคาน์เตอร์พยาบาล ชั้น 3;ห้องยา (Verify) ชั้น 1;การเงิน ชั้น 1;ห้องยา (จ่ายยา) ชั้น 1;เสร็จสิ้นกระบวนการ CMEx', 'ชำระเงิน ห้องการเงิน ชั้น 1;ห้องเอ็กซเรย์ ชั้น 1;คลินิกผู้ป่วยนอก ชั้น 3;ชำระเงิน ห้องการเงิน ชั้น 1;รับยา ห้องยา ชั้น 1', '', '', 0, 0, 0),
(245, 'A', '1', '1425879', '', '2021-03-07 11:08:36', '61018', 35, 1, 'เบิกตรง', '', '', 11, 'เจาะเลือด X-ray และพบแพทย์', 31, 14, 'ห้องเจาะเลือด ชั้น 1;การเงิน ชั้น 1;หน้าห้องตรวจแพทย์ ชั้น 3;เคาน์เตอร์พยาบาล ชั้น 3;ห้องยา (Verify) ชั้น 1;การเงิน ชั้น 1;ห้องยา (จ่ายยา) ชั้น 1;เสร็จสิ้นกระบวนการ CMEx', 'ห้องเจาะเลือด ชั้น 1;ชำระเงิน ห้องการเงิน ชั้น 1;ห้องเอ็กซเรย์ ชั้น 1;คลินิกผู้ป่วยนอก ชั้น 3;ชำระเงิน ห้องการเงิน ชั้น 1;รับยา ห้องยา ชั้น 1', '', '', 1, 0, 0),
(246, 'A', '1', '355635', '', '2021-03-08 13:50:54', '58018', 36, 1, 'เบิกตรง', '', '', 6, 'เจาะเลือด ไม่พบแพทย์', 26, 9, 'ห้องเจาะเลือด ชั้น 1;การเงิน ชั้น 1;เสร็จสิ้นกระบวนการ CMEx', 'ห้องเจาะเลือด ชั้น 1;ชำระเงิน ห้องการเงิน ชั้น 1', '', '', 0, 0, 0),
(247, 'A', '2', '245211', '', '2021-03-08 13:51:05', '60008', 36, 1, 'เบิกตรง', '', '', 6, 'เจาะเลือด ไม่พบแพทย์', 26, 9, 'ห้องเจาะเลือด ชั้น 1;การเงิน ชั้น 1;เสร็จสิ้นกระบวนการ CMEx', 'ห้องเจาะเลือด ชั้น 1;ชำระเงิน ห้องการเงิน ชั้น 1', '', '', 0, 0, 0),
(248, 'A', '3', '259845', '', '2021-03-08 13:56:55', '61045', 36, 1, 'รัฐวิสาหกิจ', '', 'ใบรับรองแพทย์โรงพยาบาลมหารายนครเชียงใหม่ (ภาษาไทย);ใบรับรองการใช้ยา (NR)', 11, 'เจาะเลือด X-ray และพบแพทย์', 31, 14, 'ห้องเจาะเลือด ชั้น 1;การเงิน ชั้น 1;หน้าห้องตรวจแพทย์ ชั้น 3;เคาน์เตอร์พยาบาล ชั้น 3;ห้องยา (Verify) ชั้น 1;การเงิน ชั้น 1;ห้องยา (จ่ายยา) ชั้น 1;เสร็จสิ้นกระบวนการ CMEx', 'ห้องเจาะเลือด ชั้น 1;ชำระเงิน ห้องการเงิน ชั้น 1;ห้องเอ็กซเรย์ ชั้น 1;คลินิกผู้ป่วยนอก ชั้น 3;ชำระเงิน ห้องการเงิน ชั้น 1;รับยา ห้องยา ชั้น 1', 'ชญาศักดิ์ วันทนียวงค์', '0814896538', 0, 0, 0),
(249, 'B', '4', '1456987', '', '2021-03-08 14:06:33', '60008', 36, 1, 'เบิกตรง', '', 'ใบรับรองแพทย์โรงพยาบาลมหารายนครเชียงใหม่ (ภาษาไทย);ใบรับรองการใช้ยา (NR)', 6, 'เจาะเลือด ไม่พบแพทย์', 26, 9, 'ห้องเจาะเลือด ชั้น 1;การเงิน ชั้น 1;เสร็จสิ้นกระบวนการ CMEx', 'ห้องเจาะเลือด ชั้น 1;ชำระเงิน ห้องการเงิน ชั้น 1', 'สมหญิง ดำนิล', '0956799927', 1, 0, 0),
(250, 'A', '5', '259845', '', '2021-03-08 14:12:48', '61045', 36, 1, 'รัฐวิสาหกิจ', '', 'ใบรับรองแพทย์โรงพยาบาลมหารายนครเชียงใหม่ (ภาษาไทย);ใบรับรองการใช้ยา (NR)', 6, 'เจาะเลือด ไม่พบแพทย์', 26, 9, 'ห้องเจาะเลือด ชั้น 1;การเงิน ชั้น 1;เสร็จสิ้นกระบวนการ CMEx', 'ห้องเจาะเลือด ชั้น 1;ชำระเงิน ห้องการเงิน ชั้น 1', 'ชญาศักดิ์ วันทนียวงค์', '0814725869', 0, 0, 0),
(251, 'A', '6', '1254864', '', '2021-03-08 14:32:05', '60008', 36, 1, 'เบิกตรง', '', '', 23, 'Refill ยา', 44, 26, 'ห้องยา (Verify) ชั้น 1;การเงิน ชั้น 1;ห้องยา (จ่ายยา) ชั้น 1;เสร็จสิ้นกระบวนการ CMEx', 'รับยา ห้องยา ชั้น 1;ชำระเงิน ห้องการเงิน ชั้น 1;รับยา ห้องยา ชั้น 1', '', '', 0, 0, 0),
(252, 'A', '7', '123456', '', '2021-03-08 14:38:23', '60008', 36, 1, 'อื่น ๆ', 'ครูเอกชน', '', 6, 'เจาะเลือด ไม่พบแพทย์', 26, 9, 'ห้องเจาะเลือด ชั้น 1;การเงิน ชั้น 1;เสร็จสิ้นกระบวนการ CMEx', 'ห้องเจาะเลือด ชั้น 1;ชำระเงิน ห้องการเงิน ชั้น 1', '', '', 0, 0, 0),
(253, 'A', '8', '123456', '', '2021-03-08 14:39:42', '60008', 36, 1, 'อื่น ๆ', 'ครูเอกชน', 'ใบรับรองแพทย์โรงพยาบาลมหารายนครเชียงใหม่ (ภาษาไทย);ใบรับรองการใช้ยา (NR)', 6, 'เจาะเลือด ไม่พบแพทย์', 26, 9, 'ห้องเจาะเลือด ชั้น 1;การเงิน ชั้น 1;เสร็จสิ้นกระบวนการ CMEx', 'ห้องเจาะเลือด ชั้น 1;ชำระเงิน ห้องการเงิน ชั้น 1', 'สมหญิง ดำนิล', '', 0, 0, 0),
(254, 'A', '1', '1377380', '', '2021-03-09 13:53:27', '60008', 37, 1, 'เบิกตรง', '', '', 6, 'เจาะเลือด ไม่พบแพทย์', 26, 9, 'ห้องเจาะเลือด ชั้น 1;การเงิน ชั้น 1;เสร็จสิ้นกระบวนการ CMEx', 'ห้องเจาะเลือด ชั้น 1;ชำระเงิน ห้องการเงิน ชั้น 1', 'ณัทวุฒิ เฮงจีระจรัส', '0814725891', 0, 0, 0),
(255, 'A', '2', '1564789', '', '2021-03-09 13:57:19', '60008', 37, 1, 'เบิกตรง', '', '', 6, 'เจาะเลือด ไม่พบแพทย์', 26, 9, 'ห้องเจาะเลือด ชั้น 1;การเงิน ชั้น 1;เสร็จสิ้นกระบวนการ CMEx', 'ห้องเจาะเลือด ชั้น 1;ชำระเงิน ห้องการเงิน ชั้น 1', '', '', 0, 0, 0),
(256, 'A', '3', '456987', '', '2021-03-09 14:11:51', '60008', 37, 1, 'เบิกตรง', '', '', 6, 'เจาะเลือด ไม่พบแพทย์', 26, 9, 'ห้องเจาะเลือด ชั้น 1;การเงิน ชั้น 1;เสร็จสิ้นกระบวนการ CMEx', 'ห้องเจาะเลือด ชั้น 1;ชำระเงิน ห้องการเงิน ชั้น 1', '', '', 0, 0, 0),
(257, 'A', '4', '123456', '', '2021-03-09 14:43:39', '61018', 37, 1, 'เบิกตรง', '', '', 6, 'เจาะเลือด ไม่พบแพทย์', 26, 9, 'ห้องเจาะเลือด ชั้น 1;การเงิน ชั้น 1;เสร็จสิ้นกระบวนการ CMEx', 'ห้องเจาะเลือด ชั้น 1;ชำระเงิน ห้องการเงิน ชั้น 1', '', '', 0, 0, 0),
(258, 'E', '5', '1478569', '', '2021-03-09 15:10:26', '63006', 37, 1, 'เบิกตรง', '', '', 23, 'Refill ยา', 44, 26, 'ห้องยา (Verify) ชั้น 1;การเงิน ชั้น 1;ห้องยา (จ่ายยา) ชั้น 1;เสร็จสิ้นกระบวนการ CMEx', 'รับยา ห้องยา ชั้น 1;ชำระเงิน ห้องการเงิน ชั้น 1;รับยา ห้องยา ชั้น 1', '', '', 0, 0, 0),
(259, 'A', '6', '1134554321', '', '2021-03-09 16:24:06', '61018', 37, 1, 'เบิกตรง', '', '', 6, 'เจาะเลือด ไม่พบแพทย์', 26, 9, 'ห้องเจาะเลือด ชั้น 1;การเงิน ชั้น 1;เสร็จสิ้นกระบวนการ CMEx', 'ห้องเจาะเลือด ชั้น 1;ชำระเงิน ห้องการเงิน ชั้น 1', '', '', 0, 0, 0),
(260, 'A', '7', '123123', '', '2021-03-09 16:35:52', '61018', 37, 1, 'เบิกตรง', '', '', 6, 'เจาะเลือด ไม่พบแพทย์', 26, 9, 'ห้องเจาะเลือด ชั้น 1;การเงิน ชั้น 1;เสร็จสิ้นกระบวนการ CMEx', 'ห้องเจาะเลือด ชั้น 1;ชำระเงิน ห้องการเงิน ชั้น 1', '', '', 0, 0, 0),
(261, 'A', '8', '124547', '', '2021-03-09 16:43:02', '61018', 37, 1, 'เบิกตรง', '', '', 6, 'เจาะเลือด ไม่พบแพทย์', 26, 9, 'ห้องเจาะเลือด ชั้น 1;การเงิน ชั้น 1;เสร็จสิ้นกระบวนการ CMEx', 'ห้องเจาะเลือด ชั้น 1;ชำระเงิน ห้องการเงิน ชั้น 1', '', '', 0, 0, 0),
(262, 'A', '9', '414', '', '2021-03-09 16:44:00', '61018', 37, 1, 'เบิกตรง', '', '', 6, 'เจาะเลือด ไม่พบแพทย์', 26, 9, 'ห้องเจาะเลือด ชั้น 1;การเงิน ชั้น 1;เสร็จสิ้นกระบวนการ CMEx', 'ห้องเจาะเลือด ชั้น 1;ชำระเงิน ห้องการเงิน ชั้น 1', '', '', 0, 0, 0),
(263, 'A', '1', '2519548', '', '2021-03-10 13:21:39', '61018', 38, 1, 'เบิกตรง', '', '', 6, 'เจาะเลือด ไม่พบแพทย์', 26, 9, 'ห้องเจาะเลือด ชั้น 1;การเงิน ชั้น 1;เสร็จสิ้นกระบวนการ CMEx', 'ห้องเจาะเลือด ชั้น 1;ชำระเงิน ห้องการเงิน ชั้น 1', '', '', 0, 0, 0),
(264, 'A', '2', '147852', '', '2021-03-10 13:23:57', '61018', 38, 1, 'เบิกตรง', '', '', 13, 'พบแพทย์ ไม่มีหัตถการ', 33, 16, 'หน้าห้องตรวจแพทย์ ชั้น 3;เคาน์เตอร์พยาบาล ชั้น 3;ห้องยา (Verify) ชั้น 1;การเงิน ชั้น 1;ห้องยา (จ่ายยา) ชั้น 1;เสร็จสิ้นกระบวนการ CMEx', 'คลินิกผู้ป่วยนอก ชั้น 3;ชำระเงิน ห้องการเงิน ชั้น 1;รับยา ห้องยา ชั้น 1', '', '', 0, 0, 0),
(265, 'A', '3', '555555', '', '2021-03-10 13:25:54', '61018', 38, 1, 'เบิกตรง', '', '', 6, 'เจาะเลือด ไม่พบแพทย์', 26, 9, 'ห้องเจาะเลือด ชั้น 1;การเงิน ชั้น 1;เสร็จสิ้นกระบวนการ CMEx', 'ห้องเจาะเลือด ชั้น 1;ชำระเงิน ห้องการเงิน ชั้น 1', '', '', 0, 0, 0),
(266, 'A', '4', '2222555', '', '2021-03-10 13:29:30', '61018', 38, 1, 'เบิกตรง', '', '', 13, 'พบแพทย์ ไม่มีหัตถการ', 33, 16, 'หน้าห้องตรวจแพทย์ ชั้น 3;เคาน์เตอร์พยาบาล ชั้น 3;ห้องยา (Verify) ชั้น 1;การเงิน ชั้น 1;ห้องยา (จ่ายยา) ชั้น 1;เสร็จสิ้นกระบวนการ CMEx', 'คลินิกผู้ป่วยนอก ชั้น 3;ชำระเงิน ห้องการเงิน ชั้น 1;รับยา ห้องยา ชั้น 1', '', '', 0, 0, 0),
(267, 'A', '1', '1377380', '', '2021-04-05 13:21:06', '61018', 39, 1, 'เบิกตรง', '', '', 6, 'เจาะเลือด ไม่พบแพทย์', 26, 9, 'ห้องเจาะเลือด ชั้น 1;การเงิน ชั้น 1;เสร็จสิ้นกระบวนการ CMEx', 'ห้องเจาะเลือด ชั้น 1;ชำระเงิน ห้องการเงิน ชั้น 1', '', '', 0, 0, 0),
(268, 'A', '2', '1377380', '', '2021-04-05 13:21:20', '61018', 39, 1, 'เบิกตรง', '', '', 13, 'พบแพทย์ ไม่มีหัตถการ', 33, 16, 'หน้าห้องตรวจแพทย์ ชั้น 3;เคาน์เตอร์พยาบาล ชั้น 3;ห้องยา (Verify) ชั้น 1;การเงิน ชั้น 1;ห้องยา (จ่ายยา) ชั้น 1;เสร็จสิ้นกระบวนการ CMEx', 'คลินิกผู้ป่วยนอก ชั้น 3;ชำระเงิน ห้องการเงิน ชั้น 1;รับยา ห้องยา ชั้น 1', '', '', 0, 0, 0),
(269, 'A', '3', '147258', '', '2021-04-05 13:21:52', '61018', 39, 1, 'เบิกตรง', '', '', 11, 'เจาะเลือด X-ray และพบแพทย์', 31, 14, 'ห้องเจาะเลือด ชั้น 1;การเงิน ชั้น 1;หน้าห้องตรวจแพทย์ ชั้น 3;เคาน์เตอร์พยาบาล ชั้น 3;ห้องยา (Verify) ชั้น 1;การเงิน ชั้น 1;ห้องยา (จ่ายยา) ชั้น 1;เสร็จสิ้นกระบวนการ CMEx', 'ห้องเจาะเลือด ชั้น 1;ชำระเงิน ห้องการเงิน ชั้น 1;ห้องเอ็กซเรย์ ชั้น 1;คลินิกผู้ป่วยนอก ชั้น 3;ชำระเงิน ห้องการเงิน ชั้น 1;รับยา ห้องยา ชั้น 1', '', '', 0, 0, 0),
(271, 'A', '1', '1377380', '', '2021-10-07 15:36:50', '61018', 42, 1, 'เงินสด', '', 'ใบรับรองแพทย์โรงพยาบาลมหารายนครเชียงใหม่ (ภาษาไทย)(.)ใบรับรองแพทย์ศูนย์ความเป็นเลิศทางการแพทย์ (ภาษาไทย)', 6, '', 26, 9, 'ห้องเจาะเลือด ชั้น 1(.)การเงิน ชั้น 1(.)เสร็จสิ้นกระบวนการ CMEx', 'ห้องเจาะเลือด ชั้น 1(.)ชำระเงิน ห้องการเงิน ชั้น 1', 'กิตติพันธุ์ ฤกษ์เกษม', '0814725891', 0, 0, 0),
(272, 'A', '1', '1377380', '', '2021-10-08 08:00:33', '61018', 43, 1, 'เงินสด', '', 'ใบรับรองแพทย์โรงพยาบาลมหารายนครเชียงใหม่ (ภาษาไทย)(.)ใบรับรองแพทย์ศูนย์ความเป็นเลิศทางการแพทย์ (ภาษาไทย)', 6, '', 26, 9, 'ห้องเจาะเลือด ชั้น 1(.)การเงิน ชั้น 1(.)เสร็จสิ้นกระบวนการ CMEx', 'ห้องเจาะเลือด ชั้น 1(.)ชำระเงิน ห้องการเงิน ชั้น 1', 'กัมปนาท นาสิทธิ์', '0814725891', 0, 0, 0),
(273, 'A', '2', '1377380', '', '2021-10-08 08:10:58', '61018', 43, 1, 'เงินสด', '', 'ใบรับรองแพทย์โรงพยาบาลมหารายนครเชียงใหม่ (ภาษาไทย)(.)ใบรับรองแพทย์ศูนย์ความเป็นเลิศทางการแพทย์ (ภาษาไทย)', 6, '', 26, 9, 'ห้องเจาะเลือด ชั้น 1(.)การเงิน ชั้น 1(.)เสร็จสิ้นกระบวนการ CMEx', 'ห้องเจาะเลือด ชั้น 1(.)ชำระเงิน ห้องการเงิน ชั้น 1', 'กัมปนาท นาสิทธิ์', '0814725891', 0, 0, 0),
(274, 'A', '3', '1377380', '', '2021-10-08 08:11:17', '61018', 43, 1, 'เงินสด', '', 'ใบรับรองการใช้ยา (NR)(.)ประวัติการรักษา', 6, '', 26, 9, 'ห้องเจาะเลือด ชั้น 1(.)การเงิน ชั้น 1(.)เสร็จสิ้นกระบวนการ CMEx', 'ห้องเจาะเลือด ชั้น 1(.)ชำระเงิน ห้องการเงิน ชั้น 1', 'กิตติ เทียนขาว', '0814725891', 0, 0, 0),
(275, 'A', '4', '1377380', '', '2021-10-08 08:12:40', '61018', 43, 1, 'เงินสด', '', 'ใบรับรองการใช้ยา (NR)(.)ประวัติการรักษา', 6, '', 26, 9, 'ห้องเจาะเลือด ชั้น 1(.)การเงิน ชั้น 1(.)เสร็จสิ้นกระบวนการ CMEx', 'ห้องเจาะเลือด ชั้น 1(.)ชำระเงิน ห้องการเงิน ชั้น 1', 'กิตติ เทียนขาว', '0814725891', 0, 0, 0),
(284, 'A', '13', '1377380', 'นายอธิป น้อมศิริ', '2021-10-08 08:30:43', '61018', 43, 1, '', '', '', 6, 'เจาะเลือด ไม่พบแพทย์', 26, 9, 'ห้องเจาะเลือด ชั้น 1(.)การเงิน ชั้น 1(.)เสร็จสิ้นกระบวนการ CMEx', 'ห้องเจาะเลือด ชั้น 1(.)ชำระเงิน ห้องการเงิน ชั้น 1', '', '0814725891', 0, 0, 0),
(285, 'A', '14', '1377380', 'นายอธิป น้อมศิริ', '2021-10-08 09:18:41', '61018', 43, 1, 'เงินสด', '', 'ใบรับรองแพทย์โรงพยาบาลมหารายนครเชียงใหม่ (ภาษาไทย)(.)ใบรับรองแพทย์ศูนย์ความเป็นเลิศทางการแพทย์ (ภาษาไทย)', 10, 'X-ray และพบแพทย์', 30, 13, 'การเงิน ชั้น 1(.)หน้าห้องตรวจแพทย์ ชั้น 3(.)เคาน์เตอร์พยาบาล ชั้น 3(.)ห้องยา (Verify) ชั้น 1(.)การเงิน ชั้น 1(.)ห้องยา (จ่ายยา) ชั้น 1(.)เสร็จสิ้นกระบวนการ CMEx', 'ชำระเงิน ห้องการเงิน ชั้น 1(.)ห้องเอ็กซเรย์ ชั้น 1(.)คลินิกผู้ป่วยนอก ชั้น 3(.)ชำระเงิน ห้องการเงิน ชั้น 1(.)รับยา ห้องยา ชั้น 1', 'กฤษณ์ ปัญจสวัสดิ์วงศ์', '0814725891', 0, 0, 0),
(286, 'A', '15', '1377380', 'นายอธิป น้อมศิริ', '2021-10-08 13:06:09', '61018', 43, 1, '', '', '', 6, 'เจาะเลือด ไม่พบแพทย์', 26, 9, 'ห้องเจาะเลือด ชั้น 1(.)การเงิน ชั้น 1(.)เสร็จสิ้นกระบวนการ CMEx', 'ห้องเจาะเลือด ชั้น 1(.)ชำระเงิน ห้องการเงิน ชั้น 1', '', '0814725891', 0, 0, 0),
(287, 'A', '16', '1377380', 'นายอธิป น้อมศิริ', '2021-10-08 13:11:34', '61018', 43, 1, '', '', '', 6, 'เจาะเลือด ไม่พบแพทย์', 26, 9, 'ห้องเจาะเลือด ชั้น 1(.)การเงิน ชั้น 1(.)เสร็จสิ้นกระบวนการ CMEx', 'ห้องเจาะเลือด ชั้น 1(.)ชำระเงิน ห้องการเงิน ชั้น 1', '', '0814725891', 0, 0, 0),
(288, 'A', '17', '1377380', 'นายอธิป น้อมศิริ', '2021-10-08 13:38:49', '61018', 43, 1, '', '', '', 6, 'เจาะเลือด ไม่พบแพทย์', 26, 9, 'ห้องเจาะเลือด ชั้น 1(.)การเงิน ชั้น 1(.)เสร็จสิ้นกระบวนการ CMEx', 'ห้องเจาะเลือด ชั้น 1(.)ชำระเงิน ห้องการเงิน ชั้น 1', '', '0814725891', 0, 0, 0),
(289, 'A', '18', '1377380', 'นายอธิป น้อมศิริ', '2021-10-08 13:39:16', '61018', 43, 1, '', '', '', 6, 'เจาะเลือด ไม่พบแพทย์', 26, 9, 'ห้องเจาะเลือด ชั้น 1(.)การเงิน ชั้น 1(.)เสร็จสิ้นกระบวนการ CMEx', 'ห้องเจาะเลือด ชั้น 1(.)ชำระเงิน ห้องการเงิน ชั้น 1', '', '0814725891', 0, 0, 0),
(290, 'A', '19', '1377380', 'นายอธิป น้อมศิริ', '2021-10-08 13:44:24', '61018', 43, 1, '', '', '', 6, 'เจาะเลือด ไม่พบแพทย์', 26, 9, 'ห้องเจาะเลือด ชั้น 1(.)การเงิน ชั้น 1(.)เสร็จสิ้นกระบวนการ CMEx', 'ห้องเจาะเลือด ชั้น 1(.)ชำระเงิน ห้องการเงิน ชั้น 1', '', '0814725891', 0, 0, 0),
(291, 'A', '20', '1377380', 'นายอธิป น้อมศิริ', '2021-10-08 14:14:23', '61018', 43, 1, '', '', '', 6, 'เจาะเลือด ไม่พบแพทย์', 26, 9, 'ห้องเจาะเลือด ชั้น 1(.)การเงิน ชั้น 1(.)เสร็จสิ้นกระบวนการ CMEx', 'ห้องเจาะเลือด ชั้น 1(.)ชำระเงิน ห้องการเงิน ชั้น 1', '', '0814725891', 0, 0, 0),
(292, 'A', '1', '1377380', 'นายอธิป น้อมศิริ', '2021-10-11 08:42:17', '61018', 44, 1, 'เงินสด', '', '', 9, 'เจาะเลือด และพบแพทย์', 29, 12, 'ห้องเจาะเลือด ชั้น 1(.)การเงิน ชั้น 1(.)หน้าห้องตรวจแพทย์ ชั้น 3(.)เคาน์เตอร์พยาบาล ชั้น 3(.)ห้องยา (Verify) ชั้น 1(.)การเงิน ชั้น 1(.)ห้องยา (จ่ายยา) ชั้น 1(.)เสร็จสิ้นกระบวนการ CMEx', 'ห้องเจาะเลือด ชั้น 1(.)ชำระเงิน ห้องการเงิน ชั้น 1(.)คลินิกผู้ป่วยนอก ชั้น 3(.)ชำระเงิน ห้องการเงิน ชั้น 1(.)รับยา ห้องยา ชั้น 1', 'กฤษณ์ ปัญจสวัสดิ์วงศ์', '0814725891', 0, 0, 0),
(293, 'A', '2', '1377380', 'นายอธิป น้อมศิริ', '2021-10-11 10:10:30', '61018', 44, 1, 'เงินสด', '', 'ใบรับรองแพทย์โรงพยาบาลมหารายนครเชียงใหม่ (ภาษาไทย)(.)ใบรับรองแพทย์ศูนย์ความเป็นเลิศทางการแพทย์ (ภาษาไทย)', 6, 'เจาะเลือด ไม่พบแพทย์', 26, 9, 'ห้องเจาะเลือด ชั้น 1(.)การเงิน ชั้น 1(.)เสร็จสิ้นกระบวนการ CMEx', 'ห้องเจาะเลือด ชั้น 1(.)ชำระเงิน ห้องการเงิน ชั้น 1', 'กฤติคุณ ตระกูลสุขรัตน์', '0814725891', 0, 0, 0),
(294, 'A', '3', '', '', '2021-10-11 10:10:46', '61018', 44, 1, '', '', '', 6, 'เจาะเลือด ไม่พบแพทย์', 26, 9, 'ห้องเจาะเลือด ชั้น 1(.)การเงิน ชั้น 1(.)เสร็จสิ้นกระบวนการ CMEx', 'ห้องเจาะเลือด ชั้น 1(.)ชำระเงิน ห้องการเงิน ชั้น 1', '', '', 0, 0, 0),
(295, 'A', '4', '1377380', 'นายอธิป น้อมศิริ', '2021-10-11 10:44:49', '61018', 44, 1, 'เงินสด', '', 'ใบรับรองแพทย์โรงพยาบาลมหารายนครเชียงใหม่ (ภาษาไทย)(.)ใบรับรองแพทย์ศูนย์ความเป็นเลิศทางการแพทย์ (ภาษาไทย)', 9, 'เจาะเลือด และพบแพทย์', 29, 12, 'ห้องเจาะเลือด ชั้น 1(.)การเงิน ชั้น 1(.)หน้าห้องตรวจแพทย์ ชั้น 3(.)เคาน์เตอร์พยาบาล ชั้น 3(.)ห้องยา (Verify) ชั้น 1(.)การเงิน ชั้น 1(.)ห้องยา (จ่ายยา) ชั้น 1(.)เสร็จสิ้นกระบวนการ CMEx', 'ห้องเจาะเลือด ชั้น 1(.)ชำระเงิน ห้องการเงิน ชั้น 1(.)คลินิกผู้ป่วยนอก ชั้น 3(.)ชำระเงิน ห้องการเงิน ชั้น 1(.)รับยา ห้องยา ชั้น 1', 'กิตติ เทียนขาว', '0814725891', 0, 0, 0),
(296, 'A', '1', '1377380', 'นายอธิป น้อมศิริ', '2021-10-12 10:38:06', '61018', 45, 1, 'เงินสด', '', '', 6, 'เจาะเลือด ไม่พบแพทย์', 26, 9, 'ห้องเจาะเลือด ชั้น 1(.)การเงิน ชั้น 1(.)เสร็จสิ้นกระบวนการ CMEx', 'ห้องเจาะเลือด ชั้น 1(.)ชำระเงิน ห้องการเงิน ชั้น 1', 'กันตภพ ศิวเวทพิกุล', '0814725891', 0, 0, 0),
(297, 'A', '2', '1377380', 'นายอธิป น้อมศิริ', '2021-10-12 10:42:41', '61018', 45, 1, '', '', '', 6, 'เจาะเลือด ไม่พบแพทย์', 26, 9, 'ห้องเจาะเลือด ชั้น 1(.)การเงิน ชั้น 1(.)เสร็จสิ้นกระบวนการ CMEx', 'ห้องเจาะเลือด ชั้น 1(.)ชำระเงิน ห้องการเงิน ชั้น 1', '', '0814725891', 0, 0, 0),
(298, 'B', '1', '1377380', 'นายอธิป น้อมศิริ', '2021-10-14 08:28:30', '61018', 46, 1, 'เงินสด', '', 'ใบรับรองแพทย์โรงพยาบาลมหารายนครเชียงใหม่ (ภาษาไทย)(.)ใบรับรองแพทย์ศูนย์ความเป็นเลิศทางการแพทย์ (ภาษาไทย)', 6, 'เจาะเลือด ไม่พบแพทย์', 26, 9, 'ห้องเจาะเลือด ชั้น 1(.)การเงิน ชั้น 1(.)เสร็จสิ้นกระบวนการ CMEx', 'ห้องเจาะเลือด ชั้น 1(.)ชำระเงิน ห้องการเงิน ชั้น 1', 'กันตภพ ศิวเวทพิกุล', '0814725891', 0, 0, 0),
(299, 'B', '1', '1377380', 'นายอธิป น้อมศิริ', '2021-10-25 09:57:13', '61018', 47, 1, 'เงินสด', '', '', 6, 'เจาะเลือด ไม่พบแพทย์', 26, 9, 'ห้องเจาะเลือด ชั้น 1(.)การเงิน ชั้น 1(.)เสร็จสิ้นกระบวนการ CMEx', 'ห้องเจาะเลือด ชั้น 1(.)ชำระเงิน ห้องการเงิน ชั้น 1', 'กฤษณ์ ปัญจสวัสดิ์วงศ์', '0814725891', 0, 0, 0),
(300, 'B', '1', '1377380', 'นายอธิป น้อมศิริ', '2021-10-26 12:10:15', '61018', 48, 1, 'เงินสด', '', '', 6, 'เจาะเลือด ไม่พบแพทย์', 26, 9, 'ห้องเจาะเลือด ชั้น 1(.)การเงิน ชั้น 1(.)เสร็จสิ้นกระบวนการ CMEx', 'ห้องเจาะเลือด ชั้น 1(.)ชำระเงิน ห้องการเงิน ชั้น 1', 'กฤษณ์ ปัญจสวัสดิ์วงศ์', '0814725891', 0, 0, 0),
(301, 'B', '2', '1377380', 'นายอธิป น้อมศิริ', '2021-10-26 14:22:12', '61018', 48, 1, 'เงินสด', '', '', 9, 'เจาะเลือด และพบแพทย์', 29, 12, 'ห้องเจาะเลือด ชั้น 1(.)การเงิน ชั้น 1(.)หน้าห้องตรวจแพทย์ ชั้น 3(.)เคาน์เตอร์พยาบาล ชั้น 3(.)ห้องยา (Verify) ชั้น 1(.)การเงิน ชั้น 1(.)ห้องยา (จ่ายยา) ชั้น 1(.)เสร็จสิ้นกระบวนการ CMEx', 'ห้องเจาะเลือด ชั้น 1(.)ชำระเงิน ห้องการเงิน ชั้น 1(.)คลินิกผู้ป่วยนอก ชั้น 3(.)ชำระเงิน ห้องการเงิน ชั้น 1(.)รับยา ห้องยา ชั้น 1', 'กฤษณ์ ลีมะสวัสดิ์', '0814725891', 0, 0, 0),
(302, 'B', '1', '1377380', 'นายอธิป น้อมศิริ', '2021-11-29 08:43:30', '61018', 49, 1, 'เบิกตรง', '', '', 6, 'เจาะเลือด ไม่พบแพทย์', 26, 9, 'ห้องเจาะเลือด ชั้น 1(.)การเงิน ชั้น 1(.)เสร็จสิ้นกระบวนการ CMEx', 'ห้องเจาะเลือด ชั้น 1(.)ชำระเงิน ห้องการเงิน ชั้น 1', 'กฤษณ์ ปัญจสวัสดิ์วงศ์', '0814725891', 0, 1, 1),
(303, 'B', '2', '1377380', 'นายอธิป น้อมศิริ', '2021-11-29 09:18:14', '61018', 49, 1, '', '', '', 6, 'เจาะเลือด ไม่พบแพทย์', 26, 9, 'ห้องเจาะเลือด ชั้น 1(.)การเงิน ชั้น 1(.)เสร็จสิ้นกระบวนการ CMEx', 'ห้องเจาะเลือด ชั้น 1(.)ชำระเงิน ห้องการเงิน ชั้น 1', '', '0814725891', 0, 0, 0),
(304, 'B', '3', '1377380', 'นายอธิป น้อมศิริ', '2021-11-29 09:18:57', '61018', 49, 1, '', '', '', 6, 'เจาะเลือด ไม่พบแพทย์', 26, 9, 'ห้องเจาะเลือด ชั้น 1(.)การเงิน ชั้น 1(.)เสร็จสิ้นกระบวนการ CMEx', 'ห้องเจาะเลือด ชั้น 1(.)ชำระเงิน ห้องการเงิน ชั้น 1', '', '0814725891', 0, 0, 0),
(305, 'B', '4', '1377380', 'นายอธิป น้อมศิริ', '2021-11-29 09:20:27', '61018', 49, 1, '', '', '', 6, 'เจาะเลือด ไม่พบแพทย์', 26, 9, 'ห้องเจาะเลือด ชั้น 1(.)การเงิน ชั้น 1(.)เสร็จสิ้นกระบวนการ CMEx', 'ห้องเจาะเลือด ชั้น 1(.)ชำระเงิน ห้องการเงิน ชั้น 1', '', '0814725891', 0, 0, 0),
(306, 'B', '5', '1377380', 'นายอธิป น้อมศิริ', '2021-11-29 09:21:15', '61018', 49, 1, '', '', '', 6, 'เจาะเลือด ไม่พบแพทย์', 26, 9, 'ห้องเจาะเลือด ชั้น 1(.)การเงิน ชั้น 1(.)เสร็จสิ้นกระบวนการ CMEx', 'ห้องเจาะเลือด ชั้น 1(.)ชำระเงิน ห้องการเงิน ชั้น 1', '', '0814725891', 0, 0, 0),
(307, 'B', '6', '1377380', 'นายอธิป น้อมศิริ', '2021-11-29 09:27:15', '61018', 49, 1, '', '', '', 6, 'เจาะเลือด ไม่พบแพทย์', 26, 9, 'ห้องเจาะเลือด ชั้น 1(.)การเงิน ชั้น 1(.)เสร็จสิ้นกระบวนการ CMEx', 'ห้องเจาะเลือด ชั้น 1(.)ชำระเงิน ห้องการเงิน ชั้น 1', '', '0814725891', 0, 0, 0),
(308, 'B', '7', '1377380', 'นายอธิป น้อมศิริ', '2021-11-29 09:27:37', '61018', 49, 1, '', '', '', 6, 'เจาะเลือด ไม่พบแพทย์', 26, 9, 'ห้องเจาะเลือด ชั้น 1(.)การเงิน ชั้น 1(.)เสร็จสิ้นกระบวนการ CMEx', 'ห้องเจาะเลือด ชั้น 1(.)ชำระเงิน ห้องการเงิน ชั้น 1', '', '0814725891', 0, 0, 0),
(309, 'B', '8', '1377380', 'นายอธิป น้อมศิริ', '2021-11-29 14:38:53', '61018', 49, 1, 'อปท', '', '', 6, 'เจาะเลือด ไม่พบแพทย์', 26, 9, 'ห้องเจาะเลือด ชั้น 1(.)การเงิน ชั้น 1(.)เสร็จสิ้นกระบวนการ CMEx', 'ห้องเจาะเลือด ชั้น 1(.)ชำระเงิน ห้องการเงิน ชั้น 1', 'กฤษณ์ ปัญจสวัสดิ์วงศ์', '0814725891', 0, 1, 1),
(310, 'B', '9', '1377380', 'นายอธิป น้อมศิริ', '2021-11-29 14:41:35', '61018', 49, 1, '', '', '', 6, 'เจาะเลือด ไม่พบแพทย์', 26, 9, 'ห้องเจาะเลือด ชั้น 1(.)การเงิน ชั้น 1(.)เสร็จสิ้นกระบวนการ CMEx', 'ห้องเจาะเลือด ชั้น 1(.)ชำระเงิน ห้องการเงิน ชั้น 1', '', '0814725891', 0, 1, 1),
(311, 'B', '10', '1377380', 'นายอธิป น้อมศิริ', '2021-11-29 14:41:59', '61018', 49, 1, '', '', '', 6, 'เจาะเลือด ไม่พบแพทย์', 26, 9, 'ห้องเจาะเลือด ชั้น 1(.)การเงิน ชั้น 1(.)เสร็จสิ้นกระบวนการ CMEx', 'ห้องเจาะเลือด ชั้น 1(.)ชำระเงิน ห้องการเงิน ชั้น 1', '', '0814725891', 0, 1, 1),
(312, 'B', '11', '1377380', 'นายอธิป น้อมศิริ', '2021-11-29 14:42:55', '61018', 49, 1, '', '', '', 6, 'เจาะเลือด ไม่พบแพทย์', 26, 9, 'ห้องเจาะเลือด ชั้น 1(.)การเงิน ชั้น 1(.)เสร็จสิ้นกระบวนการ CMEx', 'ห้องเจาะเลือด ชั้น 1(.)ชำระเงิน ห้องการเงิน ชั้น 1', '', '0814725891', 0, 1, 1),
(313, 'B', '12', '1377380', 'นายอธิป น้อมศิริ', '2021-11-29 14:44:38', '61018', 49, 1, '', '', '', 6, 'เจาะเลือด ไม่พบแพทย์', 26, 9, 'ห้องเจาะเลือด ชั้น 1(.)การเงิน ชั้น 1(.)เสร็จสิ้นกระบวนการ CMEx', 'ห้องเจาะเลือด ชั้น 1(.)ชำระเงิน ห้องการเงิน ชั้น 1', '', '0814725891', 0, 1, 1),
(314, 'B', '13', '1377380', 'นายอธิป น้อมศิริ', '2021-11-29 14:46:06', '61018', 49, 1, '', '', '', 6, 'เจาะเลือด ไม่พบแพทย์', 26, 9, 'ห้องเจาะเลือด ชั้น 1(.)การเงิน ชั้น 1(.)เสร็จสิ้นกระบวนการ CMEx', 'ห้องเจาะเลือด ชั้น 1(.)ชำระเงิน ห้องการเงิน ชั้น 1', '', '0814725891', 0, 0, 0),
(315, 'B', '1', '1377380', 'นายอธิป น้อมศิริ', '2021-12-02 09:39:00', '61018', 50, 1, 'เบิกตรง', '', '', 11, 'เจาะเลือด X-ray และพบแพทย์', 31, 14, 'ห้องเจาะเลือด ชั้น 1(.)การเงิน ชั้น 1(.)หน้าห้องตรวจแพทย์ ชั้น 3(.)เคาน์เตอร์พยาบาล ชั้น 3(.)ห้องยา (Verify) ชั้น 1(.)การเงิน ชั้น 1(.)ห้องยา (จ่ายยา) ชั้น 1(.)เสร็จสิ้นกระบวนการ CMEx', 'ห้องเจาะเลือด ชั้น 1(.)ชำระเงิน ห้องการเงิน ชั้น 1(.)ห้องเอ็กซเรย์ ชั้น 1(.)คลินิกผู้ป่วยนอก ชั้น 3(.)ชำระเงิน ห้องการเงิน ชั้น 1(.)รับยา ห้องยา ชั้น 1', 'กฤษณ์ ลีมะสวัสดิ์', '0814725891', 0, 0, 1),
(316, 'B', '2', '1377380', 'นายอธิป น้อมศิริ', '2021-12-02 09:43:28', '61018', 50, 1, 'เบิกตรง', '', '', 17, 'ส่องกล้องทางเดินอาหาร', 37, 20, 'เคาน์เตอร์พยาบาล ชั้น 3(.)ห้องยา (Verify) ชั้น 1(.)การเงิน ชั้น 1(.)ห้องยา (จ่ายยา) ชั้น 1(.)เสร็จสิ้นกระบวนการ CMEx', 'คลินิกผู้ป่วยนอก ชั้น 3(.)ชำระเงิน ห้องการเงิน ชั้น 1(.)รับยา ห้องยา ชั้น 1', 'กัมปนาท นาสิทธิ์', '0814725891', 0, 0, 1),
(317, 'B', '3', '1377380', 'นายอธิป น้อมศิริ', '2021-12-02 09:45:25', '61018', 50, 1, 'เบิกตรง', '', '', 6, 'เจาะเลือด ไม่พบแพทย์', 26, 9, 'ห้องเจาะเลือด ชั้น 1(.)การเงิน ชั้น 1(.)เสร็จสิ้นกระบวนการ CMEx', 'ห้องเจาะเลือด ชั้น 1(.)ชำระเงิน ห้องการเงิน ชั้น 1', 'กิตติพันธุ์ ฤกษ์เกษม', '0814725891', 0, 0, 1),
(318, 'B', '4', '1377380', 'นายอธิป น้อมศิริ', '2021-12-02 09:45:40', '61018', 50, 1, 'เบิกตรง', '', '', 9, 'เจาะเลือด และพบแพทย์', 29, 12, 'ห้องเจาะเลือด ชั้น 1(.)การเงิน ชั้น 1(.)หน้าห้องตรวจแพทย์ ชั้น 3(.)เคาน์เตอร์พยาบาล ชั้น 3(.)ห้องยา (Verify) ชั้น 1(.)การเงิน ชั้น 1(.)ห้องยา (จ่ายยา) ชั้น 1(.)เสร็จสิ้นกระบวนการ CMEx', 'ห้องเจาะเลือด ชั้น 1(.)ชำระเงิน ห้องการเงิน ชั้น 1(.)คลินิกผู้ป่วยนอก ชั้น 3(.)ชำระเงิน ห้องการเงิน ชั้น 1(.)รับยา ห้องยา ชั้น 1', 'กิตติพันธุ์ ฤกษ์เกษม', '0814725891', 0, 0, 1),
(319, 'B', '5', '1377380', 'นายอธิป น้อมศิริ', '2021-12-02 10:14:11', '61018', 50, 1, '', '', '', 9, 'เจาะเลือด และพบแพทย์', 29, 12, 'ห้องเจาะเลือด ชั้น 1(.)การเงิน ชั้น 1(.)หน้าห้องตรวจแพทย์ ชั้น 3(.)เคาน์เตอร์พยาบาล ชั้น 3(.)ห้องยา (Verify) ชั้น 1(.)การเงิน ชั้น 1(.)ห้องยา (จ่ายยา) ชั้น 1(.)เสร็จสิ้นกระบวนการ CMEx', 'ห้องเจาะเลือด ชั้น 1(.)ชำระเงิน ห้องการเงิน ชั้น 1(.)คลินิกผู้ป่วยนอก ชั้น 3(.)ชำระเงิน ห้องการเงิน ชั้น 1(.)รับยา ห้องยา ชั้น 1', '', '0814725891', 0, 0, 1),
(320, 'B', '6', '1377380', 'นายอธิป น้อมศิริ', '2021-12-02 10:14:36', '61018', 50, 1, '', '', '', 9, 'เจาะเลือด และพบแพทย์', 29, 12, 'ห้องเจาะเลือด ชั้น 1(.)การเงิน ชั้น 1(.)หน้าห้องตรวจแพทย์ ชั้น 3(.)เคาน์เตอร์พยาบาล ชั้น 3(.)ห้องยา (Verify) ชั้น 1(.)การเงิน ชั้น 1(.)ห้องยา (จ่ายยา) ชั้น 1(.)เสร็จสิ้นกระบวนการ CMEx', 'ห้องเจาะเลือด ชั้น 1(.)ชำระเงิน ห้องการเงิน ชั้น 1(.)คลินิกผู้ป่วยนอก ชั้น 3(.)ชำระเงิน ห้องการเงิน ชั้น 1(.)รับยา ห้องยา ชั้น 1', '', '0814725891', 0, 0, 1),
(321, 'B', '7', '1377380', 'นายอธิป น้อมศิริ', '2021-12-02 10:15:17', '61018', 50, 1, '', '', '', 9, 'เจาะเลือด และพบแพทย์', 29, 12, 'ห้องเจาะเลือด ชั้น 1(.)การเงิน ชั้น 1(.)หน้าห้องตรวจแพทย์ ชั้น 3(.)เคาน์เตอร์พยาบาล ชั้น 3(.)ห้องยา (Verify) ชั้น 1(.)การเงิน ชั้น 1(.)ห้องยา (จ่ายยา) ชั้น 1(.)เสร็จสิ้นกระบวนการ CMEx', 'ห้องเจาะเลือด ชั้น 1(.)ชำระเงิน ห้องการเงิน ชั้น 1(.)คลินิกผู้ป่วยนอก ชั้น 3(.)ชำระเงิน ห้องการเงิน ชั้น 1(.)รับยา ห้องยา ชั้น 1', '', '0814725891', 0, 0, 1),
(322, 'B', '8', '1377380', 'นายอธิป น้อมศิริ', '2021-12-02 10:18:11', '61018', 50, 1, '', '', '', 9, 'เจาะเลือด และพบแพทย์', 29, 12, 'ห้องเจาะเลือด ชั้น 1(.)การเงิน ชั้น 1(.)หน้าห้องตรวจแพทย์ ชั้น 3(.)เคาน์เตอร์พยาบาล ชั้น 3(.)ห้องยา (Verify) ชั้น 1(.)การเงิน ชั้น 1(.)ห้องยา (จ่ายยา) ชั้น 1(.)เสร็จสิ้นกระบวนการ CMEx', 'ห้องเจาะเลือด ชั้น 1(.)ชำระเงิน ห้องการเงิน ชั้น 1(.)คลินิกผู้ป่วยนอก ชั้น 3(.)ชำระเงิน ห้องการเงิน ชั้น 1(.)รับยา ห้องยา ชั้น 1', '', '0814725891', 0, 0, 1),
(323, 'B', '9', '1377380', 'นายอธิป น้อมศิริ', '2021-12-02 10:25:53', '61018', 50, 1, '', '', '', 9, 'เจาะเลือด และพบแพทย์', 29, 12, 'ห้องเจาะเลือด ชั้น 1(.)การเงิน ชั้น 1(.)หน้าห้องตรวจแพทย์ ชั้น 3(.)เคาน์เตอร์พยาบาล ชั้น 3(.)ห้องยา (Verify) ชั้น 1(.)การเงิน ชั้น 1(.)ห้องยา (จ่ายยา) ชั้น 1(.)เสร็จสิ้นกระบวนการ CMEx', 'ห้องเจาะเลือด ชั้น 1(.)ชำระเงิน ห้องการเงิน ชั้น 1(.)คลินิกผู้ป่วยนอก ชั้น 3(.)ชำระเงิน ห้องการเงิน ชั้น 1(.)รับยา ห้องยา ชั้น 1', '', '0814725891', 0, 0, 1),
(324, 'B', '10', '1377380', 'นายอธิป น้อมศิริ', '2021-12-02 10:31:31', '61018', 50, 1, '', '', '', 9, 'เจาะเลือด และพบแพทย์', 29, 12, 'ห้องเจาะเลือด ชั้น 1(.)การเงิน ชั้น 1(.)หน้าห้องตรวจแพทย์ ชั้น 3(.)เคาน์เตอร์พยาบาล ชั้น 3(.)ห้องยา (Verify) ชั้น 1(.)การเงิน ชั้น 1(.)ห้องยา (จ่ายยา) ชั้น 1(.)เสร็จสิ้นกระบวนการ CMEx', 'ห้องเจาะเลือด ชั้น 1(.)ชำระเงิน ห้องการเงิน ชั้น 1(.)คลินิกผู้ป่วยนอก ชั้น 3(.)ชำระเงิน ห้องการเงิน ชั้น 1(.)รับยา ห้องยา ชั้น 1', '', '0814725891', 0, 0, 1),
(325, 'B', '11', '1377380', 'นายอธิป น้อมศิริ', '2021-12-02 10:33:35', '61018', 50, 1, '', '', '', 9, 'เจาะเลือด และพบแพทย์', 29, 12, 'ห้องเจาะเลือด ชั้น 1(.)การเงิน ชั้น 1(.)หน้าห้องตรวจแพทย์ ชั้น 3(.)เคาน์เตอร์พยาบาล ชั้น 3(.)ห้องยา (Verify) ชั้น 1(.)การเงิน ชั้น 1(.)ห้องยา (จ่ายยา) ชั้น 1(.)เสร็จสิ้นกระบวนการ CMEx', 'ห้องเจาะเลือด ชั้น 1(.)ชำระเงิน ห้องการเงิน ชั้น 1(.)คลินิกผู้ป่วยนอก ชั้น 3(.)ชำระเงิน ห้องการเงิน ชั้น 1(.)รับยา ห้องยา ชั้น 1', '', '0814725891', 0, 0, 1),
(326, 'B', '12', '1377380', 'นายอธิป น้อมศิริ', '2021-12-02 10:33:49', '61018', 50, 1, 'เบิกตรง', '', '', 9, 'เจาะเลือด และพบแพทย์', 29, 12, 'ห้องเจาะเลือด ชั้น 1(.)การเงิน ชั้น 1(.)หน้าห้องตรวจแพทย์ ชั้น 3(.)เคาน์เตอร์พยาบาล ชั้น 3(.)ห้องยา (Verify) ชั้น 1(.)การเงิน ชั้น 1(.)ห้องยา (จ่ายยา) ชั้น 1(.)เสร็จสิ้นกระบวนการ CMEx', 'ห้องเจาะเลือด ชั้น 1(.)ชำระเงิน ห้องการเงิน ชั้น 1(.)คลินิกผู้ป่วยนอก ชั้น 3(.)ชำระเงิน ห้องการเงิน ชั้น 1(.)รับยา ห้องยา ชั้น 1', '', '0814725891', 0, 0, 1);

-- --------------------------------------------------------

--
-- Table structure for table `qq_register_department_order`
--

CREATE TABLE `qq_register_department_order` (
  `register_detail_id` int(11) NOT NULL,
  `register_id` int(11) NOT NULL,
  `department_order` int(11) NOT NULL,
  `department_id` int(11) NOT NULL,
  `waiting` tinyint(4) NOT NULL
) ENGINE=InnoDB DEFAULT CHARSET=utf8;

--
-- Dumping data for table `qq_register_department_order`
--

INSERT INTO `qq_register_department_order` (`register_detail_id`, `register_id`, `department_order`, `department_id`, `waiting`) VALUES
(1, 113, 1, 9, 0),
(2, 113, 2, 17, 0),
(3, 113, 3, 27, 0),
(4, 115, 1, 9, 0),
(5, 115, 2, 17, 0),
(6, 115, 3, 27, 0),
(7, 116, 1, 9, 0),
(8, 116, 2, 17, 0),
(9, 116, 3, 27, 0),
(10, 117, 1, 9, 0),
(11, 117, 2, 10, 0),
(12, 117, 3, 12, 0),
(13, 117, 4, 14, 0),
(14, 117, 5, 16, 0),
(15, 117, 6, 18, 0),
(16, 117, 7, 27, 0),
(17, 118, 1, 9, 0),
(18, 118, 2, 17, 0),
(19, 118, 3, 27, 0),
(20, 119, 1, 9, 0),
(21, 119, 2, 17, 0),
(22, 119, 3, 27, 0),
(23, 120, 1, 9, 0),
(24, 120, 2, 17, 0),
(25, 120, 3, 27, 0),
(26, 121, 1, 9, 0),
(27, 121, 2, 17, 0),
(28, 121, 3, 27, 0),
(29, 122, 1, 9, 0),
(30, 122, 2, 17, 0),
(31, 122, 3, 27, 0),
(32, 123, 1, 9, 0),
(33, 123, 2, 17, 0),
(34, 123, 3, 27, 0),
(35, 124, 1, 9, 0),
(36, 124, 2, 17, 0),
(37, 124, 3, 27, 0),
(38, 125, 1, 9, 0),
(39, 125, 2, 17, 0),
(40, 125, 3, 27, 0),
(41, 126, 1, 9, 0),
(42, 126, 2, 17, 0),
(43, 126, 3, 27, 0),
(44, 127, 1, 9, 0),
(45, 127, 2, 17, 0),
(46, 127, 3, 27, 0),
(47, 128, 1, 9, 0),
(48, 128, 2, 17, 0),
(49, 128, 3, 27, 0),
(50, 129, 1, 9, 0),
(51, 129, 2, 17, 0),
(52, 129, 3, 27, 0),
(53, 130, 1, 9, 1),
(54, 130, 2, 17, 0),
(55, 130, 3, 27, 0),
(56, 131, 1, 9, 1),
(57, 131, 2, 17, 1),
(58, 131, 3, 27, 0),
(59, 132, 1, 9, 1),
(60, 132, 2, 17, 0),
(61, 132, 3, 27, 0),
(62, 133, 1, 9, 1),
(63, 133, 2, 17, 1),
(64, 133, 3, 27, 0),
(65, 134, 1, 9, 1),
(66, 134, 2, 17, 1),
(67, 134, 3, 27, 0),
(68, 135, 1, 9, 1),
(69, 135, 2, 17, 0),
(70, 135, 3, 27, 0),
(71, 136, 1, 9, 1),
(72, 136, 2, 17, 0),
(73, 136, 3, 27, 0),
(74, 137, 1, 9, 1),
(75, 137, 2, 17, 0),
(76, 137, 3, 27, 0),
(77, 138, 1, 9, 1),
(78, 138, 2, 17, 0),
(79, 138, 3, 27, 0),
(80, 139, 1, 9, 1),
(81, 139, 2, 17, 0),
(82, 139, 3, 27, 0),
(83, 140, 1, 9, 1),
(84, 140, 2, 17, 0),
(85, 140, 3, 27, 0),
(86, 141, 1, 9, 1),
(87, 141, 2, 17, 0),
(88, 141, 3, 27, 0),
(89, 142, 1, 9, 1),
(90, 142, 2, 17, 0),
(91, 142, 3, 27, 0),
(92, 143, 1, 9, 1),
(93, 143, 2, 17, 0),
(94, 143, 3, 27, 0),
(95, 144, 1, 9, 1),
(96, 144, 2, 17, 0),
(97, 144, 3, 27, 0),
(98, 145, 1, 9, 1),
(99, 145, 2, 17, 1),
(100, 145, 3, 27, 1),
(101, 146, 1, 9, 1),
(102, 146, 2, 17, 0),
(103, 146, 3, 27, 0),
(104, 147, 1, 9, 1),
(105, 147, 2, 17, 1),
(106, 147, 3, 10, 1),
(107, 147, 4, 12, 1),
(108, 147, 5, 16, 1),
(109, 147, 6, 17, 1),
(110, 147, 7, 18, 1),
(111, 147, 8, 27, 1),
(112, 148, 1, 9, 1),
(113, 148, 2, 17, 1),
(114, 148, 3, 27, 1),
(115, 149, 1, 12, 1),
(116, 149, 2, 9, 1),
(117, 149, 3, 17, 1),
(118, 149, 4, 10, 1),
(119, 149, 5, 12, 1),
(120, 149, 6, 16, 1),
(121, 149, 7, 17, 1),
(122, 149, 8, 18, 1),
(123, 149, 9, 27, 1),
(124, 150, 1, 17, 1),
(125, 150, 2, 10, 1),
(126, 150, 3, 12, 1),
(127, 150, 4, 16, 1),
(128, 150, 5, 17, 1),
(129, 150, 6, 18, 1),
(130, 150, 7, 27, 1),
(131, 151, 1, 9, 1),
(132, 151, 2, 17, 1),
(133, 151, 3, 27, 1),
(134, 152, 1, 12, 1),
(135, 152, 2, 16, 1),
(136, 152, 3, 17, 1),
(137, 152, 4, 27, 1),
(138, 153, 1, 12, 1),
(139, 153, 2, 9, 1),
(140, 153, 3, 17, 1),
(141, 153, 4, 27, 1),
(142, 154, 1, 9, 1),
(143, 154, 2, 17, 0),
(144, 154, 3, 10, 0),
(145, 154, 4, 12, 0),
(146, 154, 5, 16, 0),
(147, 154, 6, 17, 0),
(148, 154, 7, 18, 0),
(149, 154, 8, 27, 0),
(150, 155, 1, 9, 1),
(151, 155, 2, 17, 0),
(152, 155, 3, 10, 0),
(153, 155, 4, 12, 0),
(154, 155, 5, 16, 0),
(155, 155, 6, 17, 0),
(156, 155, 7, 18, 0),
(157, 155, 8, 27, 0),
(158, 156, 1, 13, 1),
(159, 156, 2, 17, 1),
(160, 156, 3, 27, 1),
(161, 157, 1, 10, 1),
(162, 157, 2, 12, 1),
(163, 157, 3, 16, 1),
(164, 157, 4, 17, 1),
(165, 157, 5, 18, 1),
(166, 157, 6, 27, 1),
(167, 158, 1, 12, 1),
(168, 158, 2, 9, 1),
(169, 158, 3, 17, 1),
(170, 158, 4, 10, 1),
(171, 158, 5, 12, 1),
(172, 158, 6, 16, 1),
(173, 158, 7, 17, 1),
(174, 158, 8, 18, 1),
(175, 158, 9, 27, 1),
(176, 159, 1, 19, 1),
(177, 159, 2, 17, 1),
(178, 159, 3, 27, 1),
(179, 160, 1, 12, 1),
(180, 160, 2, 16, 1),
(181, 160, 3, 17, 1),
(182, 160, 4, 18, 1),
(183, 160, 5, 27, 1),
(184, 161, 1, 9, 1),
(185, 161, 2, 17, 0),
(186, 161, 3, 27, 0),
(187, 162, 1, 9, 1),
(188, 162, 2, 17, 0),
(189, 162, 3, 10, 0),
(190, 162, 4, 12, 0),
(191, 162, 5, 16, 0),
(192, 162, 6, 17, 0),
(193, 162, 7, 18, 0),
(194, 162, 8, 27, 0),
(195, 163, 1, 9, 1),
(196, 163, 2, 17, 0),
(197, 163, 3, 27, 0),
(198, 164, 1, 9, 1),
(199, 164, 2, 17, 1),
(200, 164, 3, 27, 1),
(201, 165, 1, 9, 1),
(202, 165, 2, 17, 1),
(203, 165, 3, 27, 1),
(204, 166, 1, 9, 1),
(205, 166, 2, 17, 0),
(206, 166, 3, 27, 0),
(207, 167, 1, 9, 1),
(208, 167, 2, 17, 0),
(209, 167, 3, 27, 0),
(210, 168, 1, 9, 0),
(211, 168, 2, 17, 0),
(212, 168, 3, 27, 0),
(213, 169, 1, 9, 1),
(214, 169, 2, 17, 1),
(215, 169, 3, 27, 1),
(216, 170, 1, 9, 1),
(217, 170, 2, 17, 0),
(218, 170, 3, 10, 0),
(219, 170, 4, 12, 0),
(220, 170, 5, 16, 0),
(221, 170, 6, 17, 0),
(222, 170, 7, 18, 0),
(223, 170, 8, 27, 0),
(224, 171, 1, 9, 1),
(225, 171, 2, 17, 1),
(226, 171, 3, 27, 0),
(227, 172, 1, 10, 1),
(228, 172, 2, 12, 0),
(229, 172, 3, 16, 0),
(230, 172, 4, 17, 0),
(231, 172, 5, 18, 0),
(232, 172, 6, 27, 0),
(233, 173, 1, 9, 1),
(234, 173, 2, 17, 1),
(235, 173, 3, 27, 1),
(236, 174, 1, 9, 1),
(237, 174, 2, 17, 1),
(238, 174, 3, 27, 1),
(239, 175, 1, 9, 1),
(240, 175, 2, 17, 1),
(241, 175, 3, 27, 1),
(242, 176, 1, 9, 1),
(243, 176, 2, 17, 1),
(244, 176, 3, 10, 1),
(245, 176, 4, 12, 1),
(246, 176, 5, 16, 1),
(247, 176, 6, 17, 1),
(248, 176, 7, 18, 1),
(249, 176, 8, 27, 1),
(250, 177, 1, 10, 1),
(251, 177, 2, 12, 1),
(252, 177, 3, 16, 1),
(253, 177, 4, 17, 1),
(254, 177, 5, 18, 1),
(255, 177, 6, 27, 1),
(256, 178, 1, 17, 1),
(257, 178, 2, 10, 1),
(258, 178, 3, 12, 1),
(259, 178, 4, 16, 1),
(260, 178, 5, 17, 1),
(261, 178, 6, 18, 1),
(262, 178, 7, 27, 1),
(263, 179, 1, 10, 1),
(264, 179, 2, 12, 1),
(265, 179, 3, 16, 1),
(266, 179, 4, 17, 1),
(267, 179, 5, 18, 1),
(268, 179, 6, 27, 1),
(269, 180, 1, 10, 1),
(270, 180, 2, 12, 1),
(271, 180, 3, 16, 0),
(272, 180, 4, 17, 0),
(273, 180, 5, 18, 0),
(274, 180, 6, 27, 0),
(275, 181, 1, 9, 1),
(276, 181, 2, 17, 1),
(277, 181, 3, 10, 1),
(278, 181, 4, 12, 1),
(279, 181, 5, 16, 1),
(280, 181, 6, 17, 1),
(281, 181, 7, 18, 1),
(282, 181, 8, 27, 0),
(283, 182, 1, 19, 1),
(284, 182, 2, 17, 1),
(285, 182, 3, 27, 1),
(286, 183, 1, 13, 1),
(287, 183, 2, 17, 1),
(288, 183, 3, 27, 1),
(289, 184, 1, 10, 1),
(290, 184, 2, 12, 1),
(291, 184, 3, 16, 1),
(292, 184, 4, 17, 1),
(293, 184, 5, 18, 1),
(294, 184, 6, 27, 1),
(295, 185, 1, 16, 1),
(296, 185, 2, 17, 1),
(297, 185, 3, 18, 1),
(298, 185, 4, 27, 1),
(299, 186, 1, 10, 1),
(300, 186, 2, 12, 1),
(301, 186, 3, 16, 1),
(302, 186, 4, 17, 1),
(303, 186, 5, 18, 1),
(304, 186, 6, 27, 1),
(305, 187, 1, 9, 1),
(306, 187, 2, 17, 1),
(307, 187, 3, 10, 1),
(308, 187, 4, 12, 1),
(309, 187, 5, 16, 1),
(310, 187, 6, 17, 1),
(311, 187, 7, 18, 1),
(312, 187, 8, 27, 0),
(313, 188, 1, 10, 1),
(314, 188, 2, 12, 0),
(315, 188, 3, 16, 0),
(316, 188, 4, 17, 0),
(317, 188, 5, 18, 0),
(318, 188, 6, 27, 0),
(319, 189, 1, 10, 1),
(320, 189, 2, 12, 1),
(321, 189, 3, 16, 0),
(322, 189, 4, 17, 0),
(323, 189, 5, 18, 0),
(324, 189, 6, 27, 0),
(325, 190, 1, 10, 1),
(326, 190, 2, 12, 0),
(327, 190, 3, 16, 0),
(328, 190, 4, 17, 0),
(329, 190, 5, 18, 0),
(330, 190, 6, 27, 0),
(331, 191, 1, 10, 1),
(332, 191, 2, 12, 0),
(333, 191, 3, 16, 0),
(334, 191, 4, 17, 0),
(335, 191, 5, 18, 0),
(336, 191, 6, 27, 0),
(356, 195, 1, 9, 1),
(357, 195, 2, 17, 0),
(358, 195, 3, 27, 0),
(362, 197, 1, 9, 1),
(363, 197, 2, 17, 0),
(364, 197, 3, 27, 0),
(368, 199, 1, 9, 1),
(369, 199, 2, 17, 0),
(370, 199, 3, 27, 0),
(371, 200, 1, 9, 1),
(372, 200, 2, 17, 1),
(373, 200, 3, 10, 1),
(374, 200, 4, 12, 1),
(375, 200, 5, 16, 0),
(376, 200, 6, 17, 0),
(377, 200, 7, 18, 0),
(378, 200, 8, 27, 0),
(379, 201, 1, 9, 1),
(380, 201, 2, 17, 1),
(381, 201, 3, 10, 1),
(382, 201, 4, 12, 1),
(383, 201, 5, 16, 0),
(384, 201, 6, 17, 0),
(385, 201, 7, 18, 0),
(386, 201, 8, 27, 0),
(387, 202, 1, 10, 1),
(388, 202, 2, 12, 0),
(389, 202, 3, 16, 0),
(390, 202, 4, 17, 0),
(391, 202, 5, 18, 0),
(392, 202, 6, 27, 0),
(393, 203, 1, 9, 1),
(394, 203, 2, 17, 1),
(395, 203, 3, 10, 1),
(396, 203, 4, 12, 0),
(397, 203, 5, 16, 0),
(398, 203, 6, 17, 0),
(399, 203, 7, 18, 0),
(400, 203, 8, 27, 0),
(412, 207, 1, 2, 1),
(413, 207, 2, 5, 1),
(414, 207, 3, 6, 1),
(415, 207, 4, 7, 0),
(416, 207, 5, 8, 0),
(417, 207, 6, 11, 0),
(418, 208, 1, 2, 1),
(419, 208, 2, 5, 1),
(420, 208, 3, 6, 1),
(421, 208, 4, 7, 1),
(422, 208, 5, 8, 1),
(423, 208, 6, 11, 1),
(424, 209, 1, 3, 1),
(425, 209, 2, 5, 0),
(426, 209, 3, 6, 0),
(427, 209, 4, 7, 0),
(428, 209, 5, 8, 0),
(429, 209, 6, 11, 0),
(430, 210, 1, 6, 1),
(431, 210, 2, 2, 0),
(432, 210, 3, 3, 0),
(433, 210, 4, 5, 0),
(434, 210, 5, 6, 0),
(435, 210, 6, 7, 0),
(436, 210, 7, 8, 0),
(437, 211, 1, 5, 1),
(438, 211, 2, 6, 0),
(439, 211, 3, 7, 0),
(440, 211, 4, 8, 0),
(441, 211, 5, 11, 0),
(442, 212, 1, 2, 1),
(443, 212, 2, 6, 0),
(444, 212, 3, 8, 0),
(445, 213, 1, 5, 1),
(446, 213, 2, 6, 0),
(447, 213, 3, 7, 0),
(448, 213, 4, 8, 0),
(449, 213, 5, 11, 0),
(450, 214, 1, 5, 1),
(451, 214, 2, 6, 1),
(452, 214, 3, 7, 0),
(453, 214, 4, 8, 0),
(454, 214, 5, 11, 0),
(455, 215, 1, 2, 1),
(456, 215, 2, 3, 0),
(457, 215, 3, 6, 0),
(458, 215, 4, 8, 0),
(459, 216, 1, 12, 1),
(460, 216, 2, 9, 0),
(461, 216, 3, 17, 0),
(462, 216, 4, 10, 0),
(463, 216, 5, 12, 0),
(464, 216, 6, 16, 0),
(465, 216, 7, 17, 0),
(466, 216, 8, 18, 0),
(467, 216, 9, 27, 0),
(468, 217, 1, 12, 1),
(469, 217, 2, 9, 0),
(470, 217, 3, 17, 0),
(471, 217, 4, 10, 0),
(472, 217, 5, 12, 0),
(473, 217, 6, 16, 0),
(474, 217, 7, 17, 0),
(475, 217, 8, 18, 0),
(476, 217, 9, 27, 0),
(477, 218, 1, 12, 1),
(478, 218, 2, 9, 0),
(479, 218, 3, 17, 0),
(480, 218, 4, 10, 0),
(481, 218, 5, 12, 0),
(482, 218, 6, 16, 0),
(483, 218, 7, 17, 0),
(484, 218, 8, 18, 0),
(485, 218, 9, 27, 0),
(486, 219, 1, 16, 1),
(487, 219, 2, 17, 1),
(488, 219, 3, 18, 1),
(489, 219, 4, 27, 1),
(490, 220, 1, 10, 1),
(491, 220, 2, 12, 1),
(492, 220, 3, 16, 1),
(493, 220, 4, 17, 1),
(494, 220, 5, 18, 1),
(495, 220, 6, 27, 1),
(496, 221, 1, 19, 1),
(497, 221, 2, 17, 0),
(498, 221, 3, 27, 0),
(526, 228, 1, 9, 1),
(527, 228, 2, 17, 0),
(528, 228, 3, 27, 0),
(529, 229, 1, 10, 1),
(530, 229, 2, 12, 1),
(531, 229, 3, 16, 0),
(532, 229, 4, 17, 0),
(533, 229, 5, 18, 0),
(534, 229, 6, 27, 0),
(535, 230, 1, 10, 1),
(536, 230, 2, 12, 1),
(537, 230, 3, 16, 0),
(538, 230, 4, 17, 0),
(539, 230, 5, 18, 0),
(540, 230, 6, 27, 0),
(541, 231, 1, 9, 1),
(542, 231, 2, 17, 0),
(543, 231, 3, 10, 0),
(544, 231, 4, 12, 0),
(545, 231, 5, 16, 0),
(546, 231, 6, 17, 0),
(547, 231, 7, 18, 0),
(548, 231, 8, 27, 0),
(552, 233, 1, 9, 1),
(553, 233, 2, 17, 0),
(554, 233, 3, 10, 0),
(555, 233, 4, 12, 0),
(556, 233, 5, 16, 0),
(557, 233, 6, 17, 0),
(558, 233, 7, 18, 0),
(559, 233, 8, 27, 0),
(568, 235, 1, 9, 1),
(569, 235, 2, 17, 0),
(570, 235, 3, 27, 0),
(571, 236, 1, 9, 1),
(572, 236, 2, 17, 0),
(573, 236, 3, 27, 0),
(574, 237, 1, 9, 1),
(575, 237, 2, 17, 0),
(576, 237, 3, 10, 0),
(577, 237, 4, 12, 0),
(578, 237, 5, 16, 0),
(579, 237, 6, 17, 0),
(580, 237, 7, 18, 0),
(581, 237, 8, 27, 0),
(582, 238, 1, 9, 1),
(583, 238, 2, 17, 0),
(584, 238, 3, 10, 0),
(585, 238, 4, 12, 0),
(586, 238, 5, 16, 0),
(587, 238, 6, 17, 0),
(588, 238, 7, 18, 0),
(589, 238, 8, 27, 0),
(590, 239, 1, 9, 1),
(591, 239, 2, 17, 0),
(592, 239, 3, 10, 0),
(593, 239, 4, 12, 0),
(594, 239, 5, 16, 0),
(595, 239, 6, 17, 0),
(596, 239, 7, 18, 0),
(597, 239, 8, 27, 0),
(598, 240, 1, 9, 1),
(599, 240, 2, 17, 1),
(600, 240, 3, 10, 0),
(601, 240, 4, 12, 0),
(602, 240, 5, 16, 0),
(603, 240, 6, 17, 0),
(604, 240, 7, 18, 0),
(605, 240, 8, 27, 0),
(606, 241, 1, 9, 1),
(607, 241, 2, 17, 0),
(608, 241, 3, 27, 0),
(609, 242, 1, 9, 1),
(610, 242, 2, 17, 0),
(611, 242, 3, 10, 0),
(612, 242, 4, 12, 0),
(613, 242, 5, 16, 0),
(614, 242, 6, 17, 0),
(615, 242, 7, 18, 0),
(616, 242, 8, 27, 0),
(617, 243, 1, 9, 1),
(618, 243, 2, 17, 0),
(619, 243, 3, 10, 0),
(620, 243, 4, 12, 0),
(621, 243, 5, 16, 0),
(622, 243, 6, 17, 0),
(623, 243, 7, 18, 0),
(624, 243, 8, 27, 0),
(625, 244, 1, 17, 1),
(626, 244, 2, 10, 0),
(627, 244, 3, 12, 0),
(628, 244, 4, 16, 0),
(629, 244, 5, 17, 0),
(630, 244, 6, 18, 0),
(631, 244, 7, 27, 0),
(632, 245, 1, 9, 1),
(633, 245, 2, 17, 0),
(634, 245, 3, 10, 0),
(635, 245, 4, 12, 0),
(636, 245, 5, 16, 0),
(637, 245, 6, 17, 0),
(638, 245, 7, 18, 0),
(639, 245, 8, 27, 0),
(640, 246, 1, 9, 1),
(641, 246, 2, 17, 0),
(642, 246, 3, 27, 0),
(643, 247, 1, 9, 1),
(644, 247, 2, 17, 0),
(645, 247, 3, 27, 0),
(646, 248, 1, 9, 1),
(647, 248, 2, 17, 0),
(648, 248, 3, 10, 0),
(649, 248, 4, 12, 0),
(650, 248, 5, 16, 0),
(651, 248, 6, 17, 0),
(652, 248, 7, 18, 0),
(653, 248, 8, 27, 0),
(654, 249, 1, 9, 1),
(655, 249, 2, 17, 0),
(656, 249, 3, 27, 0),
(657, 250, 1, 9, 1),
(658, 250, 2, 17, 0),
(659, 250, 3, 27, 0),
(660, 251, 1, 16, 1),
(661, 251, 2, 17, 0),
(662, 251, 3, 18, 0),
(663, 251, 4, 27, 0),
(664, 252, 1, 9, 1),
(665, 252, 2, 17, 0),
(666, 252, 3, 27, 0),
(667, 253, 1, 9, 1),
(668, 253, 2, 17, 0),
(669, 253, 3, 27, 0),
(670, 254, 1, 9, 1),
(671, 254, 2, 17, 1),
(672, 254, 3, 27, 1),
(673, 255, 1, 9, 1),
(674, 255, 2, 17, 0),
(675, 255, 3, 27, 0),
(676, 256, 1, 9, 1),
(677, 256, 2, 17, 0),
(678, 256, 3, 27, 0),
(679, 257, 1, 9, 1),
(680, 257, 2, 17, 0),
(681, 257, 3, 27, 0),
(682, 258, 1, 16, 1),
(683, 258, 2, 17, 1),
(684, 258, 3, 18, 1),
(685, 258, 4, 27, 1),
(686, 259, 1, 9, 1),
(687, 259, 2, 17, 0),
(688, 259, 3, 27, 0),
(689, 260, 1, 9, 1),
(690, 260, 2, 17, 0),
(691, 260, 3, 27, 0),
(692, 261, 1, 9, 1),
(693, 261, 2, 17, 0),
(694, 261, 3, 27, 0),
(695, 262, 1, 9, 1),
(696, 262, 2, 17, 0),
(697, 262, 3, 27, 0),
(698, 263, 1, 9, 1),
(699, 263, 2, 17, 0),
(700, 263, 3, 27, 0),
(701, 264, 1, 10, 1),
(702, 264, 2, 12, 0),
(703, 264, 3, 16, 0),
(704, 264, 4, 17, 0),
(705, 264, 5, 18, 0),
(706, 264, 6, 27, 0),
(707, 265, 1, 9, 1),
(708, 265, 2, 17, 0),
(709, 265, 3, 27, 0),
(710, 266, 1, 10, 1),
(711, 266, 2, 12, 0),
(712, 266, 3, 16, 0),
(713, 266, 4, 17, 0),
(714, 266, 5, 18, 0),
(715, 266, 6, 27, 0),
(716, 267, 1, 9, 1),
(717, 267, 2, 17, 1),
(718, 267, 3, 27, 0),
(719, 268, 1, 10, 1),
(720, 268, 2, 12, 1),
(721, 268, 3, 16, 1),
(722, 268, 4, 17, 1),
(723, 268, 5, 18, 0),
(724, 268, 6, 27, 0),
(725, 269, 1, 9, 1),
(726, 269, 2, 17, 1),
(727, 269, 3, 10, 0),
(728, 269, 4, 12, 0),
(729, 269, 5, 16, 0),
(730, 269, 6, 17, 0),
(731, 269, 7, 18, 0),
(732, 269, 8, 27, 0),
(733, 270, 1, 9, 0),
(734, 270, 2, 17, 0),
(735, 270, 3, 27, 0),
(736, 271, 1, 9, 1),
(737, 271, 2, 17, 0),
(738, 271, 3, 27, 0),
(739, 272, 1, 9, 1),
(740, 272, 2, 17, 0),
(741, 272, 3, 27, 0),
(742, 273, 1, 9, 1),
(743, 273, 2, 17, 0),
(744, 273, 3, 27, 0),
(745, 274, 1, 9, 1),
(746, 274, 2, 17, 0),
(747, 274, 3, 27, 0),
(748, 275, 1, 9, 1),
(749, 275, 2, 17, 0),
(750, 275, 3, 27, 0),
(751, 276, 1, 9, 1),
(752, 276, 2, 17, 0),
(753, 276, 3, 27, 0),
(754, 277, 1, 9, 1),
(755, 277, 2, 17, 0),
(756, 277, 3, 27, 0),
(757, 278, 1, 9, 1),
(758, 278, 2, 17, 0),
(759, 278, 3, 27, 0),
(760, 279, 1, 9, 1),
(761, 279, 2, 17, 0),
(762, 279, 3, 27, 0),
(763, 280, 1, 9, 1),
(764, 280, 2, 17, 0),
(765, 280, 3, 27, 0),
(766, 281, 1, 9, 1),
(767, 281, 2, 17, 0),
(768, 281, 3, 27, 0),
(769, 282, 1, 9, 1),
(770, 282, 2, 17, 0),
(771, 282, 3, 27, 0),
(772, 283, 1, 9, 1),
(773, 283, 2, 17, 0),
(774, 283, 3, 27, 0),
(775, 284, 1, 9, 1),
(776, 284, 2, 17, 0),
(777, 284, 3, 27, 0),
(778, 285, 1, 17, 1),
(779, 285, 2, 10, 0),
(780, 285, 3, 12, 0),
(781, 285, 4, 16, 0),
(782, 285, 5, 17, 0),
(783, 285, 6, 18, 0),
(784, 285, 7, 27, 0),
(785, 286, 1, 9, 1),
(786, 286, 2, 17, 0),
(787, 286, 3, 27, 0),
(788, 287, 1, 9, 1),
(789, 287, 2, 17, 0),
(790, 287, 3, 27, 0),
(791, 288, 1, 9, 1),
(792, 288, 2, 17, 0),
(793, 288, 3, 27, 0),
(794, 289, 1, 9, 1),
(795, 289, 2, 17, 0),
(796, 289, 3, 27, 0),
(797, 290, 1, 9, 1),
(798, 290, 2, 17, 0),
(799, 290, 3, 27, 0),
(800, 291, 1, 9, 1),
(801, 291, 2, 17, 0),
(802, 291, 3, 27, 0),
(803, 292, 1, 9, 1),
(804, 292, 2, 17, 0),
(805, 292, 3, 10, 0),
(806, 292, 4, 12, 0),
(807, 292, 5, 16, 0),
(808, 292, 6, 17, 0),
(809, 292, 7, 18, 0),
(810, 292, 8, 27, 0),
(811, 293, 1, 9, 1),
(812, 293, 2, 17, 0),
(813, 293, 3, 27, 0),
(814, 294, 1, 9, 1),
(815, 294, 2, 17, 0),
(816, 294, 3, 27, 0),
(817, 295, 1, 9, 1),
(818, 295, 2, 17, 0),
(819, 295, 3, 10, 0),
(820, 295, 4, 12, 0),
(821, 295, 5, 16, 0),
(822, 295, 6, 17, 0),
(823, 295, 7, 18, 0),
(824, 295, 8, 27, 0),
(825, 296, 1, 9, 1),
(826, 296, 2, 17, 0),
(827, 296, 3, 27, 0),
(828, 297, 1, 9, 1),
(829, 297, 2, 17, 0),
(830, 297, 3, 27, 0),
(831, 298, 1, 9, 1),
(832, 298, 2, 17, 0),
(833, 298, 3, 27, 0),
(834, 299, 1, 9, 1),
(835, 299, 2, 17, 0),
(836, 299, 3, 27, 0),
(837, 300, 1, 9, 1),
(838, 300, 2, 17, 0),
(839, 300, 3, 27, 0),
(840, 301, 1, 9, 1),
(841, 301, 2, 17, 0),
(842, 301, 3, 10, 0),
(843, 301, 4, 12, 0),
(844, 301, 5, 16, 0),
(845, 301, 6, 17, 0),
(846, 301, 7, 18, 0),
(847, 301, 8, 27, 0),
(848, 302, 1, 9, 1),
(849, 302, 2, 17, 0),
(850, 302, 3, 27, 0),
(851, 303, 1, 9, 1),
(852, 303, 2, 17, 0),
(853, 303, 3, 27, 0),
(854, 304, 1, 9, 1),
(855, 304, 2, 17, 0),
(856, 304, 3, 27, 0),
(857, 305, 1, 9, 1),
(858, 305, 2, 17, 0),
(859, 305, 3, 27, 0),
(860, 306, 1, 9, 1),
(861, 306, 2, 17, 0),
(862, 306, 3, 27, 0),
(863, 307, 1, 9, 1),
(864, 307, 2, 17, 0),
(865, 307, 3, 27, 0),
(866, 308, 1, 9, 1),
(867, 308, 2, 17, 0),
(868, 308, 3, 27, 0),
(869, 309, 1, 9, 1),
(870, 309, 2, 17, 0),
(871, 309, 3, 27, 0),
(872, 310, 1, 9, 1),
(873, 310, 2, 17, 0),
(874, 310, 3, 27, 0),
(875, 311, 1, 9, 1),
(876, 311, 2, 17, 0),
(877, 311, 3, 27, 0),
(878, 312, 1, 9, 1),
(879, 312, 2, 17, 0),
(880, 312, 3, 27, 0),
(881, 313, 1, 9, 1),
(882, 313, 2, 17, 0),
(883, 313, 3, 27, 0),
(884, 314, 1, 9, 1),
(885, 314, 2, 17, 0),
(886, 314, 3, 27, 0),
(887, 315, 1, 9, 1),
(888, 315, 2, 17, 0),
(889, 315, 3, 10, 0),
(890, 315, 4, 12, 0),
(891, 315, 5, 16, 0),
(892, 315, 6, 17, 0),
(893, 315, 7, 18, 0),
(894, 315, 8, 27, 0),
(895, 316, 1, 12, 1),
(896, 316, 2, 16, 0),
(897, 316, 3, 17, 0),
(898, 316, 4, 18, 0),
(899, 316, 5, 27, 0),
(900, 317, 1, 9, 1),
(901, 317, 2, 17, 0),
(902, 317, 3, 27, 0),
(903, 318, 1, 9, 1),
(904, 318, 2, 17, 0),
(905, 318, 3, 10, 0),
(906, 318, 4, 12, 0),
(907, 318, 5, 16, 0),
(908, 318, 6, 17, 0),
(909, 318, 7, 18, 0),
(910, 318, 8, 27, 0),
(911, 319, 1, 9, 1),
(912, 319, 2, 17, 0),
(913, 319, 3, 10, 0),
(914, 319, 4, 12, 0),
(915, 319, 5, 16, 0),
(916, 319, 6, 17, 0),
(917, 319, 7, 18, 0),
(918, 319, 8, 27, 0),
(919, 320, 1, 9, 1),
(920, 320, 2, 17, 0),
(921, 320, 3, 10, 0),
(922, 320, 4, 12, 0),
(923, 320, 5, 16, 0),
(924, 320, 6, 17, 0),
(925, 320, 7, 18, 0),
(926, 320, 8, 27, 0),
(927, 321, 1, 9, 1),
(928, 321, 2, 17, 0),
(929, 321, 3, 10, 0),
(930, 321, 4, 12, 0),
(931, 321, 5, 16, 0),
(932, 321, 6, 17, 0),
(933, 321, 7, 18, 0),
(934, 321, 8, 27, 0),
(935, 322, 1, 9, 1),
(936, 322, 2, 17, 0),
(937, 322, 3, 10, 0),
(938, 322, 4, 12, 0),
(939, 322, 5, 16, 0),
(940, 322, 6, 17, 0),
(941, 322, 7, 18, 0),
(942, 322, 8, 27, 0),
(943, 323, 1, 9, 1),
(944, 323, 2, 17, 0),
(945, 323, 3, 10, 0),
(946, 323, 4, 12, 0),
(947, 323, 5, 16, 0),
(948, 323, 6, 17, 0),
(949, 323, 7, 18, 0),
(950, 323, 8, 27, 0),
(951, 324, 1, 9, 1),
(952, 324, 2, 17, 0),
(953, 324, 3, 10, 0),
(954, 324, 4, 12, 0),
(955, 324, 5, 16, 0),
(956, 324, 6, 17, 0),
(957, 324, 7, 18, 0),
(958, 324, 8, 27, 0),
(959, 325, 1, 9, 1),
(960, 325, 2, 17, 0),
(961, 325, 3, 10, 0),
(962, 325, 4, 12, 0),
(963, 325, 5, 16, 0),
(964, 325, 6, 17, 0),
(965, 325, 7, 18, 0),
(966, 325, 8, 27, 0),
(967, 326, 1, 9, 1),
(968, 326, 2, 17, 0),
(969, 326, 3, 10, 0),
(970, 326, 4, 12, 0),
(971, 326, 5, 16, 0),
(972, 326, 6, 17, 0),
(973, 326, 7, 18, 0),
(974, 326, 8, 27, 0);

-- --------------------------------------------------------

--
-- Table structure for table `qq_route`
--

CREATE TABLE `qq_route` (
  `route_id` int(11) NOT NULL,
  `route_name` text NOT NULL,
  `site_id` int(11) NOT NULL
) ENGINE=InnoDB DEFAULT CHARSET=utf8;

--
-- Dumping data for table `qq_route`
--

INSERT INTO `qq_route` (`route_id`, `route_name`, `site_id`) VALUES
(9, 'เจาะเลือด ไม่พบแพทย์', 1),
(10, 'X-ray ไม่พบแพทย์', 1),
(11, 'เจาะเลือด และ X-ray ไม่พบแพทย์', 1),
(12, 'เจาะเลือด และพบแพทย์', 1),
(13, 'X-ray และพบแพทย์', 1),
(14, 'เจาะเลือด, X-ray และพบแพทย์', 1),
(15, 'ตรวจสุขภาพ', 1),
(16, 'นัดพบแพทย์ ไม่มีหัตถการ', 1),
(17, 'DNA', 1),
(18, 'CT', 1),
(19, 'MRI', 1),
(20, 'ส่องกล้องทางเดินอาหาร Colonoscopy', 1),
(21, 'ขอประวัติ พบแพทย์', 1),
(22, 'ขอประวัติ ไม่พบแพทย์', 1),
(23, 'LASIK', 1),
(24, 'WH', 1),
(25, 'PET/CT', 1),
(26, 'Refill ยา', 1),
(27, 'ซื้ออาหารเสริม', 1),
(28, 'เจาะเลือด ไม่พบแพทย์', 2),
(29, 'X-ray ไม่พบแพทย์', 2),
(30, 'เจาะเลือด X-ray ไม่พบแพทย์', 2),
(31, 'เจาะเลือด พบแพทย์', 2),
(32, 'X-ray พบแพทย์', 2),
(33, 'เจาะเลือด X-ray พบแพทย์', 2),
(34, 'ตรวจสุขภาพ (ไม่มีโปรแกรม)', 2),
(35, 'พบแพทย์ ไม่มีหัตถการ', 2),
(36, 'CT', 2),
(37, 'MRI', 2),
(38, 'ส่องกล้องทางเดินอาหาร', 2),
(39, 'ขอประวัติ พบแพทย์', 2),
(40, 'ขอประวัติ ไม่พบแพทย์', 2);

-- --------------------------------------------------------

--
-- Table structure for table `qq_route_detail`
--

CREATE TABLE `qq_route_detail` (
  `route_detail_id` int(11) NOT NULL,
  `route_id` int(11) NOT NULL,
  `location_id` int(11) NOT NULL,
  `location_order` int(11) NOT NULL
) ENGINE=InnoDB DEFAULT CHARSET=utf8;

--
-- Dumping data for table `qq_route_detail`
--

INSERT INTO `qq_route_detail` (`route_detail_id`, `route_id`, `location_id`, `location_order`) VALUES
(32, 9, 8, 1),
(33, 9, 14, 2),
(34, 10, 14, 1),
(35, 10, 9, 2),
(36, 11, 8, 1),
(37, 11, 14, 2),
(38, 11, 9, 3),
(39, 12, 8, 1),
(40, 12, 14, 2),
(41, 12, 10, 3),
(42, 12, 14, 4),
(43, 12, 15, 5),
(44, 13, 14, 1),
(45, 13, 9, 2),
(46, 13, 10, 3),
(47, 13, 14, 4),
(48, 13, 15, 5),
(49, 14, 8, 1),
(50, 14, 14, 2),
(51, 14, 9, 3),
(52, 14, 10, 4),
(53, 14, 14, 5),
(54, 14, 15, 6),
(55, 15, 10, 1),
(56, 15, 8, 2),
(57, 15, 14, 3),
(58, 15, 9, 4),
(59, 15, 10, 5),
(60, 15, 14, 6),
(61, 15, 15, 7),
(62, 16, 10, 1),
(63, 16, 14, 2),
(64, 16, 15, 3),
(65, 17, 10, 1),
(66, 17, 8, 2),
(67, 17, 14, 3),
(68, 18, 10, 1),
(69, 18, 14, 2),
(70, 19, 10, 1),
(71, 19, 14, 2),
(72, 20, 10, 1),
(73, 20, 14, 2),
(74, 20, 15, 3),
(75, 21, 10, 1),
(76, 21, 14, 2),
(77, 21, 15, 3),
(78, 22, 14, 1),
(79, 23, 12, 1),
(80, 23, 14, 2),
(81, 24, 11, 1),
(82, 24, 14, 2),
(83, 25, 13, 1),
(84, 25, 14, 2),
(85, 26, 15, 1),
(86, 26, 14, 2),
(87, 26, 15, 3),
(88, 27, 15, 1),
(89, 27, 14, 2),
(90, 27, 15, 3),
(91, 28, 2, 1),
(92, 28, 5, 2),
(93, 28, 7, 3),
(94, 29, 3, 1),
(95, 29, 7, 2),
(96, 30, 2, 1),
(97, 30, 3, 2),
(98, 30, 5, 3),
(99, 30, 7, 4),
(100, 31, 2, 1),
(101, 31, 5, 2),
(102, 31, 7, 3),
(103, 31, 16, 4),
(104, 32, 3, 1),
(105, 32, 5, 2),
(106, 32, 7, 3),
(107, 32, 16, 4),
(108, 33, 2, 1),
(109, 33, 3, 2),
(110, 33, 5, 3),
(111, 33, 7, 4),
(112, 33, 16, 5),
(113, 34, 5, 1),
(114, 34, 2, 2),
(115, 34, 3, 3),
(116, 34, 5, 4),
(117, 34, 7, 5),
(118, 34, 16, 6),
(119, 35, 5, 1),
(120, 35, 7, 2),
(121, 35, 16, 3),
(122, 36, 5, 1),
(123, 36, 7, 2),
(124, 37, 5, 1),
(125, 37, 7, 2),
(126, 38, 5, 1),
(127, 38, 7, 2),
(128, 38, 16, 3),
(129, 39, 5, 1),
(130, 39, 7, 2),
(131, 39, 16, 3),
(132, 40, 7, 1);

-- --------------------------------------------------------

--
-- Table structure for table `qq_send`
--

CREATE TABLE `qq_send` (
  `send_id` int(11) NOT NULL,
  `register_id` int(11) NOT NULL,
  `department_id` int(11) NOT NULL,
  `send_datetime` datetime NOT NULL,
  `send_by` varchar(10) NOT NULL
) ENGINE=InnoDB DEFAULT CHARSET=utf8;

-- --------------------------------------------------------

--
-- Table structure for table `qq_site`
--

CREATE TABLE `qq_site` (
  `site_id` int(11) NOT NULL,
  `site_code` varchar(10) NOT NULL,
  `site_name` text NOT NULL
) ENGINE=InnoDB DEFAULT CHARSET=utf8;

--
-- Dumping data for table `qq_site`
--

INSERT INTO `qq_site` (`site_id`, `site_code`, `site_name`) VALUES
(1, 'CMEx', 'ศูนย์ความเป็นเลิศทางการแพทย์ มช.'),
(2, 'GMC', 'ศูนย์เวชศาสตร์ผู้สูงอายุ มช.');

-- --------------------------------------------------------

--
-- Table structure for table `qq_waiting`
--

CREATE TABLE `qq_waiting` (
  `waiting_id` int(11) NOT NULL,
  `register_id` int(11) NOT NULL,
  `register_type` varchar(2) NOT NULL,
  `register_number` varchar(5) NOT NULL,
  `register_hn` varchar(10) NOT NULL,
  `send_from_waiting_id` int(11) NOT NULL,
  `send_datetime` datetime NOT NULL,
  `send_by_user_id` varchar(10) NOT NULL,
  `send_by_department_id` int(11) NOT NULL,
  `receive_by_department_id` int(11) NOT NULL,
  `speed_level` int(11) NOT NULL,
  `called` tinyint(4) NOT NULL,
  `send_out` tinyint(4) NOT NULL,
  `call_datetime` datetime NOT NULL,
  `call_by_channel_id` int(11) NOT NULL,
  `call_by_channel_name` varchar(20) NOT NULL,
  `call_by_channel_number` int(11) NOT NULL,
  `call_by_user_id` varchar(10) NOT NULL,
  `call_repeat` tinyint(4) NOT NULL
) ENGINE=InnoDB DEFAULT CHARSET=utf8;

--
-- Dumping data for table `qq_waiting`
--

INSERT INTO `qq_waiting` (`waiting_id`, `register_id`, `register_type`, `register_number`, `register_hn`, `send_from_waiting_id`, `send_datetime`, `send_by_user_id`, `send_by_department_id`, `receive_by_department_id`, `speed_level`, `called`, `send_out`, `call_datetime`, `call_by_channel_id`, `call_by_channel_name`, `call_by_channel_number`, `call_by_user_id`, `call_repeat`) VALUES
(2, 34, '', '23', '33333', 0, '2020-02-14 17:44:48', '61018', 0, 1, 0, 1, 0, '2020-02-16 18:20:13', 0, '', 0, '61018', 0),
(3, 35, '', '24', '33333', 0, '2020-02-14 17:54:23', '61018', 0, 1, 0, 1, 0, '2020-02-16 19:02:21', 0, '', 0, '61018', 0),
(4, 36, '', '25', '345345', 0, '2020-02-14 17:54:33', '61018', 0, 1, 0, 1, 0, '2020-02-16 19:51:52', 0, '', 0, '61018', 0),
(5, 37, '', '26', '123123', 0, '2020-02-14 17:54:36', '61018', 0, 1, 0, 1, 0, '2020-02-16 19:02:44', 0, '', 0, '61018', 0),
(6, 38, '', '1', '33333', 0, '2020-02-15 13:31:10', '61018', 0, 5, 0, 1, 0, '2020-02-16 20:04:28', 0, '', 0, '61018', 0),
(7, 39, '', '2', '44444', 0, '2020-02-15 13:31:30', '61018', 0, 6, 0, 1, 0, '2020-02-15 13:33:12', 1, 'ห้องยา ช่อง 1', 1, 'root', 0),
(8, 40, '', '3', '55555', 0, '2020-02-15 13:35:18', '61018', 0, 6, 0, 1, 0, '2020-02-15 16:32:30', 1, 'ห้องยา ช่อง 1', 1, 'root', 0),
(9, 41, '', '4', '6666666', 0, '2020-02-15 13:35:24', '61018', 0, 6, 0, 1, 0, '2020-02-15 16:33:25', 1, 'ห้องยา ช่อง 1', 1, 'root', 0),
(10, 42, '', '5', '555555', 0, '2020-02-15 16:35:25', '61018', 0, 6, 0, 1, 0, '2020-02-16 17:18:29', 1, 'ห้องยา ช่อง 1', 1, '61018', 0),
(11, 43, '', '6', '233223', 0, '2020-02-15 16:41:07', '61018', 0, 6, 0, 1, 0, '2020-02-15 17:11:01', 1, 'ห้องยา ช่อง 1', 1, '61018', 0),
(12, 44, '', '7', '3232323', 0, '2020-02-15 16:43:45', '61018', 0, 6, 0, 1, 0, '2020-02-15 17:11:05', 1, 'ห้องยา ช่อง 1', 1, '61018', 0),
(13, 45, '', '8', '234234234', 0, '2020-02-15 16:43:48', '61018', 0, 6, 0, 1, 0, '2020-02-16 10:41:57', 1, 'ห้องยา ช่อง 1', 1, '61018', 0),
(14, 46, '', '1', '12345', 0, '2020-02-16 08:20:48', '61018', 0, 6, 0, 1, 0, '2020-02-16 11:14:26', 1, 'ห้องยา ช่อง 1', 1, '61018', 0),
(15, 47, '', '2', '11111', 0, '2020-02-16 08:43:29', '61018', 0, 6, 0, 1, 0, '2020-02-16 17:26:12', 1, 'ห้องยา ช่อง 1', 1, '61018', 0),
(16, 48, '', '3', '56788', 0, '2020-02-16 09:11:22', '61018', 0, 6, 0, 1, 0, '2020-02-16 17:26:16', 1, 'ห้องยา ช่อง 1', 1, '61018', 0),
(17, 49, '', '4', '22222', 0, '2020-02-16 09:20:45', '61018', 0, 6, 0, 1, 0, '2020-02-16 17:26:25', 1, 'ห้องยา ช่อง 1', 1, '61018', 0),
(18, 50, '', '5', '555555', 0, '2020-02-16 10:48:36', '61018', 0, 6, 0, 1, 0, '2020-02-16 17:26:36', 1, 'ห้องยา ช่อง 1', 1, '61018', 0),
(19, 51, '', '6', '66666', 0, '2020-02-16 10:48:50', '61018', 0, 6, 0, 1, 0, '2020-04-21 15:05:00', 1, 'ห้องยา ช่อง 1', 1, '58015', 0),
(20, 52, '', '7', '123123', 0, '2020-02-16 11:07:12', '61018', 0, 6, 0, 1, 0, '2020-04-21 15:05:03', 1, 'ห้องยา ช่อง 1', 1, '58015', 0),
(21, 45, '', '8', '234234234', 0, '2020-02-16 11:14:56', '61018', 6, 6, 0, 1, 0, '2020-04-21 15:05:07', 1, 'ห้องยา ช่อง 1', 1, '58015', 0),
(22, 38, '', '1', '33333', 0, '2020-02-16 19:53:34', '61018', 1, 5, 0, 1, 0, '2020-05-13 09:49:35', 0, '', 0, '61018', 0),
(23, 52, '', '7', '123123', 0, '2020-02-16 19:57:35', '61018', 1, 5, 0, 1, 0, '2020-05-13 10:43:28', 0, '', 0, '62023', 0),
(24, 36, '', '25', '345345', 0, '2020-02-16 19:58:01', '61018', 1, 5, 0, 1, 0, '2020-05-13 10:43:57', 0, '', 0, '62023', 0),
(25, 52, '', '7', '123123', 0, '2020-02-16 19:59:42', '61018', 1, 5, 0, 1, 0, '2020-02-16 21:02:08', 0, '', 0, '61018', 0),
(26, 53, '', '1', '2345678', 0, '2020-02-17 11:40:39', '61018', 0, 1, 0, 1, 0, '2020-04-19 20:37:53', 0, '', 0, '61018', 0),
(27, 54, '', '2', '11111111', 0, '2020-02-17 11:41:13', '61018', 0, 1, 0, 1, 0, '2020-04-19 20:37:53', 0, '', 0, '61018', 0),
(28, 55, '', '1', '1377380', 0, '2020-04-19 15:03:53', '61018', 0, 1, 0, 1, 0, '2020-04-19 20:37:55', 0, '', 0, '61018', 0),
(29, 56, '', '2', '2345689', 0, '2020-04-19 15:14:11', '61018', 0, 1, 0, 1, 0, '2020-04-19 20:37:56', 0, '', 0, '61018', 0),
(30, 57, '', '3', '1234567', 0, '2020-04-19 15:43:34', '61018', 0, 1, 0, 1, 0, '2020-04-19 20:37:58', 0, '', 0, '61018', 0),
(31, 58, '', '4', '1377380', 0, '2020-04-19 18:06:05', '61018', 0, 1, 0, 1, 0, '2020-04-19 20:37:59', 0, '', 0, '61018', 0),
(32, 59, '', '5', '1377789', 0, '2020-04-19 18:07:59', '61018', 0, 1, 0, 1, 0, '2020-04-19 20:38:00', 0, '', 0, '61018', 0),
(33, 60, '', '6', '1234567', 0, '2020-04-19 18:11:41', '61018', 0, 1, 0, 1, 0, '2020-04-19 20:38:01', 0, '', 0, '61018', 0),
(34, 61, '', '7', '7412589', 0, '2020-04-19 18:24:47', '61018', 0, 1, 0, 1, 0, '2020-04-19 20:38:02', 0, '', 0, '61018', 0),
(35, 62, '', '8', '5621347', 0, '2020-04-19 18:30:36', '61018', 0, 1, 0, 1, 0, '2020-04-19 20:38:05', 0, '', 0, '61018', 0),
(36, 63, '', '1', '1547895', 0, '2020-04-19 18:51:50', '61018', 0, 1, 0, 1, 0, '2020-04-19 20:38:06', 0, '', 0, '61018', 0),
(37, 64, '', '2', '5623658', 0, '2020-04-19 18:53:26', '61018', 0, 1, 0, 1, 0, '2020-04-19 20:38:07', 0, '', 0, '61018', 0),
(38, 65, '', '3', '4521589', 0, '2020-04-19 18:58:46', '61018', 0, 1, 0, 1, 0, '2020-04-19 20:38:08', 0, '', 0, '61018', 0),
(39, 66, '', '1', '1256389', 0, '2020-04-19 19:01:40', '61018', 0, 1, 0, 1, 0, '2020-04-19 20:15:42', 0, '', 0, '61018', 0),
(40, 67, '', '2', '4568952', 0, '2020-04-19 19:23:04', '61018', 0, 9, 0, 1, 0, '2020-05-13 09:53:08', 0, '', 0, '60043', 0),
(41, 68, '', '4', '5894562', 0, '2020-04-19 19:26:03', '61018', 0, 1, 0, 1, 0, '2020-04-19 20:12:52', 0, '', 0, '61018', 0),
(42, 69, '', '5', '1256369', 0, '2020-04-19 19:50:13', '61018', 0, 1, 0, 1, 0, '2020-04-19 20:12:56', 0, '', 0, '61018', 0),
(43, 69, '', '5', '1256369', 0, '2020-04-19 20:13:35', '61018', 1, 2, 0, 1, 0, '2020-04-19 21:10:15', 0, '', 0, '61018', 0),
(44, 69, '', '5', '1256369', 0, '2020-04-19 20:13:39', '61018', 1, 2, 0, 1, 0, '2020-04-24 11:41:59', 0, '', 0, '61018', 0),
(45, 65, '', '3', '4521589', 0, '2020-04-19 20:38:23', '61018', 1, 2, 0, 1, 0, '2020-04-24 11:42:00', 0, '', 0, '61018', 0),
(46, 65, '', '3', '4521589', 0, '2020-04-19 20:38:31', '61018', 1, 2, 0, 1, 0, '2020-04-24 11:42:00', 0, '', 0, '61018', 0),
(47, 64, '', '2', '5623658', 0, '2020-04-19 20:39:07', '61018', 1, 2, 0, 1, 0, '2020-04-19 21:10:55', 0, '', 0, '61018', 0),
(48, 63, '', '1', '1547895', 0, '2020-04-19 20:56:45', '61018', 1, 2, 0, 1, 0, '2020-04-19 21:10:50', 0, '', 0, '61018', 0),
(49, 63, '', '1', '1547895', 0, '2020-04-19 21:22:44', '61018', 2, 4, 0, 0, 0, '0000-00-00 00:00:00', 0, '', 0, '', 0),
(50, 70, '', '1', '2589654', 0, '2020-04-20 18:14:24', '61018', 0, 1, 0, 0, 0, '0000-00-00 00:00:00', 0, '', 0, '', 0),
(51, 71, '', '2', '4569875', 0, '2020-04-20 18:57:22', '61018', 0, 1, 0, 0, 0, '0000-00-00 00:00:00', 0, '', 0, '', 0),
(52, 72, '', '3', '4569875', 0, '2020-04-20 20:11:03', '61018', 0, 1, 0, 0, 0, '0000-00-00 00:00:00', 0, '', 0, '', 0),
(53, 73, '', '4', '5698563', 0, '2020-04-20 20:13:04', '61018', 0, 1, 0, 0, 0, '0000-00-00 00:00:00', 0, '', 0, '', 0),
(54, 74, '', '5', '4567892', 0, '2020-04-20 20:47:08', '61018', 0, 1, 0, 1, 0, '2020-04-20 23:12:55', 0, '', 0, '61018', 0),
(55, 74, '', '5', '4567892', 0, '2020-04-20 23:13:13', '61018', 1, 5, 0, 1, 0, '2020-05-13 10:44:00', 0, '', 0, '62023', 0),
(56, 75, '', '1', '2568543', 0, '2020-04-21 14:20:59', '61045', 0, 2, 0, 1, 0, '2020-04-24 11:42:02', 0, '', 0, '61018', 0),
(57, 76, '', '2', '2399827', 0, '2020-04-21 14:27:08', '61018', 0, 2, 0, 1, 0, '2020-04-21 14:33:18', 0, '', 0, '61018', 0),
(58, 76, '', '2', '2399827', 0, '2020-04-21 14:34:43', '61018', 2, 3, 0, 1, 0, '2020-04-21 14:34:58', 0, '', 0, '59009', 0),
(59, 76, '', '2', '2399827', 0, '2020-04-21 14:35:46', '59009', 3, 5, 0, 1, 0, '2020-04-21 14:36:09', 0, '', 0, '61018', 0),
(60, 76, '', '2', '2399827', 0, '2020-04-21 14:37:50', '62023', 2, 5, 0, 1, 0, '2020-05-13 10:44:01', 0, '', 0, '62023', 0),
(61, 76, '', '2', '2399827', 0, '2020-04-21 14:38:25', '61018', 5, 5, 0, 1, 0, '2020-05-13 10:44:02', 0, '', 0, '62023', 0),
(62, 76, '', '2', '2399827', 0, '2020-04-21 14:43:55', '61018', 5, 6, 0, 1, 0, '2020-04-21 15:18:16', 1, 'ห้องยา ช่อง 1', 1, '58015', 0),
(63, 76, '', '2', '2399827', 0, '2020-04-21 14:48:31', '61018', 6, 7, 0, 1, 0, '2020-04-21 14:50:39', 4, 'การเงิน ช่อง 1', 1, '61018', 0),
(64, 76, '', '2', '2399827', 0, '2020-04-21 14:49:01', '62023', 2, 7, 0, 0, 0, '0000-00-00 00:00:00', 0, '', 0, '', 0),
(65, 76, '', '2', '2399827', 0, '2020-04-21 14:49:47', '62023', 2, 6, 0, 1, 0, '2020-04-21 15:18:18', 1, 'ห้องยา ช่อง 1', 1, '58015', 0),
(66, 76, '', '2', '2399827', 0, '2020-04-21 14:51:05', '61018', 7, 8, 0, 0, 0, '2020-04-21 14:51:38', 0, '', 0, '61018', 0),
(67, 76, '', '2', '2399827', 0, '2020-04-21 14:53:42', '59009', 3, 5, 0, 1, 0, '2020-05-13 10:44:02', 0, '', 0, '62023', 0),
(68, 76, '', '2', '2399827', 0, '2020-04-21 14:55:40', '59009', 1, 5, 0, 1, 0, '2020-04-21 16:06:22', 0, '', 0, '62023', 0),
(69, 77, '', '3', '3474788', 0, '2020-04-21 14:58:06', '61018', 0, 2, 0, 1, 0, '2020-04-21 14:59:50', 0, '', 0, '61018', 0),
(70, 77, '', '3', '3474788', 0, '2020-04-21 15:00:25', '61018', 2, 3, 0, 1, 0, '2020-04-21 15:00:35', 0, '', 0, '59009', 0),
(71, 77, '', '3', '3474788', 0, '2020-04-21 15:01:36', '59009', 3, 1, 0, 1, 0, '2020-04-21 15:02:00', 0, '', 0, '59009', 0),
(72, 72, '', '3', '4569875', 0, '2020-04-21 15:02:49', '59009', 1, 5, 0, 1, 0, '2020-05-13 10:44:03', 0, '', 0, '62023', 0),
(73, 72, '', '3', '4569875', 0, '2020-04-21 15:04:02', '59009', 1, 5, 0, 1, 0, '2020-05-13 10:44:04', 0, '', 0, '62023', 0),
(74, 77, '', '3', '3474788', 0, '2020-04-21 15:04:47', '59009', 1, 5, 0, 1, 0, '2020-04-21 15:05:03', 0, '', 0, '62023', 0),
(75, 77, '', '3', '3474788', 0, '2020-04-21 15:05:25', '62023', 5, 6, 0, 1, 0, '2020-04-21 15:20:57', 1, 'ห้องยา ช่อง 1', 1, '58015', 0),
(76, 77, '', '3', '3474788', 0, '2020-04-21 15:06:04', '58015', 6, 5, 0, 1, 0, '2020-04-21 16:06:14', 0, '', 0, '62023', 0),
(77, 77, '', '3', '3474788', 0, '2020-04-21 15:06:59', '62023', 5, 6, 0, 1, 0, '2020-04-21 15:07:53', 1, 'ห้องยา ช่อง 1', 1, '58015', 0),
(78, 77, '', '3', '3474788', 0, '2020-04-21 15:08:48', '58015', 6, 7, 0, 1, 0, '2020-04-21 15:09:04', 4, 'การเงิน ช่อง 1', 1, '61018', 0),
(79, 77, '', '3', '3474788', 0, '2020-04-21 15:09:23', '61018', 7, 8, 0, 1, 0, '2020-04-21 15:09:44', 0, '', 0, '58015', 0),
(80, 77, '', '3', '3474788', 0, '2020-04-21 15:11:37', '58015', 8, 11, 0, 0, 0, '0000-00-00 00:00:00', 0, '', 0, '', 0),
(81, 77, '', '3', '3474788', 0, '2020-04-21 15:13:07', '58015', 8, 11, 0, 0, 0, '0000-00-00 00:00:00', 0, '', 0, '', 0),
(82, 77, '', '3', '3474788', 0, '2020-04-21 15:13:19', '58015', 8, 11, 0, 0, 0, '0000-00-00 00:00:00', 0, '', 0, '', 0),
(83, 77, '', '3', '3474788', 0, '2020-04-21 15:14:07', '58015', 8, 11, 0, 0, 0, '0000-00-00 00:00:00', 0, '', 0, '', 0),
(84, 77, '', '3', '3474788', 0, '2020-04-21 15:14:28', '58015', 8, 11, 0, 0, 0, '0000-00-00 00:00:00', 0, '', 0, '', 0),
(85, 78, '', '1', '3474788', 0, '2020-04-21 15:24:44', '61018', 0, 10, 0, 0, 0, '2020-05-13 10:15:59', 0, '', 0, '60050', 0),
(86, 79, '', '2', '4378607', 0, '2020-04-21 15:25:25', '61018', 0, 10, 0, 0, 0, '2020-04-21 15:25:40', 0, '', 0, '61018', 0),
(87, 79, '', '2', '4378607', 0, '2020-04-21 15:28:10', '61018', 10, 7, 0, 1, 0, '2020-05-13 10:24:22', 0, '', 0, '58027', 0),
(88, 79, '', '2', '4378607', 0, '2020-04-21 15:29:26', '61018', 10, 20, 0, 1, 0, '2020-04-21 15:29:30', 0, '', 0, '56003', 0),
(89, 79, '', '2', '4378607', 0, '2020-04-21 15:31:57', '61018', 20, 1, 0, 0, 0, '0000-00-00 00:00:00', 0, '', 0, '', 0),
(90, 79, '', '2', '4378607', 0, '2020-04-21 15:33:39', '61018', 20, 9, 0, 1, 0, '2020-05-13 09:51:35', 0, '', 0, '60043', 0),
(91, 67, '', '2', '4568952', 0, '2020-04-21 15:34:05', '59009', 9, 13, 0, 1, 0, '2020-04-21 15:34:34', 0, '', 0, '59009', 0),
(92, 67, '', '2', '4568952', 0, '2020-04-21 15:34:50', '59009', 13, 6, 0, 0, 0, '0000-00-00 00:00:00', 0, '', 0, '', 0),
(93, 67, '', '2', '4568952', 0, '2020-04-21 15:35:21', '59009', 13, 19, 0, 0, 0, '2020-04-21 15:47:34', 0, '', 0, '58015', 0),
(94, 67, '', '2', '4568952', 0, '2020-04-21 15:35:42', '58015', 19, 7, 0, 1, 0, '2020-05-13 10:37:48', 0, '', 0, '58027', 0),
(95, 67, '', '2', '4568952', 0, '2020-04-21 15:36:01', '58015', 19, 20, 0, 1, 0, '2020-04-21 15:36:05', 0, '', 0, '61018', 0),
(96, 67, '', '2', '4568952', 0, '2020-04-21 15:36:29', '61018', 20, 21, 0, 0, 0, '2020-04-21 15:41:09', 0, '', 0, '58015', 0),
(97, 67, '', '2', '4568952', 0, '2020-04-21 15:36:43', '58015', 21, 24, 0, 0, 0, '0000-00-00 00:00:00', 0, '', 0, '', 0),
(98, 67, '', '2', '4568952', 0, '2020-04-21 15:47:00', '58015', 19, 20, 0, 0, 0, '0000-00-00 00:00:00', 0, '', 0, '', 0),
(99, 67, '', '2', '4568952', 0, '2020-04-21 15:48:02', '58015', 19, 20, 0, 0, 0, '0000-00-00 00:00:00', 0, '', 0, '', 0),
(100, 67, '', '2', '4568952', 0, '2020-04-21 15:49:22', '61018', 13, 19, 0, 0, 0, '0000-00-00 00:00:00', 0, '', 0, '', 0),
(101, 76, '', '2', '2399827', 0, '2020-04-21 16:07:02', '62023', 5, 5, 0, 1, 0, '2020-05-13 10:44:06', 0, '', 0, '62023', 0),
(102, 80, '', '1', '1377380', 0, '2020-04-24 11:42:18', '61018', 0, 1, 0, 1, 0, '2020-04-24 11:42:54', 0, '', 0, '61018', 0),
(103, 80, '', '1', '1377380', 0, '2020-04-24 11:43:29', '61018', 1, 2, 0, 1, 0, '2020-05-13 10:27:36', 0, '', 0, '60043', 0),
(104, 80, '', '1', '1377380', 0, '2020-04-24 11:45:14', '61018', 2, 7, 0, 1, 0, '2020-04-26 17:14:46', 5, 'การเงิน ช่อง 2', 2, '61018', 0),
(105, 81, '', '1', '1225636', 0, '2020-04-26 17:09:26', '61018', 0, 1, 0, 0, 0, '0000-00-00 00:00:00', 0, '', 0, '', 0),
(106, 81, '', '1', '1225636', 0, '2020-04-26 17:49:16', '61018', 1, 7, 1, 1, 0, '2020-05-13 10:25:36', 0, '', 0, '58027', 0),
(107, 81, '', '1', '1225636', 0, '2020-04-26 17:51:02', '61018', 1, 8, 1, 0, 0, '0000-00-00 00:00:00', 0, '', 0, '', 0),
(108, 79, '', '2', '4378607', 0, '2020-04-26 17:54:23', '61018', 1, 8, 1, 0, 0, '0000-00-00 00:00:00', 0, '', 0, '', 0),
(109, 81, '', '1', '1225636', 0, '2020-04-26 17:54:51', '61018', 1, 8, 1, 0, 0, '0000-00-00 00:00:00', 0, '', 0, '', 0),
(110, 73, '', '4', '5698563', 0, '2020-04-26 20:02:17', '61018', 1, 8, 0, 0, 0, '0000-00-00 00:00:00', 0, '', 0, '', 0),
(111, 73, '', '4', '5698563', 0, '2020-04-26 20:02:46', '61018', 1, 8, 0, 0, 0, '0000-00-00 00:00:00', 0, '', 0, '', 0),
(112, 70, '', '1', '2589654', 0, '2020-04-26 20:03:47', '61018', 1, 8, 1, 0, 0, '0000-00-00 00:00:00', 0, '', 0, '', 0),
(113, 0, '', '1', '1377380', 0, '2020-05-08 11:56:48', '61018', 0, 1, 0, 0, 0, '0000-00-00 00:00:00', 0, '', 0, '', 0),
(114, 0, '', '1', '1377380', 0, '2020-05-08 11:58:16', '61018', 0, 1, 0, 0, 0, '0000-00-00 00:00:00', 0, '', 0, '', 0),
(115, 0, '', '1', '1377380', 0, '2020-05-08 12:01:39', '61018', 0, 1, 0, 0, 0, '0000-00-00 00:00:00', 0, '', 0, '', 0),
(116, 0, '', '1', '1377380', 0, '2020-05-08 12:03:32', '61018', 0, 1, 0, 0, 0, '0000-00-00 00:00:00', 0, '', 0, '', 0),
(117, 0, '', '1', '1377380', 0, '2020-05-08 12:23:15', '61018', 0, 1, 0, 0, 0, '0000-00-00 00:00:00', 0, '', 0, '', 0),
(118, 0, '', '1', '1377380', 0, '2020-05-08 12:23:27', '61018', 0, 1, 0, 0, 0, '0000-00-00 00:00:00', 0, '', 0, '', 0),
(119, 0, '', '1', '1377380', 0, '2020-05-08 12:25:24', '61018', 0, 1, 0, 0, 0, '0000-00-00 00:00:00', 0, '', 0, '', 0),
(120, 0, '', '1', '1377380', 0, '2020-05-08 12:27:34', '61018', 0, 1, 0, 0, 0, '0000-00-00 00:00:00', 0, '', 0, '', 0),
(121, 0, '', '1', '1377380', 0, '2020-05-08 12:29:07', '61018', 0, 1, 0, 0, 0, '0000-00-00 00:00:00', 0, '', 0, '', 0),
(122, 0, '', '1', '1377380', 0, '2020-05-08 12:30:53', '61018', 0, 1, 0, 0, 0, '0000-00-00 00:00:00', 0, '', 0, '', 0),
(123, 0, '', '1', '1377380', 0, '2020-05-08 12:37:05', '61018', 0, 1, 0, 0, 0, '0000-00-00 00:00:00', 0, '', 0, '', 0),
(124, 0, '', '1', '1377380', 0, '2020-05-08 12:37:42', '61018', 0, 1, 0, 0, 0, '0000-00-00 00:00:00', 0, '', 0, '', 0),
(125, 0, '', '1', '1377380', 0, '2020-05-08 12:39:47', '61018', 0, 1, 0, 0, 0, '0000-00-00 00:00:00', 0, '', 0, '', 0),
(126, 0, '', '1', '1377380', 0, '2020-05-09 15:00:04', '61018', 0, 1, 0, 0, 0, '0000-00-00 00:00:00', 0, '', 0, '', 0),
(127, 0, '', '1', '1377380', 0, '2020-05-09 15:01:44', '61018', 0, 1, 0, 0, 0, '0000-00-00 00:00:00', 0, '', 0, '', 0),
(128, 0, '', '1', '1377380', 0, '2020-05-09 15:04:20', '61018', 0, 1, 0, 0, 0, '0000-00-00 00:00:00', 0, '', 0, '', 0),
(129, 0, '', '1', '1377380', 0, '2020-05-09 15:06:36', '61018', 0, 1, 0, 0, 0, '0000-00-00 00:00:00', 0, '', 0, '', 0),
(130, 0, '', '1', '1377380', 0, '2020-05-09 15:07:00', '61018', 0, 1, 0, 0, 0, '0000-00-00 00:00:00', 0, '', 0, '', 0),
(131, 0, '', '1', '1377380', 0, '2020-05-09 15:07:11', '61018', 0, 1, 0, 0, 0, '0000-00-00 00:00:00', 0, '', 0, '', 0),
(132, 0, '', '1', '1377380', 0, '2020-05-09 15:22:55', '61018', 0, 1, 0, 0, 0, '0000-00-00 00:00:00', 0, '', 0, '', 0),
(133, 0, '', '1', '1377380', 0, '2020-05-09 15:24:07', '61018', 0, 1, 0, 0, 0, '0000-00-00 00:00:00', 0, '', 0, '', 0),
(134, 0, '', '1', '1377380', 0, '2020-05-09 16:26:48', '61018', 0, 1, 0, 0, 0, '0000-00-00 00:00:00', 0, '', 0, '', 0),
(135, 0, '', '1', '1377380', 0, '2020-05-09 16:27:24', '61018', 0, 1, 0, 0, 0, '0000-00-00 00:00:00', 0, '', 0, '', 0),
(136, 0, '', '1', '1377380', 0, '2020-05-09 16:31:04', '61018', 0, 1, 0, 0, 0, '0000-00-00 00:00:00', 0, '', 0, '', 0),
(137, 0, '', '1', '1377380', 0, '2020-05-09 16:31:53', '61018', 0, 1, 0, 0, 0, '0000-00-00 00:00:00', 0, '', 0, '', 0),
(138, 0, '', '1', '1377380', 0, '2020-05-09 16:58:03', '61018', 0, 1, 0, 0, 0, '0000-00-00 00:00:00', 0, '', 0, '', 0),
(139, 0, '', '1', '1377380', 0, '2020-05-09 17:01:45', '61018', 0, 1, 0, 0, 0, '0000-00-00 00:00:00', 0, '', 0, '', 0),
(140, 0, '', '1', '1377380', 0, '2020-05-09 17:43:37', '61018', 0, 1, 0, 0, 0, '0000-00-00 00:00:00', 0, '', 0, '', 0),
(141, 0, '', '1', '1377380', 0, '2020-05-09 17:55:28', '61018', 0, 1, 0, 0, 0, '0000-00-00 00:00:00', 0, '', 0, '', 0),
(142, 0, '', '1', '1377380', 0, '2020-05-09 17:56:20', '61018', 0, 1, 0, 0, 0, '0000-00-00 00:00:00', 0, '', 0, '', 0),
(143, 0, '', '1', '1377380', 0, '2020-05-09 17:56:56', '61018', 0, 1, 0, 0, 0, '0000-00-00 00:00:00', 0, '', 0, '', 0),
(144, 0, '', '1', '1377380', 0, '2020-05-09 17:59:02', '61018', 0, 1, 0, 0, 0, '0000-00-00 00:00:00', 0, '', 0, '', 0),
(145, 0, '', '1', '1377380', 0, '2020-05-09 17:59:24', '61018', 0, 1, 0, 0, 0, '0000-00-00 00:00:00', 0, '', 0, '', 0),
(146, 82, '', '1', '1377380', 0, '2020-05-09 18:01:26', '61018', 0, 1, 0, 0, 0, '0000-00-00 00:00:00', 0, '', 0, '', 0),
(147, 83, '', '2', '1377380', 0, '2020-05-09 18:01:59', '61018', 0, 1, 0, 0, 0, '0000-00-00 00:00:00', 0, '', 0, '', 0),
(148, 84, '', '3', '1377380', 0, '2020-05-09 18:02:13', '61018', 0, 1, 0, 0, 0, '0000-00-00 00:00:00', 0, '', 0, '', 0),
(149, 85, '', '4', '2564859', 0, '2020-05-09 18:59:13', '61018', 0, 1, 0, 0, 0, '0000-00-00 00:00:00', 0, '', 0, '', 0),
(150, 86, '', '5', '4567895', 0, '2020-05-09 19:05:43', '61018', 0, 1, 0, 0, 0, '0000-00-00 00:00:00', 0, '', 0, '', 0),
(151, 87, '', '6', '4567895', 0, '2020-05-09 19:11:58', '61018', 0, 1, 0, 0, 0, '0000-00-00 00:00:00', 0, '', 0, '', 0),
(152, 60, '', '6', '1234567', 0, '2020-05-12 11:43:56', '61018', 1, 2, 1, 0, 0, '0000-00-00 00:00:00', 0, '', 0, '', 0),
(153, 88, '', '1', '1234567', 0, '2020-05-12 11:44:08', '61018', 0, 1, 0, 0, 0, '0000-00-00 00:00:00', 0, '', 0, '', 0),
(154, 88, '', '1', '1234567', 0, '2020-05-12 11:44:48', '61018', 1, 2, 1, 0, 0, '0000-00-00 00:00:00', 0, '', 0, '', 0),
(155, 89, '', '1', '2345781', 0, '2020-05-13 09:45:16', '61018', 0, 9, 0, 1, 0, '2020-05-13 09:52:57', 0, '', 0, '60043', 0),
(156, 90, '', '2', '2545698', 0, '2020-05-13 09:48:22', '61018', 0, 10, 0, 1, 0, '2020-05-13 10:16:10', 0, '', 0, '60050', 0),
(157, 52, '', '7', '123123', 0, '2020-05-13 09:53:16', '61018', 5, 5, 0, 1, 0, '2020-05-13 10:44:07', 0, '', 0, '62023', 0),
(158, 52, '', '7', '123123', 0, '2020-05-13 09:53:33', '61018', 5, 3, 0, 0, 0, '0000-00-00 00:00:00', 0, '', 0, '', 0),
(159, 67, '', '2', '4568952', 0, '2020-05-13 09:53:43', '60043', 9, 17, 0, 1, 0, '2020-05-13 09:54:03', 0, '', 0, '56016', 0),
(160, 67, '', '2', '4568952', 0, '2020-05-13 09:54:33', '56016', 17, 16, 0, 1, 0, '2020-05-13 09:56:59', 0, '', 0, '58027', 0),
(161, 67, '', '2', '4568952', 0, '2020-05-13 09:54:45', '56016', 17, 16, 0, 0, 0, '0000-00-00 00:00:00', 0, '', 0, '', 0),
(162, 89, '', '1', '2345781', 0, '2020-05-13 09:55:30', '60043', 9, 17, 0, 1, 0, '2020-05-13 09:56:59', 0, '', 0, '56016', 0),
(163, 89, '', '1', '2345781', 0, '2020-05-13 09:57:18', '56016', 17, 18, 1, 0, 0, '0000-00-00 00:00:00', 0, '', 0, '', 0),
(164, 91, '', '3', '1547854', 0, '2020-05-13 09:57:55', '61018', 0, 9, 0, 0, 0, '0000-00-00 00:00:00', 0, '', 0, '', 0),
(165, 92, '', '4', '1525698', 0, '2020-05-13 10:02:11', '61018', 0, 9, 0, 0, 0, '0000-00-00 00:00:00', 0, '', 0, '', 0),
(166, 93, '', '1', '2569878', 0, '2020-05-13 10:08:48', '61018', 0, 1, 0, 1, 0, '2020-05-13 11:29:36', 0, '', 0, '61018', 0),
(167, 52, '', '7', '123123', 0, '2020-05-13 10:09:00', '61018', 5, 5, 0, 1, 0, '2020-05-13 10:44:07', 0, '', 0, '62023', 0),
(168, 52, '', '7', '123123', 0, '2020-05-13 10:09:16', '61018', 5, 2, 1, 0, 0, '0000-00-00 00:00:00', 0, '', 0, '', 0),
(169, 52, '', '7', '123123', 0, '2020-05-13 10:10:48', '61018', 5, 2, 1, 0, 0, '0000-00-00 00:00:00', 0, '', 0, '', 0),
(170, 94, '', '5', '2569878', 0, '2020-05-13 10:11:00', '61045', 0, 9, 0, 0, 0, '0000-00-00 00:00:00', 0, '', 0, '', 0),
(171, 95, '', '2', '4569874', 0, '2020-05-13 10:12:05', '61018', 0, 2, 0, 1, 0, '2020-05-13 10:33:49', 0, '', 0, '60043', 0),
(172, 90, '', '2', '2545698', 0, '2020-05-13 10:13:45', '60032', 10, 9, 0, 0, 0, '0000-00-00 00:00:00', 0, '', 0, '', 0),
(173, 95, '', '2', '4569874', 0, '2020-05-13 10:13:48', '58034', 2, 1, 0, 1, 0, '2020-05-13 11:29:37', 0, '', 0, '61018', 0),
(174, 90, '', '2', '2545698', 0, '2020-05-13 10:14:17', '60032', 10, 10, 0, 0, 0, '2020-05-13 10:14:32', 0, '', 0, '60032', 0),
(175, 67, '', '2', '4568952', 0, '2020-05-13 10:15:57', '58007', 6, 7, 0, 1, 0, '2020-05-13 10:37:52', 0, '', 0, '58027', 0),
(176, 78, '', '1', '3474788', 0, '2020-05-13 10:16:55', '60050', 10, 10, 0, 0, 0, '0000-00-00 00:00:00', 0, '', 0, '', 0),
(177, 95, '', '2', '4569874', 0, '2020-05-13 10:19:25', '58007', 1, 1, 0, 1, 0, '2020-05-13 11:29:38', 0, '', 0, '61018', 0),
(178, 95, '', '2', '4569874', 0, '2020-05-13 10:20:17', '58007', 1, 2, 0, 0, 0, '2020-05-13 10:34:13', 0, '', 0, '60043', 0),
(179, 95, '', '2', '4569874', 0, '2020-05-13 10:20:40', '58007', 1, 3, 0, 1, 0, '2020-05-13 10:22:26', 0, '', 0, '61018', 0),
(180, 95, '', '2', '4569874', 0, '2020-05-13 10:23:23', '61018', 3, 5, 0, 1, 0, '2020-05-13 10:44:09', 0, '', 0, '62023', 0),
(181, 79, '', '2', '4378607', 0, '2020-05-13 10:24:41', '58027', 7, 8, 0, 0, 0, '0000-00-00 00:00:00', 0, '', 0, '', 0),
(182, 79, '', '2', '4378607', 0, '2020-05-13 10:25:12', '58027', 7, 8, 0, 1, 0, '2020-05-13 10:49:46', 3, 'ห้องการเงิน ช่อง 6', 6, '58027', 0),
(183, 95, '', '2', '4569874', 0, '2020-05-13 10:25:27', '61018', 5, 6, 0, 1, 0, '2020-05-13 10:36:39', 0, '', 0, '58027', 0),
(184, 81, '', '1', '1225636', 0, '2020-05-13 10:25:51', '58027', 7, 8, 1, 0, 0, '0000-00-00 00:00:00', 0, '', 0, '', 0),
(185, 95, '', '2', '4569874', 0, '2020-05-13 10:26:09', '58007', 6, 7, 0, 1, 0, '2020-05-13 10:35:53', 0, '', 0, '58027', 0),
(186, 84, '', '3', '1377380', 0, '2020-05-13 10:26:32', '60043', 2, 1, 0, 1, 0, '2020-05-13 11:29:39', 0, '', 0, '61018', 0),
(187, 95, '', '2', '4569874', 0, '2020-05-13 10:26:57', '58007', 6, 4, 0, 1, 0, '2020-05-13 10:27:56', 0, '', 0, '61018', 0),
(188, 84, '', '3', '1377380', 0, '2020-05-13 10:27:48', '60043', 2, 1, 0, 1, 0, '2020-05-13 11:29:40', 0, '', 0, '61018', 0),
(189, 95, '', '2', '4569874', 0, '2020-05-13 10:28:40', '61018', 4, 8, 0, 0, 0, '0000-00-00 00:00:00', 0, '', 0, '', 0),
(190, 81, '', '1', '1225636', 0, '2020-05-13 10:30:41', '58027', 7, 1, 1, 1, 0, '2020-05-13 11:29:41', 0, '', 0, '61018', 0),
(191, 81, '', '1', '1225636', 0, '2020-05-13 10:30:55', '58027', 7, 6, 1, 0, 0, '0000-00-00 00:00:00', 0, '', 0, '', 0),
(192, 95, '', '2', '4569874', 0, '2020-05-13 10:32:38', '58027', 7, 6, 1, 1, 0, '2020-05-13 10:38:12', 0, '', 0, '61018', 0),
(193, 95, '', '2', '4569874', 0, '2020-05-13 10:33:14', '58027', 7, 6, 1, 1, 0, '2020-05-13 10:38:49', 0, '', 0, '61018', 0),
(194, 95, '', '2', '4569874', 0, '2020-05-13 10:34:08', '58027', 7, 6, 1, 1, 0, '2020-05-13 10:39:57', 0, '', 0, '61018', 0),
(195, 95, '', '2', '4569874', 0, '2020-05-13 10:36:12', '58027', 7, 6, 1, 1, 0, '2020-05-13 10:40:00', 0, '', 0, '61018', 0),
(196, 95, '', '2', '4569874', 0, '2020-05-13 10:37:08', '60043', 2, 1, 0, 1, 0, '2020-05-13 11:29:42', 0, '', 0, '61018', 0),
(197, 81, '', '1', '1225636', 0, '2020-05-13 10:37:40', '58007', 6, 7, 0, 0, 0, '0000-00-00 00:00:00', 0, '', 0, '', 0),
(198, 95, '', '2', '4569874', 0, '2020-05-13 10:38:25', '61018', 6, 7, 1, 1, 0, '2020-05-13 10:38:27', 0, '', 0, '58027', 0),
(199, 95, '', '2', '4569874', 0, '2020-05-13 10:38:25', '58007', 6, 7, 1, 1, 0, '2020-05-13 10:38:29', 0, '', 0, '58027', 0),
(200, 95, '', '2', '4569874', 0, '2020-05-13 10:38:46', '61018', 6, 7, 0, 0, 0, '0000-00-00 00:00:00', 0, '', 0, '', 0),
(201, 95, '', '2', '4569874', 0, '2020-05-13 10:38:56', '58027', 7, 8, 0, 1, 0, '2020-05-13 11:03:29', 1, 'ห้องการเงิน ช่อง 4', 4, '56016', 0),
(202, 95, '', '2', '4569874', 0, '2020-05-13 10:39:06', '61018', 6, 7, 1, 0, 0, '0000-00-00 00:00:00', 0, '', 0, '', 0),
(203, 79, '', '2', '4378607', 0, '2020-05-13 10:50:01', '58027', 8, 11, 0, 0, 0, '0000-00-00 00:00:00', 0, '', 0, '', 0),
(204, 96, '', '3', '1234569', 0, '2020-05-13 11:07:29', '61018', 0, 1, 0, 1, 0, '2020-05-13 11:29:43', 0, '', 0, '61018', 0),
(205, 97, '', '4', '4521689', 0, '2020-05-13 11:12:14', '61018', 0, 1, 0, 1, 0, '2020-05-13 11:13:28', 0, '', 0, '61018', 0),
(206, 97, '', '4', '4521689', 0, '2020-05-13 11:13:43', '61018', 1, 2, 0, 0, 0, '0000-00-00 00:00:00', 0, '', 0, '', 0),
(207, 95, '', '2', '4569874', 0, '2020-05-13 11:14:29', '60043', 2, 3, 0, 0, 0, '0000-00-00 00:00:00', 0, '', 0, '', 0),
(208, 98, '', '1', '1236547', 0, '2020-05-14 09:20:59', '61018', 0, 9, 0, 1, 0, '2020-05-14 09:31:34', 0, '', 0, '59047', 0),
(209, 98, '', '1', '1236547', 0, '2020-05-14 09:34:01', '59047', 9, 10, 0, 0, 0, '0000-00-00 00:00:00', 0, '', 0, '', 0),
(210, 98, '', '1', '1236547', 0, '2020-05-14 09:34:09', '61055', 9, 10, 0, 0, 0, '0000-00-00 00:00:00', 0, '', 0, '', 0),
(211, 98, '', '1', '1236547', 0, '2020-05-14 09:34:13', '60030', 9, 10, 0, 0, 0, '0000-00-00 00:00:00', 0, '', 0, '', 0),
(212, 98, '', '1', '1236547', 0, '2020-05-14 09:34:55', '58007', 9, 10, 0, 0, 0, '0000-00-00 00:00:00', 0, '', 0, '', 0),
(213, 98, '', '1', '1236547', 0, '2020-05-14 09:35:23', '61039', 9, 10, 0, 0, 0, '0000-00-00 00:00:00', 0, '', 0, '', 0),
(214, 98, '', '1', '1236547', 0, '2020-05-14 09:35:31', '58019', 9, 17, 0, 1, 0, '2020-05-14 09:47:51', 0, '', 0, '56003', 0),
(215, 98, '', '1', '1236547', 0, '2020-05-14 09:44:18', '59047', 10, 16, 1, 0, 0, '0000-00-00 00:00:00', 0, '', 0, '', 0),
(216, 98, '', '1', '1236547', 0, '2020-05-14 09:48:41', '56003', 17, 19, 0, 0, 0, '0000-00-00 00:00:00', 0, '', 0, '', 0),
(217, 99, '', '2', '1234568', 0, '2020-05-14 09:50:36', '61018', 0, 9, 0, 0, 0, '0000-00-00 00:00:00', 0, '', 0, '', 0),
(218, 100, '', '1', '1234567', 0, '2020-05-14 09:56:10', '61018', 0, 6, 0, 0, 0, '0000-00-00 00:00:00', 0, '', 0, '', 0),
(219, 101, '', '3', '123456', 0, '2020-05-14 10:08:28', '61018', 0, 9, 0, 1, 0, '2020-05-14 10:15:52', 0, '', 0, '60044', 0),
(220, 101, '', '3', '123456', 0, '2020-05-14 10:16:44', '60044', 9, 17, 0, 1, 0, '2020-05-14 10:17:40', 0, '', 0, '61018', 0),
(221, 101, '', '3', '123456', 0, '2020-05-14 10:19:24', '61018', 17, 10, 0, 0, 0, '0000-00-00 00:00:00', 0, '', 0, '', 0),
(222, 101, '', '3', '123456', 0, '2020-05-14 10:20:48', '60030', 10, 16, 0, 0, 0, '0000-00-00 00:00:00', 0, '', 0, '', 0),
(223, 101, '', '3', '123456', 0, '2020-05-14 10:22:00', '60030', 16, 17, 0, 1, 0, '2020-05-14 10:22:16', 0, '', 0, '61018', 0),
(224, 101, '', '3', '123456', 0, '2020-05-14 10:22:52', '61018', 17, 18, 0, 0, 0, '0000-00-00 00:00:00', 0, '', 0, '', 0),
(225, 102, '', '2', '123456', 0, '2020-05-14 10:28:12', '61018', 0, 2, 0, 1, 0, '2020-05-14 10:31:14', 0, '', 0, '61055', 0),
(226, 102, '', '2', '123456', 0, '2020-05-14 10:31:51', '61055', 2, 3, 0, 1, 0, '2020-05-14 10:32:13', 0, '', 0, '58019', 0),
(227, 102, '', '2', '123456', 0, '2020-05-14 10:32:43', '58019', 3, 5, 0, 0, 0, '0000-00-00 00:00:00', 0, '', 0, '', 0),
(228, 102, '', '2', '123456', 0, '2020-05-14 10:34:33', '59009', 5, 6, 0, 0, 0, '0000-00-00 00:00:00', 0, '', 0, '', 0),
(229, 102, '', '2', '123456', 0, '2020-05-14 10:35:15', '59009', 6, 26, 0, 0, 0, '0000-00-00 00:00:00', 0, '', 0, '', 0),
(230, 123, 'A', '20', '1111111', 0, '2020-07-07 19:58:54', '61018', 0, 9, 0, 1, 0, '2020-07-07 20:26:06', 0, '', 0, '61018', 0),
(231, 125, 'A', '22', '1111111', 0, '2020-07-07 20:02:54', '61018', 0, 9, 0, 1, 0, '2020-07-07 21:23:28', 0, '', 0, '61018', 0),
(232, 126, 'A', '23', '1111111', 0, '2020-07-07 20:03:11', '61018', 0, 9, 0, 0, 0, '0000-00-00 00:00:00', 0, '', 0, '', 0),
(233, 126, 'A', '23', '1111111', 0, '2020-07-07 20:03:11', '61018', 0, 9, 0, 0, 0, '0000-00-00 00:00:00', 0, '', 0, '', 0),
(234, 127, 'B', '24', '2222222', 0, '2020-07-07 20:04:16', '61018', 0, 9, 0, 0, 0, '0000-00-00 00:00:00', 0, '', 0, '', 0),
(235, 128, 'A', '25', '1212121', 0, '2020-07-07 23:31:43', '61018', 0, 9, 0, 0, 0, '0000-00-00 00:00:00', 0, '', 0, '', 0),
(236, 129, 'A', '26', '1212123', 0, '2020-07-07 23:32:20', '61018', 0, 9, 0, 0, 0, '0000-00-00 00:00:00', 0, '', 0, '', 0),
(237, 130, 'A', '27', '123454566', 0, '2020-07-07 23:33:48', '61018', 0, 9, 0, 0, 0, '0000-00-00 00:00:00', 0, '', 0, '', 0),
(238, 131, 'A', '28', '2222333', 0, '2020-07-07 23:35:48', '61018', 0, 9, 0, 0, 0, '0000-00-00 00:00:00', 0, '', 0, '', 0),
(239, 131, 'A', '28', '2222333', 0, '2020-07-07 23:36:11', '61018', 9, 17, 0, 0, 0, '0000-00-00 00:00:00', 0, '', 0, '', 0),
(240, 132, 'A', '1', '569875', 0, '2020-07-08 09:17:11', '61018', 0, 9, 0, 1, 0, '2020-07-08 10:00:55', 0, '', 0, '61018', 0),
(241, 133, 'A', '2', '12344', 0, '2020-07-08 09:28:14', '61018', 0, 9, 0, 1, 0, '2020-07-08 10:00:56', 0, '', 0, '61018', 0),
(242, 134, 'A', '3', '23456', 0, '2020-07-08 09:29:07', '61018', 0, 9, 0, 1, 0, '2020-07-08 10:42:57', 0, '', 0, '61018', 0),
(243, 135, 'A', '4', '123', 0, '2020-07-08 09:29:38', '61018', 0, 9, 0, 0, 0, '0000-00-00 00:00:00', 0, '', 0, '', 0),
(244, 136, 'A', '5', '1234', 0, '2020-07-08 09:36:45', '61018', 0, 9, 0, 0, 0, '0000-00-00 00:00:00', 0, '', 0, '', 0),
(245, 137, 'A', '6', '123456', 0, '2020-07-08 09:43:57', '61018', 0, 9, 0, 0, 0, '0000-00-00 00:00:00', 0, '', 0, '', 0),
(246, 138, 'A', '7', '33333', 0, '2020-07-08 09:44:47', '61018', 0, 9, 0, 0, 0, '0000-00-00 00:00:00', 0, '', 0, '', 0),
(247, 139, 'A', '8', '76777777', 0, '2020-07-08 09:46:50', '61018', 0, 9, 0, 0, 0, '0000-00-00 00:00:00', 0, '', 0, '', 0),
(248, 140, 'A', '9', '7778889', 0, '2020-07-08 09:53:16', '61018', 0, 9, 0, 0, 0, '0000-00-00 00:00:00', 0, '', 0, '', 0),
(249, 141, 'A', '10', '55767', 0, '2020-07-08 09:57:21', '61018', 0, 9, 0, 0, 0, '0000-00-00 00:00:00', 0, '', 0, '', 0),
(250, 142, 'A', '11', '23425', 0, '2020-07-08 09:58:17', '61018', 0, 9, 0, 0, 0, '0000-00-00 00:00:00', 0, '', 0, '', 0),
(251, 133, 'A', '2', '12344', 0, '2020-07-08 10:12:59', '61018', 9, 17, 0, 0, 0, '0000-00-00 00:00:00', 0, '', 0, '', 0),
(252, 134, 'A', '3', '23456', 0, '2020-07-08 10:43:07', '61018', 9, 17, 0, 0, 0, '0000-00-00 00:00:00', 0, '', 0, '', 0),
(253, 143, 'C', '12', '12345679', 0, '2020-07-08 11:22:22', '61018', 0, 9, 0, 1, 0, '2020-07-08 11:22:30', 0, '', 0, '61018', 0),
(254, 144, 'A', '1', '1234567', 0, '2020-07-13 09:56:59', '61018', 0, 9, 0, 1, 0, '2020-07-13 10:31:37', 0, '', 0, '59045', 0),
(255, 145, 'A', '2', '2345678', 0, '2020-07-13 09:59:28', '61018', 0, 9, 0, 1, 0, '2020-07-13 10:07:46', 0, '', 0, '61018', 0),
(256, 146, 'A', '3', '2345432', 0, '2020-07-13 10:14:13', '60046', 0, 9, 0, 1, 0, '2020-07-13 10:31:25', 0, '', 0, '59045', 0),
(257, 147, 'A', '4', '1234567', 0, '2020-07-13 10:25:08', '61018', 0, 9, 0, 1, 0, '2020-07-13 10:29:02', 0, '', 0, '59045', 0),
(258, 147, 'A', '4', '1234567', 0, '2020-07-13 10:30:58', '59045', 9, 17, 0, 1, 0, '2020-07-13 10:31:12', 0, '', 0, '58044', 0),
(259, 145, 'A', '2', '2345678', 0, '2020-07-13 10:31:14', '59045', 9, 17, 0, 1, 0, '2020-07-13 10:31:43', 0, '', 0, '58044', 0),
(260, 147, 'A', '4', '1234567', 0, '2020-07-13 10:31:29', '58044', 17, 10, 0, 1, 0, '2020-07-13 10:37:34', 0, '', 0, '58007', 0),
(261, 145, 'A', '2', '2345678', 0, '2020-07-13 10:31:56', '58044', 17, 27, 0, 0, 0, '0000-00-00 00:00:00', 0, '', 0, '', 0),
(262, 147, 'A', '4', '1234567', 0, '2020-07-13 10:38:10', '58007', 10, 12, 0, 1, 0, '2020-07-13 10:40:44', 0, '', 0, '61018', 0),
(263, 147, 'A', '4', '1234567', 0, '2020-07-13 10:40:55', '61018', 12, 16, 0, 1, 0, '2020-07-13 10:47:03', 0, '', 0, '58015', 0),
(264, 148, 'A', '5', '1234568', 0, '2020-07-13 10:42:30', '61018', 0, 9, 0, 1, 0, '2020-07-13 10:52:02', 0, '', 0, '59045', 0),
(265, 147, 'A', '4', '1234567', 0, '2020-07-13 10:42:49', '58015', 16, 17, 0, 1, 0, '2020-07-13 10:42:59', 0, '', 0, '58044', 0),
(266, 149, 'A', '6', '1234569', 0, '2020-07-13 10:43:01', '61018', 0, 12, 0, 1, 0, '2020-07-13 10:53:39', 0, '', 0, '61018', 0),
(267, 147, 'A', '4', '1234567', 0, '2020-07-13 10:43:09', '58044', 17, 18, 0, 1, 0, '2020-07-13 10:43:37', 0, '', 0, '58016', 0),
(268, 150, 'A', '7', '1234560', 0, '2020-07-13 10:43:41', '61018', 0, 17, 0, 1, 0, '2020-07-13 10:53:03', 0, '', 0, '58044', 0),
(269, 147, 'A', '4', '1234567', 0, '2020-07-13 10:43:52', '58016', 18, 27, 0, 0, 0, '0000-00-00 00:00:00', 0, '', 0, '', 0),
(270, 114, '', '1', '', 0, '2020-07-13 10:43:52', '58016', 18, 0, 0, 0, 0, '0000-00-00 00:00:00', 0, '', 0, '', 0),
(271, 114, '', '1', '', 0, '2020-07-13 10:43:53', '58016', 18, 0, 0, 0, 0, '0000-00-00 00:00:00', 0, '', 0, '', 0),
(272, 151, 'A', '8', '1234561', 0, '2020-07-13 10:43:54', '61018', 0, 9, 0, 1, 0, '2020-07-13 10:52:04', 0, '', 0, '59045', 0),
(273, 147, 'A', '4', '1234567', 0, '2020-07-13 10:44:18', '58015', 16, 0, 0, 0, 0, '0000-00-00 00:00:00', 0, '', 0, '', 0),
(274, 147, 'A', '4', '1234567', 0, '2020-07-13 10:44:29', '58015', 16, 0, 0, 0, 0, '0000-00-00 00:00:00', 0, '', 0, '', 0),
(275, 147, 'A', '4', '1234567', 0, '2020-07-13 10:44:44', '58015', 16, 0, 0, 0, 0, '0000-00-00 00:00:00', 0, '', 0, '', 0),
(276, 152, 'A', '9', '123453', 0, '2020-07-13 10:45:47', '61018', 0, 12, 0, 1, 0, '2020-07-13 10:57:01', 0, '', 0, '61018', 0),
(277, 147, 'A', '4', '1234567', 0, '2020-07-13 10:46:43', '58015', 16, 0, 0, 0, 0, '0000-00-00 00:00:00', 0, '', 0, '', 0),
(278, 147, 'A', '4', '1234567', 0, '2020-07-13 10:47:17', '58015', 16, 0, 0, 0, 0, '0000-00-00 00:00:00', 0, '', 0, '', 0),
(279, 147, 'A', '4', '1234567', 0, '2020-07-13 10:47:26', '58015', 16, 0, 0, 0, 0, '0000-00-00 00:00:00', 0, '', 0, '', 0),
(280, 147, 'A', '4', '1234567', 0, '2020-07-13 10:48:04', '58015', 16, 0, 0, 0, 0, '0000-00-00 00:00:00', 0, '', 0, '', 0),
(281, 147, 'A', '4', '1234567', 0, '2020-07-13 10:48:12', '58015', 16, 0, 0, 0, 0, '0000-00-00 00:00:00', 0, '', 0, '', 0),
(282, 147, 'A', '4', '1234567', 0, '2020-07-13 10:48:24', '58015', 16, 0, 0, 0, 0, '0000-00-00 00:00:00', 0, '', 0, '', 0),
(283, 147, 'A', '4', '1234567', 0, '2020-07-13 10:48:54', '58015', 16, 0, 0, 0, 0, '0000-00-00 00:00:00', 0, '', 0, '', 0),
(284, 153, 'B', '10', '1234321', 0, '2020-07-13 10:50:32', '60046', 0, 12, 0, 1, 0, '2020-07-13 11:00:39', 0, '', 0, '61018', 0),
(285, 147, 'A', '4', '1234567', 0, '2020-07-13 10:51:07', '58015', 16, 0, 0, 0, 0, '0000-00-00 00:00:00', 0, '', 0, '', 0),
(286, 145, 'A', '2', '2345678', 0, '2020-07-13 10:52:13', '59045', 9, 0, 0, 0, 0, '0000-00-00 00:00:00', 0, '', 0, '', 0),
(287, 148, 'A', '5', '1234568', 0, '2020-07-13 10:52:23', '59045', 9, 17, 0, 1, 0, '2020-07-13 10:53:36', 0, '', 0, '58044', 0),
(288, 151, 'A', '8', '1234561', 0, '2020-07-13 10:52:51', '59045', 9, 17, 0, 1, 0, '2020-07-13 10:53:57', 0, '', 0, '58044', 0),
(289, 147, 'A', '4', '1234567', 0, '2020-07-13 10:53:03', '59045', 9, 0, 0, 0, 0, '0000-00-00 00:00:00', 0, '', 0, '', 0),
(290, 150, 'A', '7', '1234560', 0, '2020-07-13 10:53:11', '58044', 17, 10, 0, 1, 0, '2020-07-13 10:54:02', 0, '', 0, '60005', 0),
(291, 147, 'A', '4', '1234567', 0, '2020-07-13 10:53:25', '59045', 9, 0, 0, 0, 0, '0000-00-00 00:00:00', 0, '', 0, '', 0),
(292, 147, 'A', '4', '1234567', 0, '2020-07-13 10:53:29', '59045', 9, 0, 0, 0, 0, '0000-00-00 00:00:00', 0, '', 0, '', 0),
(293, 147, 'A', '4', '1234567', 0, '2020-07-13 10:53:33', '59045', 9, 0, 0, 0, 0, '0000-00-00 00:00:00', 0, '', 0, '', 0),
(294, 148, 'A', '5', '1234568', 0, '2020-07-13 10:53:40', '58044', 17, 27, 0, 0, 0, '0000-00-00 00:00:00', 0, '', 0, '', 0),
(295, 149, 'A', '6', '1234569', 0, '2020-07-13 10:53:48', '61018', 12, 9, 0, 1, 0, '2020-07-13 10:56:38', 0, '', 0, '59045', 0),
(296, 151, 'A', '8', '1234561', 0, '2020-07-13 10:54:04', '58044', 17, 27, 0, 0, 0, '0000-00-00 00:00:00', 0, '', 0, '', 0),
(297, 150, 'A', '7', '1234560', 0, '2020-07-13 10:54:15', '60005', 10, 12, 0, 1, 0, '2020-07-13 11:03:28', 0, '', 0, '61018', 0),
(298, 147, 'A', '4', '1234567', 0, '2020-07-13 10:56:11', '58044', 17, 0, 0, 0, 0, '0000-00-00 00:00:00', 0, '', 0, '', 0),
(299, 149, 'A', '6', '1234569', 0, '2020-07-13 10:56:46', '59045', 9, 17, 0, 1, 0, '2020-07-13 10:56:53', 0, '', 0, '58044', 0),
(300, 149, 'A', '6', '1234569', 0, '2020-07-13 10:57:01', '58044', 17, 10, 0, 1, 0, '2020-07-13 10:58:59', 0, '', 0, '60005', 0),
(301, 152, 'A', '9', '123453', 0, '2020-07-13 10:57:10', '61018', 12, 16, 0, 1, 0, '2020-07-13 10:58:24', 0, '', 0, '58015', 0),
(302, 152, 'A', '9', '123453', 0, '2020-07-13 10:58:33', '58015', 16, 17, 0, 1, 0, '2020-07-13 10:59:33', 0, '', 0, '58044', 0),
(303, 152, 'A', '9', '123453', 0, '2020-07-13 10:59:39', '58044', 17, 27, 0, 0, 0, '0000-00-00 00:00:00', 0, '', 0, '', 0),
(304, 149, 'A', '6', '1234569', 0, '2020-07-13 10:59:44', '59045', 9, 12, 0, 1, 0, '2020-07-13 11:03:33', 0, '', 0, '61018', 0),
(305, 149, 'A', '6', '1234569', 0, '2020-07-13 11:00:38', '60005', 10, 16, 0, 1, 0, '2020-07-13 11:01:02', 0, '', 0, '58015', 0),
(306, 153, 'B', '10', '1234321', 0, '2020-07-13 11:00:43', '61018', 12, 9, 0, 1, 0, '2020-07-13 11:01:44', 0, '', 0, '59045', 0),
(307, 153, 'B', '10', '1234321', 0, '2020-07-13 11:01:51', '59045', 9, 17, 0, 1, 0, '2020-07-13 11:02:19', 0, '', 0, '58044', 0),
(308, 149, 'A', '6', '1234569', 0, '2020-07-13 11:01:58', '58015', 16, 17, 0, 1, 0, '2020-07-13 11:03:06', 0, '', 0, '58044', 0),
(309, 153, 'B', '10', '1234321', 0, '2020-07-13 11:02:24', '58044', 17, 27, 0, 0, 0, '0000-00-00 00:00:00', 0, '', 0, '', 0),
(310, 154, 'A', '11', '2345566', 0, '2020-07-13 11:03:04', '60046', 0, 9, 0, 1, 0, '2020-07-13 11:03:34', 0, '', 0, '59045', 0),
(311, 149, 'A', '6', '1234569', 0, '2020-07-13 11:03:11', '58044', 17, 18, 0, 0, 0, '0000-00-00 00:00:00', 0, '', 0, '', 0),
(312, 149, 'A', '6', '1234569', 0, '2020-07-13 11:03:32', '61018', 12, 27, 0, 0, 0, '0000-00-00 00:00:00', 0, '', 0, '', 0),
(313, 149, 'A', '6', '1234569', 0, '2020-07-13 11:03:38', '61018', 12, 0, 0, 0, 0, '0000-00-00 00:00:00', 0, '', 0, '', 0),
(314, 149, 'A', '6', '1234569', 0, '2020-07-13 11:03:41', '61018', 12, 0, 0, 0, 0, '0000-00-00 00:00:00', 0, '', 0, '', 0),
(315, 149, 'A', '6', '1234569', 0, '2020-07-13 11:04:18', '61018', 12, 0, 0, 0, 0, '0000-00-00 00:00:00', 0, '', 0, '', 0),
(316, 150, 'A', '7', '1234560', 0, '2020-07-13 11:04:43', '61018', 12, 16, 0, 1, 0, '2020-07-13 11:09:31', 0, '', 0, '58015', 0),
(317, 153, 'B', '10', '1234321', 0, '2020-07-13 11:04:54', '61018', 12, 0, 0, 0, 0, '0000-00-00 00:00:00', 0, '', 0, '', 0),
(318, 152, 'A', '9', '123453', 0, '2020-07-13 11:05:01', '61018', 12, 0, 0, 0, 0, '0000-00-00 00:00:00', 0, '', 0, '', 0),
(319, 155, 'A', '12', '234567', 0, '2020-07-13 11:05:36', '60046', 0, 9, 0, 1, 0, '2020-07-13 11:09:00', 0, '', 0, '59045', 0),
(320, 156, 'A', '13', '234567', 0, '2020-07-13 11:06:47', '60046', 0, 13, 0, 1, 0, '2020-07-13 11:16:54', 0, '', 0, '59045', 0),
(321, 157, 'A', '14', '234512', 0, '2020-07-13 11:09:00', '60046', 0, 10, 0, 1, 0, '2020-07-13 11:17:30', 0, '', 0, '60005', 0),
(322, 150, 'A', '7', '1234560', 0, '2020-07-13 11:09:19', '58015', 16, 17, 0, 1, 0, '2020-07-13 11:11:40', 0, '', 0, '58044', 0),
(323, 150, 'A', '7', '1234560', 0, '2020-07-13 11:09:29', '58015', 16, 18, 0, 0, 0, '0000-00-00 00:00:00', 0, '', 0, '', 0),
(324, 156, 'A', '13', '234567', 0, '2020-07-13 11:09:44', '59045', 9, 9, 0, 1, 0, '2020-07-13 11:13:18', 0, '', 0, '59045', 0),
(325, 158, 'B', '15', '55555', 0, '2020-07-13 11:10:07', '60046', 0, 12, 0, 1, 0, '2020-07-13 11:13:24', 0, '', 0, '61018', 0),
(326, 159, 'A', '16', '988876', 0, '2020-07-13 11:10:59', '60046', 0, 19, 0, 1, 0, '2020-07-13 11:13:23', 0, '', 0, '58015', 0),
(327, 156, 'A', '13', '234567', 0, '2020-07-13 11:11:14', '59045', 9, 9, 0, 1, 0, '2020-07-13 11:13:16', 0, '', 0, '59045', 0),
(328, 156, 'A', '13', '234567', 0, '2020-07-13 11:11:24', '59045', 9, 9, 0, 1, 0, '2020-07-13 11:13:20', 0, '', 0, '59045', 0),
(329, 150, 'A', '7', '1234560', 0, '2020-07-13 11:11:47', '58044', 17, 27, 0, 0, 0, '0000-00-00 00:00:00', 0, '', 0, '', 0),
(330, 160, 'C', '17', '7654444', 0, '2020-07-13 11:11:52', '60046', 0, 12, 0, 1, 0, '2020-07-13 11:14:02', 0, '', 0, '61018', 0),
(331, 156, 'A', '13', '234567', 0, '2020-07-13 11:11:59', '59045', 9, 9, 0, 1, 0, '2020-07-13 11:13:22', 0, '', 0, '59045', 0),
(332, 159, 'A', '16', '988876', 0, '2020-07-13 11:13:29', '58015', 19, 17, 0, 1, 0, '2020-07-13 11:13:40', 0, '', 0, '58044', 0),
(333, 158, 'B', '15', '55555', 0, '2020-07-13 11:13:36', '61018', 12, 9, 0, 1, 0, '2020-07-13 11:15:41', 0, '', 0, '59045', 0),
(334, 156, 'A', '13', '234567', 0, '2020-07-13 11:13:45', '59045', 9, 17, 0, 1, 0, '2020-07-13 11:18:04', 0, '', 0, '58044', 0),
(335, 159, 'A', '16', '988876', 0, '2020-07-13 11:13:49', '58044', 17, 27, 0, 0, 0, '0000-00-00 00:00:00', 0, '', 0, '', 0),
(336, 156, 'A', '13', '234567', 0, '2020-07-13 11:13:51', '59045', 9, 27, 0, 0, 0, '0000-00-00 00:00:00', 0, '', 0, '', 0),
(337, 160, 'C', '17', '7654444', 0, '2020-07-13 11:14:08', '61018', 12, 16, 0, 1, 0, '2020-07-13 11:15:00', 0, '', 0, '58015', 0),
(338, 156, 'A', '13', '234567', 0, '2020-07-13 11:14:47', '59045', 9, 0, 0, 0, 0, '0000-00-00 00:00:00', 0, '', 0, '', 0),
(339, 160, 'C', '17', '7654444', 0, '2020-07-13 11:15:06', '58015', 16, 17, 0, 1, 0, '2020-07-13 11:17:02', 0, '', 0, '58044', 0),
(340, 158, 'B', '15', '55555', 0, '2020-07-13 11:15:49', '59045', 9, 17, 0, 1, 0, '2020-07-13 11:17:27', 0, '', 0, '58044', 0),
(341, 156, 'A', '13', '234567', 0, '2020-07-13 11:16:58', '59045', 13, 0, 0, 0, 0, '0000-00-00 00:00:00', 0, '', 0, '', 0),
(342, 156, 'A', '13', '234567', 0, '2020-07-13 11:17:03', '59045', 13, 0, 0, 0, 0, '0000-00-00 00:00:00', 0, '', 0, '', 0),
(343, 160, 'C', '17', '7654444', 0, '2020-07-13 11:17:11', '58044', 17, 18, 0, 1, 0, '2020-07-13 11:18:01', 0, '', 0, '58016', 0),
(344, 156, 'A', '13', '234567', 0, '2020-07-13 11:17:16', '59045', 13, 0, 0, 0, 0, '0000-00-00 00:00:00', 0, '', 0, '', 0),
(345, 158, 'B', '15', '55555', 0, '2020-07-13 11:17:34', '58044', 17, 10, 0, 1, 0, '2020-07-13 11:19:26', 0, '', 0, '60005', 0),
(346, 156, 'A', '13', '234567', 0, '2020-07-13 11:17:36', '59045', 13, 0, 0, 0, 0, '0000-00-00 00:00:00', 0, '', 0, '', 0),
(347, 114, '', '1', '', 0, '2020-07-13 11:17:37', '59045', 13, 0, 0, 0, 0, '0000-00-00 00:00:00', 0, '', 0, '', 0),
(348, 157, 'A', '14', '234512', 0, '2020-07-13 11:17:51', '60005', 10, 12, 0, 1, 0, '2020-07-13 11:18:13', 0, '', 0, '61018', 0),
(349, 156, 'A', '13', '234567', 0, '2020-07-13 11:18:10', '58044', 17, 0, 0, 0, 0, '0000-00-00 00:00:00', 0, '', 0, '', 0),
(350, 160, 'C', '17', '7654444', 0, '2020-07-13 11:18:13', '58016', 18, 27, 0, 0, 0, '0000-00-00 00:00:00', 0, '', 0, '', 0),
(351, 157, 'A', '14', '234512', 0, '2020-07-13 11:18:21', '61018', 12, 16, 0, 1, 0, '2020-07-13 11:18:33', 0, '', 0, '58015', 0),
(352, 156, 'A', '13', '234567', 0, '2020-07-13 11:18:25', '59045', 13, 0, 0, 0, 0, '0000-00-00 00:00:00', 0, '', 0, '', 0),
(353, 157, 'A', '14', '234512', 0, '2020-07-13 11:18:43', '58015', 16, 17, 0, 1, 0, '2020-07-13 11:18:52', 0, '', 0, '58044', 0),
(354, 157, 'A', '14', '234512', 0, '2020-07-13 11:18:56', '58044', 17, 18, 0, 1, 0, '2020-07-13 11:19:37', 0, '', 0, '58016', 0),
(355, 158, 'B', '15', '55555', 0, '2020-07-13 11:19:36', '60005', 10, 12, 0, 1, 0, '2020-07-13 11:19:51', 0, '', 0, '61018', 0),
(356, 158, 'B', '15', '55555', 0, '2020-07-13 11:19:56', '61018', 12, 16, 0, 1, 0, '2020-07-13 11:20:12', 0, '', 0, '58015', 0),
(357, 158, 'B', '15', '55555', 0, '2020-07-13 11:20:14', '58015', 16, 17, 0, 1, 0, '2020-07-13 11:20:18', 0, '', 0, '58044', 0),
(358, 157, 'A', '14', '234512', 0, '2020-07-13 11:20:18', '58016', 18, 27, 0, 0, 0, '0000-00-00 00:00:00', 0, '', 0, '', 0),
(359, 158, 'B', '15', '55555', 0, '2020-07-13 11:20:23', '58044', 17, 18, 0, 1, 0, '2020-07-13 11:20:43', 0, '', 0, '58016', 0),
(360, 158, 'B', '15', '55555', 0, '2020-07-13 11:20:54', '58016', 18, 27, 0, 0, 0, '0000-00-00 00:00:00', 0, '', 0, '', 0),
(361, 158, 'B', '15', '55555', 0, '2020-07-13 11:22:46', '58015', 16, 12, 0, 0, 0, '0000-00-00 00:00:00', 0, '', 0, '', 0),
(362, 161, 'C', '18', '3333444', 0, '2020-07-13 11:30:58', '61018', 0, 9, 0, 0, 0, '0000-00-00 00:00:00', 0, '', 0, '', 0),
(363, 162, 'A', '1', '1234567', 0, '2020-07-30 15:52:44', '61018', 0, 9, 0, 1, 0, '2020-07-30 16:07:00', 0, '', 0, '61018', 0),
(364, 163, 'A', '2', '1234568', 0, '2020-07-30 15:56:56', '61018', 0, 9, 0, 1, 0, '2020-07-30 17:04:17', 0, '', 0, '61018', 0),
(373, 169, 'A', '1', '1234567', 0, '2020-07-31 15:44:29', '61018', 0, 9, 0, 1, 1, '2020-07-31 15:46:05', 0, '', 0, '61018', 0),
(374, 169, 'A', '1', '1234567', 0, '2020-07-31 15:48:48', '61018', 9, 17, 0, 1, 1, '2020-07-31 15:49:42', 0, '', 0, '61018', 0),
(375, 169, 'A', '1', '1234567', 0, '2020-07-31 15:58:04', '61018', 17, 27, 0, 0, 0, '0000-00-00 00:00:00', 0, '', 0, '', 0),
(376, 170, 'D', '2', '12345678', 0, '2020-07-31 16:28:21', '61018', 0, 9, 0, 0, 0, '0000-00-00 00:00:00', 0, '', 0, '', 0),
(377, 171, 'A', '1', '137738/', 0, '2020-08-03 11:35:04', '61018', 0, 9, 0, 1, 1, '2020-08-03 11:49:59', 0, '', 0, '61018', 0),
(378, 171, 'A', '1', '1377380', 0, '2020-08-03 11:50:05', '61018', 9, 17, 0, 0, 0, '0000-00-00 00:00:00', 0, '', 0, '', 0),
(379, 172, 'B', '2', '1377380', 0, '2020-08-03 12:10:45', '61018', 0, 10, 0, 1, 1, '2020-08-03 12:26:28', 0, '', 0, '61018', 0),
(380, 172, 'B', '2', '1377380', 0, '2020-08-03 12:26:37', '61018', 10, 27, 0, 0, 0, '0000-00-00 00:00:00', 0, '', 0, '', 0),
(381, 173, 'A', '1', '1234567', 0, '2020-08-07 09:05:45', '61018', 0, 9, 0, 1, 1, '2020-08-07 09:06:39', 0, '', 0, '61018', 0),
(382, 173, 'A', '1', '1234567', 0, '2020-08-07 09:06:50', '61018', 9, 17, 0, 1, 1, '2020-08-07 09:21:29', 0, '', 0, '61018', 0),
(383, 174, 'A', '2', '1222345', 0, '2020-08-07 09:11:12', '61018', 0, 9, 0, 1, 1, '2020-08-07 09:11:22', 0, '', 0, '61018', 0),
(384, 174, 'A', '2', '1222345', 0, '2020-08-07 09:11:42', '61018', 9, 17, 0, 1, 1, '2020-08-07 09:21:30', 0, '', 0, '61018', 0),
(385, 175, 'A', '3', '1234321', 0, '2020-08-07 09:14:10', '61018', 0, 9, 0, 1, 1, '2020-08-07 09:14:15', 0, '', 0, '61018', 0),
(386, 175, 'A', '3', '1234321', 0, '2020-08-07 09:14:20', '61018', 9, 17, 1, 1, 1, '2020-08-07 09:21:25', 0, '', 0, '61018', 0),
(387, 175, 'A', '3', '1234321', 0, '2020-08-07 09:21:49', '61018', 17, 27, 0, 0, 0, '0000-00-00 00:00:00', 0, '', 0, '', 0),
(388, 173, 'A', '1', '1234567', 0, '2020-08-07 09:21:51', '61018', 17, 27, 0, 0, 0, '0000-00-00 00:00:00', 0, '', 0, '', 0),
(389, 174, 'A', '2', '1222345', 0, '2020-08-07 09:21:55', '61018', 17, 27, 0, 0, 0, '0000-00-00 00:00:00', 0, '', 0, '', 0),
(390, 176, 'B', '4', '123456', 0, '2020-08-07 09:46:11', '60046', 0, 9, 0, 1, 1, '2020-08-07 10:01:30', 0, '', 0, '60044', 0),
(391, 177, 'A', '5', '123456', 0, '2020-08-07 09:47:19', '60046', 0, 10, 0, 1, 1, '2020-08-07 10:17:05', 0, '', 0, '60051', 0),
(392, 178, 'B', '6', '123457', 0, '2020-08-07 09:49:19', '60046', 0, 17, 0, 1, 1, '2020-08-07 10:02:51', 0, '', 0, '58044', 0),
(393, 179, 'A', '7', '123458', 0, '2020-08-07 09:50:45', '60046', 0, 10, 0, 1, 1, '2020-08-07 10:03:58', 0, '', 0, '60051', 0),
(394, 180, 'C', '8', '123459', 0, '2020-08-07 09:52:58', '60046', 0, 10, 0, 1, 1, '2020-08-07 10:20:40', 0, '', 0, '60051', 0),
(395, 181, 'B', '9', '123400', 0, '2020-08-07 09:54:17', '60046', 0, 9, 0, 1, 1, '2020-08-07 10:07:58', 0, '', 0, '60044', 0),
(396, 182, 'A', '10', '123555', 0, '2020-08-07 09:56:40', '60046', 0, 19, 0, 1, 1, '2020-08-07 10:01:51', 0, '', 0, '59045', 0),
(397, 183, 'B', '11', '123555', 0, '2020-08-07 09:57:07', '60046', 0, 13, 0, 1, 1, '2020-08-07 10:04:24', 0, '', 0, '60005', 0),
(398, 184, 'A', '12', '123555', 0, '2020-08-07 09:57:42', '60046', 0, 10, 0, 1, 1, '2020-08-07 10:12:30', 0, '', 0, '60051', 0),
(399, 185, 'C', '13', '124422', 0, '2020-08-07 09:58:42', '60046', 0, 16, 0, 1, 1, '2020-08-07 10:01:26', 0, '', 0, '58015', 0),
(400, 182, 'A', '10', '123555', 0, '2020-08-07 10:02:10', '59045', 19, 17, 0, 1, 1, '2020-08-07 10:04:08', 0, '', 0, '58044', 0),
(401, 185, 'C', '13', '124422', 0, '2020-08-07 10:02:54', '58015', 16, 17, 0, 1, 1, '2020-08-07 10:07:00', 0, '', 0, '58044', 0),
(402, 178, 'B', '6', '123457', 0, '2020-08-07 10:03:15', '58044', 17, 10, 0, 1, 1, '2020-08-07 10:11:19', 0, '', 0, '60051', 0),
(403, 182, 'A', '10', '123555', 0, '2020-08-07 10:04:19', '58044', 17, 27, 0, 0, 0, '0000-00-00 00:00:00', 0, '', 0, '', 0),
(405, 176, 'B', '4', '123456', 0, '2020-08-07 10:05:19', '60044', 9, 17, 0, 1, 1, '2020-08-07 10:07:23', 0, '', 0, '58044', 0),
(406, 185, 'C', '13', '124422', 0, '2020-08-07 10:07:06', '58044', 17, 18, 0, 1, 1, '2020-08-07 10:07:23', 0, '', 0, '58015', 0),
(407, 176, 'B', '4', '123456', 0, '2020-08-07 10:07:28', '58044', 17, 10, 0, 1, 1, '2020-08-07 10:09:42', 0, '', 0, '60051', 0),
(408, 185, 'C', '13', '124422', 0, '2020-08-07 10:07:32', '58015', 18, 27, 0, 0, 0, '0000-00-00 00:00:00', 0, '', 0, '', 0),
(409, 183, 'B', '11', '123555', 0, '2020-08-07 10:07:35', '60005', 13, 17, 0, 1, 1, '2020-08-07 10:08:01', 0, '', 0, '58044', 0),
(410, 183, 'B', '11', '123555', 0, '2020-08-07 10:08:08', '58044', 17, 27, 0, 0, 0, '0000-00-00 00:00:00', 0, '', 0, '', 0),
(411, 181, 'B', '9', '123400', 0, '2020-08-07 10:08:25', '60044', 9, 17, 0, 1, 1, '2020-08-07 10:08:46', 0, '', 0, '58044', 0);
INSERT INTO `qq_waiting` (`waiting_id`, `register_id`, `register_type`, `register_number`, `register_hn`, `send_from_waiting_id`, `send_datetime`, `send_by_user_id`, `send_by_department_id`, `receive_by_department_id`, `speed_level`, `called`, `send_out`, `call_datetime`, `call_by_channel_id`, `call_by_channel_name`, `call_by_channel_number`, `call_by_user_id`, `call_repeat`) VALUES
(412, 179, 'A', '7', '123458', 0, '2020-08-07 10:08:42', '60051', 10, 12, 0, 1, 1, '2020-08-07 10:09:10', 0, '', 0, '60051', 0),
(413, 181, 'B', '9', '123400', 0, '2020-08-07 10:08:56', '58044', 17, 10, 0, 1, 1, '2020-08-07 10:13:28', 0, '', 0, '60051', 0),
(414, 179, 'A', '7', '123458', 0, '2020-08-07 10:09:22', '60051', 12, 16, 0, 1, 1, '2020-08-07 10:09:29', 0, '', 0, '58015', 0),
(415, 179, 'A', '7', '123458', 0, '2020-08-07 10:09:33', '58015', 16, 17, 0, 1, 1, '2020-08-07 10:09:38', 0, '', 0, '58044', 0),
(416, 179, 'A', '7', '123458', 0, '2020-08-07 10:09:49', '58044', 17, 18, 0, 1, 1, '2020-08-07 10:10:03', 0, '', 0, '58015', 0),
(417, 179, 'A', '7', '123458', 0, '2020-08-07 10:10:07', '58015', 18, 27, 0, 0, 0, '0000-00-00 00:00:00', 0, '', 0, '', 0),
(418, 176, 'B', '4', '123456', 0, '2020-08-07 10:10:47', '60051', 10, 12, 0, 1, 1, '2020-08-07 10:11:36', 0, '', 0, '60051', 0),
(419, 176, 'B', '4', '123456', 0, '2020-08-07 10:11:41', '60051', 12, 16, 0, 1, 1, '2020-08-07 10:12:27', 0, '', 0, '58015', 0),
(420, 186, 'A', '14', '123458', 0, '2020-08-07 10:11:57', '60046', 0, 10, 0, 1, 1, '2020-08-07 10:14:11', 0, '', 0, '60051', 0),
(421, 178, 'B', '6', '123457', 0, '2020-08-07 10:12:03', '60051', 10, 12, 0, 1, 1, '2020-08-07 10:13:22', 0, '', 0, '60051', 0),
(422, 176, 'B', '4', '123456', 0, '2020-08-07 10:12:33', '58015', 16, 17, 0, 1, 1, '2020-08-07 10:12:50', 0, '', 0, '58044', 0),
(423, 184, 'A', '12', '123555', 0, '2020-08-07 10:13:03', '60051', 10, 12, 0, 1, 1, '2020-08-07 10:13:56', 0, '', 0, '60051', 0),
(424, 176, 'B', '4', '123456', 0, '2020-08-07 10:13:16', '58044', 17, 18, 0, 1, 1, '2020-08-07 10:13:39', 0, '', 0, '58015', 0),
(425, 178, 'B', '6', '123457', 0, '2020-08-07 10:13:28', '60051', 12, 16, 0, 1, 1, '2020-08-07 10:14:51', 0, '', 0, '58015', 0),
(426, 181, 'B', '9', '123400', 0, '2020-08-07 10:13:35', '60051', 10, 12, 0, 1, 1, '2020-08-07 10:15:20', 0, '', 0, '58001', 0),
(427, 176, 'B', '4', '123456', 0, '2020-08-07 10:13:44', '58015', 18, 27, 0, 0, 0, '0000-00-00 00:00:00', 0, '', 0, '', 0),
(428, 184, 'A', '12', '123555', 0, '2020-08-07 10:14:01', '60051', 12, 16, 0, 1, 1, '2020-08-07 10:15:07', 0, '', 0, '58015', 0),
(429, 186, 'A', '14', '123458', 0, '2020-08-07 10:14:40', '60051', 10, 12, 0, 1, 1, '2020-08-07 10:15:37', 0, '', 0, '58001', 0),
(430, 178, 'B', '6', '123457', 0, '2020-08-07 10:14:55', '58015', 16, 17, 0, 1, 1, '2020-08-07 10:15:04', 0, '', 0, '58044', 0),
(431, 178, 'B', '6', '123457', 0, '2020-08-07 10:15:10', '58044', 17, 18, 0, 1, 1, '2020-08-07 10:15:52', 0, '', 0, '58015', 0),
(432, 184, 'A', '12', '123555', 0, '2020-08-07 10:15:16', '58015', 16, 17, 0, 1, 1, '2020-08-07 10:16:00', 0, '', 0, '58044', 0),
(433, 181, 'B', '9', '123400', 0, '2020-08-07 10:15:31', '58001', 12, 16, 0, 1, 1, '2020-08-07 10:17:04', 0, '', 0, '58015', 0),
(434, 186, 'A', '14', '123458', 0, '2020-08-07 10:15:40', '58001', 12, 16, 0, 1, 1, '2020-08-07 10:17:24', 0, '', 0, '58015', 0),
(435, 178, 'B', '6', '123457', 0, '2020-08-07 10:15:55', '58015', 18, 27, 0, 0, 0, '0000-00-00 00:00:00', 0, '', 0, '', 0),
(436, 184, 'A', '12', '123555', 0, '2020-08-07 10:16:08', '58044', 17, 18, 0, 1, 1, '2020-08-07 10:16:30', 0, '', 0, '58015', 0),
(437, 184, 'A', '12', '123555', 0, '2020-08-07 10:16:33', '58015', 18, 27, 0, 0, 0, '0000-00-00 00:00:00', 0, '', 0, '', 0),
(438, 181, 'B', '9', '123400', 0, '2020-08-07 10:17:09', '58015', 16, 17, 0, 1, 1, '2020-08-07 10:17:25', 0, '', 0, '58044', 0),
(439, 177, 'A', '5', '123456', 0, '2020-08-07 10:17:20', '60051', 10, 12, 0, 1, 1, '2020-08-07 10:20:48', 0, '', 0, '60051', 0),
(440, 186, 'A', '14', '123458', 0, '2020-08-07 10:17:29', '58015', 16, 17, 0, 1, 1, '2020-08-07 10:17:57', 0, '', 0, '58044', 0),
(441, 181, 'B', '9', '123400', 0, '2020-08-07 10:17:37', '58044', 17, 18, 0, 1, 1, '2020-08-07 10:18:15', 0, '', 0, '58015', 0),
(442, 186, 'A', '14', '123458', 0, '2020-08-07 10:18:04', '58044', 17, 18, 0, 1, 1, '2020-08-07 10:18:39', 0, '', 0, '58015', 0),
(443, 181, 'B', '9', '123400', 0, '2020-08-07 10:18:26', '58015', 18, 12, 1, 1, 1, '2020-08-07 10:21:16', 0, '', 0, '60051', 0),
(444, 186, 'A', '14', '123458', 0, '2020-08-07 10:18:45', '58015', 18, 12, 0, 1, 1, '2020-08-07 10:20:38', 0, '', 0, '60051', 0),
(445, 187, 'D', '15', '123400', 0, '2020-08-07 10:19:19', '60046', 0, 9, 0, 1, 1, '2020-08-07 10:23:22', 0, '', 0, '60044', 0),
(446, 180, 'C', '8', '123459', 0, '2020-08-07 10:20:56', '60051', 10, 12, 0, 1, 1, '2020-08-07 10:21:40', 0, '', 0, '60051', 0),
(447, 177, 'A', '5', '123456', 0, '2020-08-07 10:21:03', '60051', 12, 16, 0, 1, 1, '2020-08-07 10:21:13', 0, '', 0, '58015', 0),
(448, 177, 'A', '5', '123456', 0, '2020-08-07 10:21:18', '58015', 16, 17, 0, 1, 1, '2020-08-07 10:23:52', 0, '', 0, '58044', 0),
(449, 181, 'B', '9', '123400', 0, '2020-08-07 10:21:26', '60051', 12, 27, 0, 0, 0, '0000-00-00 00:00:00', 0, '', 0, '', 0),
(450, 180, 'C', '8', '123459', 0, '2020-08-07 10:21:44', '60051', 12, 27, 0, 0, 0, '0000-00-00 00:00:00', 0, '', 0, '', 0),
(451, 186, 'A', '14', '123458', 0, '2020-08-07 10:23:26', '60051', 12, 10, 0, 1, 1, '2020-08-07 10:23:29', 0, '', 0, '60051', 0),
(453, 177, 'A', '5', '123456', 0, '2020-08-07 10:23:56', '58044', 17, 18, 0, 1, 1, '2020-08-07 10:24:19', 0, '', 0, '58015', 0),
(454, 177, 'A', '5', '123456', 0, '2020-08-07 10:24:22', '58015', 18, 27, 0, 0, 0, '0000-00-00 00:00:00', 0, '', 0, '', 0),
(455, 187, 'D', '15', '123400', 0, '2020-08-07 10:26:05', '60044', 9, 17, 0, 1, 1, '2020-08-07 10:26:16', 0, '', 0, '58044', 0),
(456, 187, 'D', '15', '123400', 0, '2020-08-07 10:26:21', '58044', 17, 10, 0, 1, 1, '2020-08-07 10:26:40', 0, '', 0, '60051', 0),
(457, 187, 'D', '15', '123400', 0, '2020-08-07 10:26:47', '60051', 10, 12, 0, 1, 1, '2020-08-07 10:27:03', 0, '', 0, '60051', 0),
(458, 187, 'D', '15', '123400', 0, '2020-08-07 10:27:11', '60051', 12, 10, 0, 1, 1, '2020-08-07 10:29:10', 0, '', 0, '60051', 0),
(459, 186, 'A', '14', '123458', 0, '2020-08-07 10:28:06', '60051', 10, 0, 0, 0, 0, '0000-00-00 00:00:00', 0, '', 0, '', 0),
(460, 187, 'D', '15', '123400', 0, '2020-08-07 10:29:29', '60051', 10, 16, 0, 1, 1, '2020-08-07 10:31:03', 0, '', 0, '58015', 0),
(461, 187, 'D', '15', '123400', 0, '2020-08-07 10:31:08', '58015', 16, 17, 0, 1, 1, '2020-08-07 10:31:13', 0, '', 0, '58044', 0),
(462, 187, 'D', '15', '123400', 0, '2020-08-07 10:31:17', '58044', 17, 18, 0, 1, 0, '2020-08-07 10:31:33', 0, '', 0, '58015', 0),
(464, 188, 'A', '16', '567898', 0, '2020-08-07 11:18:04', '61018', 0, 10, 0, 1, 0, '2020-08-07 11:21:01', 4, '1', 1, '61018', 0),
(465, 189, 'A', '17', '6789098', 0, '2020-08-07 11:18:34', '61018', 0, 10, 0, 1, 1, '2020-08-07 11:21:08', 5, '2', 2, '61018', 0),
(466, 190, 'A', '18', '444444', 0, '2020-08-07 11:19:14', '61018', 0, 10, 0, 1, 0, '2020-08-07 11:21:04', 4, '1', 1, '61018', 0),
(467, 191, 'A', '19', '444444', 0, '2020-08-07 11:19:25', '61018', 0, 10, 0, 1, 0, '2020-08-07 11:20:26', 5, '2', 2, '61018', 0),
(468, 189, 'A', '17', '6789098', 0, '2020-08-07 11:21:30', '61018', 10, 12, 0, 0, 0, '0000-00-00 00:00:00', 0, '', 0, '', 0),
(480, 195, 'A', '1', '456789', 0, '2020-08-08 09:46:54', '61018', 0, 9, 0, 0, 0, '0000-00-00 00:00:00', 0, '', 0, '', 0),
(482, 197, 'A', '3', '65457457', 0, '2020-08-08 09:47:46', '61018', 0, 9, 0, 0, 0, '0000-00-00 00:00:00', 0, '', 0, '', 0),
(484, 199, 'A', '4', '666554', 0, '2020-08-08 09:49:10', '61018', 0, 9, 0, 0, 0, '0000-00-00 00:00:00', 0, '', 0, '', 0),
(485, 200, 'B', '1', '3474788', 0, '2020-10-27 15:19:15', '61018', 0, 9, 0, 1, 1, '2020-10-27 15:22:58', 0, '', 0, '61018', 0),
(486, 200, 'B', '1', '3474788', 485, '2020-10-27 15:24:12', '61018', 9, 17, 0, 1, 1, '2020-10-27 15:31:08', 0, '', 0, '61018', 0),
(487, 200, 'B', '1', '3474788', 486, '2020-10-27 15:31:12', '61018', 17, 10, 0, 1, 1, '2020-10-27 15:36:36', 4, 'ห้องที่ 1', 1, '61018', 0),
(488, 200, 'B', '1', '3474788', 487, '2020-10-27 15:36:44', '61018', 10, 12, 0, 0, 0, '0000-00-00 00:00:00', 0, '', 0, '', 0),
(489, 201, 'B', '1', '3456789', 0, '2020-11-24 10:26:24', '61045', 0, 9, 0, 1, 1, '2020-11-24 10:33:30', 10, 'ช่องที่ 1', 1, '60043', 0),
(493, 201, 'B', '1', '3456789', 492, '2020-11-24 10:34:44', '58044', 17, 10, 0, 1, 1, '2020-11-24 11:19:30', 8, 'ห้องที่ 5', 5, '60050', 0),
(499, 202, 'A', '2', '123456789', 0, '2020-11-24 11:51:45', '61045', 0, 10, 0, 0, 0, '0000-00-00 00:00:00', 0, '', 0, '', 0),
(500, 203, 'A', '3', '123456789', 0, '2020-11-24 11:52:18', '61045', 0, 9, 0, 1, 1, '2020-11-24 11:52:54', 10, 'ช่องที่ 1', 1, '61045', 0),
(501, 203, 'A', '3', '123456789', 500, '2020-11-24 11:52:57', '61045', 9, 17, 0, 1, 1, '2020-11-24 11:53:06', 0, '', 0, '61045', 0),
(502, 203, 'A', '3', '123456789', 501, '2020-11-24 11:53:10', '61045', 17, 10, 0, 0, 0, '0000-00-00 00:00:00', 0, '', 0, '', 0),
(503, 201, 'B', '1', '3456789', 493, '2020-11-24 12:23:52', '60050', 10, 9, 0, 1, 1, '2020-11-24 12:24:43', 10, 'ช่องที่ 1', 1, '60050', 0),
(504, 201, 'B', '1', '3456789', 503, '2020-11-24 12:24:50', '60050', 9, 12, 0, 1, 1, '2020-11-24 14:51:46', 0, '', 0, '61018', 0),
(508, 207, 'A', '1', '342167', 0, '2020-11-24 14:00:04', '61018', 0, 2, 0, 1, 1, '2020-11-24 14:05:44', 0, '', 0, '58034', 0),
(509, 208, 'B', '2', '23345678', 0, '2020-11-24 14:05:46', '61018', 0, 2, 0, 1, 1, '2020-11-24 14:06:31', 0, '', 0, '58034', 0),
(510, 207, 'A', '1', '342167', 508, '2020-11-24 14:05:59', '58034', 2, 5, 0, 1, 1, '2020-11-24 14:36:13', 15, 'ห้องที่ 1', 1, '59009', 0),
(511, 208, 'B', '2', '23345678', 509, '2020-11-24 14:07:00', '58034', 2, 5, 0, 1, 1, '2020-11-24 14:09:42', 15, 'ห้องที่ 1', 1, '59009', 0),
(512, 209, 'D', '3', '23345678', 0, '2020-11-24 14:07:37', '61018', 0, 3, 0, 1, 1, '2020-11-24 14:25:13', 0, '', 0, '59007', 0),
(513, 210, 'C', '4', '351234', 0, '2020-11-24 14:09:16', '61018', 0, 6, 0, 0, 0, '0000-00-00 00:00:00', 0, '', 0, '', 0),
(514, 208, 'B', '2', '23345678', 511, '2020-11-24 14:10:51', '59009', 5, 7, 0, 1, 1, '2020-11-24 14:11:51', 0, '', 0, '61049', 0),
(515, 208, 'B', '2', '23345678', 514, '2020-11-24 14:18:18', '61018', 7, 6, 0, 0, 0, '0000-00-00 00:00:00', 0, '', 0, '', 0),
(516, 208, 'B', '2', '23345678', 514, '2020-11-24 14:19:30', '61018', 7, 7, 0, 1, 1, '2020-11-24 14:20:00', 0, '', 0, '61018', 0),
(517, 208, 'B', '2', '23345678', 516, '2020-11-24 14:20:06', '61018', 7, 8, 0, 1, 1, '2020-11-24 14:21:04', 1, 'ห้องการเงิน ช่อง 4', 4, '61018', 0),
(518, 208, 'B', '2', '23345678', 517, '2020-11-24 14:21:08', '61018', 8, 11, 0, 1, 1, '2020-11-24 14:21:58', 13, 'ช่องที่ 2', 2, '61049', 0),
(519, 208, 'B', '2', '23345678', 518, '2020-11-24 14:22:40', '61049', 11, 0, 0, 0, 0, '0000-00-00 00:00:00', 0, '', 0, '', 0),
(520, 209, 'D', '3', '23345678', 512, '2020-11-24 14:27:29', '59007', 3, 5, 0, 0, 0, '0000-00-00 00:00:00', 0, '', 0, '', 0),
(521, 211, 'C', '5', '543267', 0, '2020-11-24 14:28:46', '61018', 0, 5, 0, 0, 0, '0000-00-00 00:00:00', 0, '', 0, '', 0),
(522, 212, 'A', '6', '543267', 0, '2020-11-24 14:30:40', '61018', 0, 2, 0, 0, 0, '0000-00-00 00:00:00', 0, '', 0, '', 0),
(523, 213, 'A', '7', '456789', 0, '2020-11-24 14:32:17', '61018', 0, 5, 0, 0, 0, '0000-00-00 00:00:00', 0, '', 0, '', 0),
(524, 207, 'A', '1', '342167', 510, '2020-11-24 14:36:53', '59009', 5, 7, 0, 1, 1, '2020-11-24 14:40:23', 0, '', 0, '61018', 0),
(525, 214, 'A', '8', '345678', 0, '2020-11-24 14:37:06', '61018', 0, 5, 0, 1, 1, '2020-11-24 14:37:22', 15, 'ห้องที่ 1', 1, '59009', 0),
(526, 214, 'A', '8', '345678', 525, '2020-11-24 14:37:46', '59009', 5, 6, 0, 0, 0, '0000-00-00 00:00:00', 0, '', 0, '', 0),
(527, 215, 'A', '9', '4567898', 0, '2020-11-24 14:37:50', '61018', 0, 2, 0, 0, 0, '0000-00-00 00:00:00', 0, '', 0, '', 0),
(528, 207, 'A', '1', '342167', 524, '2020-11-24 14:40:45', '61018', 7, 6, 0, 0, 0, '0000-00-00 00:00:00', 0, '', 0, '', 0),
(529, 216, 'C', '4', '3452134', 0, '2020-11-24 14:46:15', '61018', 0, 12, 0, 0, 0, '0000-00-00 00:00:00', 0, '', 0, '', 0),
(530, 217, 'C', '5', '233456', 0, '2020-11-24 14:47:16', '61018', 0, 12, 0, 0, 0, '0000-00-00 00:00:00', 0, '', 0, '', 0),
(531, 218, 'A', '6', '234567', 0, '2020-11-24 14:48:37', '61018', 0, 12, 0, 1, 1, '2020-11-24 14:53:55', 0, '', 0, '61018', 0),
(532, 219, 'C', '7', '1234', 0, '2020-11-24 14:49:33', '61018', 0, 16, 0, 1, 1, '2020-11-24 14:52:17', 0, '', 0, '61018', 0),
(533, 220, 'A', '8', '1234', 0, '2020-11-24 14:50:05', '61018', 0, 10, 0, 1, 1, '2020-11-24 14:56:25', 4, 'ห้องที่ 1', 1, '61018', 0),
(534, 201, 'B', '1', '3456789', 504, '2020-11-24 14:52:08', '61018', 12, 16, 0, 0, 0, '0000-00-00 00:00:00', 0, '', 0, '', 0),
(535, 219, 'C', '7', '1234', 532, '2020-11-24 14:52:24', '61018', 16, 17, 0, 1, 1, '2020-11-24 14:52:48', 0, '', 0, '61018', 0),
(536, 219, 'C', '7', '1234', 535, '2020-11-24 14:52:52', '61018', 17, 18, 0, 1, 1, '2020-11-24 14:53:03', 0, '', 0, '61018', 0),
(537, 219, 'C', '7', '1234', 536, '2020-11-24 14:53:08', '61018', 18, 27, 0, 0, 0, '0000-00-00 00:00:00', 0, '', 0, '', 0),
(538, 218, 'A', '6', '234567', 531, '2020-11-24 14:54:13', '61018', 12, 17, 0, 0, 0, '0000-00-00 00:00:00', 0, '', 0, '', 0),
(539, 220, 'A', '8', '1234', 533, '2020-11-24 14:56:47', '61018', 10, 12, 0, 1, 1, '2020-11-24 14:57:06', 0, '', 0, '61018', 0),
(540, 220, 'A', '8', '1234', 539, '2020-11-24 14:57:14', '61018', 12, 16, 0, 1, 1, '2020-11-24 14:57:25', 0, '', 0, '61018', 0),
(541, 220, 'A', '8', '1234', 540, '2020-11-24 14:57:28', '61018', 16, 17, 0, 1, 1, '2020-11-24 14:57:38', 0, '', 0, '61018', 0),
(542, 220, 'A', '8', '1234', 541, '2020-11-24 14:57:43', '61018', 17, 18, 0, 1, 1, '2020-11-24 14:57:54', 0, '', 0, '61018', 0),
(543, 220, 'A', '8', '1234', 542, '2020-11-24 14:57:57', '61018', 18, 27, 0, 0, 0, '0000-00-00 00:00:00', 0, '', 0, '', 0),
(544, 221, 'A', '9', '2132424', 0, '2020-11-24 15:21:53', '61018', 0, 19, 0, 0, 0, '0000-00-00 00:00:00', 0, '', 0, '', 0),
(555, 228, 'A', '1', '123456', 0, '2020-11-30 10:37:32', '61018', 0, 9, 0, 0, 0, '0000-00-00 00:00:00', 0, '', 0, '', 0),
(556, 229, 'A', '2', '1234', 0, '2020-11-30 10:42:39', '61018', 0, 10, 0, 1, 1, '2020-11-30 10:46:15', 4, 'ห้องที่ 1', 1, '61018', 0),
(559, 230, 'A', '3', '234565', 0, '2020-11-30 11:32:49', '61018', 0, 10, 1, 1, 1, '2020-11-30 11:39:18', 4, 'ห้องที่ 1', 1, '61018', 0),
(561, 229, 'A', '2', '1234', 556, '2020-11-30 11:39:37', '61018', 10, 12, 0, 0, 0, '0000-00-00 00:00:00', 0, '', 0, '', 0),
(563, 230, 'A', '3', '234565', 559, '2020-11-30 11:43:49', '61018', 10, 12, 1, 0, 0, '0000-00-00 00:00:00', 0, '', 0, '', 0),
(564, 231, 'A', '1', '259845', 0, '2021-03-06 10:17:59', '64008', 0, 9, 0, 0, 0, '0000-00-00 00:00:00', 0, '', 0, '', 0),
(566, 233, 'B', '3', '1478523', 0, '2021-03-06 10:24:48', '64008', 0, 9, 1, 0, 0, '0000-00-00 00:00:00', 0, '', 0, '', 0),
(568, 235, 'A', '4', '147852888', 0, '2021-03-06 10:26:42', '64008', 0, 9, 0, 0, 0, '0000-00-00 00:00:00', 0, '', 0, '', 0),
(569, 236, 'A', '5', '259784', 0, '2021-03-06 10:27:18', '64008', 0, 9, 0, 0, 0, '0000-00-00 00:00:00', 0, '', 0, '', 0),
(570, 237, 'B', '6', '259845', 0, '2021-03-06 10:31:40', '64008', 0, 9, 0, 0, 0, '0000-00-00 00:00:00', 0, '', 0, '', 0),
(571, 238, 'B', '7', '1478523', 0, '2021-03-06 10:32:27', '64008', 0, 9, 0, 0, 0, '0000-00-00 00:00:00', 0, '', 0, '', 0),
(572, 239, 'A', '8', '259845', 0, '2021-03-06 10:32:51', '64008', 0, 9, 0, 0, 0, '0000-00-00 00:00:00', 0, '', 0, '', 0),
(573, 240, 'B', '9', '259845222', 0, '2021-03-06 10:33:15', '64008', 0, 9, 0, 1, 1, '2021-03-06 10:34:47', 10, 'ช่องที่ 1', 1, '61018', 0),
(574, 240, 'B', '9', '259845222', 573, '2021-03-06 10:34:54', '61018', 9, 17, 0, 0, 0, '0000-00-00 00:00:00', 0, '', 0, '', 0),
(575, 241, 'B', '10', '123456', 0, '2021-03-06 10:43:20', '61018', 0, 9, 0, 0, 0, '0000-00-00 00:00:00', 0, '', 0, '', 0),
(576, 242, 'B', '11', '2732414', 0, '2021-03-06 13:12:00', '61018', 0, 9, 0, 0, 0, '0000-00-00 00:00:00', 0, '', 0, '', 0),
(577, 243, 'B', '12', '13773809', 0, '2021-03-06 13:16:24', '61018', 0, 9, 1, 0, 0, '0000-00-00 00:00:00', 0, '', 0, '', 0),
(578, 244, 'B', '13', '2732414', 0, '2021-03-06 13:59:36', '61018', 0, 17, 0, 0, 0, '0000-00-00 00:00:00', 0, '', 0, '', 0),
(579, 245, 'A', '1', '1425879', 0, '2021-03-07 11:08:36', '61018', 0, 9, 1, 0, 0, '0000-00-00 00:00:00', 0, '', 0, '', 0),
(580, 246, 'A', '1', '355635', 0, '2021-03-08 13:50:54', '58018', 0, 9, 0, 0, 0, '0000-00-00 00:00:00', 0, '', 0, '', 0),
(581, 247, 'A', '2', '245211', 0, '2021-03-08 13:51:05', '60008', 0, 9, 0, 0, 0, '0000-00-00 00:00:00', 0, '', 0, '', 0),
(582, 248, 'A', '3', '259845', 0, '2021-03-08 13:56:55', '61045', 0, 9, 0, 0, 0, '0000-00-00 00:00:00', 0, '', 0, '', 0),
(583, 249, 'B', '4', '1456987', 0, '2021-03-08 14:06:33', '60008', 0, 9, 1, 0, 0, '0000-00-00 00:00:00', 0, '', 0, '', 0),
(584, 250, 'A', '5', '259845', 0, '2021-03-08 14:12:48', '61045', 0, 9, 0, 0, 0, '0000-00-00 00:00:00', 0, '', 0, '', 0),
(585, 251, 'A', '6', '1254864', 0, '2021-03-08 14:32:05', '60008', 0, 16, 0, 0, 0, '0000-00-00 00:00:00', 0, '', 0, '', 0),
(586, 252, 'A', '7', '123456', 0, '2021-03-08 14:38:23', '60008', 0, 9, 0, 0, 0, '0000-00-00 00:00:00', 0, '', 0, '', 0),
(587, 253, 'A', '8', '123456', 0, '2021-03-08 14:39:42', '60008', 0, 9, 0, 0, 0, '0000-00-00 00:00:00', 0, '', 0, '', 0),
(588, 254, 'A', '1', '1377380', 0, '2021-03-09 13:53:27', '60008', 0, 9, 0, 1, 1, '2021-03-09 15:00:59', 10, 'ช่องที่ 1', 1, '63006', 0),
(589, 255, 'A', '2', '1564789', 0, '2021-03-09 13:57:19', '60008', 0, 9, 0, 0, 0, '0000-00-00 00:00:00', 0, '', 0, '', 0),
(590, 256, 'A', '3', '456987', 0, '2021-03-09 14:11:51', '60008', 0, 9, 0, 0, 0, '0000-00-00 00:00:00', 0, '', 0, '', 0),
(591, 257, 'A', '4', '123456', 0, '2021-03-09 14:43:39', '61018', 0, 9, 0, 0, 0, '0000-00-00 00:00:00', 0, '', 0, '', 0),
(592, 254, 'A', '1', '1377380', 588, '2021-03-09 15:01:28', '63006', 9, 17, 0, 1, 1, '2021-03-09 15:01:54', 0, '', 0, '63006', 0),
(593, 254, 'A', '1', '1377380', 592, '2021-03-09 15:05:14', '63006', 17, 27, 0, 0, 0, '0000-00-00 00:00:00', 0, '', 0, '', 0),
(594, 258, 'E', '5', '1478569', 0, '2021-03-09 15:10:26', '63006', 0, 16, 0, 1, 1, '2021-03-09 15:11:01', 0, '', 0, '63006', 0),
(595, 258, 'E', '5', '1478569', 594, '2021-03-09 15:11:07', '63006', 16, 17, 0, 1, 1, '2021-03-09 15:11:51', 0, '', 0, '63006', 0),
(596, 258, 'E', '5', '1478569', 595, '2021-03-09 15:12:25', '63006', 17, 18, 0, 1, 1, '2021-03-09 15:18:39', 0, '', 0, '63006', 0),
(597, 258, 'E', '5', '1478569', 596, '2021-03-09 15:18:46', '63006', 18, 27, 0, 0, 0, '0000-00-00 00:00:00', 0, '', 0, '', 0),
(598, 259, 'A', '6', '1134554321', 0, '2021-03-09 16:24:06', '61018', 0, 9, 0, 0, 0, '0000-00-00 00:00:00', 0, '', 0, '', 0),
(599, 260, 'A', '7', '123123', 0, '2021-03-09 16:35:52', '61018', 0, 9, 0, 0, 0, '0000-00-00 00:00:00', 0, '', 0, '', 0),
(600, 261, 'A', '8', '124547', 0, '2021-03-09 16:43:02', '61018', 0, 9, 0, 0, 0, '0000-00-00 00:00:00', 0, '', 0, '', 0),
(601, 262, 'A', '9', '414', 0, '2021-03-09 16:44:00', '61018', 0, 9, 0, 0, 0, '0000-00-00 00:00:00', 0, '', 0, '', 0),
(602, 263, 'A', '1', '2519548', 0, '2021-03-10 13:21:39', '61018', 0, 9, 0, 0, 0, '0000-00-00 00:00:00', 0, '', 0, '', 0),
(603, 264, 'A', '2', '147852', 0, '2021-03-10 13:23:57', '61018', 0, 10, 0, 0, 0, '0000-00-00 00:00:00', 0, '', 0, '', 0),
(604, 265, 'A', '3', '555555', 0, '2021-03-10 13:25:54', '61018', 0, 9, 0, 0, 0, '0000-00-00 00:00:00', 0, '', 0, '', 0),
(605, 266, 'A', '4', '2222555', 0, '2021-03-10 13:29:30', '61018', 0, 10, 0, 0, 0, '0000-00-00 00:00:00', 0, '', 0, '', 0),
(606, 267, 'A', '1', '1377380', 0, '2021-04-05 13:21:06', '61018', 0, 9, 0, 1, 1, '2021-04-05 13:22:12', 10, 'ช่องที่ 1', 1, '61018', 0),
(607, 268, 'A', '2', '1377380', 0, '2021-04-05 13:21:20', '61018', 0, 10, 0, 1, 1, '2021-04-05 13:22:31', 4, 'ห้องที่ 1', 1, '61018', 0),
(608, 269, 'A', '3', '147258', 0, '2021-04-05 13:21:52', '61018', 0, 9, 0, 1, 1, '2021-04-05 13:22:44', 10, 'ช่องที่ 1', 1, '61018', 0),
(609, 267, 'A', '1', '1377380', 606, '2021-04-05 13:22:16', '61018', 9, 17, 0, 0, 0, '0000-00-00 00:00:00', 0, '', 0, '', 0),
(610, 269, 'A', '3', '147258', 608, '2021-04-05 13:22:46', '61018', 9, 17, 0, 0, 0, '0000-00-00 00:00:00', 0, '', 0, '', 0),
(611, 268, 'A', '2', '1377380', 607, '2021-04-05 13:23:43', '61018', 10, 12, 0, 1, 1, '2021-04-05 13:23:51', 0, '', 0, '61018', 0),
(612, 268, 'A', '2', '1377380', 611, '2021-04-05 13:23:54', '61018', 12, 16, 0, 1, 1, '2021-04-05 13:24:06', 0, '', 0, '61018', 0),
(613, 268, 'A', '2', '1377380', 612, '2021-04-05 13:24:11', '61018', 16, 17, 0, 0, 0, '0000-00-00 00:00:00', 0, '', 0, '', 0),
(615, 271, 'A', '1', '1377380', 0, '2021-10-07 15:36:50', '61018', 0, 9, 0, 0, 0, '0000-00-00 00:00:00', 0, '', 0, '', 0),
(616, 272, 'A', '1', '1377380', 0, '2021-10-08 08:00:33', '61018', 0, 9, 0, 0, 0, '0000-00-00 00:00:00', 0, '', 0, '', 0),
(617, 273, 'A', '2', '1377380', 0, '2021-10-08 08:10:59', '61018', 0, 9, 0, 0, 0, '0000-00-00 00:00:00', 0, '', 0, '', 0),
(618, 274, 'A', '3', '1377380', 0, '2021-10-08 08:11:17', '61018', 0, 9, 0, 0, 0, '0000-00-00 00:00:00', 0, '', 0, '', 0),
(619, 275, 'A', '4', '1377380', 0, '2021-10-08 08:12:40', '61018', 0, 9, 0, 0, 0, '0000-00-00 00:00:00', 0, '', 0, '', 0),
(620, 276, 'A', '5', '1377380', 0, '2021-10-08 08:12:48', '61018', 0, 9, 0, 0, 0, '0000-00-00 00:00:00', 0, '', 0, '', 0),
(621, 277, 'A', '6', '1377380', 0, '2021-10-08 08:16:18', '61018', 0, 9, 0, 0, 0, '0000-00-00 00:00:00', 0, '', 0, '', 0),
(622, 278, 'A', '7', '1377380', 0, '2021-10-08 08:17:38', '61018', 0, 9, 0, 0, 0, '0000-00-00 00:00:00', 0, '', 0, '', 0),
(623, 279, 'A', '8', '1377380', 0, '2021-10-08 08:18:23', '61018', 0, 9, 0, 0, 0, '0000-00-00 00:00:00', 0, '', 0, '', 0),
(624, 280, 'A', '9', '1377380', 0, '2021-10-08 08:19:09', '61018', 0, 9, 0, 0, 0, '0000-00-00 00:00:00', 0, '', 0, '', 0),
(625, 281, 'A', '10', '1377380', 0, '2021-10-08 08:19:41', '61018', 0, 9, 0, 0, 0, '0000-00-00 00:00:00', 0, '', 0, '', 0),
(626, 282, 'A', '11', '1377380', 0, '2021-10-08 08:24:11', '61018', 0, 9, 0, 0, 0, '0000-00-00 00:00:00', 0, '', 0, '', 0),
(627, 283, 'A', '12', '1377380', 0, '2021-10-08 08:26:35', '61018', 0, 9, 0, 0, 0, '0000-00-00 00:00:00', 0, '', 0, '', 0),
(628, 284, 'A', '13', '1377380', 0, '2021-10-08 08:30:43', '61018', 0, 9, 0, 0, 0, '0000-00-00 00:00:00', 0, '', 0, '', 0),
(629, 285, 'A', '14', '1377380', 0, '2021-10-08 09:18:41', '61018', 0, 17, 0, 0, 0, '0000-00-00 00:00:00', 0, '', 0, '', 0),
(630, 286, 'A', '15', '1377380', 0, '2021-10-08 13:06:10', '61018', 0, 9, 0, 0, 0, '0000-00-00 00:00:00', 0, '', 0, '', 0),
(631, 287, 'A', '16', '1377380', 0, '2021-10-08 13:11:34', '61018', 0, 9, 0, 0, 0, '0000-00-00 00:00:00', 0, '', 0, '', 0),
(632, 288, 'A', '17', '1377380', 0, '2021-10-08 13:38:49', '61018', 0, 9, 0, 0, 0, '0000-00-00 00:00:00', 0, '', 0, '', 0),
(633, 289, 'A', '18', '1377380', 0, '2021-10-08 13:39:16', '61018', 0, 9, 0, 0, 0, '0000-00-00 00:00:00', 0, '', 0, '', 0),
(634, 290, 'A', '19', '1377380', 0, '2021-10-08 13:44:25', '61018', 0, 9, 0, 0, 0, '0000-00-00 00:00:00', 0, '', 0, '', 0),
(635, 291, 'A', '20', '1377380', 0, '2021-10-08 14:14:23', '61018', 0, 9, 0, 0, 0, '0000-00-00 00:00:00', 0, '', 0, '', 0),
(636, 292, 'A', '1', '1377380', 0, '2021-10-11 08:42:17', '61018', 0, 9, 0, 0, 0, '0000-00-00 00:00:00', 0, '', 0, '', 0),
(637, 293, 'A', '2', '1377380', 0, '2021-10-11 10:10:30', '61018', 0, 9, 0, 0, 0, '0000-00-00 00:00:00', 0, '', 0, '', 0),
(638, 294, 'A', '3', '', 0, '2021-10-11 10:10:47', '61018', 0, 9, 0, 0, 0, '0000-00-00 00:00:00', 0, '', 0, '', 0),
(639, 295, 'A', '4', '1377380', 0, '2021-10-11 10:44:50', '61018', 0, 9, 0, 0, 0, '0000-00-00 00:00:00', 0, '', 0, '', 0),
(640, 296, 'A', '1', '1377380', 0, '2021-10-12 10:38:06', '61018', 0, 9, 0, 0, 0, '0000-00-00 00:00:00', 0, '', 0, '', 0),
(641, 297, 'A', '2', '1377380', 0, '2021-10-12 10:42:41', '61018', 0, 9, 0, 0, 0, '0000-00-00 00:00:00', 0, '', 0, '', 0),
(642, 298, 'B', '1', '1377380', 0, '2021-10-14 08:28:30', '61018', 0, 9, 0, 0, 0, '0000-00-00 00:00:00', 0, '', 0, '', 0),
(643, 299, 'B', '1', '1377380', 0, '2021-10-25 09:57:13', '61018', 0, 9, 0, 1, 0, '2021-10-25 15:58:05', 10, 'ช่องที่ 1', 1, '61018', 0),
(644, 300, 'B', '1', '1377380', 0, '2021-10-26 12:10:15', '61018', 0, 9, 0, 0, 0, '0000-00-00 00:00:00', 0, '', 0, '', 0),
(645, 301, 'B', '2', '1377380', 0, '2021-10-26 14:22:13', '61018', 0, 9, 0, 0, 0, '0000-00-00 00:00:00', 0, '', 0, '', 0),
(646, 302, 'B', '1', '1377380', 0, '2021-11-29 08:43:31', '61018', 0, 9, 0, 0, 0, '0000-00-00 00:00:00', 0, '', 0, '', 0),
(647, 303, 'B', '2', '1377380', 0, '2021-11-29 09:18:14', '61018', 0, 9, 0, 0, 0, '0000-00-00 00:00:00', 0, '', 0, '', 0),
(648, 304, 'B', '3', '1377380', 0, '2021-11-29 09:18:57', '61018', 0, 9, 0, 0, 0, '0000-00-00 00:00:00', 0, '', 0, '', 0),
(649, 305, 'B', '4', '1377380', 0, '2021-11-29 09:20:28', '61018', 0, 9, 0, 0, 0, '0000-00-00 00:00:00', 0, '', 0, '', 0),
(650, 306, 'B', '5', '1377380', 0, '2021-11-29 09:21:15', '61018', 0, 9, 0, 0, 0, '0000-00-00 00:00:00', 0, '', 0, '', 0),
(651, 307, 'B', '6', '1377380', 0, '2021-11-29 09:27:15', '61018', 0, 9, 0, 0, 0, '0000-00-00 00:00:00', 0, '', 0, '', 0),
(652, 308, 'B', '7', '1377380', 0, '2021-11-29 09:27:38', '61018', 0, 9, 0, 0, 0, '0000-00-00 00:00:00', 0, '', 0, '', 0),
(653, 309, 'B', '8', '1377380', 0, '2021-11-29 14:38:53', '61018', 0, 9, 0, 0, 0, '0000-00-00 00:00:00', 0, '', 0, '', 0),
(654, 310, 'B', '9', '1377380', 0, '2021-11-29 14:41:36', '61018', 0, 9, 0, 0, 0, '0000-00-00 00:00:00', 0, '', 0, '', 0),
(655, 311, 'B', '10', '1377380', 0, '2021-11-29 14:41:59', '61018', 0, 9, 0, 0, 0, '0000-00-00 00:00:00', 0, '', 0, '', 0),
(656, 312, 'B', '11', '1377380', 0, '2021-11-29 14:42:56', '61018', 0, 9, 0, 0, 0, '0000-00-00 00:00:00', 0, '', 0, '', 0),
(657, 313, 'B', '12', '1377380', 0, '2021-11-29 14:44:38', '61018', 0, 9, 0, 0, 0, '0000-00-00 00:00:00', 0, '', 0, '', 0),
(658, 314, 'B', '13', '1377380', 0, '2021-11-29 14:46:06', '61018', 0, 9, 0, 0, 0, '0000-00-00 00:00:00', 0, '', 0, '', 0),
(659, 315, 'B', '1', '1377380', 0, '2021-12-02 09:39:01', '61018', 0, 9, 0, 1, 0, '2021-12-02 15:38:07', 10, 'ช่องที่ 1', 1, '61018', 0),
(660, 316, 'B', '2', '1377380', 0, '2021-12-02 09:43:28', '61018', 0, 12, 0, 0, 0, '0000-00-00 00:00:00', 0, '', 0, '', 0),
(661, 317, 'B', '3', '1377380', 0, '2021-12-02 09:45:25', '61018', 0, 9, 0, 0, 0, '2021-12-02 10:30:28', 10, 'ช่องที่ 1', 1, '61018', 0),
(662, 318, 'B', '4', '1377380', 0, '2021-12-02 09:45:40', '61018', 0, 9, 0, 0, 0, '2021-12-02 10:30:39', 10, 'ช่องที่ 1', 1, '61018', 0),
(663, 319, 'B', '5', '1377380', 0, '2021-12-02 10:14:11', '61018', 0, 9, 0, 0, 0, '0000-00-00 00:00:00', 0, '', 0, '', 0),
(664, 320, 'B', '6', '1377380', 0, '2021-12-02 10:14:36', '61018', 0, 9, 0, 0, 0, '0000-00-00 00:00:00', 0, '', 0, '', 0),
(665, 321, 'B', '7', '1377380', 0, '2021-12-02 10:15:17', '61018', 0, 9, 0, 0, 0, '0000-00-00 00:00:00', 0, '', 0, '', 0),
(666, 322, 'B', '8', '1377380', 0, '2021-12-02 10:18:12', '61018', 0, 9, 0, 0, 0, '0000-00-00 00:00:00', 0, '', 0, '', 0),
(667, 323, 'B', '9', '1377380', 0, '2021-12-02 10:25:54', '61018', 0, 9, 0, 0, 0, '0000-00-00 00:00:00', 0, '', 0, '', 0),
(668, 324, 'B', '10', '1377380', 0, '2021-12-02 10:31:31', '61018', 0, 9, 0, 0, 0, '0000-00-00 00:00:00', 0, '', 0, '', 0),
(669, 325, 'B', '11', '1377380', 0, '2021-12-02 10:33:35', '61018', 0, 9, 0, 0, 0, '0000-00-00 00:00:00', 0, '', 0, '', 0),
(670, 326, 'B', '12', '1377380', 0, '2021-12-02 10:33:49', '61018', 0, 9, 0, 0, 0, '0000-00-00 00:00:00', 0, '', 0, '', 0);

-- --------------------------------------------------------

--
-- Table structure for table `tb_location1`
--

CREATE TABLE `tb_location1` (
  `Ward_code` char(4) NOT NULL DEFAULT '',
  `Ward_code_old` char(4) DEFAULT NULL,
  `active` tinyint(1) DEFAULT '0',
  `ward_name` char(30) DEFAULT NULL,
  `ward_name1` char(80) DEFAULT NULL,
  `mis_code` char(12) DEFAULT NULL,
  `ward_name_eng` varchar(150) DEFAULT NULL,
  `ward_name_short` varchar(50) DEFAULT NULL,
  `ward_name_old` varchar(255) DEFAULT NULL,
  `ward_name1_old` varchar(255) DEFAULT NULL,
  `ward_tel` char(12) DEFAULT NULL,
  `ward_tel2` varchar(50) DEFAULT NULL,
  `ward_build` int(11) DEFAULT NULL,
  `ward_floor` char(30) DEFAULT NULL,
  `section_code` char(3) DEFAULT NULL,
  `Smi_code` char(5) DEFAULT NULL,
  `Smi_code_old` char(11) DEFAULT NULL,
  `Ward_order` char(4) DEFAULT NULL,
  `Ward_cat` char(2) DEFAULT NULL,
  `ward_asc_cat` char(2) DEFAULT NULL,
  `bed` int(10) UNSIGNED DEFAULT NULL,
  `bed_real` int(10) DEFAULT NULL,
  `pt` float(7,0) DEFAULT NULL,
  `noptbed` varchar(255) DEFAULT NULL,
  `WARD_OTRATE` char(5) DEFAULT NULL,
  `Costcenter` varchar(255) DEFAULT ''
) ENGINE=MyISAM DEFAULT CHARSET=tis620;

--
-- Dumping data for table `tb_location1`
--

INSERT INTO `tb_location1` (`Ward_code`, `Ward_code_old`, `active`, `ward_name`, `ward_name1`, `mis_code`, `ward_name_eng`, `ward_name_short`, `ward_name_old`, `ward_name1_old`, `ward_tel`, `ward_tel2`, `ward_build`, `ward_floor`, `section_code`, `Smi_code`, `Smi_code_old`, `Ward_order`, `Ward_cat`, `ward_asc_cat`, `bed`, `bed_real`, `pt`, `noptbed`, `WARD_OTRATE`, `Costcenter`) VALUES
('0000', '0000', 3, 'สำนักงานศูนย์ความเป็นเลิศฯ', 'สำนักงานศูนย์ความเป็นเลิศทางการแพทย์', NULL, 'CMEX OFFICE', 'CMEX OFFICE', 'สำนักงานบริหาร', 'สำนักงานบริหาร', '053-934700', '053-934700', NULL, NULL, '00', NULL, NULL, '', NULL, NULL, NULL, NULL, NULL, NULL, NULL, ''),
('0101', '0101', 3, 'ศูนย์เลสิค', 'ศูนย์เลสิค', NULL, 'CMU Lasik Center', 'CMU Lasik Center', 'ศูนย์เลสิคมหาวิทยาลัยเชียงใหม่', 'ศูนย์เลสิคมหาวิทยาลัยเชียงใหม่', '053-934777', '0827666909', NULL, NULL, '01', NULL, NULL, '', NULL, NULL, NULL, NULL, NULL, NULL, NULL, ''),
('0202', '0202', 3, 'ศูนย์สุขภาพสตรี', 'ศูนย์สุขภาพสตรี', NULL, 'Women Health Center', 'Women Health Center', 'ศูนย์สุขภาพสตรี', 'ศูนย์สุขภาพสตรี', '053-934711', '053-934712', NULL, NULL, '02', NULL, NULL, '', NULL, NULL, NULL, NULL, NULL, NULL, NULL, ''),
('0303', '0303', 3, 'ศูนย์การแพทย์ผสมผสาน', 'ศูนย์การแพทย์แผนไทยและการแพทย์ผสมผสาน', NULL, 'The Center of Thai Traditional and Complementary Medicine', 'TTCM', 'ศูนย์การแพทย์แผนไทยและการแพทย์ผสมผสาน', 'ศูนย์การแพทย์แผนไทยและการแพทย์ผสมผสาน', '053-934899', '053-934899', NULL, NULL, '03', NULL, NULL, '', NULL, NULL, NULL, NULL, NULL, NULL, NULL, ''),
('0404', '0404', 3, 'ศูนย์เพทซีที และไซโคลตรอน', 'ศูนย์เพทซีที และไซโคลตรอน', NULL, 'PET/CT & CYCLOTRON CENTER', 'PET/CT & CYCLOTRON CENTER', 'ศูนย์เพ็ทซี และไซโคลตรอน', 'ศูนย์เพ็ทซี และไซโคลตรอน', '053-934790', '053-934790', NULL, NULL, '04', NULL, NULL, '', NULL, NULL, NULL, NULL, NULL, NULL, NULL, ''),
('0505', '0505', 3, 'ศูนย์เลเซอร์ต้อกระจกเชียงใหม่', 'ศูนย์เลเซอร์ต้อกระจกเชียงใหม่', NULL, 'Chiang Mai Laser Cataract Surgery Center', 'Chiang Mai Laser Cataract Surgery Center', 'ศูนย์เลเซอร์ต้อกระจกเชียงใหม่', 'ศูนย์เลเซอร์ต้อกระจกเชียงใหม่', '053-934714', '053-934715', NULL, NULL, '05', NULL, NULL, '', NULL, NULL, NULL, NULL, NULL, NULL, NULL, ''),
('0606', '0606', 3, 'ศูนย์เวชศาสตร์ผู้สูงอายุ', 'ศูนย์เวชศาสตร์ผู้สูงอายุ', NULL, 'Geriatric Medical Center', 'Geriatric Medical Center', 'ศูนย์เวชศาสตร์ผู้สูงอายุ', 'ศูนย์เวชศาสตร์ผู้สูงอายุ', '053-920800', '053920700', NULL, NULL, '06', NULL, NULL, '', NULL, NULL, NULL, NULL, NULL, NULL, NULL, ''),
('0707', '0707', 3, 'ศูนย์วิเคราะห์สุขภาพการนอนหลับ', 'ศูนย์วิเคราะห์สุขภาพการนอนหลับ', NULL, 'Sleep Disorders Center', 'Sleep Disorders Center', 'ศูนย์วิเคราะห์สุขภาพการนอนหลับ', 'ศูนย์วิเคราะห์สุขภาพการนอนหลับ', '053-920666', '053-920666', NULL, NULL, '07', NULL, NULL, '', NULL, NULL, NULL, NULL, NULL, NULL, NULL, ''),
('0808', '0808', 3, 'ศูนย์ผู้ป่วยนอกCmex', 'ศูนย์ผู้ป่วยนอกCmex', NULL, 'OPD Cmex', 'OPD Cmex', 'ศูนย์ผู้ป่วยนอกCmex', 'ศูนย์ผู้ป่วยนอกCmex', NULL, NULL, NULL, NULL, '08', NULL, NULL, NULL, NULL, NULL, NULL, NULL, NULL, NULL, NULL, ''),
('0909', '0909', 3, 'ศูนย์ผู้ป่วยนอกGMC', 'ศูนย์ผู้ป่วยนอกGMC', NULL, 'OPD GMC', 'OPD GMC', 'ศูนย์ผู้ป่วยนอกGMC', 'ศูนย์ผู้ป่วยนอกGMC', NULL, NULL, NULL, NULL, '09', NULL, NULL, NULL, NULL, NULL, NULL, NULL, NULL, NULL, NULL, ''),
('1010', '1010', 3, 'ศูนย์ผู้ป่วยในGMC', 'ศูนย์ผู้ป่วยในGMC', NULL, 'IPD Cmex', 'IPD Cmex', 'ศูนย์ผู้ป่วยในCmex', 'ศูนย์ผู้ป่วยในCmex', NULL, NULL, NULL, NULL, '10', NULL, NULL, NULL, NULL, NULL, NULL, NULL, NULL, NULL, NULL, ''),
('1111', '1111', 3, 'ห้องตรวจจักษุGMC', 'ห้องตรวจจักษุ ศูนย์เวชศาสตร์ผู้สูงอายุ', NULL, NULL, NULL, NULL, NULL, NULL, NULL, NULL, NULL, '11', NULL, NULL, NULL, NULL, NULL, NULL, NULL, NULL, NULL, NULL, ''),
('1212', '1212', 3, 'ห้องยาCmex', 'ห้องยาCmex', NULL, NULL, NULL, NULL, NULL, NULL, NULL, NULL, NULL, '12', NULL, NULL, NULL, NULL, NULL, NULL, NULL, NULL, NULL, NULL, ''),
('1313', '1313', 3, 'ห้องยา IPD GMC', 'ห้องยา IPD GMC', NULL, NULL, NULL, NULL, NULL, NULL, NULL, NULL, NULL, '13', NULL, NULL, NULL, NULL, NULL, NULL, NULL, NULL, NULL, NULL, ''),
('1414', '1414', 3, 'ห้องยา OPD GMC', 'ห้องยา OPD GMC', NULL, NULL, NULL, NULL, NULL, NULL, NULL, NULL, NULL, '14', NULL, NULL, NULL, NULL, NULL, NULL, NULL, NULL, NULL, NULL, ''),
('1515', '1515', 3, 'ห้องยา TTCM', 'ห้องยา TTCM', NULL, NULL, NULL, NULL, NULL, NULL, NULL, NULL, NULL, '15', NULL, NULL, NULL, NULL, NULL, NULL, NULL, NULL, NULL, NULL, ''),
('1616', '1616', 3, 'หน่วยปฏิบัติการLab CMEx', 'หน่วยปฏิบัติการLab CMEx', NULL, NULL, NULL, NULL, NULL, NULL, NULL, NULL, NULL, NULL, NULL, NULL, NULL, NULL, NULL, NULL, NULL, NULL, NULL, NULL, ''),
('1717', '1717', 3, 'ศูนย์การแพทย์เพื่อการมีบุตร', 'ศูนย์การแพทย์เพื่อการมีบุตร', NULL, NULL, NULL, NULL, NULL, NULL, NULL, NULL, NULL, '17', NULL, NULL, NULL, NULL, NULL, NULL, NULL, NULL, NULL, NULL, ''),
('1818', '1818', 3, 'ฝ่ายการพยาบาล', 'ฝ่ายการพยาบาล', NULL, NULL, NULL, NULL, NULL, NULL, NULL, NULL, NULL, NULL, NULL, NULL, NULL, NULL, NULL, NULL, NULL, NULL, NULL, NULL, '');

-- --------------------------------------------------------

--
-- Table structure for table `tb_nuser`
--

CREATE TABLE `tb_nuser` (
  `NUM_OT` varchar(20) NOT NULL DEFAULT '',
  `Upass` varchar(20) DEFAULT NULL,
  `ward_code` varchar(4) DEFAULT NULL,
  `pos` char(1) DEFAULT NULL,
  `PP` char(2) DEFAULT NULL,
  `status` char(1) DEFAULT NULL,
  `Utype` varchar(5) DEFAULT NULL,
  `lastdate` datetime DEFAULT NULL
) ENGINE=MyISAM DEFAULT CHARSET=tis620;

--
-- Dumping data for table `tb_nuser`
--

INSERT INTO `tb_nuser` (`NUM_OT`, `Upass`, `ward_code`, `pos`, `PP`, `status`, `Utype`, `lastdate`) VALUES
('64011', '5728', '0606', '7', '75', '1', NULL, NULL),
('61001', '8489', '0000', '7', '90', '1', NULL, NULL),
('somsang', 'lasik', '0101', '7', '01', '1', NULL, NULL),
('60058', '7135', '0303', '7', '58', '1', NULL, NULL),
('55007', '2930', '0000', '7', '66', '1', NULL, NULL),
('teekorn', 'sdc', '0707', '7', '01', '1', NULL, NULL),
('55012', '9868', '0404', '7', '00', '1', NULL, NULL),
('55013', '5662', '0404', '7', '00', '1', NULL, NULL),
('55015', '8618', '0101', '7', '60', '1', NULL, NULL),
('56003', '1105', '0000', '7', '61', '1', NULL, NULL),
('56004', '1627', '0101', '7', '89', '1', NULL, NULL),
('56006', '8017', '0101', '7', '89', '1', NULL, NULL),
('56007', '4731', '0101', '7', '89', '1', NULL, NULL),
('56010', '2812', '0404', '7', '00', '1', NULL, NULL),
('56011', '0696', '0404', '7', '00', '1', NULL, NULL),
('62009', '6171', '0101', '7', '57', '1', NULL, NULL),
('56016', '1220', '0000', '7', '61', '1', NULL, NULL),
('56017', '5274', '0606', '7', '00', '1', NULL, NULL),
('56018', '6333', '0202', '7', '64', '1', NULL, NULL),
('62008', '0339', '0000', '7', '75', '1', NULL, NULL),
('56020', '4061', '0202', '7', '89', '1', NULL, NULL),
('62007', '6158', '0606', '7', '74', '1', '', NULL),
('56023', '2043', '0404', '7', '00', '1', NULL, NULL),
('56025', '9635', '0303', '7', '57', '1', NULL, NULL),
('sahatya', 'ttcm', '0303', '7', '99', '1', NULL, NULL),
('57002', '0976', '0000', '7', '57', '1', NULL, NULL),
('57003', '5184', '0202', '7', '57', '1', NULL, NULL),
('57004', '3532', '0000', '7', '67', '1', NULL, NULL),
('57005', '7973', '0404', '7', '00', '1', NULL, NULL),
('57007', '4897', '0000', '7', '68', '1', NULL, NULL),
('57008', '1812', '0303', '7', '00', '1', NULL, NULL),
('57011', '0540', '0202', '7', '89', '1', NULL, NULL),
('nchotiro', '3007037', '0000', '7', '98', '1', NULL, NULL),
('61052', '9173', '0808', '7', '89', '1', NULL, NULL),
('57015', '7936', '0000', '7', '56', '1', NULL, NULL),
('57016', '0223', '0303', '7', '00', '1', NULL, NULL),
('58001', '1185', '0505', '7', '89', '1', NULL, NULL),
('58002', '6077', '0000', '7', '70', '1', NULL, NULL),
('58003', '2325', '0303', '7', '69', '1', NULL, NULL),
('58004', '2828', '0606', '7', '65', '1', NULL, NULL),
('58005', '1142', '0606', '7', '00', '1', NULL, NULL),
('58007', 'wipansa.chaitep2527', '0606', '7', '00', '1', NULL, NULL),
('58008', '8344', '0606', '7', '00', '1', NULL, NULL),
('58009', '8718', '0606', '7', '00', '1', NULL, NULL),
('62005', '9888', '0000', '7', '83', '1', NULL, NULL),
('surat', 'gmc', '0606', '7', '99', '1', NULL, NULL),
('58012', '2002', '0606', '7', '89', '1', NULL, NULL),
('58015', '1486', '1212', '7', '55', '1', NULL, NULL),
('58016', '1732', '0606', '7', '00', '1', NULL, NULL),
('58018', '4305', '0606', '7', '00', '1', NULL, NULL),
('58019', '1687', '0606', '7', '00', '1', NULL, NULL),
('58022', '8828', '0606', '7', '57', '1', NULL, NULL),
('58023', '7001', '0606', '7', '57', '1', NULL, NULL),
('58024', '0383', '0606', '7', '57', '1', NULL, NULL),
('58025', '7154', '0606', '7', '71', '1', NULL, NULL),
('58026', '3673', '0606', '7', '71', '1', NULL, NULL),
('58027', 'kamkaewkamkaew', '0000', '7', '67', '1', NULL, NULL),
('58028', '5139', '0606', '7', '72', '1', NULL, NULL),
('58029', '5931', '0606', '7', '57', '1', NULL, NULL),
('58032', '3567', '0606', '7', '57', '1', NULL, NULL),
('58034', '3365', '0606', '7', '00', '1', NULL, NULL),
('58035', '6793', '0606', '7', '57', '1', NULL, NULL),
('58037', '5806', '0606', '7', '00', '1', NULL, NULL),
('58039', '0776', '0303', '7', '57', '1', NULL, NULL),
('58040', '1149', '0303', '7', '57', '1', NULL, NULL),
('58042', '6749', '0606', '7', '75', '1', NULL, NULL),
('62003', '3698', '0000', '7', '66', '1', NULL, NULL),
('58044', '5526', '0606', '7', '68', '1', NULL, NULL),
('64010', '2827', '0606', '7', '84', '1', NULL, NULL),
('58049', '8769', '0606', '7', '89', '1', NULL, NULL),
('58050', '9438', '0606', '7', '89', '1', NULL, NULL),
('58052', '9788', '0606', '7', '57', '1', NULL, NULL),
('58053', '6139', '0606', '7', '57', '1', NULL, NULL),
('62036', '7777', '0606', '7', '89', '1', NULL, NULL),
('59003', '6991', '0606', '7', '57', '1', NULL, NULL),
('59005', '1740', '0606', '7', '57', '1', NULL, NULL),
('59006', '9357', '0606', '7', '89', '1', NULL, NULL),
('59007', '5762', '0707', '7', '89', '1', NULL, NULL),
('59008', '4756', '0606', '7', '73', '1', NULL, NULL),
('59009', '0066', '0606', '7', '89', '1', NULL, NULL),
('59010', '4934', '0606', '7', '76', '1', NULL, NULL),
('59011', '2172', '0606', '7', '00', '1', NULL, NULL),
('59012', '1461', '0606', '7', '76', '1', NULL, NULL),
('62006', '1718', '0303', '7', '58', '1', NULL, NULL),
('59014', '8324', '0606', '7', '89', '1', NULL, NULL),
('59015', '1186', '0606', '7', '76', '1', NULL, NULL),
('63028', '2091', '1717', '7', '89', '1', NULL, NULL),
('59017', '3127', '0606', '7', '76', '1', NULL, NULL),
('59018', '7323', '0606', '7', '76', '1', NULL, NULL),
('59019', '9057', '0606', '7', '76', '1', NULL, NULL),
('59020', '8925', '0606', '7', '75', '1', NULL, NULL),
('59021', '2328', '0606', '7', '89', '1', NULL, NULL),
('59022', '3887', '0606', '7', '89', '1', NULL, NULL),
('61055', '7255', '0606', '7', '73', '1', NULL, NULL),
('59024', '2882', '0606', '7', '00', '1', NULL, NULL),
('59025', '7266', '0606', '7', '76', '1', NULL, NULL),
('59027', '9486', '0606', '7', '76', '1', NULL, NULL),
('59028', '0604', '0606', '7', '76', '1', NULL, NULL),
('59029', '3680', '0606', '7', '76', '1', NULL, NULL),
('59030', '3993', '0606', '7', '76', '1', NULL, NULL),
('59031', '3784', '0606', '7', '76', '1', NULL, NULL),
('59032', '0442', '0606', '7', '76', '1', NULL, NULL),
('59034', '0270', '0606', '7', '78', '1', NULL, NULL),
('60060', '8687', '0303', '7', '43', '1', NULL, NULL),
('59038', '4558', '0606', '7', '79', '1', NULL, NULL),
('59039', '8548', '0000', '7', '70', '1', NULL, NULL),
('61054', '0581', '0303', '7', '92', '1', '', NULL),
('59043', '6584', '0000', '7', '67', '1', NULL, NULL),
('61053', '3376', '0000', '7', '68', '1', NULL, NULL),
('59045', '6218', '0606', '7', '65', '1', NULL, NULL),
('59047', '3481', '0606', '7', '89', '1', NULL, NULL),
('59048', '2478', '0606', '7', '89', '1', NULL, NULL),
('59049', '8047', '0606', '7', '89', '1', NULL, NULL),
('59050', '0084', '0606', '7', '89', '1', NULL, NULL),
('59051', '4079', '0606', '7', '89', '1', NULL, NULL),
('63029', '1791', '0808', '7', '76', '1', NULL, NULL),
('59053', '7374', '0606', '7', '76', '1', NULL, NULL),
('59054', '4551', '0606', '7', '76', '1', NULL, NULL),
('61051', '6112', '0000', '7', '71', '1', NULL, NULL),
('59056', '0901', '0606', '7', '76', '1', NULL, NULL),
('62035', '4718', '0202', '7', '89', '1', NULL, NULL),
('59060', '2853', '0606', '7', '89', '1', NULL, NULL),
('59061', '0632', '0606', '7', '76', '1', NULL, NULL),
('59062', '4202', '0606', '7', '76', '1', NULL, NULL),
('62027', '8740', '0606', '7', '97', '1', NULL, NULL),
('61049', '9969', '0000', '7', '55', '1', NULL, NULL),
('59065', '0644', '0606', '7', '79', '1', NULL, NULL),
('60001', '9360', '0202', '7', '76', '1', NULL, NULL),
('60002', '9400', '0606', '7', '81', '1', NULL, NULL),
('61048', '6857', '0606', '7', '89', '1', NULL, NULL),
('62034', '0038', '0606', '7', '47', '1', NULL, NULL),
('60005', '9859', '0000', '7', '82', '1', NULL, NULL),
('62038', '3912', '0606', '7', '76', '1', NULL, NULL),
('60008', '5135', '0606', '7', '76', '1', NULL, NULL),
('60009', '2721', '0606', '7', '76', '1', NULL, NULL),
('60010', '3455', '0606', '7', '76', '1', NULL, NULL),
('61047', '4095', '0606', '7', '85', '1', NULL, NULL),
('60012', '1347', '0606', '7', '89', '1', NULL, NULL),
('61045', '0723', '0606', '7', '66', '1', NULL, NULL),
('60016', '2381', '0606', '7', '65', '1', NULL, NULL),
('60017', '3491', '0606', '7', '47', '1', NULL, NULL),
('60018', '8541', '0000', '7', '84', '1', NULL, NULL),
('60019', '2588', '0606', '7', '72', '1', NULL, NULL),
('61044', '6583', '0303', '7', '76', '1', NULL, NULL),
('60021', '6171', '0606', '7', '55', '1', NULL, NULL),
('60023', '5475', '0000', '7', '86', '1', NULL, NULL),
('60024', '9267', '0606', '7', '68', '1', NULL, NULL),
('60025', '7982', '0707', '7', '87', '1', NULL, NULL),
('60026', '6830', '0808', '7', '89', '1', NULL, NULL),
('60027', '3589', '0000', '7', '47', '1', NULL, NULL),
('61043', '8951', '0000', '7', '65', '1', NULL, NULL),
('60029', '2579', '0303', '7', '57', '1', NULL, NULL),
('60030', '5939', '0808', '7', '89', '1', NULL, NULL),
('62040', '3890', '0808', '7', '76', '1', NULL, NULL),
('60032', '8852', '0808', '7', '89', '1', NULL, NULL),
('61041', '0914', '0000', '7', '65', '1', NULL, NULL),
('60034', '0254', '0000', '7', '88', '1', NULL, NULL),
('60035', '0679', '0404', '7', '64', '1', NULL, NULL),
('siripong', 'exc', '0606', '7', '99', '1', NULL, NULL),
('60037', '0308', '0606', '7', '76', '1', NULL, NULL),
('60038', '9990', '0606', '7', '89', '1', NULL, NULL),
('62032', '1970', '0606', '7', '89', '1', NULL, NULL),
('61039', '8974', '0000', '7', '76', '1', '', NULL),
('61038', '5324', '0606', '7', '80', '1', NULL, NULL),
('60042', '0956', '0404', '7', '76', '1', NULL, NULL),
('60043', '2330', '0000', '7', '73', '1', NULL, NULL),
('60044', '5054', '0000', '7', '73', '1', NULL, NULL),
('60045', '0431', '0000', '7', '55', '1', NULL, NULL),
('60046', '6813', '0000', '7', '66', '1', NULL, NULL),
('64008', '2126', '0808', '7', '66', '1', NULL, NULL),
('60048', '2087', '0000', '7', '55', '1', NULL, NULL),
('60049', '8137', '0000', '7', '57', '1', NULL, NULL),
('60050', '6225', '0000', '7', '57', '1', NULL, NULL),
('60051', '6940', '0000', '7', '57', '1', NULL, NULL),
('60052', '2551', '0000', '7', '57', '1', NULL, NULL),
('60053', '1855', '0000', '7', '61', '1', NULL, NULL),
('60054', '7639', '0707', '7', '87', '1', NULL, NULL),
('60055', '8299', '0707', '7', '87', '1', NULL, NULL),
('62030', '4900', '0000', '7', '68', '1', NULL, NULL),
('lsinghak', 'dawan123', '0000', '7', '00', '1', NULL, NULL),
('narisa', 'ttcm', '0303', '7', '00', '1', NULL, NULL),
('nipa', 'gmc', '0606', '7', '00', '1', NULL, NULL),
('isuksawa', 'jaew0705', '0303', '7', '00', '1', NULL, NULL),
('61036', '1780', '0000', '7', '47', '1', NULL, NULL),
('61003', '1408', '0000', '7', '91', '1', NULL, NULL),
('64013', '9191', '0000', '7', '56', '1', NULL, NULL),
('61006', '3319', '0606', '7', '75', '1', NULL, NULL),
('62029', '9548', '0606', '7', '97', '1', NULL, NULL),
('61008', '3158', '0505', '7', '89', '1', NULL, NULL),
('61035', '4066', '0000', '7', '81', '1', NULL, NULL),
('61011', '0294', '0000', '7', '84', '1', NULL, NULL),
('61012', '3671', '0606', '7', '76', '1', NULL, NULL),
('61013', '6757', '0606', '7', '76', '1', NULL, NULL),
('61015', '2065', '0606', '7', '84', '1', NULL, NULL),
('61016', '4988', '0606', '7', '89', '1', NULL, NULL),
('62028', '5947', '0000', '7', '86', '1', NULL, NULL),
('61018', '147258147258', '0000', '7', '77', '1', NULL, NULL),
('61019', '8412', '0000', '7', '72', '1', NULL, NULL),
('61020', '6240', '1212', '7', '72', '1', NULL, NULL),
('61033', '3004', '0606', '7', '89', '1', NULL, NULL),
('61022', '5317', '0404', '7', '47', '1', NULL, NULL),
('61032', '5760', '0606', '7', '55', '1', NULL, NULL),
('61024', '1801', '0000', '7', '68', '1', NULL, NULL),
('61028', '9026', '0606', '7', '89', '1', NULL, NULL),
('61026', '7237', '0404', '7', '64', '1', NULL, NULL),
('61034', '3281', '0000', '7', '70', '1', NULL, NULL),
('62039', '9950', '0606', '7', '64', '1', NULL, NULL),
('62011', '8809', '0606', '7', '89', '1', NULL, NULL),
('62025', '2358', '0606', '7', '96', '1', NULL, NULL),
('62037', '4046', '0303', '7', '89', '1', NULL, NULL),
('62014', '9225', '0000', '7', '55', '1', NULL, NULL),
('62015', '7400', '0000', '7', '72', '1', NULL, NULL),
('62016', '7481', '0000', '7', '55', '1', NULL, NULL),
('62023', '3344', '0606', '7', '76', '1', NULL, NULL),
('62018', '3181', '0000', '7', '55', '1', NULL, NULL),
('62019', '0780', '0000', '7', '72', '1', NULL, NULL),
('62020', '2401', '0606', '7', '94', '1', NULL, NULL),
('62021', '7424', '0606', '7', '95', '1', NULL, NULL),
('62022', '8768', '0303', '7', '57', '1', NULL, NULL),
('marudee', 'petct', '0404', '7', '01', '1', NULL, NULL),
('pailin', 'women', '0202', '7', '01', '1', NULL, NULL),
('62041', '4010', '0000', '7', '65', '1', NULL, NULL),
('62042', '4425', '0808', '7', '76', '1', NULL, NULL),
('62043', '0741', '0000', '7', '55', '1', NULL, NULL),
('62044', '1465', '0808', '7', '89', '1', NULL, NULL),
('64014', '0008', '0808', '7', '89', '1', NULL, NULL),
('63017', '3553', '0000', '7', '43', '1', NULL, NULL),
('63013', '3529', '0000', '7', '81', '1', NULL, NULL),
('63012', '2532', '0000', '7', '72', '1', NULL, NULL),
('63011', '3293', '0606', '7', '89', '1', NULL, NULL),
('64009', '9623', '0606', '7', '80', '1', NULL, NULL),
('63008', '8451', '0303', '7', '47', '1', NULL, NULL),
('63007', '1189', '0000', '7', '55', '1', NULL, NULL),
('63006', '1268', '0000', '7', '68', '1', NULL, NULL),
('63004', '2249', '0303', '7', '58', '1', NULL, NULL),
('63003', '5343', '0000', '7', '57', '1', NULL, NULL),
('63002', '9819', '0000', '7', '43', '1', NULL, NULL),
('63001', '2101', '0000', '7', '73', '1', NULL, NULL),
('62050', '2185', '0000', '7', '70', '1', NULL, NULL),
('62049', '4602', '0606', '7', '96', '1', NULL, NULL),
('62048', '8625', '0606', '7', '76', '1', NULL, NULL),
('62047', '8106', '0606', '7', '89', '1', NULL, NULL),
('62046', '9032', '0606', '7', '72', '1', NULL, NULL),
('62045', '9830', '0606', '7', '89', '1', NULL, NULL),
('63026', '5053', '0101', '7', '76', '1', NULL, NULL),
('63015', '1085', '0808', '7', '89', '1', NULL, NULL),
('63016', '9086', '0808', '7', '89', '1', NULL, NULL),
('63018', '7653', '0606', '7', '89', '1', NULL, NULL),
('63030', '7487', '0000', '7', '66', '1', NULL, NULL),
('63021', '6744', '0606', '7', '96', '1', NULL, NULL),
('63022', '7486', '0606', '7', '81', '1', NULL, NULL),
('63023', '8736', '0303', '7', '47', '1', NULL, NULL),
('63024', '3641', '0000', '7', '75', '1', NULL, NULL),
('63025', '8632', '0606', '7', '75', '1', NULL, NULL),
('63027', '4683', '0707', '7', '89', '1', NULL, NULL),
('63031', '2532', '1717', '7', '76', '1', NULL, NULL),
('63032', '9535', '1717', '7', '76', '1', NULL, NULL),
('63033', '2648', '0000', '7', '84', '1', NULL, NULL),
('63034', '3512', '0000', '7', '65', '1', NULL, NULL),
('63035', '1605', '1717', '7', '73', '1', NULL, NULL),
('63036', '1646', '0101', '7', '76', '1', NULL, NULL),
('20017', '6025', '1818', '7', '89', '1', NULL, NULL),
('20041', '4591', '1818', '7', '89', '1', NULL, NULL),
('63019', '3996', '1717', '7', '89', '1', NULL, NULL),
('63037', '2309', '0808', '7', '89', '1', NULL, NULL),
('63038', '4911', '0606', '7', '73', '1', NULL, NULL),
('63039', '0353', '0606', '7', '73', '1', NULL, NULL),
('64001', '6783', '0606', '7', '89', '1', NULL, NULL),
('64002', '1742', '0606', '7', '89', '1', NULL, NULL),
('64003', '2764', '0606', '7', '89', '1', NULL, NULL),
('64004', '3791', '0606', '7', '57', '1', NULL, NULL),
('64005', '1245', '0606', '7', '57', '1', NULL, NULL),
('64006', '2821', '0606', '7', '89', '1', NULL, NULL),
('64007', '0739', '0606', '7', '89', '1', NULL, NULL),
('64015', '7053', '0000', '7', '68', '1', NULL, NULL),
('64016', '2023', '0000', '7', '44', '1', NULL, NULL),
('64017', '5774', '0606', '7', '57', '1', NULL, NULL),
('64018', '8670', '1212', '7', '55', '1', NULL, NULL),
('64019', '2401', '1212', '7', '72', '1', NULL, NULL),
('64020', '3588', '1212', '7', '55', '1', NULL, NULL),
('arintaya', '147258', '0000', '7', '01', '1', NULL, NULL),
('64021', '1082', '0000', '7', '68', '1', NULL, NULL),
('64022', '0709', '0000', '7', '47', '1', NULL, NULL),
('64023', '3313', '0707', '7', '87', '1', NULL, NULL),
('64024', '9390', '0303', '7', '47', '1', NULL, NULL),
('64025', '4167', '0000', '7', '57', '1', NULL, NULL),
('64026', '1294', '0808', '7', '57', '1', NULL, NULL),
('64027', '321654321654', '0000', '7', '77', '1', NULL, NULL),
('64028', '8977', '1616', '7', '57', '1', NULL, NULL),
('64029', '8638', '1717', '7', '73', '1', NULL, NULL),
('64030', '5894', '0808', '7', '89', '1', NULL, NULL),
('64031', '9396', '0808', '7', '89', '1', NULL, NULL),
('64034', '3252', '0606', '7', '80', '1', NULL, NULL),
('64032', '8794', '0808', '7', '57', '1', NULL, NULL),
('64033', '9738', '0808', '7', '57', '1', NULL, NULL),
('64035', '4720', '0000', '7', '68', '1', NULL, NULL),
('64036', '7898', '0000', '7', '66', '1', NULL, NULL),
('64037', '6035', '0000', '7', '65', '1', NULL, NULL),
('64041', '7618', '0000', '7', '57', '1', NULL, NULL),
('64042', '6215', '0808', '7', '57', '1', NULL, NULL),
('64038', '6762', '0909', '7', '89', '1', NULL, NULL),
('64039', '3186', '1010', '7', '89', '1', NULL, NULL),
('64040', '5345', '0202', '7', '43', '1', NULL, NULL);

-- --------------------------------------------------------

--
-- Table structure for table `tb_nward`
--

CREATE TABLE `tb_nward` (
  `News_id` int(11) NOT NULL,
  `New_Heading` varchar(255) DEFAULT NULL,
  `ward_code` varchar(5) NOT NULL DEFAULT '',
  `News_datesend` datetime DEFAULT NULL,
  `nread` int(3) UNSIGNED NOT NULL DEFAULT '0',
  `mcomment` text NOT NULL,
  `section` char(2) NOT NULL DEFAULT '',
  `sendby` varchar(10) DEFAULT NULL,
  `nresponse` int(3) UNSIGNED DEFAULT '0'
) ENGINE=MyISAM DEFAULT CHARSET=tis620;

--
-- Dumping data for table `tb_nward`
--

INSERT INTO `tb_nward` (`News_id`, `New_Heading`, `ward_code`, `News_datesend`, `nread`, `mcomment`, `section`, `sendby`, `nresponse`) VALUES
(0, 'สำนักงานCMEx', '0000', NULL, 0, '', '00', NULL, 0),
(2, 'ศูนย์สุขภาพสตรี', '0202', NULL, 0, '', '02', NULL, 0),
(1, 'ศูนย์เลสิค', '0101', NULL, 0, '', '01', NULL, 0),
(5, 'ศูนย์เลเซอร์ต้อกระจก', '0505', NULL, 0, '', '05', NULL, 0),
(4, 'ศูนย์เพ็ทซีที และไซโคลตรอน', '0404', NULL, 0, '', '04', NULL, 0),
(3, 'ศูนย์การแพทย์ผสมผสาน', '0303', NULL, 0, '', '03', NULL, 0),
(6, 'ศูนย์เวชศาสตร์ผู้สูงอายุ', '0606', NULL, 0, '', '06', NULL, 0),
(7, 'ศูนย์วิเคราะห์สุขภาพการนอนหลับ', '0707', NULL, 0, '', '07', NULL, 0),
(8, 'ศูนย์ผู้ป่วยนอกCmex', '0808', NULL, 0, '', '08', NULL, 0),
(17, 'ศูนย์การแพทย์เพื่อการมีบุตร', '1717', NULL, 0, '', '17', NULL, 0),
(99, 'ศูนย์ความเป็นเลิศทางการแพทย์', '9999', NULL, 0, '', '99', NULL, 0);

-- --------------------------------------------------------

--
-- Table structure for table `tb_person`
--

CREATE TABLE `tb_person` (
  `SSUSR_Initials` varchar(255) DEFAULT NULL,
  `NUM_OT` varchar(20) NOT NULL DEFAULT '',
  `work` date DEFAULT NULL COMMENT 'วันเริ่มทำงาน',
  `start` date DEFAULT NULL COMMENT 'วันเข้าทำงานวันแรก',
  `Person_id` varchar(30) DEFAULT NULL,
  `Person_id1` varchar(30) DEFAULT NULL,
  `Fname` varchar(30) DEFAULT NULL,
  `chFname` varchar(50) DEFAULT NULL,
  `Lname` varchar(50) DEFAULT NULL,
  `chLname` varchar(50) DEFAULT NULL,
  `name_english` varchar(30) DEFAULT NULL,
  `lname_english` varchar(50) DEFAULT NULL,
  `sex` char(1) DEFAULT NULL,
  `MR1` varchar(10) DEFAULT NULL,
  `MR` char(1) DEFAULT NULL,
  `position_id` varchar(15) DEFAULT NULL,
  `mstatus` tinyint(1) DEFAULT NULL,
  `born` date DEFAULT NULL,
  `born_1` date DEFAULT NULL,
  `national` varchar(30) DEFAULT NULL,
  `religion` tinyint(1) DEFAULT NULL,
  `BIRTH_PLACE` text,
  `father` varchar(100) DEFAULT NULL,
  `father_occu` varchar(255) DEFAULT NULL,
  `mother` varchar(100) DEFAULT NULL,
  `mother_occu` varchar(255) DEFAULT NULL,
  `MAR` varchar(11) DEFAULT NULL,
  `MAR_new` tinyint(1) DEFAULT '1',
  `couple` varchar(100) DEFAULT NULL,
  `couple_occu` varchar(255) DEFAULT NULL,
  `son_count` varchar(255) DEFAULT NULL,
  `home` varchar(255) DEFAULT '',
  `TUMBOL` varchar(50) DEFAULT NULL,
  `tumbol_id` int(11) DEFAULT NULL,
  `tumbol_name` int(10) DEFAULT NULL,
  `aumphor` int(11) DEFAULT NULL,
  `aumphor_name` varchar(15) DEFAULT NULL,
  `province_id` int(11) DEFAULT NULL,
  `PROVINCE` varchar(30) DEFAULT NULL,
  `mail_code` varchar(255) DEFAULT NULL,
  `telaphone` varchar(30) DEFAULT NULL,
  `mobile_phone` varchar(30) DEFAULT NULL,
  `ward_phone` varchar(30) DEFAULT NULL,
  `relative` text,
  `relative_occu` varchar(255) DEFAULT NULL,
  `relative_addr` text,
  `num_people` varchar(13) DEFAULT NULL,
  `num_people1` varchar(13) DEFAULT NULL,
  `edu_cer` smallint(6) DEFAULT NULL,
  `edu_cer1` varchar(255) DEFAULT NULL,
  `edu_degree` tinyint(1) DEFAULT NULL,
  `edu_from` varchar(255) DEFAULT NULL,
  `edu_vol` varchar(255) DEFAULT NULL,
  `edu_year` varchar(255) DEFAULT NULL,
  `blood_group` varchar(255) DEFAULT NULL,
  `form_size` varchar(255) DEFAULT NULL,
  `form_size1` varchar(255) DEFAULT NULL,
  `pos_new` char(3) DEFAULT NULL,
  `pos_old` varchar(50) DEFAULT NULL,
  `pos1` char(3) DEFAULT NULL,
  `pos_thai` varchar(255) DEFAULT NULL,
  `PP` char(3) DEFAULT NULL,
  `PP1` varchar(19) DEFAULT NULL,
  `PP_new` char(3) DEFAULT NULL,
  `FW_CODE` varchar(10) DEFAULT NULL,
  `FW_CODE_new` varchar(10) DEFAULT NULL,
  `FW_CODE1` varchar(45) DEFAULT NULL,
  `per_order` int(11) DEFAULT NULL,
  `work_sec` varchar(255) DEFAULT NULL,
  `nursecer_id` varchar(255) DEFAULT NULL,
  `nursecer_date` date DEFAULT NULL,
  `sapa_id` varchar(255) DEFAULT NULL,
  `samakom_id` varchar(15) DEFAULT NULL,
  `bank_no` varchar(255) DEFAULT NULL,
  `new` varchar(255) DEFAULT NULL,
  `memo` text,
  `mr_english` varchar(255) DEFAULT NULL,
  `mr_thai` varchar(255) DEFAULT NULL,
  `c_now` varchar(255) DEFAULT NULL,
  `newnurse` tinyint(1) DEFAULT '1',
  `ck` tinyint(1) DEFAULT '0',
  `ncomment` varchar(255) DEFAULT NULL,
  `nyear` char(4) DEFAULT NULL,
  `codeper` varchar(10) DEFAULT NULL,
  `goverment_fund` varchar(50) DEFAULT NULL,
  `day_card` varchar(50) DEFAULT NULL,
  `num_card` varchar(50) DEFAULT NULL,
  `stu` varchar(50) DEFAULT NULL,
  `new_status` varchar(50) DEFAULT NULL,
  `expert` varchar(50) DEFAULT NULL,
  `lastupdate` datetime DEFAULT NULL,
  `nupdate` tinyint(1) DEFAULT '0',
  `hncheck` tinyint(1) DEFAULT '0',
  `pos` char(3) DEFAULT '1'
) ENGINE=MyISAM DEFAULT CHARSET=tis620;

--
-- Dumping data for table `tb_person`
--

INSERT INTO `tb_person` (`SSUSR_Initials`, `NUM_OT`, `work`, `start`, `Person_id`, `Person_id1`, `Fname`, `chFname`, `Lname`, `chLname`, `name_english`, `lname_english`, `sex`, `MR1`, `MR`, `position_id`, `mstatus`, `born`, `born_1`, `national`, `religion`, `BIRTH_PLACE`, `father`, `father_occu`, `mother`, `mother_occu`, `MAR`, `MAR_new`, `couple`, `couple_occu`, `son_count`, `home`, `TUMBOL`, `tumbol_id`, `tumbol_name`, `aumphor`, `aumphor_name`, `province_id`, `PROVINCE`, `mail_code`, `telaphone`, `mobile_phone`, `ward_phone`, `relative`, `relative_occu`, `relative_addr`, `num_people`, `num_people1`, `edu_cer`, `edu_cer1`, `edu_degree`, `edu_from`, `edu_vol`, `edu_year`, `blood_group`, `form_size`, `form_size1`, `pos_new`, `pos_old`, `pos1`, `pos_thai`, `PP`, `PP1`, `PP_new`, `FW_CODE`, `FW_CODE_new`, `FW_CODE1`, `per_order`, `work_sec`, `nursecer_id`, `nursecer_date`, `sapa_id`, `samakom_id`, `bank_no`, `new`, `memo`, `mr_english`, `mr_thai`, `c_now`, `newnurse`, `ck`, `ncomment`, `nyear`, `codeper`, `goverment_fund`, `day_card`, `num_card`, `stu`, `new_status`, `expert`, `lastupdate`, `nupdate`, `hncheck`, `pos`) VALUES
(NULL, '59033', NULL, NULL, '59033', NULL, 'ชัยธวัช', NULL, 'กิตติคุณากร', NULL, 'chaithawat', 'kittikunakorn', 'm', NULL, NULL, NULL, NULL, NULL, NULL, NULL, NULL, NULL, NULL, NULL, NULL, NULL, NULL, 1, NULL, NULL, NULL, '', NULL, NULL, NULL, NULL, NULL, NULL, NULL, NULL, NULL, NULL, NULL, NULL, NULL, NULL, NULL, NULL, NULL, NULL, NULL, NULL, NULL, NULL, NULL, NULL, NULL, NULL, NULL, NULL, NULL, NULL, NULL, NULL, '0000', NULL, NULL, NULL, NULL, NULL, NULL, NULL, NULL, NULL, NULL, NULL, NULL, NULL, NULL, 1, 0, NULL, NULL, NULL, NULL, NULL, NULL, NULL, NULL, NULL, NULL, 0, 0, '1'),
(NULL, '60025', NULL, NULL, '60025', NULL, 'รังสิมันตุ์', NULL, 'ไก่งาม', NULL, NULL, NULL, 'f', NULL, NULL, NULL, NULL, NULL, NULL, NULL, NULL, NULL, NULL, NULL, NULL, NULL, NULL, 1, NULL, NULL, NULL, '', NULL, NULL, NULL, NULL, NULL, NULL, NULL, NULL, NULL, NULL, NULL, NULL, NULL, NULL, NULL, NULL, NULL, NULL, NULL, NULL, NULL, NULL, NULL, NULL, NULL, NULL, NULL, NULL, NULL, NULL, NULL, NULL, NULL, NULL, NULL, NULL, NULL, NULL, NULL, NULL, NULL, NULL, NULL, NULL, NULL, NULL, NULL, 1, 0, NULL, NULL, NULL, NULL, NULL, NULL, NULL, NULL, NULL, NULL, 0, 0, '1'),
(NULL, '60054', NULL, NULL, '60054', NULL, 'กรณ์ณภัทร', NULL, 'จตุพรเรืองรอง', NULL, NULL, NULL, 'f', NULL, NULL, NULL, NULL, NULL, NULL, NULL, NULL, NULL, NULL, NULL, NULL, NULL, NULL, 1, NULL, NULL, NULL, '', NULL, NULL, NULL, NULL, NULL, NULL, NULL, NULL, NULL, NULL, NULL, NULL, NULL, NULL, NULL, NULL, NULL, NULL, NULL, NULL, NULL, NULL, NULL, NULL, NULL, NULL, NULL, NULL, NULL, NULL, NULL, NULL, NULL, NULL, NULL, NULL, NULL, NULL, NULL, NULL, NULL, NULL, NULL, NULL, NULL, NULL, NULL, 1, 0, NULL, NULL, NULL, NULL, NULL, NULL, NULL, NULL, NULL, NULL, 0, 0, '1'),
(NULL, '60055', NULL, NULL, '60055', NULL, 'ปัทมา', NULL, 'ประดับ', NULL, NULL, NULL, 'f', NULL, NULL, NULL, NULL, NULL, NULL, NULL, NULL, NULL, NULL, NULL, NULL, NULL, NULL, 1, NULL, NULL, NULL, '', NULL, NULL, NULL, NULL, NULL, NULL, NULL, NULL, NULL, NULL, NULL, NULL, NULL, NULL, NULL, NULL, NULL, NULL, NULL, NULL, NULL, NULL, NULL, NULL, NULL, NULL, NULL, NULL, NULL, NULL, NULL, NULL, NULL, NULL, NULL, NULL, NULL, NULL, NULL, NULL, NULL, NULL, NULL, NULL, NULL, NULL, NULL, 1, 0, NULL, NULL, NULL, NULL, NULL, NULL, NULL, NULL, NULL, NULL, 0, 0, '1'),
(NULL, '58002', NULL, NULL, '58002', NULL, 'มารุต', NULL, 'คำมา', NULL, NULL, NULL, 'm', NULL, NULL, NULL, NULL, NULL, NULL, NULL, NULL, NULL, NULL, NULL, NULL, NULL, NULL, 1, NULL, NULL, NULL, '', NULL, NULL, NULL, NULL, NULL, NULL, NULL, NULL, NULL, NULL, NULL, NULL, NULL, NULL, NULL, NULL, NULL, NULL, NULL, NULL, NULL, NULL, NULL, NULL, NULL, NULL, NULL, NULL, NULL, NULL, NULL, NULL, NULL, NULL, NULL, NULL, NULL, NULL, NULL, NULL, NULL, NULL, NULL, NULL, NULL, NULL, NULL, 1, 0, NULL, NULL, NULL, NULL, NULL, NULL, NULL, NULL, NULL, NULL, 0, 0, '1'),
(NULL, '59039', NULL, NULL, '59039', NULL, 'วิโรจน์', NULL, 'ศรีอำนาจ', NULL, NULL, NULL, 'm', NULL, NULL, NULL, NULL, NULL, NULL, NULL, NULL, NULL, NULL, NULL, NULL, NULL, NULL, 1, NULL, NULL, NULL, '', NULL, NULL, NULL, NULL, NULL, NULL, NULL, NULL, NULL, NULL, NULL, NULL, NULL, NULL, NULL, NULL, NULL, NULL, NULL, NULL, NULL, NULL, NULL, NULL, NULL, NULL, NULL, NULL, NULL, NULL, NULL, NULL, NULL, NULL, NULL, NULL, NULL, NULL, NULL, NULL, NULL, NULL, NULL, NULL, NULL, NULL, NULL, 1, 0, NULL, NULL, NULL, NULL, NULL, NULL, NULL, NULL, NULL, NULL, 0, 0, '1'),
(NULL, '60060', NULL, NULL, '60060', NULL, 'กนกอร', NULL, 'โพธิวงค์', NULL, NULL, NULL, 'f', NULL, NULL, NULL, NULL, NULL, NULL, NULL, NULL, NULL, NULL, NULL, NULL, NULL, NULL, 1, NULL, NULL, NULL, '', NULL, NULL, NULL, NULL, NULL, NULL, NULL, NULL, NULL, NULL, NULL, NULL, NULL, NULL, NULL, NULL, NULL, NULL, NULL, NULL, NULL, NULL, NULL, NULL, NULL, NULL, NULL, NULL, NULL, NULL, NULL, NULL, NULL, NULL, NULL, NULL, NULL, NULL, NULL, NULL, NULL, NULL, NULL, NULL, NULL, NULL, NULL, 1, 0, NULL, NULL, NULL, NULL, NULL, NULL, NULL, NULL, NULL, NULL, 0, 0, '1'),
(NULL, 'teekorn', NULL, NULL, 'teekorn', NULL, 'ธีรกร', NULL, 'ธีรกิตติกุล', NULL, NULL, NULL, 'm', NULL, NULL, NULL, NULL, NULL, NULL, NULL, NULL, NULL, NULL, NULL, NULL, NULL, NULL, 1, NULL, NULL, NULL, '', NULL, NULL, NULL, NULL, NULL, NULL, NULL, NULL, NULL, NULL, NULL, NULL, NULL, NULL, NULL, NULL, NULL, NULL, NULL, NULL, NULL, NULL, NULL, NULL, NULL, NULL, NULL, NULL, NULL, NULL, NULL, NULL, NULL, NULL, NULL, NULL, NULL, NULL, NULL, NULL, NULL, NULL, NULL, NULL, NULL, NULL, NULL, 1, 0, NULL, NULL, NULL, NULL, NULL, NULL, NULL, NULL, NULL, NULL, 0, 0, '1'),
(NULL, '60058', NULL, NULL, '60058', NULL, 'ณัฐฐา\r\n', NULL, 'ฐิติศรารักษ์\r\n', NULL, '', NULL, 'f', NULL, NULL, NULL, NULL, NULL, NULL, NULL, NULL, NULL, NULL, NULL, NULL, NULL, NULL, 1, NULL, NULL, NULL, '', NULL, NULL, NULL, NULL, NULL, NULL, NULL, NULL, NULL, NULL, NULL, NULL, NULL, NULL, NULL, NULL, NULL, NULL, NULL, NULL, NULL, NULL, NULL, NULL, NULL, NULL, NULL, NULL, NULL, NULL, NULL, NULL, NULL, NULL, NULL, NULL, NULL, NULL, NULL, NULL, NULL, NULL, NULL, NULL, NULL, NULL, NULL, 1, 0, NULL, NULL, NULL, NULL, NULL, NULL, NULL, NULL, NULL, NULL, 0, 0, '1'),
(NULL, 'somsang', NULL, NULL, 'somsang', NULL, 'สมสงวน', NULL, 'อัษญคุณ', NULL, NULL, NULL, 'f', NULL, NULL, NULL, NULL, NULL, NULL, NULL, NULL, NULL, NULL, NULL, NULL, NULL, NULL, 1, NULL, NULL, NULL, '', NULL, NULL, NULL, NULL, NULL, NULL, NULL, NULL, NULL, NULL, NULL, NULL, NULL, NULL, NULL, NULL, NULL, NULL, NULL, NULL, NULL, NULL, NULL, NULL, NULL, NULL, NULL, NULL, NULL, NULL, NULL, NULL, NULL, NULL, NULL, NULL, NULL, NULL, NULL, NULL, NULL, NULL, NULL, NULL, NULL, NULL, NULL, 1, 0, NULL, NULL, NULL, NULL, NULL, NULL, NULL, NULL, NULL, NULL, 0, 0, '1'),
(NULL, '55007', NULL, NULL, '55007', NULL, 'สุจิตรา', NULL, 'เตชะเต่ย', NULL, NULL, NULL, 'f', NULL, NULL, NULL, NULL, NULL, NULL, NULL, NULL, NULL, NULL, NULL, NULL, NULL, NULL, 1, NULL, NULL, NULL, '', NULL, NULL, NULL, NULL, NULL, NULL, NULL, NULL, NULL, NULL, NULL, NULL, NULL, NULL, NULL, NULL, NULL, NULL, NULL, NULL, NULL, NULL, NULL, NULL, NULL, NULL, NULL, NULL, NULL, NULL, NULL, NULL, NULL, NULL, NULL, NULL, NULL, NULL, NULL, NULL, NULL, NULL, NULL, NULL, NULL, NULL, NULL, 1, 0, NULL, NULL, NULL, NULL, NULL, NULL, NULL, NULL, NULL, NULL, 0, 0, '1'),
(NULL, '55012', NULL, NULL, '55012', NULL, 'เจษฎาพงษ์', NULL, 'พุ่มร่วมใจ', NULL, NULL, NULL, 'm', NULL, NULL, NULL, NULL, NULL, NULL, NULL, NULL, NULL, NULL, NULL, NULL, NULL, NULL, 1, NULL, NULL, NULL, '', NULL, NULL, NULL, NULL, NULL, NULL, NULL, NULL, NULL, NULL, NULL, NULL, NULL, NULL, NULL, NULL, NULL, NULL, NULL, NULL, NULL, NULL, NULL, NULL, NULL, NULL, NULL, NULL, NULL, NULL, NULL, NULL, NULL, NULL, NULL, NULL, NULL, NULL, NULL, NULL, NULL, NULL, NULL, NULL, NULL, NULL, NULL, 1, 0, NULL, NULL, NULL, NULL, NULL, NULL, NULL, NULL, NULL, NULL, 0, 0, '1'),
(NULL, '55013', NULL, NULL, '55013', NULL, 'กนกวฤนท์', NULL, 'กัลยาณมิตร', NULL, NULL, NULL, 'f', NULL, NULL, NULL, NULL, NULL, NULL, NULL, NULL, NULL, NULL, NULL, NULL, NULL, NULL, 1, NULL, NULL, NULL, '', NULL, NULL, NULL, NULL, NULL, NULL, NULL, NULL, NULL, NULL, NULL, NULL, NULL, NULL, NULL, NULL, NULL, NULL, NULL, NULL, NULL, NULL, NULL, NULL, NULL, NULL, NULL, NULL, NULL, NULL, NULL, NULL, NULL, NULL, NULL, NULL, NULL, NULL, NULL, NULL, NULL, NULL, NULL, NULL, NULL, NULL, NULL, 1, 0, NULL, NULL, NULL, NULL, NULL, NULL, NULL, NULL, NULL, NULL, 0, 0, '1'),
(NULL, '55015', NULL, NULL, '55015', NULL, 'สุภาพร', NULL, 'เลาหพูนรังษี', NULL, NULL, NULL, 'f', NULL, NULL, NULL, NULL, NULL, NULL, NULL, NULL, NULL, NULL, NULL, NULL, NULL, NULL, 1, NULL, NULL, NULL, '', NULL, NULL, NULL, NULL, NULL, NULL, NULL, NULL, NULL, NULL, NULL, NULL, NULL, NULL, NULL, NULL, NULL, NULL, NULL, NULL, NULL, NULL, NULL, NULL, NULL, NULL, NULL, NULL, NULL, NULL, NULL, NULL, NULL, NULL, NULL, NULL, NULL, NULL, NULL, NULL, NULL, NULL, NULL, NULL, NULL, NULL, NULL, 1, 0, NULL, NULL, NULL, NULL, NULL, NULL, NULL, NULL, NULL, NULL, 0, 0, '1'),
(NULL, '56003', NULL, NULL, '56003', NULL, 'รัชตวรรณ', NULL, 'กันทา', NULL, NULL, NULL, 'f', NULL, NULL, NULL, NULL, NULL, NULL, NULL, NULL, NULL, NULL, NULL, NULL, NULL, NULL, 1, NULL, NULL, NULL, '', NULL, NULL, NULL, NULL, NULL, NULL, NULL, NULL, NULL, NULL, NULL, NULL, NULL, NULL, NULL, NULL, NULL, NULL, NULL, NULL, NULL, NULL, NULL, NULL, NULL, NULL, NULL, NULL, NULL, NULL, NULL, NULL, NULL, NULL, NULL, NULL, NULL, NULL, NULL, NULL, NULL, NULL, NULL, NULL, NULL, NULL, NULL, 1, 0, NULL, NULL, NULL, NULL, NULL, NULL, NULL, NULL, NULL, NULL, 0, 0, '1'),
(NULL, '56004', NULL, NULL, '56004', NULL, 'จตุพร', NULL, 'รัตนศีล', NULL, NULL, NULL, 'f', NULL, NULL, NULL, NULL, NULL, NULL, NULL, NULL, NULL, NULL, NULL, NULL, NULL, NULL, 1, NULL, NULL, NULL, '', NULL, NULL, NULL, NULL, NULL, NULL, NULL, NULL, NULL, NULL, NULL, NULL, NULL, NULL, NULL, NULL, NULL, NULL, NULL, NULL, NULL, NULL, NULL, NULL, NULL, NULL, NULL, NULL, NULL, NULL, NULL, NULL, NULL, NULL, NULL, NULL, NULL, NULL, NULL, NULL, NULL, NULL, NULL, NULL, NULL, NULL, NULL, 1, 0, NULL, NULL, NULL, NULL, NULL, NULL, NULL, NULL, NULL, NULL, 0, 0, '1'),
(NULL, '56006', NULL, NULL, '56006', NULL, 'เสาวลักษณ์', NULL, 'พรหมศร', NULL, NULL, NULL, 'f', NULL, NULL, NULL, NULL, NULL, NULL, NULL, NULL, NULL, NULL, NULL, NULL, NULL, NULL, 1, NULL, NULL, NULL, '', NULL, NULL, NULL, NULL, NULL, NULL, NULL, NULL, NULL, NULL, NULL, NULL, NULL, NULL, NULL, NULL, NULL, NULL, NULL, NULL, NULL, NULL, NULL, NULL, NULL, NULL, NULL, NULL, NULL, NULL, NULL, NULL, NULL, NULL, NULL, NULL, NULL, NULL, NULL, NULL, NULL, NULL, NULL, NULL, NULL, NULL, NULL, 1, 0, NULL, NULL, NULL, NULL, NULL, NULL, NULL, NULL, NULL, NULL, 0, 0, '1'),
(NULL, '56007', NULL, NULL, '56007', NULL, 'อรวรรณ', NULL, 'สมทานี', NULL, NULL, NULL, 'f', NULL, NULL, NULL, NULL, NULL, NULL, NULL, NULL, NULL, NULL, NULL, NULL, NULL, NULL, 1, NULL, NULL, NULL, '', NULL, NULL, NULL, NULL, NULL, NULL, NULL, NULL, NULL, NULL, NULL, NULL, NULL, NULL, NULL, NULL, NULL, NULL, NULL, NULL, NULL, NULL, NULL, NULL, NULL, NULL, NULL, NULL, NULL, NULL, NULL, NULL, NULL, NULL, NULL, NULL, NULL, NULL, NULL, NULL, NULL, NULL, NULL, NULL, NULL, NULL, NULL, 1, 0, NULL, NULL, NULL, NULL, NULL, NULL, NULL, NULL, NULL, NULL, 0, 0, '1'),
(NULL, '56010', NULL, NULL, '56010', NULL, 'ธาริณี', NULL, 'บุญญวรรณ', NULL, NULL, NULL, 'f', NULL, NULL, NULL, NULL, NULL, NULL, NULL, NULL, NULL, NULL, NULL, NULL, NULL, NULL, 1, NULL, NULL, NULL, '', NULL, NULL, NULL, NULL, NULL, NULL, NULL, NULL, NULL, NULL, NULL, NULL, NULL, NULL, NULL, NULL, NULL, NULL, NULL, NULL, NULL, NULL, NULL, NULL, NULL, NULL, NULL, NULL, NULL, NULL, NULL, NULL, NULL, NULL, NULL, NULL, NULL, NULL, NULL, NULL, NULL, NULL, NULL, NULL, NULL, NULL, NULL, 1, 0, NULL, NULL, NULL, NULL, NULL, NULL, NULL, NULL, NULL, NULL, 0, 0, '1'),
(NULL, '56011', NULL, NULL, '56011', NULL, 'กานต์', NULL, 'วิมลวรรธนะสาร', NULL, NULL, NULL, 'm', NULL, NULL, NULL, NULL, NULL, NULL, NULL, NULL, NULL, NULL, NULL, NULL, NULL, NULL, 1, NULL, NULL, NULL, '', NULL, NULL, NULL, NULL, NULL, NULL, NULL, NULL, NULL, NULL, NULL, NULL, NULL, NULL, NULL, NULL, NULL, NULL, NULL, NULL, NULL, NULL, NULL, NULL, NULL, NULL, NULL, NULL, NULL, NULL, NULL, NULL, NULL, NULL, NULL, NULL, NULL, NULL, NULL, NULL, NULL, NULL, NULL, NULL, NULL, NULL, NULL, 1, 0, NULL, NULL, NULL, NULL, NULL, NULL, NULL, NULL, NULL, NULL, 0, 0, '1'),
(NULL, '62005', NULL, NULL, '62005', NULL, 'ธนบดี', NULL, 'นื่มวงษ์', NULL, NULL, NULL, 'm', NULL, NULL, NULL, NULL, NULL, NULL, NULL, NULL, NULL, NULL, NULL, NULL, NULL, NULL, 1, NULL, NULL, NULL, '', NULL, NULL, NULL, NULL, NULL, NULL, NULL, NULL, NULL, NULL, NULL, NULL, NULL, NULL, NULL, NULL, NULL, NULL, NULL, NULL, NULL, NULL, NULL, NULL, NULL, NULL, NULL, NULL, NULL, NULL, NULL, NULL, NULL, NULL, NULL, NULL, NULL, NULL, NULL, NULL, NULL, NULL, NULL, NULL, NULL, NULL, NULL, 1, 0, NULL, NULL, NULL, NULL, NULL, NULL, NULL, NULL, NULL, NULL, 0, 0, '1'),
(NULL, '61052', NULL, NULL, '61052', NULL, 'พลอย', NULL, 'ทรัพย์ไพบูลย์กิจ', NULL, NULL, NULL, 'f', NULL, NULL, NULL, NULL, NULL, NULL, NULL, NULL, NULL, NULL, NULL, NULL, NULL, NULL, 1, NULL, NULL, NULL, '', NULL, NULL, NULL, NULL, NULL, NULL, NULL, NULL, NULL, NULL, NULL, NULL, NULL, NULL, NULL, NULL, NULL, NULL, NULL, NULL, NULL, NULL, NULL, NULL, NULL, NULL, NULL, NULL, NULL, NULL, NULL, NULL, NULL, NULL, NULL, NULL, NULL, NULL, NULL, NULL, NULL, NULL, NULL, NULL, NULL, NULL, NULL, 1, 0, NULL, NULL, NULL, NULL, NULL, NULL, NULL, NULL, NULL, NULL, 0, 0, '1'),
(NULL, '56016', NULL, NULL, '56016', NULL, 'ปรารถนา', NULL, 'ไชยวรรณ์', NULL, NULL, NULL, 'f', NULL, NULL, NULL, NULL, NULL, NULL, NULL, NULL, NULL, NULL, NULL, NULL, NULL, NULL, 1, NULL, NULL, NULL, '', NULL, NULL, NULL, NULL, NULL, NULL, NULL, NULL, NULL, NULL, NULL, NULL, NULL, NULL, NULL, NULL, NULL, NULL, NULL, NULL, NULL, NULL, NULL, NULL, NULL, NULL, NULL, NULL, NULL, NULL, NULL, NULL, NULL, NULL, NULL, NULL, NULL, NULL, NULL, NULL, NULL, NULL, NULL, NULL, NULL, NULL, NULL, 1, 0, NULL, NULL, NULL, NULL, NULL, NULL, NULL, NULL, NULL, NULL, 0, 0, '1'),
(NULL, '56017', NULL, NULL, '56017', NULL, 'สุจิตรา', NULL, 'จะเรวงค์', NULL, NULL, NULL, 'f', NULL, NULL, NULL, NULL, NULL, NULL, NULL, NULL, NULL, NULL, NULL, NULL, NULL, NULL, 1, NULL, NULL, NULL, '', NULL, NULL, NULL, NULL, NULL, NULL, NULL, NULL, NULL, NULL, NULL, NULL, NULL, NULL, NULL, NULL, NULL, NULL, NULL, NULL, NULL, NULL, NULL, NULL, NULL, NULL, NULL, NULL, NULL, NULL, NULL, NULL, NULL, NULL, NULL, NULL, NULL, NULL, NULL, NULL, NULL, NULL, NULL, NULL, NULL, NULL, NULL, 1, 0, NULL, NULL, NULL, NULL, NULL, NULL, NULL, NULL, NULL, NULL, 0, 0, '1'),
(NULL, '56018', NULL, NULL, '56018', NULL, 'ภัสสร', NULL, 'อินทร์ต้น', NULL, NULL, NULL, 'f', NULL, NULL, NULL, NULL, NULL, NULL, NULL, NULL, NULL, NULL, NULL, NULL, NULL, NULL, 1, NULL, NULL, NULL, '', NULL, NULL, NULL, NULL, NULL, NULL, NULL, NULL, NULL, NULL, NULL, NULL, NULL, NULL, NULL, NULL, NULL, NULL, NULL, NULL, NULL, NULL, NULL, NULL, NULL, NULL, NULL, NULL, NULL, NULL, NULL, NULL, NULL, NULL, NULL, NULL, NULL, NULL, NULL, NULL, NULL, NULL, NULL, NULL, NULL, NULL, NULL, 1, 0, NULL, NULL, NULL, NULL, NULL, NULL, NULL, NULL, NULL, NULL, 0, 0, '1'),
(NULL, '56020', NULL, NULL, '56020', NULL, 'ศรีอินทิรา', NULL, 'วงศ์วิจิตร', NULL, NULL, NULL, 'f', NULL, NULL, NULL, NULL, NULL, NULL, NULL, NULL, NULL, NULL, NULL, NULL, NULL, NULL, 1, NULL, NULL, NULL, '', NULL, NULL, NULL, NULL, NULL, NULL, NULL, NULL, NULL, NULL, NULL, NULL, NULL, NULL, NULL, NULL, NULL, NULL, NULL, NULL, NULL, NULL, NULL, NULL, NULL, NULL, NULL, NULL, NULL, NULL, NULL, NULL, NULL, NULL, NULL, NULL, NULL, NULL, NULL, NULL, NULL, NULL, NULL, NULL, NULL, NULL, NULL, 1, 0, NULL, NULL, NULL, NULL, NULL, NULL, NULL, NULL, NULL, NULL, 0, 0, '1'),
(NULL, '62006', NULL, NULL, '62006', NULL, 'กลวัชร', NULL, 'แสงสูง', NULL, NULL, NULL, 'm', NULL, NULL, NULL, NULL, NULL, NULL, NULL, NULL, NULL, NULL, NULL, NULL, NULL, NULL, 1, NULL, NULL, NULL, '', NULL, NULL, NULL, NULL, NULL, NULL, NULL, NULL, NULL, NULL, NULL, NULL, NULL, NULL, NULL, NULL, NULL, NULL, NULL, NULL, NULL, NULL, NULL, NULL, NULL, NULL, NULL, NULL, NULL, NULL, NULL, NULL, NULL, NULL, NULL, NULL, NULL, NULL, NULL, NULL, NULL, NULL, NULL, NULL, NULL, NULL, NULL, 1, 0, NULL, NULL, NULL, NULL, NULL, NULL, NULL, NULL, NULL, NULL, 0, 0, '1'),
(NULL, '62003', NULL, NULL, '62003', NULL, 'ประภัสสร', NULL, 'กุนนะ', NULL, NULL, NULL, 'f', NULL, NULL, NULL, NULL, NULL, NULL, NULL, NULL, NULL, NULL, NULL, NULL, NULL, NULL, 1, NULL, NULL, NULL, '', NULL, NULL, NULL, NULL, NULL, NULL, NULL, NULL, NULL, NULL, NULL, NULL, NULL, NULL, NULL, NULL, NULL, NULL, NULL, NULL, NULL, NULL, NULL, NULL, NULL, NULL, NULL, NULL, NULL, NULL, NULL, NULL, NULL, NULL, NULL, NULL, NULL, NULL, NULL, NULL, NULL, NULL, NULL, NULL, NULL, NULL, NULL, 1, 0, NULL, NULL, NULL, NULL, NULL, NULL, NULL, NULL, NULL, NULL, 0, 0, '1'),
(NULL, '56023', NULL, NULL, '56023', NULL, 'เจนจิรา', NULL, 'แสนเมืองดี', NULL, NULL, NULL, 'f', NULL, NULL, NULL, NULL, NULL, NULL, NULL, NULL, NULL, NULL, NULL, NULL, NULL, NULL, 1, NULL, NULL, NULL, '', NULL, NULL, NULL, NULL, NULL, NULL, NULL, NULL, NULL, NULL, NULL, NULL, NULL, NULL, NULL, NULL, NULL, NULL, NULL, NULL, NULL, NULL, NULL, NULL, NULL, NULL, NULL, NULL, NULL, NULL, NULL, NULL, NULL, NULL, NULL, NULL, NULL, NULL, NULL, NULL, NULL, NULL, NULL, NULL, NULL, NULL, NULL, 1, 0, NULL, NULL, NULL, NULL, NULL, NULL, NULL, NULL, NULL, NULL, 0, 0, '1'),
(NULL, '56025', NULL, NULL, '56025', NULL, 'ชฎาภา', NULL, 'ตระกูลเชียงแก้ว', NULL, NULL, NULL, 'f', NULL, NULL, NULL, NULL, NULL, NULL, NULL, NULL, NULL, NULL, NULL, NULL, NULL, NULL, 1, NULL, NULL, NULL, '', NULL, NULL, NULL, NULL, NULL, NULL, NULL, NULL, NULL, NULL, NULL, NULL, NULL, NULL, NULL, NULL, NULL, NULL, NULL, NULL, NULL, NULL, NULL, NULL, NULL, NULL, NULL, NULL, NULL, NULL, NULL, NULL, NULL, NULL, NULL, NULL, NULL, NULL, NULL, NULL, NULL, NULL, NULL, NULL, NULL, NULL, NULL, 1, 0, NULL, NULL, NULL, NULL, NULL, NULL, NULL, NULL, NULL, NULL, 0, 0, '1'),
(NULL, 'sahatya', NULL, NULL, 'sahatya', NULL, 'สหัทยา', NULL, 'ไพบูลย์วรชาติ', NULL, NULL, NULL, 'f', NULL, NULL, NULL, NULL, NULL, NULL, NULL, NULL, NULL, NULL, NULL, NULL, NULL, NULL, 1, NULL, NULL, NULL, '', NULL, NULL, NULL, NULL, NULL, NULL, NULL, NULL, NULL, NULL, NULL, NULL, NULL, NULL, NULL, NULL, NULL, NULL, NULL, NULL, NULL, NULL, NULL, NULL, NULL, NULL, NULL, NULL, NULL, NULL, NULL, NULL, NULL, NULL, NULL, NULL, NULL, NULL, NULL, NULL, NULL, NULL, NULL, NULL, NULL, NULL, NULL, 1, 0, NULL, NULL, NULL, NULL, NULL, NULL, NULL, NULL, NULL, NULL, 0, 0, '1'),
(NULL, '57002', NULL, NULL, '57002', NULL, 'สุรินทร์', NULL, 'ธรรมา', NULL, NULL, NULL, 'm', NULL, NULL, NULL, NULL, NULL, NULL, NULL, NULL, NULL, NULL, NULL, NULL, NULL, NULL, 1, NULL, NULL, NULL, '', NULL, NULL, NULL, NULL, NULL, NULL, NULL, NULL, NULL, NULL, NULL, NULL, NULL, NULL, NULL, NULL, NULL, NULL, NULL, NULL, NULL, NULL, NULL, NULL, NULL, NULL, NULL, NULL, NULL, NULL, NULL, NULL, NULL, NULL, NULL, NULL, NULL, NULL, NULL, NULL, NULL, NULL, NULL, NULL, NULL, NULL, NULL, 1, 0, NULL, NULL, NULL, NULL, NULL, NULL, NULL, NULL, NULL, NULL, 0, 0, '1'),
(NULL, '57003', NULL, NULL, '57003', NULL, 'พรรณทิพา', NULL, 'เครือสามสุม', NULL, NULL, NULL, 'f', NULL, NULL, NULL, NULL, NULL, NULL, NULL, NULL, NULL, NULL, NULL, NULL, NULL, NULL, 1, NULL, NULL, NULL, '', NULL, NULL, NULL, NULL, NULL, NULL, NULL, NULL, NULL, NULL, NULL, NULL, NULL, NULL, NULL, NULL, NULL, NULL, NULL, NULL, NULL, NULL, NULL, NULL, NULL, NULL, NULL, NULL, NULL, NULL, NULL, NULL, NULL, NULL, NULL, NULL, NULL, NULL, NULL, NULL, NULL, NULL, NULL, NULL, NULL, NULL, NULL, 1, 0, NULL, NULL, NULL, NULL, NULL, NULL, NULL, NULL, NULL, NULL, 0, 0, '1'),
(NULL, '57004', NULL, NULL, '57004', NULL, 'เบญจรัตน์', NULL, 'ทาอ้าย', NULL, NULL, NULL, 'f', NULL, NULL, NULL, NULL, NULL, NULL, NULL, NULL, NULL, NULL, NULL, NULL, NULL, NULL, 1, NULL, NULL, NULL, '', NULL, NULL, NULL, NULL, NULL, NULL, NULL, NULL, NULL, NULL, NULL, NULL, NULL, NULL, NULL, NULL, NULL, NULL, NULL, NULL, NULL, NULL, NULL, NULL, NULL, NULL, NULL, NULL, NULL, NULL, NULL, NULL, NULL, NULL, NULL, NULL, NULL, NULL, NULL, NULL, NULL, NULL, NULL, NULL, NULL, NULL, NULL, 1, 0, NULL, NULL, NULL, NULL, NULL, NULL, NULL, NULL, NULL, NULL, 0, 0, '1'),
(NULL, '57005', NULL, NULL, '57005', NULL, 'สุรัชดา', NULL, 'คำวังสวัสดิ์', NULL, NULL, NULL, 'f', NULL, NULL, NULL, NULL, NULL, NULL, NULL, NULL, NULL, NULL, NULL, NULL, NULL, NULL, 1, NULL, NULL, NULL, '', NULL, NULL, NULL, NULL, NULL, NULL, NULL, NULL, NULL, NULL, NULL, NULL, NULL, NULL, NULL, NULL, NULL, NULL, NULL, NULL, NULL, NULL, NULL, NULL, NULL, NULL, NULL, NULL, NULL, NULL, NULL, NULL, NULL, NULL, NULL, NULL, NULL, NULL, NULL, NULL, NULL, NULL, NULL, NULL, NULL, NULL, NULL, 1, 0, NULL, NULL, NULL, NULL, NULL, NULL, NULL, NULL, NULL, NULL, 0, 0, '1'),
(NULL, '57007', NULL, NULL, '57007', NULL, 'พินสุวรรณ', NULL, 'บัวชุม', NULL, NULL, NULL, 'f', NULL, NULL, NULL, NULL, NULL, NULL, NULL, NULL, NULL, NULL, NULL, NULL, NULL, NULL, 1, NULL, NULL, NULL, '', NULL, NULL, NULL, NULL, NULL, NULL, NULL, NULL, NULL, NULL, NULL, NULL, NULL, NULL, NULL, NULL, NULL, NULL, NULL, NULL, NULL, NULL, NULL, NULL, NULL, NULL, NULL, NULL, NULL, NULL, NULL, NULL, NULL, NULL, NULL, NULL, NULL, NULL, NULL, NULL, NULL, NULL, NULL, NULL, NULL, NULL, NULL, 1, 0, NULL, NULL, NULL, NULL, NULL, NULL, NULL, NULL, NULL, NULL, 0, 0, '1'),
(NULL, '57008', NULL, NULL, '57008', NULL, 'ชยน์พรรณ์', NULL, 'แสงเพชร', NULL, NULL, NULL, 'f', NULL, NULL, NULL, NULL, NULL, NULL, NULL, NULL, NULL, NULL, NULL, NULL, NULL, NULL, 1, NULL, NULL, NULL, '', NULL, NULL, NULL, NULL, NULL, NULL, NULL, NULL, NULL, NULL, NULL, NULL, NULL, NULL, NULL, NULL, NULL, NULL, NULL, NULL, NULL, NULL, NULL, NULL, NULL, NULL, NULL, NULL, NULL, NULL, NULL, NULL, NULL, NULL, NULL, NULL, NULL, NULL, NULL, NULL, NULL, NULL, NULL, NULL, NULL, NULL, NULL, 1, 0, NULL, NULL, NULL, NULL, NULL, NULL, NULL, NULL, NULL, NULL, 0, 0, '1'),
(NULL, 'nchotiro', NULL, NULL, 'nchotiro', NULL, 'นเรนทร์', NULL, 'โชติรสนิรมิต', NULL, NULL, NULL, 'm', NULL, NULL, NULL, NULL, NULL, NULL, NULL, NULL, NULL, NULL, NULL, NULL, NULL, NULL, 1, NULL, NULL, NULL, '', NULL, NULL, NULL, NULL, NULL, NULL, NULL, NULL, NULL, NULL, NULL, NULL, NULL, NULL, NULL, NULL, NULL, NULL, NULL, NULL, NULL, NULL, NULL, NULL, NULL, NULL, NULL, NULL, NULL, NULL, NULL, NULL, NULL, NULL, NULL, NULL, NULL, NULL, NULL, NULL, NULL, NULL, NULL, NULL, NULL, NULL, NULL, 1, 0, NULL, NULL, NULL, NULL, NULL, NULL, NULL, NULL, NULL, NULL, 0, 0, '1'),
(NULL, '57011', NULL, NULL, '57011', NULL, 'ปาเจรา', NULL, 'บุญช่วย', NULL, NULL, NULL, 'f', NULL, NULL, NULL, NULL, NULL, NULL, NULL, NULL, NULL, NULL, NULL, NULL, NULL, NULL, 1, NULL, NULL, NULL, '', NULL, NULL, NULL, NULL, NULL, NULL, NULL, NULL, NULL, NULL, NULL, NULL, NULL, NULL, NULL, NULL, NULL, NULL, NULL, NULL, NULL, NULL, NULL, NULL, NULL, NULL, NULL, NULL, NULL, NULL, NULL, NULL, NULL, NULL, NULL, NULL, NULL, NULL, NULL, NULL, NULL, NULL, NULL, NULL, NULL, NULL, NULL, 1, 0, NULL, NULL, NULL, NULL, NULL, NULL, NULL, NULL, NULL, NULL, 0, 0, '1'),
(NULL, '62036', NULL, NULL, '62036', NULL, 'อังคณา', NULL, 'กันทะกุล', NULL, NULL, NULL, 'f', NULL, NULL, NULL, NULL, NULL, NULL, NULL, NULL, NULL, NULL, NULL, NULL, NULL, NULL, 1, NULL, NULL, NULL, '', NULL, NULL, NULL, NULL, NULL, NULL, NULL, NULL, NULL, NULL, NULL, NULL, NULL, NULL, NULL, NULL, NULL, NULL, NULL, NULL, NULL, NULL, NULL, NULL, NULL, NULL, NULL, NULL, NULL, NULL, NULL, NULL, NULL, NULL, NULL, NULL, NULL, NULL, NULL, NULL, NULL, NULL, NULL, NULL, NULL, NULL, NULL, 1, 0, NULL, NULL, NULL, NULL, NULL, NULL, NULL, NULL, NULL, NULL, 0, 0, '1'),
(NULL, '57015', NULL, NULL, '57015', NULL, 'ภาวิณี', NULL, 'สุธรรมน้อย', NULL, NULL, NULL, 'f', NULL, NULL, NULL, NULL, NULL, NULL, NULL, NULL, NULL, NULL, NULL, NULL, NULL, NULL, 1, NULL, NULL, NULL, '', NULL, NULL, NULL, NULL, NULL, NULL, NULL, NULL, NULL, NULL, NULL, NULL, NULL, NULL, NULL, NULL, NULL, NULL, NULL, NULL, NULL, NULL, NULL, NULL, NULL, NULL, NULL, NULL, NULL, NULL, NULL, NULL, NULL, NULL, NULL, NULL, NULL, NULL, NULL, NULL, NULL, NULL, NULL, NULL, NULL, NULL, NULL, 1, 0, NULL, NULL, NULL, NULL, NULL, NULL, NULL, NULL, NULL, NULL, 0, 0, '1'),
(NULL, '57016', NULL, NULL, '57016', NULL, 'กาญจนา', NULL, 'จำวงค์', NULL, NULL, NULL, 'f', NULL, NULL, NULL, NULL, NULL, NULL, NULL, NULL, NULL, NULL, NULL, NULL, NULL, NULL, 1, NULL, NULL, NULL, '', NULL, NULL, NULL, NULL, NULL, NULL, NULL, NULL, NULL, NULL, NULL, NULL, NULL, NULL, NULL, NULL, NULL, NULL, NULL, NULL, NULL, NULL, NULL, NULL, NULL, NULL, NULL, NULL, NULL, NULL, NULL, NULL, NULL, NULL, NULL, NULL, NULL, NULL, NULL, NULL, NULL, NULL, NULL, NULL, NULL, NULL, NULL, 1, 0, NULL, NULL, NULL, NULL, NULL, NULL, NULL, NULL, NULL, NULL, 0, 0, '1'),
(NULL, '58001', NULL, NULL, '58001', NULL, 'ยุวเรศ', NULL, 'ก้อนแก้ว', NULL, NULL, NULL, 'f', NULL, NULL, NULL, NULL, NULL, NULL, NULL, NULL, NULL, NULL, NULL, NULL, NULL, NULL, 1, NULL, NULL, NULL, '', NULL, NULL, NULL, NULL, NULL, NULL, NULL, NULL, NULL, NULL, NULL, NULL, NULL, NULL, NULL, NULL, NULL, NULL, NULL, NULL, NULL, NULL, NULL, NULL, NULL, NULL, NULL, NULL, NULL, NULL, NULL, NULL, NULL, NULL, NULL, NULL, NULL, NULL, NULL, NULL, NULL, NULL, NULL, NULL, NULL, NULL, NULL, 1, 0, NULL, NULL, NULL, NULL, NULL, NULL, NULL, NULL, NULL, NULL, 0, 0, '1'),
(NULL, '58003', NULL, NULL, '58003', NULL, 'เกียรติศักดิ์', NULL, 'คงภาษี', NULL, NULL, NULL, 'm', NULL, NULL, NULL, NULL, NULL, NULL, NULL, NULL, NULL, NULL, NULL, NULL, NULL, NULL, 1, NULL, NULL, NULL, '', NULL, NULL, NULL, NULL, NULL, NULL, NULL, NULL, NULL, NULL, NULL, NULL, NULL, NULL, NULL, NULL, NULL, NULL, NULL, NULL, NULL, NULL, NULL, NULL, NULL, NULL, NULL, NULL, NULL, NULL, NULL, NULL, NULL, NULL, NULL, NULL, NULL, NULL, NULL, NULL, NULL, NULL, NULL, NULL, NULL, NULL, NULL, 1, 0, NULL, NULL, NULL, NULL, NULL, NULL, NULL, NULL, NULL, NULL, 0, 0, '1'),
(NULL, '58004', NULL, NULL, '58004', NULL, 'สิริมหาจักร', NULL, 'เกียรติไชยากร', NULL, NULL, NULL, 'm', NULL, NULL, NULL, NULL, NULL, NULL, NULL, NULL, NULL, NULL, NULL, NULL, NULL, NULL, 1, NULL, NULL, NULL, '', NULL, NULL, NULL, NULL, NULL, NULL, NULL, NULL, NULL, NULL, NULL, NULL, NULL, NULL, NULL, NULL, NULL, NULL, NULL, NULL, NULL, NULL, NULL, NULL, NULL, NULL, NULL, NULL, NULL, NULL, NULL, NULL, NULL, NULL, NULL, NULL, NULL, NULL, NULL, NULL, NULL, NULL, NULL, NULL, NULL, NULL, NULL, 1, 0, NULL, NULL, NULL, NULL, NULL, NULL, NULL, NULL, NULL, NULL, 0, 0, '1'),
(NULL, '58005', NULL, NULL, '58005', NULL, 'ปัญญา', NULL, 'ดอนวิชา', NULL, NULL, NULL, 'm', NULL, NULL, NULL, NULL, NULL, NULL, NULL, NULL, NULL, NULL, NULL, NULL, NULL, NULL, 1, NULL, NULL, NULL, '', NULL, NULL, NULL, NULL, NULL, NULL, NULL, NULL, NULL, NULL, NULL, NULL, NULL, NULL, NULL, NULL, NULL, NULL, NULL, NULL, NULL, NULL, NULL, NULL, NULL, NULL, NULL, NULL, NULL, NULL, NULL, NULL, NULL, NULL, NULL, NULL, NULL, NULL, NULL, NULL, NULL, NULL, NULL, NULL, NULL, NULL, NULL, 1, 0, NULL, NULL, NULL, NULL, NULL, NULL, NULL, NULL, NULL, NULL, 0, 0, '1'),
(NULL, '58007', NULL, NULL, '58007', NULL, 'วิพรรษา', NULL, 'ไชยเทพ', NULL, NULL, NULL, 'f', NULL, NULL, NULL, NULL, NULL, NULL, NULL, NULL, NULL, NULL, NULL, NULL, NULL, NULL, 1, NULL, NULL, NULL, '', NULL, NULL, NULL, NULL, NULL, NULL, NULL, NULL, NULL, NULL, NULL, NULL, NULL, NULL, NULL, NULL, NULL, NULL, NULL, NULL, NULL, NULL, NULL, NULL, NULL, NULL, NULL, NULL, NULL, NULL, NULL, NULL, NULL, NULL, NULL, NULL, NULL, NULL, NULL, NULL, NULL, NULL, NULL, NULL, NULL, NULL, NULL, 1, 0, NULL, NULL, NULL, NULL, NULL, NULL, NULL, NULL, NULL, NULL, 0, 0, '1'),
(NULL, '58008', NULL, NULL, '58008', NULL, 'เอื้องพร', NULL, 'วงศ์พัฒนากูล', NULL, NULL, NULL, 'f', NULL, NULL, NULL, NULL, NULL, NULL, NULL, NULL, NULL, NULL, NULL, NULL, NULL, NULL, 1, NULL, NULL, NULL, '', NULL, NULL, NULL, NULL, NULL, NULL, NULL, NULL, NULL, NULL, NULL, NULL, NULL, NULL, NULL, NULL, NULL, NULL, NULL, NULL, NULL, NULL, NULL, NULL, NULL, NULL, NULL, NULL, NULL, NULL, NULL, NULL, NULL, NULL, NULL, NULL, NULL, NULL, NULL, NULL, NULL, NULL, NULL, NULL, NULL, NULL, NULL, 1, 0, NULL, NULL, NULL, NULL, NULL, NULL, NULL, NULL, NULL, NULL, 0, 0, '1'),
(NULL, '58009', NULL, NULL, '58009', NULL, 'ธัญญ์นลิน', NULL, 'จันทร', NULL, NULL, NULL, 'f', NULL, NULL, NULL, NULL, NULL, NULL, NULL, NULL, NULL, NULL, NULL, NULL, NULL, NULL, 1, NULL, NULL, NULL, '', NULL, NULL, NULL, NULL, NULL, NULL, NULL, NULL, NULL, NULL, NULL, NULL, NULL, NULL, NULL, NULL, NULL, NULL, NULL, NULL, NULL, NULL, NULL, NULL, NULL, NULL, NULL, NULL, NULL, NULL, NULL, NULL, NULL, NULL, NULL, NULL, NULL, NULL, NULL, NULL, NULL, NULL, NULL, NULL, NULL, NULL, NULL, 1, 0, NULL, NULL, NULL, NULL, NULL, NULL, NULL, NULL, NULL, NULL, 0, 0, '1'),
(NULL, '20017', NULL, NULL, '20017', NULL, 'นิภา', NULL, 'ภู่ปะวะโรทัย', NULL, NULL, NULL, 'f', NULL, NULL, NULL, NULL, NULL, NULL, NULL, NULL, NULL, NULL, NULL, NULL, NULL, NULL, 1, NULL, NULL, NULL, '', NULL, NULL, NULL, NULL, NULL, NULL, NULL, NULL, NULL, NULL, NULL, NULL, NULL, NULL, NULL, NULL, NULL, NULL, NULL, NULL, NULL, NULL, NULL, NULL, NULL, NULL, NULL, NULL, NULL, NULL, NULL, NULL, NULL, NULL, NULL, NULL, NULL, NULL, NULL, NULL, NULL, NULL, NULL, NULL, NULL, NULL, NULL, 1, 0, NULL, NULL, NULL, NULL, NULL, NULL, NULL, NULL, NULL, NULL, 0, 0, '1'),
(NULL, 'surat', NULL, NULL, 'surat', NULL, 'สุรัตน์', NULL, 'ตันประเวช', NULL, NULL, NULL, 'm', NULL, NULL, NULL, NULL, NULL, NULL, NULL, NULL, NULL, NULL, NULL, NULL, NULL, NULL, 1, NULL, NULL, NULL, '', NULL, NULL, NULL, NULL, NULL, NULL, NULL, NULL, NULL, NULL, NULL, NULL, NULL, NULL, NULL, NULL, NULL, NULL, NULL, NULL, NULL, NULL, NULL, NULL, NULL, NULL, NULL, NULL, NULL, NULL, NULL, NULL, NULL, NULL, NULL, NULL, NULL, NULL, NULL, NULL, NULL, NULL, NULL, NULL, NULL, NULL, NULL, 1, 0, NULL, NULL, NULL, NULL, NULL, NULL, NULL, NULL, NULL, NULL, 0, 0, '1'),
(NULL, '58012', NULL, NULL, '58012', NULL, 'นฤมล', NULL, 'กิติรัตน์', NULL, NULL, NULL, 'f', NULL, NULL, NULL, NULL, NULL, NULL, NULL, NULL, NULL, NULL, NULL, NULL, NULL, NULL, 1, NULL, NULL, NULL, '', NULL, NULL, NULL, NULL, NULL, NULL, NULL, NULL, NULL, NULL, NULL, NULL, NULL, NULL, NULL, NULL, NULL, NULL, NULL, NULL, NULL, NULL, NULL, NULL, NULL, NULL, NULL, NULL, NULL, NULL, NULL, NULL, NULL, NULL, NULL, NULL, NULL, NULL, NULL, NULL, NULL, NULL, NULL, NULL, NULL, NULL, NULL, 1, 0, NULL, NULL, NULL, NULL, NULL, NULL, NULL, NULL, NULL, NULL, 0, 0, '1'),
(NULL, '58015', NULL, NULL, '58015', NULL, 'นพมาศ', NULL, 'สิทธิยศ', NULL, NULL, NULL, 'f', NULL, NULL, NULL, NULL, NULL, NULL, NULL, NULL, NULL, NULL, NULL, NULL, NULL, NULL, 1, NULL, NULL, NULL, '', NULL, NULL, NULL, NULL, NULL, NULL, NULL, NULL, NULL, NULL, NULL, NULL, NULL, NULL, NULL, NULL, NULL, NULL, NULL, NULL, NULL, NULL, NULL, NULL, NULL, NULL, NULL, NULL, NULL, NULL, NULL, NULL, NULL, NULL, NULL, NULL, NULL, NULL, NULL, NULL, NULL, NULL, NULL, NULL, NULL, NULL, NULL, 1, 0, NULL, NULL, NULL, NULL, NULL, NULL, NULL, NULL, NULL, NULL, 0, 0, '1'),
(NULL, '58016', NULL, NULL, '58016', NULL, 'วิศัลยา', NULL, 'ไทยธรรมยานนท์', NULL, NULL, NULL, 'f', NULL, NULL, NULL, NULL, NULL, NULL, NULL, NULL, NULL, NULL, NULL, NULL, NULL, NULL, 1, NULL, NULL, NULL, '', NULL, NULL, NULL, NULL, NULL, NULL, NULL, NULL, NULL, NULL, NULL, NULL, NULL, NULL, NULL, NULL, NULL, NULL, NULL, NULL, NULL, NULL, NULL, NULL, NULL, NULL, NULL, NULL, NULL, NULL, NULL, NULL, NULL, NULL, NULL, NULL, NULL, NULL, NULL, NULL, NULL, NULL, NULL, NULL, NULL, NULL, NULL, 1, 0, NULL, NULL, NULL, NULL, NULL, NULL, NULL, NULL, NULL, NULL, 0, 0, '1'),
(NULL, '58018', NULL, NULL, '58018', NULL, 'สิริวรรณ', NULL, 'เสาโกมุท', NULL, NULL, NULL, 'f', NULL, NULL, NULL, NULL, NULL, NULL, NULL, NULL, NULL, NULL, NULL, NULL, NULL, NULL, 1, NULL, NULL, NULL, '', NULL, NULL, NULL, NULL, NULL, NULL, NULL, NULL, NULL, NULL, NULL, NULL, NULL, NULL, NULL, NULL, NULL, NULL, NULL, NULL, NULL, NULL, NULL, NULL, NULL, NULL, NULL, NULL, NULL, NULL, NULL, NULL, NULL, NULL, NULL, NULL, NULL, NULL, NULL, NULL, NULL, NULL, NULL, NULL, NULL, NULL, NULL, 1, 0, NULL, NULL, NULL, NULL, NULL, NULL, NULL, NULL, NULL, NULL, 0, 0, '1'),
(NULL, '58019', NULL, NULL, '58019', NULL, 'ณราศักดิ์', NULL, 'สายทอง', NULL, NULL, NULL, 'm', NULL, NULL, NULL, NULL, NULL, NULL, NULL, NULL, NULL, NULL, NULL, NULL, NULL, NULL, 1, NULL, NULL, NULL, '', NULL, NULL, NULL, NULL, NULL, NULL, NULL, NULL, NULL, NULL, NULL, NULL, NULL, NULL, NULL, NULL, NULL, NULL, NULL, NULL, NULL, NULL, NULL, NULL, NULL, NULL, NULL, NULL, NULL, NULL, NULL, NULL, NULL, NULL, NULL, NULL, NULL, NULL, NULL, NULL, NULL, NULL, NULL, NULL, NULL, NULL, NULL, 1, 0, NULL, NULL, NULL, NULL, NULL, NULL, NULL, NULL, NULL, NULL, 0, 0, '1'),
(NULL, '58022', NULL, NULL, '58022', NULL, 'สุรีนาถ', NULL, 'เชียงคาน', NULL, NULL, NULL, 'f', NULL, NULL, NULL, NULL, NULL, NULL, NULL, NULL, NULL, NULL, NULL, NULL, NULL, NULL, 1, NULL, NULL, NULL, '', NULL, NULL, NULL, NULL, NULL, NULL, NULL, NULL, NULL, NULL, NULL, NULL, NULL, NULL, NULL, NULL, NULL, NULL, NULL, NULL, NULL, NULL, NULL, NULL, NULL, NULL, NULL, NULL, NULL, NULL, NULL, NULL, NULL, NULL, NULL, NULL, NULL, NULL, NULL, NULL, NULL, NULL, NULL, NULL, NULL, NULL, NULL, 1, 0, NULL, NULL, NULL, NULL, NULL, NULL, NULL, NULL, NULL, NULL, 0, 0, '1'),
(NULL, '58023', NULL, NULL, '58023', NULL, 'พรทิภา', NULL, 'ต้นมือ', NULL, NULL, NULL, 'f', NULL, NULL, NULL, NULL, NULL, NULL, NULL, NULL, NULL, NULL, NULL, NULL, NULL, NULL, 1, NULL, NULL, NULL, '', NULL, NULL, NULL, NULL, NULL, NULL, NULL, NULL, NULL, NULL, NULL, NULL, NULL, NULL, NULL, NULL, NULL, NULL, NULL, NULL, NULL, NULL, NULL, NULL, NULL, NULL, NULL, NULL, NULL, NULL, NULL, NULL, NULL, NULL, NULL, NULL, NULL, NULL, NULL, NULL, NULL, NULL, NULL, NULL, NULL, NULL, NULL, 1, 0, NULL, NULL, NULL, NULL, NULL, NULL, NULL, NULL, NULL, NULL, 0, 0, '1'),
(NULL, '58024', NULL, NULL, '58024', NULL, 'สุธี', NULL, 'รังสี', NULL, NULL, NULL, 'm', NULL, NULL, NULL, NULL, NULL, NULL, NULL, NULL, NULL, NULL, NULL, NULL, NULL, NULL, 1, NULL, NULL, NULL, '', NULL, NULL, NULL, NULL, NULL, NULL, NULL, NULL, NULL, NULL, NULL, NULL, NULL, NULL, NULL, NULL, NULL, NULL, NULL, NULL, NULL, NULL, NULL, NULL, NULL, NULL, NULL, NULL, NULL, NULL, NULL, NULL, NULL, NULL, NULL, NULL, NULL, NULL, NULL, NULL, NULL, NULL, NULL, NULL, NULL, NULL, NULL, 1, 0, NULL, NULL, NULL, NULL, NULL, NULL, NULL, NULL, NULL, NULL, 0, 0, '1'),
(NULL, '58025', NULL, NULL, '58025', NULL, 'นเรศ', NULL, 'ศรีนวล', NULL, NULL, NULL, 'm', NULL, NULL, NULL, NULL, NULL, NULL, NULL, NULL, NULL, NULL, NULL, NULL, NULL, NULL, 1, NULL, NULL, NULL, '', NULL, NULL, NULL, NULL, NULL, NULL, NULL, NULL, NULL, NULL, NULL, NULL, NULL, NULL, NULL, NULL, NULL, NULL, NULL, NULL, NULL, NULL, NULL, NULL, NULL, NULL, NULL, NULL, NULL, NULL, NULL, NULL, NULL, NULL, NULL, NULL, NULL, NULL, NULL, NULL, NULL, NULL, NULL, NULL, NULL, NULL, NULL, 1, 0, NULL, NULL, NULL, NULL, NULL, NULL, NULL, NULL, NULL, NULL, 0, 0, '1'),
(NULL, '58026', NULL, NULL, '58026', NULL, 'อนุสรณ์', NULL, 'วงค์รินทร์', NULL, NULL, NULL, 'm', NULL, NULL, NULL, NULL, NULL, NULL, NULL, NULL, NULL, NULL, NULL, NULL, NULL, NULL, 1, NULL, NULL, NULL, '', NULL, NULL, NULL, NULL, NULL, NULL, NULL, NULL, NULL, NULL, NULL, NULL, NULL, NULL, NULL, NULL, NULL, NULL, NULL, NULL, NULL, NULL, NULL, NULL, NULL, NULL, NULL, NULL, NULL, NULL, NULL, NULL, NULL, NULL, NULL, NULL, NULL, NULL, NULL, NULL, NULL, NULL, NULL, NULL, NULL, NULL, NULL, 1, 0, NULL, NULL, NULL, NULL, NULL, NULL, NULL, NULL, NULL, NULL, 0, 0, '1'),
(NULL, '58027', NULL, NULL, '58027', NULL, 'นฤมล', NULL, 'ก่ำแก้ว', NULL, NULL, NULL, 'f', NULL, NULL, NULL, NULL, NULL, NULL, NULL, NULL, NULL, NULL, NULL, NULL, NULL, NULL, 1, NULL, NULL, NULL, '', NULL, NULL, NULL, NULL, NULL, NULL, NULL, NULL, NULL, NULL, NULL, NULL, NULL, NULL, NULL, NULL, NULL, NULL, NULL, NULL, NULL, NULL, NULL, NULL, NULL, NULL, NULL, NULL, NULL, NULL, NULL, NULL, '0000', NULL, NULL, NULL, NULL, NULL, NULL, NULL, NULL, NULL, NULL, NULL, NULL, NULL, NULL, 1, 0, NULL, NULL, NULL, NULL, NULL, NULL, NULL, NULL, NULL, NULL, 0, 0, '1'),
(NULL, '58028', NULL, NULL, '58028', NULL, 'กัณต์ปภัทร', NULL, 'พรมดร', NULL, NULL, NULL, 'm', NULL, NULL, NULL, NULL, NULL, NULL, NULL, NULL, NULL, NULL, NULL, NULL, NULL, NULL, 1, NULL, NULL, NULL, '', NULL, NULL, NULL, NULL, NULL, NULL, NULL, NULL, NULL, NULL, NULL, NULL, NULL, NULL, NULL, NULL, NULL, NULL, NULL, NULL, NULL, NULL, NULL, NULL, NULL, NULL, NULL, NULL, NULL, NULL, NULL, NULL, NULL, NULL, NULL, NULL, NULL, NULL, NULL, NULL, NULL, NULL, NULL, NULL, NULL, NULL, NULL, 1, 0, NULL, NULL, NULL, NULL, NULL, NULL, NULL, NULL, NULL, NULL, 0, 0, '1'),
(NULL, '58029', NULL, NULL, '58029', NULL, 'นวรัตน์', NULL, 'กาวีปลูก', NULL, NULL, NULL, 'f', NULL, NULL, NULL, NULL, NULL, NULL, NULL, NULL, NULL, NULL, NULL, NULL, NULL, NULL, 1, NULL, NULL, NULL, '', NULL, NULL, NULL, NULL, NULL, NULL, NULL, NULL, NULL, NULL, NULL, NULL, NULL, NULL, NULL, NULL, NULL, NULL, NULL, NULL, NULL, NULL, NULL, NULL, NULL, NULL, NULL, NULL, NULL, NULL, NULL, NULL, NULL, NULL, NULL, NULL, NULL, NULL, NULL, NULL, NULL, NULL, NULL, NULL, NULL, NULL, NULL, 1, 0, NULL, NULL, NULL, NULL, NULL, NULL, NULL, NULL, NULL, NULL, 0, 0, '1'),
(NULL, '58032', NULL, NULL, '58032', NULL, 'ณิชากร', NULL, 'ลุงอ่อง', NULL, NULL, NULL, 'f', NULL, NULL, NULL, NULL, NULL, NULL, NULL, NULL, NULL, NULL, NULL, NULL, NULL, NULL, 1, NULL, NULL, NULL, '', NULL, NULL, NULL, NULL, NULL, NULL, NULL, NULL, NULL, NULL, NULL, NULL, NULL, NULL, NULL, NULL, NULL, NULL, NULL, NULL, NULL, NULL, NULL, NULL, NULL, NULL, NULL, NULL, NULL, NULL, NULL, NULL, NULL, NULL, NULL, NULL, NULL, NULL, NULL, NULL, NULL, NULL, NULL, NULL, NULL, NULL, NULL, 1, 0, NULL, NULL, NULL, NULL, NULL, NULL, NULL, NULL, NULL, NULL, 0, 0, '1'),
(NULL, '58034', NULL, NULL, '58034', NULL, 'นริศรา', NULL, 'สาสุจิตร์', NULL, NULL, NULL, 'f', NULL, NULL, NULL, NULL, NULL, NULL, NULL, NULL, NULL, NULL, NULL, NULL, NULL, NULL, 1, NULL, NULL, NULL, '', NULL, NULL, NULL, NULL, NULL, NULL, NULL, NULL, NULL, NULL, NULL, NULL, NULL, NULL, NULL, NULL, NULL, NULL, NULL, NULL, NULL, NULL, NULL, NULL, NULL, NULL, NULL, NULL, NULL, NULL, NULL, NULL, NULL, NULL, NULL, NULL, NULL, NULL, NULL, NULL, NULL, NULL, NULL, NULL, NULL, NULL, NULL, 1, 0, NULL, NULL, NULL, NULL, NULL, NULL, NULL, NULL, NULL, NULL, 0, 0, '1'),
(NULL, '58035', NULL, NULL, '58035', NULL, 'อภิสรา', NULL, 'พลศรีเมือง', NULL, NULL, NULL, 'f', NULL, NULL, NULL, NULL, NULL, NULL, NULL, NULL, NULL, NULL, NULL, NULL, NULL, NULL, 1, NULL, NULL, NULL, '', NULL, NULL, NULL, NULL, NULL, NULL, NULL, NULL, NULL, NULL, NULL, NULL, NULL, NULL, NULL, NULL, NULL, NULL, NULL, NULL, NULL, NULL, NULL, NULL, NULL, NULL, NULL, NULL, NULL, NULL, NULL, NULL, NULL, NULL, NULL, NULL, NULL, NULL, NULL, NULL, NULL, NULL, NULL, NULL, NULL, NULL, NULL, 1, 0, NULL, NULL, NULL, NULL, NULL, NULL, NULL, NULL, NULL, NULL, 0, 0, '1'),
(NULL, '58037', NULL, NULL, '58037', NULL, 'จุฑารัตน์', NULL, 'ตันยเวช', NULL, NULL, NULL, 'f', NULL, NULL, NULL, NULL, NULL, NULL, NULL, NULL, NULL, NULL, NULL, NULL, NULL, NULL, 1, NULL, NULL, NULL, '', NULL, NULL, NULL, NULL, NULL, NULL, NULL, NULL, NULL, NULL, NULL, NULL, NULL, NULL, NULL, NULL, NULL, NULL, NULL, NULL, NULL, NULL, NULL, NULL, NULL, NULL, NULL, NULL, NULL, NULL, NULL, NULL, NULL, NULL, NULL, NULL, NULL, NULL, NULL, NULL, NULL, NULL, NULL, NULL, NULL, NULL, NULL, 1, 0, NULL, NULL, NULL, NULL, NULL, NULL, NULL, NULL, NULL, NULL, 0, 0, '1'),
(NULL, '58039', NULL, NULL, '58039', NULL, 'พิมพิลา', NULL, 'คำพุธ', NULL, NULL, NULL, 'f', NULL, NULL, NULL, NULL, NULL, NULL, NULL, NULL, NULL, NULL, NULL, NULL, NULL, NULL, 1, NULL, NULL, NULL, '', NULL, NULL, NULL, NULL, NULL, NULL, NULL, NULL, NULL, NULL, NULL, NULL, NULL, NULL, NULL, NULL, NULL, NULL, NULL, NULL, NULL, NULL, NULL, NULL, NULL, NULL, NULL, NULL, NULL, NULL, NULL, NULL, NULL, NULL, NULL, NULL, NULL, NULL, NULL, NULL, NULL, NULL, NULL, NULL, NULL, NULL, NULL, 1, 0, NULL, NULL, NULL, NULL, NULL, NULL, NULL, NULL, NULL, NULL, 0, 0, '1'),
(NULL, '58040', NULL, NULL, '58040', NULL, 'ภรภัทร', NULL, 'เล็กทรัพย์', NULL, NULL, NULL, 'f', NULL, NULL, NULL, NULL, NULL, NULL, NULL, NULL, NULL, NULL, NULL, NULL, NULL, NULL, 1, NULL, NULL, NULL, '', NULL, NULL, NULL, NULL, NULL, NULL, NULL, NULL, NULL, NULL, NULL, NULL, NULL, NULL, NULL, NULL, NULL, NULL, NULL, NULL, NULL, NULL, NULL, NULL, NULL, NULL, NULL, NULL, NULL, NULL, NULL, NULL, NULL, NULL, NULL, NULL, NULL, NULL, NULL, NULL, NULL, NULL, NULL, NULL, NULL, NULL, NULL, 1, 0, NULL, NULL, NULL, NULL, NULL, NULL, NULL, NULL, NULL, NULL, 0, 0, '1'),
(NULL, '58042', NULL, NULL, '58042', NULL, 'จีระพันธ์', NULL, 'เชื้อเมืองพาน', NULL, NULL, NULL, 'm', NULL, NULL, NULL, NULL, NULL, NULL, NULL, NULL, NULL, NULL, NULL, NULL, NULL, NULL, 1, NULL, NULL, NULL, '', NULL, NULL, NULL, NULL, NULL, NULL, NULL, NULL, NULL, NULL, NULL, NULL, NULL, NULL, NULL, NULL, NULL, NULL, NULL, NULL, NULL, NULL, NULL, NULL, NULL, NULL, NULL, NULL, NULL, NULL, NULL, NULL, NULL, NULL, NULL, NULL, NULL, NULL, NULL, NULL, NULL, NULL, NULL, NULL, NULL, NULL, NULL, 1, 0, NULL, NULL, NULL, NULL, NULL, NULL, NULL, NULL, NULL, NULL, 0, 0, '1'),
(NULL, '61055', NULL, NULL, '61055', NULL, 'เอกภพ', NULL, 'พจนสิทธิ์', NULL, NULL, NULL, 'm', NULL, NULL, NULL, NULL, NULL, NULL, NULL, NULL, NULL, NULL, NULL, NULL, NULL, NULL, 1, NULL, NULL, NULL, '', NULL, NULL, NULL, NULL, NULL, NULL, NULL, NULL, NULL, NULL, NULL, NULL, NULL, NULL, NULL, NULL, NULL, NULL, NULL, NULL, NULL, NULL, NULL, NULL, NULL, NULL, NULL, NULL, NULL, NULL, NULL, NULL, NULL, NULL, NULL, NULL, NULL, NULL, NULL, NULL, NULL, NULL, NULL, NULL, NULL, NULL, NULL, 1, 0, NULL, NULL, NULL, NULL, NULL, NULL, NULL, NULL, NULL, NULL, 0, 0, '1'),
(NULL, '58044', NULL, NULL, '58044', NULL, 'ชรินทิพย์', NULL, 'จันทร์หอกลอง', NULL, NULL, NULL, 'f', NULL, NULL, NULL, NULL, NULL, NULL, NULL, NULL, NULL, NULL, NULL, NULL, NULL, NULL, 1, NULL, NULL, NULL, '', NULL, NULL, NULL, NULL, NULL, NULL, NULL, NULL, NULL, NULL, NULL, NULL, NULL, NULL, NULL, NULL, NULL, NULL, NULL, NULL, NULL, NULL, NULL, NULL, NULL, NULL, NULL, NULL, NULL, NULL, NULL, NULL, NULL, NULL, NULL, NULL, NULL, NULL, NULL, NULL, NULL, NULL, NULL, NULL, NULL, NULL, NULL, 1, 0, NULL, NULL, NULL, NULL, NULL, NULL, NULL, NULL, NULL, NULL, 0, 0, '1'),
(NULL, '58046', NULL, NULL, '58046', NULL, 'ปณาลี', NULL, 'อุประดิษฐ์', NULL, NULL, NULL, 'f', NULL, NULL, NULL, NULL, NULL, NULL, NULL, NULL, NULL, NULL, NULL, NULL, NULL, NULL, 1, NULL, NULL, NULL, '', NULL, NULL, NULL, NULL, NULL, NULL, NULL, NULL, NULL, NULL, NULL, NULL, NULL, NULL, NULL, NULL, NULL, NULL, NULL, NULL, NULL, NULL, NULL, NULL, NULL, NULL, NULL, NULL, NULL, NULL, NULL, NULL, NULL, NULL, NULL, NULL, NULL, NULL, NULL, NULL, NULL, NULL, NULL, NULL, NULL, NULL, NULL, 1, 0, NULL, NULL, NULL, NULL, NULL, NULL, NULL, NULL, NULL, NULL, 0, 0, '1'),
(NULL, '58047', NULL, NULL, '58047', NULL, 'อุบลวรรณ', NULL, 'ภู่สว่าง', NULL, NULL, NULL, 'f', NULL, NULL, NULL, NULL, NULL, NULL, NULL, NULL, NULL, NULL, NULL, NULL, NULL, NULL, 1, NULL, NULL, NULL, '', NULL, NULL, NULL, NULL, NULL, NULL, NULL, NULL, NULL, NULL, NULL, NULL, NULL, NULL, NULL, NULL, NULL, NULL, NULL, NULL, NULL, NULL, NULL, NULL, NULL, NULL, NULL, NULL, NULL, NULL, NULL, NULL, NULL, NULL, NULL, NULL, NULL, NULL, NULL, NULL, NULL, NULL, NULL, NULL, NULL, NULL, NULL, 1, 0, NULL, NULL, NULL, NULL, NULL, NULL, NULL, NULL, NULL, NULL, 0, 0, '1'),
(NULL, '58049', NULL, NULL, '58049', NULL, 'สาธนี', NULL, 'จำต๊ะ', NULL, NULL, NULL, 'f', NULL, NULL, NULL, NULL, NULL, NULL, NULL, NULL, NULL, NULL, NULL, NULL, NULL, NULL, 1, NULL, NULL, NULL, '', NULL, NULL, NULL, NULL, NULL, NULL, NULL, NULL, NULL, NULL, NULL, NULL, NULL, NULL, NULL, NULL, NULL, NULL, NULL, NULL, NULL, NULL, NULL, NULL, NULL, NULL, NULL, NULL, NULL, NULL, NULL, NULL, NULL, NULL, NULL, NULL, NULL, NULL, NULL, NULL, NULL, NULL, NULL, NULL, NULL, NULL, NULL, 1, 0, NULL, NULL, NULL, NULL, NULL, NULL, NULL, NULL, NULL, NULL, 0, 0, '1'),
(NULL, '58050', NULL, NULL, '58050', NULL, 'เสาวลักษณ์', NULL, 'ชุนดี', NULL, NULL, NULL, 'f', NULL, NULL, NULL, NULL, NULL, NULL, NULL, NULL, NULL, NULL, NULL, NULL, NULL, NULL, 1, NULL, NULL, NULL, '', NULL, NULL, NULL, NULL, NULL, NULL, NULL, NULL, NULL, NULL, NULL, NULL, NULL, NULL, NULL, NULL, NULL, NULL, NULL, NULL, NULL, NULL, NULL, NULL, NULL, NULL, NULL, NULL, NULL, NULL, NULL, NULL, NULL, NULL, NULL, NULL, NULL, NULL, NULL, NULL, NULL, NULL, NULL, NULL, NULL, NULL, NULL, 1, 0, NULL, NULL, NULL, NULL, NULL, NULL, NULL, NULL, NULL, NULL, 0, 0, '1'),
(NULL, '58052', NULL, NULL, '58052', NULL, 'นิรตศัย', NULL, 'ปนิทานโต', NULL, NULL, NULL, 'm', NULL, NULL, NULL, NULL, NULL, NULL, NULL, NULL, NULL, NULL, NULL, NULL, NULL, NULL, 1, NULL, NULL, NULL, '', NULL, NULL, NULL, NULL, NULL, NULL, NULL, NULL, NULL, NULL, NULL, NULL, NULL, NULL, NULL, NULL, NULL, NULL, NULL, NULL, NULL, NULL, NULL, NULL, NULL, NULL, NULL, NULL, NULL, NULL, NULL, NULL, NULL, NULL, NULL, NULL, NULL, NULL, NULL, NULL, NULL, NULL, NULL, NULL, NULL, NULL, NULL, 1, 0, NULL, NULL, NULL, NULL, NULL, NULL, NULL, NULL, NULL, NULL, 0, 0, '1'),
(NULL, '58053', NULL, NULL, '58053', NULL, 'พัชรพงษ์', NULL, 'ปิคนวล', NULL, NULL, NULL, 'm', NULL, NULL, NULL, NULL, NULL, NULL, NULL, NULL, NULL, NULL, NULL, NULL, NULL, NULL, 1, NULL, NULL, NULL, '', NULL, NULL, NULL, NULL, NULL, NULL, NULL, NULL, NULL, NULL, NULL, NULL, NULL, NULL, NULL, NULL, NULL, NULL, NULL, NULL, NULL, NULL, NULL, NULL, NULL, NULL, NULL, NULL, NULL, NULL, NULL, NULL, NULL, NULL, NULL, NULL, NULL, NULL, NULL, NULL, NULL, NULL, NULL, NULL, NULL, NULL, NULL, 1, 0, NULL, NULL, NULL, NULL, NULL, NULL, NULL, NULL, NULL, NULL, 0, 0, '1'),
(NULL, '62035', NULL, NULL, '62035', NULL, 'ธนัชพร', NULL, 'รักษาคม', NULL, NULL, NULL, 'f', NULL, NULL, NULL, NULL, NULL, NULL, NULL, NULL, NULL, NULL, NULL, NULL, NULL, NULL, 1, NULL, NULL, NULL, '', NULL, NULL, NULL, NULL, NULL, NULL, NULL, NULL, NULL, NULL, NULL, NULL, NULL, NULL, NULL, NULL, NULL, NULL, NULL, NULL, NULL, NULL, NULL, NULL, NULL, NULL, NULL, NULL, NULL, NULL, NULL, NULL, NULL, NULL, NULL, NULL, NULL, NULL, NULL, NULL, NULL, NULL, NULL, NULL, NULL, NULL, NULL, 1, 0, NULL, NULL, NULL, NULL, NULL, NULL, NULL, NULL, NULL, NULL, 0, 0, '1'),
(NULL, '59003', NULL, NULL, '59003', NULL, 'ทิพวรรณ', NULL, 'อุ่นเมือง', NULL, NULL, NULL, 'f', NULL, NULL, NULL, NULL, NULL, NULL, NULL, NULL, NULL, NULL, NULL, NULL, NULL, NULL, 1, NULL, NULL, NULL, '', NULL, NULL, NULL, NULL, NULL, NULL, NULL, NULL, NULL, NULL, NULL, NULL, NULL, NULL, NULL, NULL, NULL, NULL, NULL, NULL, NULL, NULL, NULL, NULL, NULL, NULL, NULL, NULL, NULL, NULL, NULL, NULL, NULL, NULL, NULL, NULL, NULL, NULL, NULL, NULL, NULL, NULL, NULL, NULL, NULL, NULL, NULL, 1, 0, NULL, NULL, NULL, NULL, NULL, NULL, NULL, NULL, NULL, NULL, 0, 0, '1'),
(NULL, '59005', NULL, NULL, '59005', NULL, 'ศรีนวล', NULL, 'ศรีบัว', NULL, NULL, NULL, 'f', NULL, NULL, NULL, NULL, NULL, NULL, NULL, NULL, NULL, NULL, NULL, NULL, NULL, NULL, 1, NULL, NULL, NULL, '', NULL, NULL, NULL, NULL, NULL, NULL, NULL, NULL, NULL, NULL, NULL, NULL, NULL, NULL, NULL, NULL, NULL, NULL, NULL, NULL, NULL, NULL, NULL, NULL, NULL, NULL, NULL, NULL, NULL, NULL, NULL, NULL, NULL, NULL, NULL, NULL, NULL, NULL, NULL, NULL, NULL, NULL, NULL, NULL, NULL, NULL, NULL, 1, 0, NULL, NULL, NULL, NULL, NULL, NULL, NULL, NULL, NULL, NULL, 0, 0, '1'),
(NULL, '59006', NULL, NULL, '59006', NULL, 'จิดารัตน์', NULL, 'หวานมีรส', NULL, NULL, NULL, 'f', NULL, NULL, NULL, NULL, NULL, NULL, NULL, NULL, NULL, NULL, NULL, NULL, NULL, NULL, 1, NULL, NULL, NULL, '', NULL, NULL, NULL, NULL, NULL, NULL, NULL, NULL, NULL, NULL, NULL, NULL, NULL, NULL, NULL, NULL, NULL, NULL, NULL, NULL, NULL, NULL, NULL, NULL, NULL, NULL, NULL, NULL, NULL, NULL, NULL, NULL, NULL, NULL, NULL, NULL, NULL, NULL, NULL, NULL, NULL, NULL, NULL, NULL, NULL, NULL, NULL, 1, 0, NULL, NULL, NULL, NULL, NULL, NULL, NULL, NULL, NULL, NULL, 0, 0, '1'),
(NULL, '59007', NULL, NULL, '59007', NULL, 'รติรัตน์', NULL, 'วรสุธานีวรรณ', NULL, NULL, NULL, 'f', NULL, NULL, NULL, NULL, NULL, NULL, NULL, NULL, NULL, NULL, NULL, NULL, NULL, NULL, 1, NULL, NULL, NULL, '', NULL, NULL, NULL, NULL, NULL, NULL, NULL, NULL, NULL, NULL, NULL, NULL, NULL, NULL, NULL, NULL, NULL, NULL, NULL, NULL, NULL, NULL, NULL, NULL, NULL, NULL, NULL, NULL, NULL, NULL, NULL, NULL, NULL, NULL, NULL, NULL, NULL, NULL, NULL, NULL, NULL, NULL, NULL, NULL, NULL, NULL, NULL, 1, 0, NULL, NULL, NULL, NULL, NULL, NULL, NULL, NULL, NULL, NULL, 0, 0, '1'),
(NULL, '59008', NULL, NULL, '59008', NULL, 'เทอดศักดิ์', NULL, 'ไชยวรรณะ', NULL, NULL, NULL, 'm', NULL, NULL, NULL, NULL, NULL, NULL, NULL, NULL, NULL, NULL, NULL, NULL, NULL, NULL, 1, NULL, NULL, NULL, '', NULL, NULL, NULL, NULL, NULL, NULL, NULL, NULL, NULL, NULL, NULL, NULL, NULL, NULL, NULL, NULL, NULL, NULL, NULL, NULL, NULL, NULL, NULL, NULL, NULL, NULL, NULL, NULL, NULL, NULL, NULL, NULL, NULL, NULL, NULL, NULL, NULL, NULL, NULL, NULL, NULL, NULL, NULL, NULL, NULL, NULL, NULL, 1, 0, NULL, NULL, NULL, NULL, NULL, NULL, NULL, NULL, NULL, NULL, 0, 0, '1'),
(NULL, '59009', NULL, NULL, '59009', NULL, 'พัชรมณฑน์', NULL, 'ศุภผล', NULL, NULL, NULL, 'f', NULL, NULL, NULL, NULL, NULL, NULL, NULL, NULL, NULL, NULL, NULL, NULL, NULL, NULL, 1, NULL, NULL, NULL, '', NULL, NULL, NULL, NULL, NULL, NULL, NULL, NULL, NULL, NULL, NULL, NULL, NULL, NULL, NULL, NULL, NULL, NULL, NULL, NULL, NULL, NULL, NULL, NULL, NULL, NULL, NULL, NULL, NULL, NULL, NULL, NULL, NULL, NULL, NULL, NULL, NULL, NULL, NULL, NULL, NULL, NULL, NULL, NULL, NULL, NULL, NULL, 1, 0, NULL, NULL, NULL, NULL, NULL, NULL, NULL, NULL, NULL, NULL, 0, 0, '1');
INSERT INTO `tb_person` (`SSUSR_Initials`, `NUM_OT`, `work`, `start`, `Person_id`, `Person_id1`, `Fname`, `chFname`, `Lname`, `chLname`, `name_english`, `lname_english`, `sex`, `MR1`, `MR`, `position_id`, `mstatus`, `born`, `born_1`, `national`, `religion`, `BIRTH_PLACE`, `father`, `father_occu`, `mother`, `mother_occu`, `MAR`, `MAR_new`, `couple`, `couple_occu`, `son_count`, `home`, `TUMBOL`, `tumbol_id`, `tumbol_name`, `aumphor`, `aumphor_name`, `province_id`, `PROVINCE`, `mail_code`, `telaphone`, `mobile_phone`, `ward_phone`, `relative`, `relative_occu`, `relative_addr`, `num_people`, `num_people1`, `edu_cer`, `edu_cer1`, `edu_degree`, `edu_from`, `edu_vol`, `edu_year`, `blood_group`, `form_size`, `form_size1`, `pos_new`, `pos_old`, `pos1`, `pos_thai`, `PP`, `PP1`, `PP_new`, `FW_CODE`, `FW_CODE_new`, `FW_CODE1`, `per_order`, `work_sec`, `nursecer_id`, `nursecer_date`, `sapa_id`, `samakom_id`, `bank_no`, `new`, `memo`, `mr_english`, `mr_thai`, `c_now`, `newnurse`, `ck`, `ncomment`, `nyear`, `codeper`, `goverment_fund`, `day_card`, `num_card`, `stu`, `new_status`, `expert`, `lastupdate`, `nupdate`, `hncheck`, `pos`) VALUES
(NULL, '59010', NULL, NULL, '59010', NULL, 'กนกวรรณ', NULL, 'จินะ', NULL, NULL, NULL, 'f', NULL, NULL, NULL, NULL, NULL, NULL, NULL, NULL, NULL, NULL, NULL, NULL, NULL, NULL, 1, NULL, NULL, NULL, '', NULL, NULL, NULL, NULL, NULL, NULL, NULL, NULL, NULL, NULL, NULL, NULL, NULL, NULL, NULL, NULL, NULL, NULL, NULL, NULL, NULL, NULL, NULL, NULL, NULL, NULL, NULL, NULL, NULL, NULL, NULL, NULL, NULL, NULL, NULL, NULL, NULL, NULL, NULL, NULL, NULL, NULL, NULL, NULL, NULL, NULL, NULL, 1, 0, NULL, NULL, NULL, NULL, NULL, NULL, NULL, NULL, NULL, NULL, 0, 0, '1'),
(NULL, '59011', NULL, NULL, '59011', NULL, 'สุริสา', NULL, 'ศรีอ๊อต', NULL, NULL, NULL, 'f', NULL, NULL, NULL, NULL, NULL, NULL, NULL, NULL, NULL, NULL, NULL, NULL, NULL, NULL, 1, NULL, NULL, NULL, '', NULL, NULL, NULL, NULL, NULL, NULL, NULL, NULL, NULL, NULL, NULL, NULL, NULL, NULL, NULL, NULL, NULL, NULL, NULL, NULL, NULL, NULL, NULL, NULL, NULL, NULL, NULL, NULL, NULL, NULL, NULL, NULL, NULL, NULL, NULL, NULL, NULL, NULL, NULL, NULL, NULL, NULL, NULL, NULL, NULL, NULL, NULL, 1, 0, NULL, NULL, NULL, NULL, NULL, NULL, NULL, NULL, NULL, NULL, 0, 0, '1'),
(NULL, '59012', NULL, NULL, '59012', NULL, 'มานิตย์', NULL, 'ทนนวงค์', NULL, NULL, NULL, 'm', NULL, NULL, NULL, NULL, NULL, NULL, NULL, NULL, NULL, NULL, NULL, NULL, NULL, NULL, 1, NULL, NULL, NULL, '', NULL, NULL, NULL, NULL, NULL, NULL, NULL, NULL, NULL, NULL, NULL, NULL, NULL, NULL, NULL, NULL, NULL, NULL, NULL, NULL, NULL, NULL, NULL, NULL, NULL, NULL, NULL, NULL, NULL, NULL, NULL, NULL, NULL, NULL, NULL, NULL, NULL, NULL, NULL, NULL, NULL, NULL, NULL, NULL, NULL, NULL, NULL, 1, 0, NULL, NULL, NULL, NULL, NULL, NULL, NULL, NULL, NULL, NULL, 0, 0, '1'),
(NULL, '61054', NULL, NULL, '61054', NULL, 'มนต์ธัช', NULL, 'ไทยยันโต', NULL, NULL, NULL, 'm', NULL, NULL, NULL, NULL, NULL, NULL, NULL, NULL, NULL, NULL, NULL, NULL, NULL, NULL, 1, NULL, NULL, NULL, '', NULL, NULL, NULL, NULL, NULL, NULL, NULL, NULL, NULL, NULL, NULL, NULL, NULL, NULL, NULL, NULL, NULL, NULL, NULL, NULL, NULL, NULL, NULL, NULL, NULL, NULL, NULL, NULL, NULL, NULL, NULL, NULL, NULL, NULL, NULL, NULL, NULL, NULL, NULL, NULL, NULL, NULL, NULL, NULL, NULL, NULL, NULL, 1, 0, NULL, NULL, NULL, NULL, NULL, NULL, NULL, NULL, NULL, NULL, 0, 0, '1'),
(NULL, '59014', NULL, NULL, '59014', NULL, 'อรพรรณ', NULL, 'ยะบึง', NULL, NULL, NULL, 'f', NULL, NULL, NULL, NULL, NULL, NULL, NULL, NULL, NULL, NULL, NULL, NULL, NULL, NULL, 1, NULL, NULL, NULL, '', NULL, NULL, NULL, NULL, NULL, NULL, NULL, NULL, NULL, NULL, NULL, NULL, NULL, NULL, NULL, NULL, NULL, NULL, NULL, NULL, NULL, NULL, NULL, NULL, NULL, NULL, NULL, NULL, NULL, NULL, NULL, NULL, NULL, NULL, NULL, NULL, NULL, NULL, NULL, NULL, NULL, NULL, NULL, NULL, NULL, NULL, NULL, 1, 0, NULL, NULL, NULL, NULL, NULL, NULL, NULL, NULL, NULL, NULL, 0, 0, '1'),
(NULL, '59015', NULL, NULL, '59015', NULL, 'ภคนันท์', NULL, 'สุจา', NULL, NULL, NULL, 'f', NULL, NULL, NULL, NULL, NULL, NULL, NULL, NULL, NULL, NULL, NULL, NULL, NULL, NULL, 1, NULL, NULL, NULL, '', NULL, NULL, NULL, NULL, NULL, NULL, NULL, NULL, NULL, NULL, NULL, NULL, NULL, NULL, NULL, NULL, NULL, NULL, NULL, NULL, NULL, NULL, NULL, NULL, NULL, NULL, NULL, NULL, NULL, NULL, NULL, NULL, NULL, NULL, NULL, NULL, NULL, NULL, NULL, NULL, NULL, NULL, NULL, NULL, NULL, NULL, NULL, 1, 0, NULL, NULL, NULL, NULL, NULL, NULL, NULL, NULL, NULL, NULL, 0, 0, '1'),
(NULL, '61053', NULL, NULL, '61053', NULL, 'เสาวลักษณ์', NULL, 'กันทา', NULL, NULL, NULL, 'f', NULL, NULL, NULL, NULL, NULL, NULL, NULL, NULL, NULL, NULL, NULL, NULL, NULL, NULL, 1, NULL, NULL, NULL, '', NULL, NULL, NULL, NULL, NULL, NULL, NULL, NULL, NULL, NULL, NULL, NULL, NULL, NULL, NULL, NULL, NULL, NULL, NULL, NULL, NULL, NULL, NULL, NULL, NULL, NULL, NULL, NULL, NULL, NULL, NULL, NULL, NULL, NULL, NULL, NULL, NULL, NULL, NULL, NULL, NULL, NULL, NULL, NULL, NULL, NULL, NULL, 1, 0, NULL, NULL, NULL, NULL, NULL, NULL, NULL, NULL, NULL, NULL, 0, 0, '1'),
(NULL, '59017', NULL, NULL, '59017', NULL, 'ภัทรภูมิ', NULL, 'โยปัญญา', NULL, NULL, NULL, 'm', NULL, NULL, NULL, NULL, NULL, NULL, NULL, NULL, NULL, NULL, NULL, NULL, NULL, NULL, 1, NULL, NULL, NULL, '', NULL, NULL, NULL, NULL, NULL, NULL, NULL, NULL, NULL, NULL, NULL, NULL, NULL, NULL, NULL, NULL, NULL, NULL, NULL, NULL, NULL, NULL, NULL, NULL, NULL, NULL, NULL, NULL, NULL, NULL, NULL, NULL, NULL, NULL, NULL, NULL, NULL, NULL, NULL, NULL, NULL, NULL, NULL, NULL, NULL, NULL, NULL, 1, 0, NULL, NULL, NULL, NULL, NULL, NULL, NULL, NULL, NULL, NULL, 0, 0, '1'),
(NULL, '59018', NULL, NULL, '59018', NULL, 'พุทธรักษา', NULL, 'จงศิริ', NULL, NULL, NULL, 'f', NULL, NULL, NULL, NULL, NULL, NULL, NULL, NULL, NULL, NULL, NULL, NULL, NULL, NULL, 1, NULL, NULL, NULL, '', NULL, NULL, NULL, NULL, NULL, NULL, NULL, NULL, NULL, NULL, NULL, NULL, NULL, NULL, NULL, NULL, NULL, NULL, NULL, NULL, NULL, NULL, NULL, NULL, NULL, NULL, NULL, NULL, NULL, NULL, NULL, NULL, NULL, NULL, NULL, NULL, NULL, NULL, NULL, NULL, NULL, NULL, NULL, NULL, NULL, NULL, NULL, 1, 0, NULL, NULL, NULL, NULL, NULL, NULL, NULL, NULL, NULL, NULL, 0, 0, '1'),
(NULL, '59019', NULL, NULL, '59019', NULL, 'กมลพร', NULL, 'ท้าวคำวัง', NULL, NULL, NULL, 'f', NULL, NULL, NULL, NULL, NULL, NULL, NULL, NULL, NULL, NULL, NULL, NULL, NULL, NULL, 1, NULL, NULL, NULL, '', NULL, NULL, NULL, NULL, NULL, NULL, NULL, NULL, NULL, NULL, NULL, NULL, NULL, NULL, NULL, NULL, NULL, NULL, NULL, NULL, NULL, NULL, NULL, NULL, NULL, NULL, NULL, NULL, NULL, NULL, NULL, NULL, NULL, NULL, NULL, NULL, NULL, NULL, NULL, NULL, NULL, NULL, NULL, NULL, NULL, NULL, NULL, 1, 0, NULL, NULL, NULL, NULL, NULL, NULL, NULL, NULL, NULL, NULL, 0, 0, '1'),
(NULL, '59020', NULL, NULL, '59020', NULL, 'ประสงค์', NULL, 'พิทักษ์สกุลไพร', NULL, NULL, NULL, 'm', NULL, NULL, NULL, NULL, NULL, NULL, NULL, NULL, NULL, NULL, NULL, NULL, NULL, NULL, 1, NULL, NULL, NULL, '', NULL, NULL, NULL, NULL, NULL, NULL, NULL, NULL, NULL, NULL, NULL, NULL, NULL, NULL, NULL, NULL, NULL, NULL, NULL, NULL, NULL, NULL, NULL, NULL, NULL, NULL, NULL, NULL, NULL, NULL, NULL, NULL, NULL, NULL, NULL, NULL, NULL, NULL, NULL, NULL, NULL, NULL, NULL, NULL, NULL, NULL, NULL, 1, 0, NULL, NULL, NULL, NULL, NULL, NULL, NULL, NULL, NULL, NULL, 0, 0, '1'),
(NULL, '59021', NULL, NULL, '59021', NULL, 'สุทธิกานต์', NULL, 'สุริยะ', NULL, NULL, NULL, 'f', NULL, NULL, NULL, NULL, NULL, NULL, NULL, NULL, NULL, NULL, NULL, NULL, NULL, NULL, 1, NULL, NULL, NULL, '', NULL, NULL, NULL, NULL, NULL, NULL, NULL, NULL, NULL, NULL, NULL, NULL, NULL, NULL, NULL, NULL, NULL, NULL, NULL, NULL, NULL, NULL, NULL, NULL, NULL, NULL, NULL, NULL, NULL, NULL, NULL, NULL, NULL, NULL, NULL, NULL, NULL, NULL, NULL, NULL, NULL, NULL, NULL, NULL, NULL, NULL, NULL, 1, 0, NULL, NULL, NULL, NULL, NULL, NULL, NULL, NULL, NULL, NULL, 0, 0, '1'),
(NULL, '59022', NULL, NULL, '59022', NULL, 'สุพิชฌาย์', NULL, 'ไชยไธสง', NULL, NULL, NULL, 'f', NULL, NULL, NULL, NULL, NULL, NULL, NULL, NULL, NULL, NULL, NULL, NULL, NULL, NULL, 1, NULL, NULL, NULL, '', NULL, NULL, NULL, NULL, NULL, NULL, NULL, NULL, NULL, NULL, NULL, NULL, NULL, NULL, NULL, NULL, NULL, NULL, NULL, NULL, NULL, NULL, NULL, NULL, NULL, NULL, NULL, NULL, NULL, NULL, NULL, NULL, NULL, NULL, NULL, NULL, NULL, NULL, NULL, NULL, NULL, NULL, NULL, NULL, NULL, NULL, NULL, 1, 0, NULL, NULL, NULL, NULL, NULL, NULL, NULL, NULL, NULL, NULL, 0, 0, '1'),
(NULL, '61051', NULL, NULL, '61051', NULL, 'มณฑล', NULL, 'ปัญญาวัง', NULL, NULL, NULL, 'm', NULL, NULL, NULL, NULL, NULL, NULL, NULL, NULL, NULL, NULL, NULL, NULL, NULL, NULL, 1, NULL, NULL, NULL, '', NULL, NULL, NULL, NULL, NULL, NULL, NULL, NULL, NULL, NULL, NULL, NULL, NULL, NULL, NULL, NULL, NULL, NULL, NULL, NULL, NULL, NULL, NULL, NULL, NULL, NULL, NULL, NULL, NULL, NULL, NULL, NULL, NULL, NULL, NULL, NULL, NULL, NULL, NULL, NULL, NULL, NULL, NULL, NULL, NULL, NULL, NULL, 1, 0, NULL, NULL, NULL, NULL, NULL, NULL, NULL, NULL, NULL, NULL, 0, 0, '1'),
(NULL, '59024', NULL, NULL, '59024', NULL, 'เขมิการ์', NULL, 'แปงถานี', NULL, NULL, NULL, 'f', NULL, NULL, NULL, NULL, NULL, NULL, NULL, NULL, NULL, NULL, NULL, NULL, NULL, NULL, 1, NULL, NULL, NULL, '', NULL, NULL, NULL, NULL, NULL, NULL, NULL, NULL, NULL, NULL, NULL, NULL, NULL, NULL, NULL, NULL, NULL, NULL, NULL, NULL, NULL, NULL, NULL, NULL, NULL, NULL, NULL, NULL, NULL, NULL, NULL, NULL, NULL, NULL, NULL, NULL, NULL, NULL, NULL, NULL, NULL, NULL, NULL, NULL, NULL, NULL, NULL, 1, 0, NULL, NULL, NULL, NULL, NULL, NULL, NULL, NULL, NULL, NULL, 0, 0, '1'),
(NULL, '59025', NULL, NULL, '59025', NULL, 'ณัฐธิดา', NULL, 'ยอดนิปาน', NULL, NULL, NULL, 'f', NULL, NULL, NULL, NULL, NULL, NULL, NULL, NULL, NULL, NULL, NULL, NULL, NULL, NULL, 1, NULL, NULL, NULL, '', NULL, NULL, NULL, NULL, NULL, NULL, NULL, NULL, NULL, NULL, NULL, NULL, NULL, NULL, NULL, NULL, NULL, NULL, NULL, NULL, NULL, NULL, NULL, NULL, NULL, NULL, NULL, NULL, NULL, NULL, NULL, NULL, NULL, NULL, NULL, NULL, NULL, NULL, NULL, NULL, NULL, NULL, NULL, NULL, NULL, NULL, NULL, 1, 0, NULL, NULL, NULL, NULL, NULL, NULL, NULL, NULL, NULL, NULL, 0, 0, '1'),
(NULL, '59027', NULL, NULL, '59027', NULL, 'ชยาภรณ์', NULL, 'กรุงนะ', NULL, NULL, NULL, 'm', NULL, NULL, NULL, NULL, NULL, NULL, NULL, NULL, NULL, NULL, NULL, NULL, NULL, NULL, 1, NULL, NULL, NULL, '', NULL, NULL, NULL, NULL, NULL, NULL, NULL, NULL, NULL, NULL, NULL, NULL, NULL, NULL, NULL, NULL, NULL, NULL, NULL, NULL, NULL, NULL, NULL, NULL, NULL, NULL, NULL, NULL, NULL, NULL, NULL, NULL, NULL, NULL, NULL, NULL, NULL, NULL, NULL, NULL, NULL, NULL, NULL, NULL, NULL, NULL, NULL, 1, 0, NULL, NULL, NULL, NULL, NULL, NULL, NULL, NULL, NULL, NULL, 0, 0, '1'),
(NULL, '59028', NULL, NULL, '59028', NULL, 'ทิพย์วรรณ', NULL, 'หอมยมณ์', NULL, NULL, NULL, 'f', NULL, NULL, NULL, NULL, NULL, NULL, NULL, NULL, NULL, NULL, NULL, NULL, NULL, NULL, 1, NULL, NULL, NULL, '', NULL, NULL, NULL, NULL, NULL, NULL, NULL, NULL, NULL, NULL, NULL, NULL, NULL, NULL, NULL, NULL, NULL, NULL, NULL, NULL, NULL, NULL, NULL, NULL, NULL, NULL, NULL, NULL, NULL, NULL, NULL, NULL, NULL, NULL, NULL, NULL, NULL, NULL, NULL, NULL, NULL, NULL, NULL, NULL, NULL, NULL, NULL, 1, 0, NULL, NULL, NULL, NULL, NULL, NULL, NULL, NULL, NULL, NULL, 0, 0, '1'),
(NULL, '59029', NULL, NULL, '59029', NULL, 'วัชรี', NULL, 'มาฉันท์', NULL, NULL, NULL, 'f', NULL, NULL, NULL, NULL, NULL, NULL, NULL, NULL, NULL, NULL, NULL, NULL, NULL, NULL, 1, NULL, NULL, NULL, '', NULL, NULL, NULL, NULL, NULL, NULL, NULL, NULL, NULL, NULL, NULL, NULL, NULL, NULL, NULL, NULL, NULL, NULL, NULL, NULL, NULL, NULL, NULL, NULL, NULL, NULL, NULL, NULL, NULL, NULL, NULL, NULL, NULL, NULL, NULL, NULL, NULL, NULL, NULL, NULL, NULL, NULL, NULL, NULL, NULL, NULL, NULL, 1, 0, NULL, NULL, NULL, NULL, NULL, NULL, NULL, NULL, NULL, NULL, 0, 0, '1'),
(NULL, '59030', NULL, NULL, '59030', NULL, 'เปรมด์ฤทัย', NULL, 'เสนวิรัช', NULL, NULL, NULL, 'f', NULL, NULL, NULL, NULL, NULL, NULL, NULL, NULL, NULL, NULL, NULL, NULL, NULL, NULL, 1, NULL, NULL, NULL, '', NULL, NULL, NULL, NULL, NULL, NULL, NULL, NULL, NULL, NULL, NULL, NULL, NULL, NULL, NULL, NULL, NULL, NULL, NULL, NULL, NULL, NULL, NULL, NULL, NULL, NULL, NULL, NULL, NULL, NULL, NULL, NULL, NULL, NULL, NULL, NULL, NULL, NULL, NULL, NULL, NULL, NULL, NULL, NULL, NULL, NULL, NULL, 1, 0, NULL, NULL, NULL, NULL, NULL, NULL, NULL, NULL, NULL, NULL, 0, 0, '1'),
(NULL, '59031', NULL, NULL, '59031', NULL, 'อาภาพร', NULL, 'แสนใจ', NULL, NULL, NULL, 'f', NULL, NULL, NULL, NULL, NULL, NULL, NULL, NULL, NULL, NULL, NULL, NULL, NULL, NULL, 1, NULL, NULL, NULL, '', NULL, NULL, NULL, NULL, NULL, NULL, NULL, NULL, NULL, NULL, NULL, NULL, NULL, NULL, NULL, NULL, NULL, NULL, NULL, NULL, NULL, NULL, NULL, NULL, NULL, NULL, NULL, NULL, NULL, NULL, NULL, NULL, NULL, NULL, NULL, NULL, NULL, NULL, NULL, NULL, NULL, NULL, NULL, NULL, NULL, NULL, NULL, 1, 0, NULL, NULL, NULL, NULL, NULL, NULL, NULL, NULL, NULL, NULL, 0, 0, '1'),
(NULL, '59032', NULL, NULL, '59032', NULL, 'รุ่งจิรา', NULL, 'วงค์กาศ', NULL, NULL, NULL, 'f', NULL, NULL, NULL, NULL, NULL, NULL, NULL, NULL, NULL, NULL, NULL, NULL, NULL, NULL, 1, NULL, NULL, NULL, '', NULL, NULL, NULL, NULL, NULL, NULL, NULL, NULL, NULL, NULL, NULL, NULL, NULL, NULL, NULL, NULL, NULL, NULL, NULL, NULL, NULL, NULL, NULL, NULL, NULL, NULL, NULL, NULL, NULL, NULL, NULL, NULL, NULL, NULL, NULL, NULL, NULL, NULL, NULL, NULL, NULL, NULL, NULL, NULL, NULL, NULL, NULL, 1, 0, NULL, NULL, NULL, NULL, NULL, NULL, NULL, NULL, NULL, NULL, 0, 0, '1'),
(NULL, '59034', NULL, NULL, '59034', NULL, 'พรพรรณ', NULL, 'ธรรมศิลป์', NULL, NULL, NULL, 'f', NULL, NULL, NULL, NULL, NULL, NULL, NULL, NULL, NULL, NULL, NULL, NULL, NULL, NULL, 1, NULL, NULL, NULL, '', NULL, NULL, NULL, NULL, NULL, NULL, NULL, NULL, NULL, NULL, NULL, NULL, NULL, NULL, NULL, NULL, NULL, NULL, NULL, NULL, NULL, NULL, NULL, NULL, NULL, NULL, NULL, NULL, NULL, NULL, NULL, NULL, NULL, NULL, NULL, NULL, NULL, NULL, NULL, NULL, NULL, NULL, NULL, NULL, NULL, NULL, NULL, 1, 0, NULL, NULL, NULL, NULL, NULL, NULL, NULL, NULL, NULL, NULL, 0, 0, '1'),
(NULL, '61001', NULL, NULL, '61001', NULL, 'กุลธิดา', NULL, 'ตรรกวรุตม์', NULL, NULL, NULL, 'f', NULL, NULL, NULL, NULL, NULL, NULL, NULL, NULL, NULL, NULL, NULL, NULL, NULL, NULL, 1, NULL, NULL, NULL, '', NULL, NULL, NULL, NULL, NULL, NULL, NULL, NULL, NULL, NULL, NULL, NULL, NULL, NULL, NULL, NULL, NULL, NULL, NULL, NULL, NULL, NULL, NULL, NULL, NULL, NULL, NULL, NULL, NULL, NULL, NULL, NULL, NULL, NULL, NULL, NULL, NULL, NULL, NULL, NULL, NULL, NULL, NULL, NULL, NULL, NULL, NULL, 1, 0, NULL, NULL, NULL, NULL, NULL, NULL, NULL, NULL, NULL, NULL, 0, 0, '1'),
(NULL, '59038', NULL, NULL, '59038', NULL, 'อุเทน', NULL, 'มูลแก้ว', NULL, NULL, NULL, 'm', NULL, NULL, NULL, NULL, NULL, NULL, NULL, NULL, NULL, NULL, NULL, NULL, NULL, NULL, 1, NULL, NULL, NULL, '', NULL, NULL, NULL, NULL, NULL, NULL, NULL, NULL, NULL, NULL, NULL, NULL, NULL, NULL, NULL, NULL, NULL, NULL, NULL, NULL, NULL, NULL, NULL, NULL, NULL, NULL, NULL, NULL, NULL, NULL, NULL, NULL, NULL, NULL, NULL, NULL, NULL, NULL, NULL, NULL, NULL, NULL, NULL, NULL, NULL, NULL, NULL, 1, 0, NULL, NULL, NULL, NULL, NULL, NULL, NULL, NULL, NULL, NULL, 0, 0, '1'),
(NULL, '62027', NULL, NULL, '62027', NULL, 'ชวัลลักษณ์', NULL, 'บุญหลี', NULL, NULL, NULL, 'f', NULL, NULL, NULL, NULL, NULL, NULL, NULL, NULL, NULL, NULL, NULL, NULL, NULL, NULL, 1, NULL, NULL, NULL, '', NULL, NULL, NULL, NULL, NULL, NULL, NULL, NULL, NULL, NULL, NULL, NULL, NULL, NULL, NULL, NULL, NULL, NULL, NULL, NULL, NULL, NULL, NULL, NULL, NULL, NULL, NULL, NULL, NULL, NULL, NULL, NULL, NULL, NULL, NULL, NULL, NULL, NULL, NULL, NULL, NULL, NULL, NULL, NULL, NULL, NULL, NULL, 1, 0, NULL, NULL, NULL, NULL, NULL, NULL, NULL, NULL, NULL, NULL, 0, 0, '1'),
(NULL, '59043', NULL, NULL, '59043', NULL, 'วัชรี', NULL, 'เจริญทรัพย์', NULL, NULL, NULL, 'f', NULL, NULL, NULL, NULL, NULL, NULL, NULL, NULL, NULL, NULL, NULL, NULL, NULL, NULL, 1, NULL, NULL, NULL, '', NULL, NULL, NULL, NULL, NULL, NULL, NULL, NULL, NULL, NULL, NULL, NULL, NULL, NULL, NULL, NULL, NULL, NULL, NULL, NULL, NULL, NULL, NULL, NULL, NULL, NULL, NULL, NULL, NULL, NULL, NULL, NULL, NULL, NULL, NULL, NULL, NULL, NULL, NULL, NULL, NULL, NULL, NULL, NULL, NULL, NULL, NULL, 1, 0, NULL, NULL, NULL, NULL, NULL, NULL, NULL, NULL, NULL, NULL, 0, 0, '1'),
(NULL, '59045', NULL, NULL, '59045', NULL, 'ณัทวุฒิ', NULL, 'เฮงจีระจรัส', NULL, NULL, NULL, 'm', NULL, NULL, NULL, NULL, NULL, NULL, NULL, NULL, NULL, NULL, NULL, NULL, NULL, NULL, 1, NULL, NULL, NULL, '', NULL, NULL, NULL, NULL, NULL, NULL, NULL, NULL, NULL, NULL, NULL, NULL, NULL, NULL, NULL, NULL, NULL, NULL, NULL, NULL, NULL, NULL, NULL, NULL, NULL, NULL, NULL, NULL, NULL, NULL, NULL, NULL, NULL, NULL, NULL, NULL, NULL, NULL, NULL, NULL, NULL, NULL, NULL, NULL, NULL, NULL, NULL, 1, 0, NULL, NULL, NULL, NULL, NULL, NULL, NULL, NULL, NULL, NULL, 0, 0, '1'),
(NULL, '59047', NULL, NULL, '59047', NULL, 'กาญจนา', NULL, 'ธรรมชัยยุติ', NULL, NULL, NULL, 'f', NULL, NULL, NULL, NULL, NULL, NULL, NULL, NULL, NULL, NULL, NULL, NULL, NULL, NULL, 1, NULL, NULL, NULL, '', NULL, NULL, NULL, NULL, NULL, NULL, NULL, NULL, NULL, NULL, NULL, NULL, NULL, NULL, NULL, NULL, NULL, NULL, NULL, NULL, NULL, NULL, NULL, NULL, NULL, NULL, NULL, NULL, NULL, NULL, NULL, NULL, NULL, NULL, NULL, NULL, NULL, NULL, NULL, NULL, NULL, NULL, NULL, NULL, NULL, NULL, NULL, 1, 0, NULL, NULL, NULL, NULL, NULL, NULL, NULL, NULL, NULL, NULL, 0, 0, '1'),
(NULL, '59048', NULL, NULL, '59048', NULL, 'ปรียานุช', NULL, 'ลาวตุม', NULL, NULL, NULL, 'f', NULL, NULL, NULL, NULL, NULL, NULL, NULL, NULL, NULL, NULL, NULL, NULL, NULL, NULL, 1, NULL, NULL, NULL, '', NULL, NULL, NULL, NULL, NULL, NULL, NULL, NULL, NULL, NULL, NULL, NULL, NULL, NULL, NULL, NULL, NULL, NULL, NULL, NULL, NULL, NULL, NULL, NULL, NULL, NULL, NULL, NULL, NULL, NULL, NULL, NULL, NULL, NULL, NULL, NULL, NULL, NULL, NULL, NULL, NULL, NULL, NULL, NULL, NULL, NULL, NULL, 1, 0, NULL, NULL, NULL, NULL, NULL, NULL, NULL, NULL, NULL, NULL, 0, 0, '1'),
(NULL, '59049', NULL, NULL, '59049', NULL, 'ธินัสนันท์', NULL, 'สารทอง', NULL, NULL, NULL, 'f', NULL, NULL, NULL, NULL, NULL, NULL, NULL, NULL, NULL, NULL, NULL, NULL, NULL, NULL, 1, NULL, NULL, NULL, '', NULL, NULL, NULL, NULL, NULL, NULL, NULL, NULL, NULL, NULL, NULL, NULL, NULL, NULL, NULL, NULL, NULL, NULL, NULL, NULL, NULL, NULL, NULL, NULL, NULL, NULL, NULL, NULL, NULL, NULL, NULL, NULL, NULL, NULL, NULL, NULL, NULL, NULL, NULL, NULL, NULL, NULL, NULL, NULL, NULL, NULL, NULL, 1, 0, NULL, NULL, NULL, NULL, NULL, NULL, NULL, NULL, NULL, NULL, 0, 0, '1'),
(NULL, '59050', NULL, NULL, '59050', NULL, 'สุทธิดา', NULL, 'ทองอินปัน', NULL, NULL, NULL, 'f', NULL, NULL, NULL, NULL, NULL, NULL, NULL, NULL, NULL, NULL, NULL, NULL, NULL, NULL, 1, NULL, NULL, NULL, '', NULL, NULL, NULL, NULL, NULL, NULL, NULL, NULL, NULL, NULL, NULL, NULL, NULL, NULL, NULL, NULL, NULL, NULL, NULL, NULL, NULL, NULL, NULL, NULL, NULL, NULL, NULL, NULL, NULL, NULL, NULL, NULL, NULL, NULL, NULL, NULL, NULL, NULL, NULL, NULL, NULL, NULL, NULL, NULL, NULL, NULL, NULL, 1, 0, NULL, NULL, NULL, NULL, NULL, NULL, NULL, NULL, NULL, NULL, 0, 0, '1'),
(NULL, '59051', NULL, NULL, '59051', NULL, 'ณัฐธยาน์', NULL, 'พุทธปาจารย์', NULL, NULL, NULL, 'f', NULL, NULL, NULL, NULL, NULL, NULL, NULL, NULL, NULL, NULL, NULL, NULL, NULL, NULL, 1, NULL, NULL, NULL, '', NULL, NULL, NULL, NULL, NULL, NULL, NULL, NULL, NULL, NULL, NULL, NULL, NULL, NULL, NULL, NULL, NULL, NULL, NULL, NULL, NULL, NULL, NULL, NULL, NULL, NULL, NULL, NULL, NULL, NULL, NULL, NULL, NULL, NULL, NULL, NULL, NULL, NULL, NULL, NULL, NULL, NULL, NULL, NULL, NULL, NULL, NULL, 1, 0, NULL, NULL, NULL, NULL, NULL, NULL, NULL, NULL, NULL, NULL, 0, 0, '1'),
(NULL, '20041', NULL, NULL, '20041', NULL, 'ลัดดาวัลย์', NULL, 'สิงห์คำฟู', NULL, NULL, NULL, 'f', NULL, NULL, NULL, NULL, NULL, NULL, NULL, NULL, NULL, NULL, NULL, NULL, NULL, NULL, 1, NULL, NULL, NULL, '', NULL, NULL, NULL, NULL, NULL, NULL, NULL, NULL, NULL, NULL, NULL, NULL, NULL, NULL, NULL, NULL, NULL, NULL, NULL, NULL, NULL, NULL, NULL, NULL, NULL, NULL, NULL, NULL, NULL, NULL, NULL, NULL, NULL, NULL, NULL, NULL, NULL, NULL, NULL, NULL, NULL, NULL, NULL, NULL, NULL, NULL, NULL, 1, 0, NULL, NULL, NULL, NULL, NULL, NULL, NULL, NULL, NULL, NULL, 0, 0, '1'),
(NULL, '59053', NULL, NULL, '59053', NULL, 'พิมพ์พิสุทธิ์', NULL, 'อินธิทา', NULL, NULL, NULL, 'f', NULL, NULL, NULL, NULL, NULL, NULL, NULL, NULL, NULL, NULL, NULL, NULL, NULL, NULL, 1, NULL, NULL, NULL, '', NULL, NULL, NULL, NULL, NULL, NULL, NULL, NULL, NULL, NULL, NULL, NULL, NULL, NULL, NULL, NULL, NULL, NULL, NULL, NULL, NULL, NULL, NULL, NULL, NULL, NULL, NULL, NULL, NULL, NULL, NULL, NULL, NULL, NULL, NULL, NULL, NULL, NULL, NULL, NULL, NULL, NULL, NULL, NULL, NULL, NULL, NULL, 1, 0, NULL, NULL, NULL, NULL, NULL, NULL, NULL, NULL, NULL, NULL, 0, 0, '1'),
(NULL, '59054', NULL, NULL, '59054', NULL, 'สาริศา', NULL, 'สมโน', NULL, NULL, NULL, 'f', NULL, NULL, NULL, NULL, NULL, NULL, NULL, NULL, NULL, NULL, NULL, NULL, NULL, NULL, 1, NULL, NULL, NULL, '', NULL, NULL, NULL, NULL, NULL, NULL, NULL, NULL, NULL, NULL, NULL, NULL, NULL, NULL, NULL, NULL, NULL, NULL, NULL, NULL, NULL, NULL, NULL, NULL, NULL, NULL, NULL, NULL, NULL, NULL, NULL, NULL, NULL, NULL, NULL, NULL, NULL, NULL, NULL, NULL, NULL, NULL, NULL, NULL, NULL, NULL, NULL, 1, 0, NULL, NULL, NULL, NULL, NULL, NULL, NULL, NULL, NULL, NULL, 0, 0, '1'),
(NULL, '61049', NULL, NULL, '61049', NULL, 'สุภกร', NULL, 'ฉัตรอุทัย', NULL, NULL, NULL, 'm', NULL, NULL, NULL, NULL, NULL, NULL, NULL, NULL, NULL, NULL, NULL, NULL, NULL, NULL, 1, NULL, NULL, NULL, '', NULL, NULL, NULL, NULL, NULL, NULL, NULL, NULL, NULL, NULL, NULL, NULL, NULL, NULL, NULL, NULL, NULL, NULL, NULL, NULL, NULL, NULL, NULL, NULL, NULL, NULL, NULL, NULL, NULL, NULL, NULL, NULL, NULL, NULL, NULL, NULL, NULL, NULL, NULL, NULL, NULL, NULL, NULL, NULL, NULL, NULL, NULL, 1, 0, NULL, NULL, NULL, NULL, NULL, NULL, NULL, NULL, NULL, NULL, 0, 0, '1'),
(NULL, '59056', NULL, NULL, '59056', NULL, 'นรินทร์ทิพย์', NULL, 'จันตาบุญ', NULL, NULL, NULL, 'f', NULL, NULL, NULL, NULL, NULL, NULL, NULL, NULL, NULL, NULL, NULL, NULL, NULL, NULL, 1, NULL, NULL, NULL, '', NULL, NULL, NULL, NULL, NULL, NULL, NULL, NULL, NULL, NULL, NULL, NULL, NULL, NULL, NULL, NULL, NULL, NULL, NULL, NULL, NULL, NULL, NULL, NULL, NULL, NULL, NULL, NULL, NULL, NULL, NULL, NULL, NULL, NULL, NULL, NULL, NULL, NULL, NULL, NULL, NULL, NULL, NULL, NULL, NULL, NULL, NULL, 1, 0, NULL, NULL, NULL, NULL, NULL, NULL, NULL, NULL, NULL, NULL, 0, 0, '1'),
(NULL, '62034', NULL, NULL, '62034', NULL, 'สิทธิธิวัชช์', NULL, 'ตงเล็ก', NULL, NULL, NULL, 'm', NULL, NULL, NULL, NULL, NULL, NULL, NULL, NULL, NULL, NULL, NULL, NULL, NULL, NULL, 1, NULL, NULL, NULL, '', NULL, NULL, NULL, NULL, NULL, NULL, NULL, NULL, NULL, NULL, NULL, NULL, NULL, NULL, NULL, NULL, NULL, NULL, NULL, NULL, NULL, NULL, NULL, NULL, NULL, NULL, NULL, NULL, NULL, NULL, NULL, NULL, NULL, NULL, NULL, NULL, NULL, NULL, NULL, NULL, NULL, NULL, NULL, NULL, NULL, NULL, NULL, 1, 0, NULL, NULL, NULL, NULL, NULL, NULL, NULL, NULL, NULL, NULL, 0, 0, '1'),
(NULL, '59060', NULL, NULL, '59060', NULL, 'รัตนาภรณ์', NULL, 'วรรณรินทร์', NULL, NULL, NULL, 'f', NULL, NULL, NULL, NULL, NULL, NULL, NULL, NULL, NULL, NULL, NULL, NULL, NULL, NULL, 1, NULL, NULL, NULL, '', NULL, NULL, NULL, NULL, NULL, NULL, NULL, NULL, NULL, NULL, NULL, NULL, NULL, NULL, NULL, NULL, NULL, NULL, NULL, NULL, NULL, NULL, NULL, NULL, NULL, NULL, NULL, NULL, NULL, NULL, NULL, NULL, NULL, NULL, NULL, NULL, NULL, NULL, NULL, NULL, NULL, NULL, NULL, NULL, NULL, NULL, NULL, 1, 0, NULL, NULL, NULL, NULL, NULL, NULL, NULL, NULL, NULL, NULL, 0, 0, '1'),
(NULL, '59061', NULL, NULL, '59061', NULL, 'อรทัย', NULL, 'เครื่องคำ', NULL, NULL, NULL, 'f', NULL, NULL, NULL, NULL, NULL, NULL, NULL, NULL, NULL, NULL, NULL, NULL, NULL, NULL, 1, NULL, NULL, NULL, '', NULL, NULL, NULL, NULL, NULL, NULL, NULL, NULL, NULL, NULL, NULL, NULL, NULL, NULL, NULL, NULL, NULL, NULL, NULL, NULL, NULL, NULL, NULL, NULL, NULL, NULL, NULL, NULL, NULL, NULL, NULL, NULL, NULL, NULL, NULL, NULL, NULL, NULL, NULL, NULL, NULL, NULL, NULL, NULL, NULL, NULL, NULL, 1, 0, NULL, NULL, NULL, NULL, NULL, NULL, NULL, NULL, NULL, NULL, 0, 0, '1'),
(NULL, '59062', NULL, NULL, '59062', NULL, 'ธนากิต', NULL, 'อูปแปง', NULL, NULL, NULL, 'm', NULL, NULL, NULL, NULL, NULL, NULL, NULL, NULL, NULL, NULL, NULL, NULL, NULL, NULL, 1, NULL, NULL, NULL, '', NULL, NULL, NULL, NULL, NULL, NULL, NULL, NULL, NULL, NULL, NULL, NULL, NULL, NULL, NULL, NULL, NULL, NULL, NULL, NULL, NULL, NULL, NULL, NULL, NULL, NULL, NULL, NULL, NULL, NULL, NULL, NULL, NULL, NULL, NULL, NULL, NULL, NULL, NULL, NULL, NULL, NULL, NULL, NULL, NULL, NULL, NULL, 1, 0, NULL, NULL, NULL, NULL, NULL, NULL, NULL, NULL, NULL, NULL, 0, 0, '1'),
(NULL, '61048', NULL, NULL, '61048', NULL, 'ศุภาพิชญ์', NULL, 'ขจรโมทย์', NULL, NULL, NULL, 'f', NULL, NULL, NULL, NULL, NULL, NULL, NULL, NULL, NULL, NULL, NULL, NULL, NULL, NULL, 1, NULL, NULL, NULL, '', NULL, NULL, NULL, NULL, NULL, NULL, NULL, NULL, NULL, NULL, NULL, NULL, NULL, NULL, NULL, NULL, NULL, NULL, NULL, NULL, NULL, NULL, NULL, NULL, NULL, NULL, NULL, NULL, NULL, NULL, NULL, NULL, NULL, NULL, NULL, NULL, NULL, NULL, NULL, NULL, NULL, NULL, NULL, NULL, NULL, NULL, NULL, 1, 0, NULL, NULL, NULL, NULL, NULL, NULL, NULL, NULL, NULL, NULL, 0, 0, '1'),
(NULL, '61047', NULL, NULL, '61047', NULL, 'ฐิตินันท์', NULL, 'ชัยกุลเสรีวัฒน์', NULL, NULL, NULL, 'm', NULL, NULL, NULL, NULL, NULL, NULL, NULL, NULL, NULL, NULL, NULL, NULL, NULL, NULL, 1, NULL, NULL, NULL, '', NULL, NULL, NULL, NULL, NULL, NULL, NULL, NULL, NULL, NULL, NULL, NULL, NULL, NULL, NULL, NULL, NULL, NULL, NULL, NULL, NULL, NULL, NULL, NULL, NULL, NULL, NULL, NULL, NULL, NULL, NULL, NULL, NULL, NULL, NULL, NULL, NULL, NULL, NULL, NULL, NULL, NULL, NULL, NULL, NULL, NULL, NULL, 1, 0, NULL, NULL, NULL, NULL, NULL, NULL, NULL, NULL, NULL, NULL, 0, 0, '1'),
(NULL, '59065', NULL, NULL, '59065', NULL, 'อัญชลี', NULL, 'ชวนประเสริฐ', NULL, NULL, NULL, 'f', NULL, NULL, NULL, NULL, NULL, NULL, NULL, NULL, NULL, NULL, NULL, NULL, NULL, NULL, 1, NULL, NULL, NULL, '', NULL, NULL, NULL, NULL, NULL, NULL, NULL, NULL, NULL, NULL, NULL, NULL, NULL, NULL, NULL, NULL, NULL, NULL, NULL, NULL, NULL, NULL, NULL, NULL, NULL, NULL, NULL, NULL, NULL, NULL, NULL, NULL, NULL, NULL, NULL, NULL, NULL, NULL, NULL, NULL, NULL, NULL, NULL, NULL, NULL, NULL, NULL, 1, 0, NULL, NULL, NULL, NULL, NULL, NULL, NULL, NULL, NULL, NULL, 0, 0, '1'),
(NULL, '60001', NULL, NULL, '60001', NULL, 'ภัทรสุดา', NULL, 'เหมืองจา', NULL, NULL, NULL, 'f', NULL, NULL, NULL, NULL, NULL, NULL, NULL, NULL, NULL, NULL, NULL, NULL, NULL, NULL, 1, NULL, NULL, NULL, '', NULL, NULL, NULL, NULL, NULL, NULL, NULL, NULL, NULL, NULL, NULL, NULL, NULL, NULL, NULL, NULL, NULL, NULL, NULL, NULL, NULL, NULL, NULL, NULL, NULL, NULL, NULL, NULL, NULL, NULL, NULL, NULL, NULL, NULL, NULL, NULL, NULL, NULL, NULL, NULL, NULL, NULL, NULL, NULL, NULL, NULL, NULL, 1, 0, NULL, NULL, NULL, NULL, NULL, NULL, NULL, NULL, NULL, NULL, 0, 0, '1'),
(NULL, '60002', NULL, NULL, '60002', NULL, 'วัชรินทร์', NULL, 'บุญเทพ', NULL, NULL, NULL, 'm', NULL, NULL, NULL, NULL, NULL, NULL, NULL, NULL, NULL, NULL, NULL, NULL, NULL, NULL, 1, NULL, NULL, NULL, '', NULL, NULL, NULL, NULL, NULL, NULL, NULL, NULL, NULL, NULL, NULL, NULL, NULL, NULL, NULL, NULL, NULL, NULL, NULL, NULL, NULL, NULL, NULL, NULL, NULL, NULL, NULL, NULL, NULL, NULL, NULL, NULL, NULL, NULL, NULL, NULL, NULL, NULL, NULL, NULL, NULL, NULL, NULL, NULL, NULL, NULL, NULL, 1, 0, NULL, NULL, NULL, NULL, NULL, NULL, NULL, NULL, NULL, NULL, 0, 0, '1'),
(NULL, '61045', NULL, NULL, '61045', NULL, 'กรกนก', NULL, 'วงศ์ศิลา', NULL, NULL, NULL, 'f', NULL, NULL, NULL, NULL, NULL, NULL, NULL, NULL, NULL, NULL, NULL, NULL, NULL, NULL, 1, NULL, NULL, NULL, '', NULL, NULL, NULL, NULL, NULL, NULL, NULL, NULL, NULL, NULL, NULL, NULL, NULL, NULL, NULL, NULL, NULL, NULL, NULL, NULL, NULL, NULL, NULL, NULL, NULL, NULL, NULL, NULL, NULL, NULL, NULL, NULL, NULL, NULL, NULL, NULL, NULL, NULL, NULL, NULL, NULL, NULL, NULL, NULL, NULL, NULL, NULL, 1, 0, NULL, NULL, NULL, NULL, NULL, NULL, NULL, NULL, NULL, NULL, 0, 0, '1'),
(NULL, '62038', NULL, NULL, '62038', NULL, 'วาริสา', NULL, 'กันตศรี', NULL, NULL, NULL, 'f', NULL, NULL, NULL, NULL, NULL, NULL, NULL, NULL, NULL, NULL, NULL, NULL, NULL, NULL, 1, NULL, NULL, NULL, '', NULL, NULL, NULL, NULL, NULL, NULL, NULL, NULL, NULL, NULL, NULL, NULL, NULL, NULL, NULL, NULL, NULL, NULL, NULL, NULL, NULL, NULL, NULL, NULL, NULL, NULL, NULL, NULL, NULL, NULL, NULL, NULL, NULL, NULL, NULL, NULL, NULL, NULL, NULL, NULL, NULL, NULL, NULL, NULL, NULL, NULL, NULL, 1, 0, NULL, NULL, NULL, NULL, NULL, NULL, NULL, NULL, NULL, NULL, 0, 0, '1'),
(NULL, '60005', NULL, NULL, '60005', NULL, 'ทนันต์', NULL, 'นันตากาศ', NULL, NULL, NULL, 'm', NULL, NULL, NULL, NULL, NULL, NULL, NULL, NULL, NULL, NULL, NULL, NULL, NULL, NULL, 1, NULL, NULL, NULL, '', NULL, NULL, NULL, NULL, NULL, NULL, NULL, NULL, NULL, NULL, NULL, NULL, NULL, NULL, NULL, NULL, NULL, NULL, NULL, NULL, NULL, NULL, NULL, NULL, NULL, NULL, NULL, NULL, NULL, NULL, NULL, NULL, NULL, NULL, NULL, NULL, NULL, NULL, NULL, NULL, NULL, NULL, NULL, NULL, NULL, NULL, NULL, 1, 0, NULL, NULL, NULL, NULL, NULL, NULL, NULL, NULL, NULL, NULL, 0, 0, '1'),
(NULL, '62032', NULL, NULL, '62032', NULL, 'นภาพร', NULL, 'อินสิงห์', NULL, NULL, NULL, 'f', NULL, NULL, NULL, NULL, NULL, NULL, NULL, NULL, NULL, NULL, NULL, NULL, NULL, NULL, 1, NULL, NULL, NULL, '', NULL, NULL, NULL, NULL, NULL, NULL, NULL, NULL, NULL, NULL, NULL, NULL, NULL, NULL, NULL, NULL, NULL, NULL, NULL, NULL, NULL, NULL, NULL, NULL, NULL, NULL, NULL, NULL, NULL, NULL, NULL, NULL, NULL, NULL, NULL, NULL, NULL, NULL, NULL, NULL, NULL, NULL, NULL, NULL, NULL, NULL, NULL, 1, 0, NULL, NULL, NULL, NULL, NULL, NULL, NULL, NULL, NULL, NULL, 0, 0, '1'),
(NULL, '60008', NULL, NULL, '60008', NULL, 'สตรีรัตน์', NULL, 'ภัทรวรตระกูล', NULL, NULL, NULL, 'f', NULL, NULL, NULL, NULL, NULL, NULL, NULL, NULL, NULL, NULL, NULL, NULL, NULL, NULL, 1, NULL, NULL, NULL, '', NULL, NULL, NULL, NULL, NULL, NULL, NULL, NULL, NULL, NULL, NULL, NULL, NULL, NULL, NULL, NULL, NULL, NULL, NULL, NULL, NULL, NULL, NULL, NULL, NULL, NULL, NULL, NULL, NULL, NULL, NULL, NULL, NULL, NULL, NULL, NULL, NULL, NULL, NULL, NULL, NULL, NULL, NULL, NULL, NULL, NULL, NULL, 1, 0, NULL, NULL, NULL, NULL, NULL, NULL, NULL, NULL, NULL, NULL, 0, 0, '1'),
(NULL, '60009', NULL, NULL, '60009', NULL, 'จุฬาลักษณ์', NULL, 'ใหม่พรม', NULL, NULL, NULL, 'f', NULL, NULL, NULL, NULL, NULL, NULL, NULL, NULL, NULL, NULL, NULL, NULL, NULL, NULL, 1, NULL, NULL, NULL, '', NULL, NULL, NULL, NULL, NULL, NULL, NULL, NULL, NULL, NULL, NULL, NULL, NULL, NULL, NULL, NULL, NULL, NULL, NULL, NULL, NULL, NULL, NULL, NULL, NULL, NULL, NULL, NULL, NULL, NULL, NULL, NULL, NULL, NULL, NULL, NULL, NULL, NULL, NULL, NULL, NULL, NULL, NULL, NULL, NULL, NULL, NULL, 1, 0, NULL, NULL, NULL, NULL, NULL, NULL, NULL, NULL, NULL, NULL, 0, 0, '1'),
(NULL, '60010', NULL, NULL, '60010', NULL, 'เสาวลักษณ์', NULL, 'สุขระแหง', NULL, NULL, NULL, 'f', NULL, NULL, NULL, NULL, NULL, NULL, NULL, NULL, NULL, NULL, NULL, NULL, NULL, NULL, 1, NULL, NULL, NULL, '', NULL, NULL, NULL, NULL, NULL, NULL, NULL, NULL, NULL, NULL, NULL, NULL, NULL, NULL, NULL, NULL, NULL, NULL, NULL, NULL, NULL, NULL, NULL, NULL, NULL, NULL, NULL, NULL, NULL, NULL, NULL, NULL, NULL, NULL, NULL, NULL, NULL, NULL, NULL, NULL, NULL, NULL, NULL, NULL, NULL, NULL, NULL, 1, 0, NULL, NULL, NULL, NULL, NULL, NULL, NULL, NULL, NULL, NULL, 0, 0, '1'),
(NULL, '61044', NULL, NULL, '61044', NULL, 'วิภาดา', NULL, 'สุริยา', NULL, NULL, NULL, 'f', NULL, NULL, NULL, NULL, NULL, NULL, NULL, NULL, NULL, NULL, NULL, NULL, NULL, NULL, 1, NULL, NULL, NULL, '', NULL, NULL, NULL, NULL, NULL, NULL, NULL, NULL, NULL, NULL, NULL, NULL, NULL, NULL, NULL, NULL, NULL, NULL, NULL, NULL, NULL, NULL, NULL, NULL, NULL, NULL, NULL, NULL, NULL, NULL, NULL, NULL, NULL, NULL, NULL, NULL, NULL, NULL, NULL, NULL, NULL, NULL, NULL, NULL, NULL, NULL, NULL, 1, 0, NULL, NULL, NULL, NULL, NULL, NULL, NULL, NULL, NULL, NULL, 0, 0, '1'),
(NULL, '60012', NULL, NULL, '60012', NULL, 'นาริชา', NULL, 'จอมขันเงิน', NULL, NULL, NULL, 'f', NULL, NULL, NULL, NULL, NULL, NULL, NULL, NULL, NULL, NULL, NULL, NULL, NULL, NULL, 1, NULL, NULL, NULL, '', NULL, NULL, NULL, NULL, NULL, NULL, NULL, NULL, NULL, NULL, NULL, NULL, NULL, NULL, NULL, NULL, NULL, NULL, NULL, NULL, NULL, NULL, NULL, NULL, NULL, NULL, NULL, NULL, NULL, NULL, NULL, NULL, NULL, NULL, NULL, NULL, NULL, NULL, NULL, NULL, NULL, NULL, NULL, NULL, NULL, NULL, NULL, 1, 0, NULL, NULL, NULL, NULL, NULL, NULL, NULL, NULL, NULL, NULL, 0, 0, '1'),
('', '61043', NULL, NULL, '61043', NULL, 'สมหญิง', NULL, 'ดำนิล', NULL, NULL, NULL, 'f', NULL, NULL, NULL, NULL, NULL, NULL, NULL, NULL, NULL, NULL, NULL, NULL, NULL, NULL, 1, NULL, NULL, NULL, '', NULL, NULL, NULL, NULL, NULL, NULL, NULL, NULL, NULL, NULL, NULL, NULL, NULL, NULL, NULL, NULL, NULL, NULL, NULL, NULL, NULL, NULL, NULL, NULL, NULL, NULL, NULL, NULL, NULL, NULL, NULL, NULL, NULL, NULL, NULL, NULL, NULL, NULL, NULL, NULL, NULL, NULL, NULL, NULL, NULL, NULL, NULL, 1, 0, NULL, NULL, NULL, NULL, NULL, NULL, NULL, NULL, NULL, NULL, 0, 0, '1'),
(NULL, '60016', NULL, NULL, '60016', NULL, 'เอกรินทร์', NULL, 'ศุภตระกูล', NULL, NULL, NULL, 'm', NULL, NULL, NULL, NULL, NULL, NULL, NULL, NULL, NULL, NULL, NULL, NULL, NULL, NULL, 1, NULL, NULL, NULL, '', NULL, NULL, NULL, NULL, NULL, NULL, NULL, NULL, NULL, NULL, NULL, NULL, NULL, NULL, NULL, NULL, NULL, NULL, NULL, NULL, NULL, NULL, NULL, NULL, NULL, NULL, NULL, NULL, NULL, NULL, NULL, NULL, NULL, NULL, NULL, NULL, NULL, NULL, NULL, NULL, NULL, NULL, NULL, NULL, NULL, NULL, NULL, 1, 0, NULL, NULL, NULL, NULL, NULL, NULL, NULL, NULL, NULL, NULL, 0, 0, '1'),
(NULL, '60017', NULL, NULL, '60017', NULL, 'ภัทรพล', NULL, 'หลวงแสน', NULL, NULL, NULL, 'm', NULL, NULL, NULL, NULL, NULL, NULL, NULL, NULL, NULL, NULL, NULL, NULL, NULL, NULL, 1, NULL, NULL, NULL, '', NULL, NULL, NULL, NULL, NULL, NULL, NULL, NULL, NULL, NULL, NULL, NULL, NULL, NULL, NULL, NULL, NULL, NULL, NULL, NULL, NULL, NULL, NULL, NULL, NULL, NULL, NULL, NULL, NULL, NULL, NULL, NULL, NULL, NULL, NULL, NULL, NULL, NULL, NULL, NULL, NULL, NULL, NULL, NULL, NULL, NULL, NULL, 1, 0, NULL, NULL, NULL, NULL, NULL, NULL, NULL, NULL, NULL, NULL, 0, 0, '1'),
(NULL, '60018', NULL, NULL, '60018', NULL, 'จิราพร', NULL, 'ต๊ะเสน', NULL, NULL, NULL, 'f', NULL, NULL, NULL, NULL, NULL, NULL, NULL, NULL, NULL, NULL, NULL, NULL, NULL, NULL, 1, NULL, NULL, NULL, '', NULL, NULL, NULL, NULL, NULL, NULL, NULL, NULL, NULL, NULL, NULL, NULL, NULL, NULL, NULL, NULL, NULL, NULL, NULL, NULL, NULL, NULL, NULL, NULL, NULL, NULL, NULL, NULL, NULL, NULL, NULL, NULL, NULL, NULL, NULL, NULL, NULL, NULL, NULL, NULL, NULL, NULL, NULL, NULL, NULL, NULL, NULL, 1, 0, NULL, NULL, NULL, NULL, NULL, NULL, NULL, NULL, NULL, NULL, 0, 0, '1'),
(NULL, '60019', NULL, NULL, '60019', NULL, 'ติณณภพ', NULL, 'กันตพัชญ์', NULL, NULL, NULL, 'm', NULL, NULL, NULL, NULL, NULL, NULL, NULL, NULL, NULL, NULL, NULL, NULL, NULL, NULL, 1, NULL, NULL, NULL, '', NULL, NULL, NULL, NULL, NULL, NULL, NULL, NULL, NULL, NULL, NULL, NULL, NULL, NULL, NULL, NULL, NULL, NULL, NULL, NULL, NULL, NULL, NULL, NULL, NULL, NULL, NULL, NULL, NULL, NULL, NULL, NULL, NULL, NULL, NULL, NULL, NULL, NULL, NULL, NULL, NULL, NULL, NULL, NULL, NULL, NULL, NULL, 1, 0, NULL, NULL, NULL, NULL, NULL, NULL, NULL, NULL, NULL, NULL, 0, 0, '1'),
(NULL, '62040', NULL, NULL, '62040', NULL, 'พิมพร', NULL, 'คำไส', NULL, NULL, NULL, 'f', NULL, NULL, NULL, NULL, NULL, NULL, NULL, NULL, NULL, NULL, NULL, NULL, NULL, NULL, 1, NULL, NULL, NULL, '', NULL, NULL, NULL, NULL, NULL, NULL, NULL, NULL, NULL, NULL, NULL, NULL, NULL, NULL, NULL, NULL, NULL, NULL, NULL, NULL, NULL, NULL, NULL, NULL, NULL, NULL, NULL, NULL, NULL, NULL, NULL, NULL, NULL, NULL, NULL, NULL, NULL, NULL, NULL, NULL, NULL, NULL, NULL, NULL, NULL, NULL, NULL, 1, 0, NULL, NULL, NULL, NULL, NULL, NULL, NULL, NULL, NULL, NULL, 0, 0, '1'),
(NULL, '60021', NULL, NULL, '60021', NULL, 'จิดาภา', NULL, 'พรหมปัญญา', NULL, NULL, NULL, 'f', NULL, NULL, NULL, NULL, NULL, NULL, NULL, NULL, NULL, NULL, NULL, NULL, NULL, NULL, 1, NULL, NULL, NULL, '', NULL, NULL, NULL, NULL, NULL, NULL, NULL, NULL, NULL, NULL, NULL, NULL, NULL, NULL, NULL, NULL, NULL, NULL, NULL, NULL, NULL, NULL, NULL, NULL, NULL, NULL, NULL, NULL, NULL, NULL, NULL, NULL, NULL, NULL, NULL, NULL, NULL, NULL, NULL, NULL, NULL, NULL, NULL, NULL, NULL, NULL, NULL, 1, 0, NULL, NULL, NULL, NULL, NULL, NULL, NULL, NULL, NULL, NULL, 0, 0, '1'),
(NULL, '60023', NULL, NULL, '60023', NULL, 'ปราวิรัตน์', NULL, 'คิ้วดวงตา', NULL, NULL, NULL, 'f', NULL, NULL, NULL, NULL, NULL, NULL, NULL, NULL, NULL, NULL, NULL, NULL, NULL, NULL, 1, NULL, NULL, NULL, '', NULL, NULL, NULL, NULL, NULL, NULL, NULL, NULL, NULL, NULL, NULL, NULL, NULL, NULL, NULL, NULL, NULL, NULL, NULL, NULL, NULL, NULL, NULL, NULL, NULL, NULL, NULL, NULL, NULL, NULL, NULL, NULL, NULL, NULL, NULL, NULL, NULL, NULL, NULL, NULL, NULL, NULL, NULL, NULL, NULL, NULL, NULL, 1, 0, NULL, NULL, NULL, NULL, NULL, NULL, NULL, NULL, NULL, NULL, 0, 0, '1'),
(NULL, '60024', NULL, NULL, '60024', NULL, 'จิตติมาภรณ์', NULL, 'กันทะ', NULL, NULL, NULL, 'f', NULL, NULL, NULL, NULL, NULL, NULL, NULL, NULL, NULL, NULL, NULL, NULL, NULL, NULL, 1, NULL, NULL, NULL, '', NULL, NULL, NULL, NULL, NULL, NULL, NULL, NULL, NULL, NULL, NULL, NULL, NULL, NULL, NULL, NULL, NULL, NULL, NULL, NULL, NULL, NULL, NULL, NULL, NULL, NULL, NULL, NULL, NULL, NULL, NULL, NULL, NULL, NULL, NULL, NULL, NULL, NULL, NULL, NULL, NULL, NULL, NULL, NULL, NULL, NULL, NULL, 1, 0, NULL, NULL, NULL, NULL, NULL, NULL, NULL, NULL, NULL, NULL, 0, 0, '1'),
(NULL, '60026', NULL, NULL, '60026', NULL, 'คณิน', NULL, 'กาวิชัย', NULL, NULL, NULL, 'm', NULL, NULL, NULL, NULL, NULL, NULL, NULL, NULL, NULL, NULL, NULL, NULL, NULL, NULL, 1, NULL, NULL, NULL, '', NULL, NULL, NULL, NULL, NULL, NULL, NULL, NULL, NULL, NULL, NULL, NULL, NULL, NULL, NULL, NULL, NULL, NULL, NULL, NULL, NULL, NULL, NULL, NULL, NULL, NULL, NULL, NULL, NULL, NULL, NULL, NULL, NULL, NULL, NULL, NULL, NULL, NULL, NULL, NULL, NULL, NULL, NULL, NULL, NULL, NULL, NULL, 1, 0, NULL, NULL, NULL, NULL, NULL, NULL, NULL, NULL, NULL, NULL, 0, 0, '1'),
(NULL, '60027', NULL, NULL, '60027', NULL, 'ไมตรี', NULL, 'พึ่งวิทยาธร', NULL, NULL, NULL, 'm', NULL, NULL, NULL, NULL, NULL, NULL, NULL, NULL, NULL, NULL, NULL, NULL, NULL, NULL, 1, NULL, NULL, NULL, '', NULL, NULL, NULL, NULL, NULL, NULL, NULL, NULL, NULL, NULL, NULL, NULL, NULL, NULL, NULL, NULL, NULL, NULL, NULL, NULL, NULL, NULL, NULL, NULL, NULL, NULL, NULL, NULL, NULL, NULL, NULL, NULL, NULL, NULL, NULL, NULL, NULL, NULL, NULL, NULL, NULL, NULL, NULL, NULL, NULL, NULL, NULL, 1, 0, NULL, NULL, NULL, NULL, NULL, NULL, NULL, NULL, NULL, NULL, 0, 0, '1'),
(NULL, 'siripong', NULL, NULL, 'siripong', NULL, 'ศิริพงค์', NULL, 'เชี่ยวชาญธนกิจ', NULL, NULL, NULL, 'm', NULL, NULL, NULL, NULL, NULL, NULL, NULL, NULL, NULL, NULL, NULL, NULL, NULL, NULL, 1, NULL, NULL, NULL, '', NULL, NULL, NULL, NULL, NULL, NULL, NULL, NULL, NULL, NULL, NULL, NULL, NULL, NULL, NULL, NULL, NULL, NULL, NULL, NULL, NULL, NULL, NULL, NULL, NULL, NULL, NULL, NULL, NULL, NULL, NULL, NULL, NULL, NULL, NULL, NULL, NULL, NULL, NULL, NULL, NULL, NULL, NULL, NULL, NULL, NULL, NULL, 1, 0, NULL, NULL, NULL, NULL, NULL, NULL, NULL, NULL, NULL, NULL, 0, 0, '1'),
(NULL, '60029', NULL, NULL, '60029', NULL, 'สุพรรษา', NULL, 'มารอด', NULL, NULL, NULL, 'f', NULL, NULL, NULL, NULL, NULL, NULL, NULL, NULL, NULL, NULL, NULL, NULL, NULL, NULL, 1, NULL, NULL, NULL, '', NULL, NULL, NULL, NULL, NULL, NULL, NULL, NULL, NULL, NULL, NULL, NULL, NULL, NULL, NULL, NULL, NULL, NULL, NULL, NULL, NULL, NULL, NULL, NULL, NULL, NULL, NULL, NULL, NULL, NULL, NULL, NULL, NULL, NULL, NULL, NULL, NULL, NULL, NULL, NULL, NULL, NULL, NULL, NULL, NULL, NULL, NULL, 1, 0, NULL, NULL, NULL, NULL, NULL, NULL, NULL, NULL, NULL, NULL, 0, 0, '1'),
(NULL, '60030', NULL, NULL, '60030', NULL, 'พิมลดา', NULL, 'ไชยศิริ', NULL, NULL, NULL, 'f', NULL, NULL, NULL, NULL, NULL, NULL, NULL, NULL, NULL, NULL, NULL, NULL, NULL, NULL, 1, NULL, NULL, NULL, '', NULL, NULL, NULL, NULL, NULL, NULL, NULL, NULL, NULL, NULL, NULL, NULL, NULL, NULL, NULL, NULL, NULL, NULL, NULL, NULL, NULL, NULL, NULL, NULL, NULL, NULL, NULL, NULL, NULL, NULL, NULL, NULL, NULL, NULL, NULL, NULL, NULL, NULL, NULL, NULL, NULL, NULL, NULL, NULL, NULL, NULL, NULL, 1, 0, NULL, NULL, NULL, NULL, NULL, NULL, NULL, NULL, NULL, NULL, 0, 0, '1'),
(NULL, '61041', NULL, NULL, '61041', NULL, 'พิมลพรรณ', NULL, 'รัตนพัฒนากุล', NULL, NULL, NULL, 'f', NULL, NULL, NULL, NULL, NULL, NULL, NULL, NULL, NULL, NULL, NULL, NULL, NULL, NULL, 1, NULL, NULL, NULL, '', NULL, NULL, NULL, NULL, NULL, NULL, NULL, NULL, NULL, NULL, NULL, NULL, NULL, NULL, NULL, NULL, NULL, NULL, NULL, NULL, NULL, NULL, NULL, NULL, NULL, NULL, NULL, NULL, NULL, NULL, NULL, NULL, NULL, NULL, NULL, NULL, NULL, NULL, NULL, NULL, NULL, NULL, NULL, NULL, NULL, NULL, NULL, 1, 0, NULL, NULL, NULL, NULL, NULL, NULL, NULL, NULL, NULL, NULL, 0, 0, '1'),
(NULL, '60032', NULL, NULL, '60032', NULL, 'พัชราภรณ์', NULL, 'พุทธิมา', NULL, NULL, NULL, 'f', NULL, NULL, NULL, NULL, NULL, NULL, NULL, NULL, NULL, NULL, NULL, NULL, NULL, NULL, 1, NULL, NULL, NULL, '', NULL, NULL, NULL, NULL, NULL, NULL, NULL, NULL, NULL, NULL, NULL, NULL, NULL, NULL, NULL, NULL, NULL, NULL, NULL, NULL, NULL, NULL, NULL, NULL, NULL, NULL, NULL, NULL, NULL, NULL, NULL, NULL, NULL, NULL, NULL, NULL, NULL, NULL, NULL, NULL, NULL, NULL, NULL, NULL, NULL, NULL, NULL, 1, 0, NULL, NULL, NULL, NULL, NULL, NULL, NULL, NULL, NULL, NULL, 0, 0, '1'),
(NULL, '61039', NULL, NULL, '61039', NULL, 'สุทธิชา', NULL, 'วีระวงศ์', NULL, NULL, NULL, 'f', NULL, NULL, NULL, NULL, NULL, NULL, NULL, NULL, NULL, NULL, NULL, NULL, NULL, NULL, 1, NULL, NULL, NULL, '', NULL, NULL, NULL, NULL, NULL, NULL, NULL, NULL, NULL, NULL, NULL, NULL, NULL, NULL, NULL, NULL, NULL, NULL, NULL, NULL, NULL, NULL, NULL, NULL, NULL, NULL, NULL, NULL, NULL, NULL, NULL, NULL, NULL, NULL, NULL, NULL, NULL, NULL, NULL, NULL, NULL, NULL, NULL, NULL, NULL, NULL, NULL, 1, 0, NULL, NULL, NULL, NULL, NULL, NULL, NULL, NULL, NULL, NULL, 0, 0, '1'),
(NULL, '60034', NULL, NULL, '60034', NULL, 'นัฐชัย', NULL, 'โพธิ์รอด', NULL, NULL, NULL, 'm', NULL, NULL, NULL, NULL, NULL, NULL, NULL, NULL, NULL, NULL, NULL, NULL, NULL, NULL, 1, NULL, NULL, NULL, '', NULL, NULL, NULL, NULL, NULL, NULL, NULL, NULL, NULL, NULL, NULL, NULL, NULL, NULL, NULL, NULL, NULL, NULL, NULL, NULL, NULL, NULL, NULL, NULL, NULL, NULL, NULL, NULL, NULL, NULL, NULL, NULL, NULL, NULL, NULL, NULL, NULL, NULL, NULL, NULL, NULL, NULL, NULL, NULL, NULL, NULL, NULL, 1, 0, NULL, NULL, NULL, NULL, NULL, NULL, NULL, NULL, NULL, NULL, 0, 0, '1'),
(NULL, '60035', NULL, NULL, '60035', NULL, 'ธันยนัช', NULL, 'ทุนอินทร์', NULL, NULL, NULL, 'f', NULL, NULL, NULL, NULL, NULL, NULL, NULL, NULL, NULL, NULL, NULL, NULL, NULL, NULL, 1, NULL, NULL, NULL, '', NULL, NULL, NULL, NULL, NULL, NULL, NULL, NULL, NULL, NULL, NULL, NULL, NULL, NULL, NULL, NULL, NULL, NULL, NULL, NULL, NULL, NULL, NULL, NULL, NULL, NULL, NULL, NULL, NULL, NULL, NULL, NULL, NULL, NULL, NULL, NULL, NULL, NULL, NULL, NULL, NULL, NULL, NULL, NULL, NULL, NULL, NULL, 1, 0, NULL, NULL, NULL, NULL, NULL, NULL, NULL, NULL, NULL, NULL, 0, 0, '1'),
(NULL, '60037', NULL, NULL, '60037', NULL, 'ภาสินี', NULL, 'ปู่ปา', NULL, NULL, NULL, 'f', NULL, NULL, NULL, NULL, NULL, NULL, NULL, NULL, NULL, NULL, NULL, NULL, NULL, NULL, 1, NULL, NULL, NULL, '', NULL, NULL, NULL, NULL, NULL, NULL, NULL, NULL, NULL, NULL, NULL, NULL, NULL, NULL, NULL, NULL, NULL, NULL, NULL, NULL, NULL, NULL, NULL, NULL, NULL, NULL, NULL, NULL, NULL, NULL, NULL, NULL, NULL, NULL, NULL, NULL, NULL, NULL, NULL, NULL, NULL, NULL, NULL, NULL, NULL, NULL, NULL, 1, 0, NULL, NULL, NULL, NULL, NULL, NULL, NULL, NULL, NULL, NULL, 0, 0, '1'),
(NULL, '60038', NULL, NULL, '60038', NULL, 'สีรีรัตน์', NULL, 'มณฑนม', NULL, NULL, NULL, 'f', NULL, NULL, NULL, NULL, NULL, NULL, NULL, NULL, NULL, NULL, NULL, NULL, NULL, NULL, 1, NULL, NULL, NULL, '', NULL, NULL, NULL, NULL, NULL, NULL, NULL, NULL, NULL, NULL, NULL, NULL, NULL, NULL, NULL, NULL, NULL, NULL, NULL, NULL, NULL, NULL, NULL, NULL, NULL, NULL, NULL, NULL, NULL, NULL, NULL, NULL, NULL, NULL, NULL, NULL, NULL, NULL, NULL, NULL, NULL, NULL, NULL, NULL, NULL, NULL, NULL, 1, 0, NULL, NULL, NULL, NULL, NULL, NULL, NULL, NULL, NULL, NULL, 0, 0, '1'),
(NULL, '61038', NULL, NULL, '61038', NULL, 'นันท์นภัส', NULL, 'ร่องดุสิต', NULL, NULL, NULL, 'f', NULL, NULL, NULL, NULL, NULL, NULL, NULL, NULL, NULL, NULL, NULL, NULL, NULL, NULL, 1, NULL, NULL, NULL, '', NULL, NULL, NULL, NULL, NULL, NULL, NULL, NULL, NULL, NULL, NULL, NULL, NULL, NULL, NULL, NULL, NULL, NULL, NULL, NULL, NULL, NULL, NULL, NULL, NULL, NULL, NULL, NULL, NULL, NULL, NULL, NULL, NULL, NULL, NULL, NULL, NULL, NULL, NULL, NULL, NULL, NULL, NULL, NULL, NULL, NULL, NULL, 1, 0, NULL, NULL, NULL, NULL, NULL, NULL, NULL, NULL, NULL, NULL, 0, 0, '1'),
(NULL, '60042', NULL, NULL, '60042', NULL, 'ณัฐชยา', NULL, 'สุทาชัย', NULL, NULL, NULL, 'f', NULL, NULL, NULL, NULL, NULL, NULL, NULL, NULL, NULL, NULL, NULL, NULL, NULL, NULL, 1, NULL, NULL, NULL, '', NULL, NULL, NULL, NULL, NULL, NULL, NULL, NULL, NULL, NULL, NULL, NULL, NULL, NULL, NULL, NULL, NULL, NULL, NULL, NULL, NULL, NULL, NULL, NULL, NULL, NULL, NULL, NULL, NULL, NULL, NULL, NULL, NULL, NULL, NULL, NULL, NULL, NULL, NULL, NULL, NULL, NULL, NULL, NULL, NULL, NULL, NULL, 1, 0, NULL, NULL, NULL, NULL, NULL, NULL, NULL, NULL, NULL, NULL, 0, 0, '1'),
(NULL, '60043', NULL, NULL, '60043', NULL, 'อธิชาภัสร์', NULL, 'จันทร์เส็ง', NULL, NULL, NULL, 'f', NULL, NULL, NULL, NULL, NULL, NULL, NULL, NULL, NULL, NULL, NULL, NULL, NULL, NULL, 1, NULL, NULL, NULL, '', NULL, NULL, NULL, NULL, NULL, NULL, NULL, NULL, NULL, NULL, NULL, NULL, NULL, NULL, NULL, NULL, NULL, NULL, NULL, NULL, NULL, NULL, NULL, NULL, NULL, NULL, NULL, NULL, NULL, NULL, NULL, NULL, NULL, NULL, NULL, NULL, NULL, NULL, NULL, NULL, NULL, NULL, NULL, NULL, NULL, NULL, NULL, 1, 0, NULL, NULL, NULL, NULL, NULL, NULL, NULL, NULL, NULL, NULL, 0, 0, '1'),
(NULL, '60044', NULL, NULL, '60044', NULL, 'รุ้งลาวัลย์', NULL, 'สุนทร', NULL, NULL, NULL, 'f', NULL, NULL, NULL, NULL, NULL, NULL, NULL, NULL, NULL, NULL, NULL, NULL, NULL, NULL, 1, NULL, NULL, NULL, '', NULL, NULL, NULL, NULL, NULL, NULL, NULL, NULL, NULL, NULL, NULL, NULL, NULL, NULL, NULL, NULL, NULL, NULL, NULL, NULL, NULL, NULL, NULL, NULL, NULL, NULL, NULL, NULL, NULL, NULL, NULL, NULL, NULL, NULL, NULL, NULL, NULL, NULL, NULL, NULL, NULL, NULL, NULL, NULL, NULL, NULL, NULL, 1, 0, NULL, NULL, NULL, NULL, NULL, NULL, NULL, NULL, NULL, NULL, 0, 0, '1'),
(NULL, '60045', NULL, NULL, '60045', NULL, 'ภัทรกร', NULL, 'ดำรงไชย', NULL, NULL, NULL, 'f', NULL, NULL, NULL, NULL, NULL, NULL, NULL, NULL, NULL, NULL, NULL, NULL, NULL, NULL, 1, NULL, NULL, NULL, '', NULL, NULL, NULL, NULL, NULL, NULL, NULL, NULL, NULL, NULL, NULL, NULL, NULL, NULL, NULL, NULL, NULL, NULL, NULL, NULL, NULL, NULL, NULL, NULL, NULL, NULL, NULL, NULL, NULL, NULL, NULL, NULL, NULL, NULL, NULL, NULL, NULL, NULL, NULL, NULL, NULL, NULL, NULL, NULL, NULL, NULL, NULL, 1, 0, NULL, NULL, NULL, NULL, NULL, NULL, NULL, NULL, NULL, NULL, 0, 0, '1'),
(NULL, '60046', NULL, NULL, '60046', NULL, 'ใกล้รุ่ง', NULL, 'วิวัฒน์ชัยกุล', NULL, NULL, NULL, 'f', NULL, NULL, NULL, NULL, NULL, NULL, NULL, NULL, NULL, NULL, NULL, NULL, NULL, NULL, 1, NULL, NULL, NULL, '', NULL, NULL, NULL, NULL, NULL, NULL, NULL, NULL, NULL, NULL, NULL, NULL, NULL, NULL, NULL, NULL, NULL, NULL, NULL, NULL, NULL, NULL, NULL, NULL, NULL, NULL, NULL, NULL, NULL, NULL, NULL, NULL, NULL, NULL, NULL, NULL, NULL, NULL, NULL, NULL, NULL, NULL, NULL, NULL, NULL, NULL, NULL, 1, 0, NULL, NULL, NULL, NULL, NULL, NULL, NULL, NULL, NULL, NULL, 0, 0, '1'),
(NULL, '62031', NULL, NULL, '62031', NULL, 'สิริญา', NULL, 'จันกันธา', NULL, NULL, NULL, 'f', NULL, NULL, NULL, NULL, NULL, NULL, NULL, NULL, NULL, NULL, NULL, NULL, NULL, NULL, 1, NULL, NULL, NULL, '', NULL, NULL, NULL, NULL, NULL, NULL, NULL, NULL, NULL, NULL, NULL, NULL, NULL, NULL, NULL, NULL, NULL, NULL, NULL, NULL, NULL, NULL, NULL, NULL, NULL, NULL, NULL, NULL, NULL, NULL, NULL, NULL, NULL, NULL, NULL, NULL, NULL, NULL, NULL, NULL, NULL, NULL, NULL, NULL, NULL, NULL, NULL, 1, 0, NULL, NULL, NULL, NULL, NULL, NULL, NULL, NULL, NULL, NULL, 0, 0, '1'),
(NULL, '60048', NULL, NULL, '60048', NULL, 'วราภรณ์', NULL, 'เมฆลา', NULL, NULL, NULL, 'f', NULL, NULL, NULL, NULL, NULL, NULL, NULL, NULL, NULL, NULL, NULL, NULL, NULL, NULL, 1, NULL, NULL, NULL, '', NULL, NULL, NULL, NULL, NULL, NULL, NULL, NULL, NULL, NULL, NULL, NULL, NULL, NULL, NULL, NULL, NULL, NULL, NULL, NULL, NULL, NULL, NULL, NULL, NULL, NULL, NULL, NULL, NULL, NULL, NULL, NULL, NULL, NULL, NULL, NULL, NULL, NULL, NULL, NULL, NULL, NULL, NULL, NULL, NULL, NULL, NULL, 1, 0, NULL, NULL, NULL, NULL, NULL, NULL, NULL, NULL, NULL, NULL, 0, 0, '1'),
(NULL, '60049', NULL, NULL, '60049', NULL, 'กนกวรรณ', NULL, 'ตื่นถาวร', NULL, NULL, NULL, 'f', NULL, NULL, NULL, NULL, NULL, NULL, NULL, NULL, NULL, NULL, NULL, NULL, NULL, NULL, 1, NULL, NULL, NULL, '', NULL, NULL, NULL, NULL, NULL, NULL, NULL, NULL, NULL, NULL, NULL, NULL, NULL, NULL, NULL, NULL, NULL, NULL, NULL, NULL, NULL, NULL, NULL, NULL, NULL, NULL, NULL, NULL, NULL, NULL, NULL, NULL, NULL, NULL, NULL, NULL, NULL, NULL, NULL, NULL, NULL, NULL, NULL, NULL, NULL, NULL, NULL, 1, 0, NULL, NULL, NULL, NULL, NULL, NULL, NULL, NULL, NULL, NULL, 0, 0, '1');
INSERT INTO `tb_person` (`SSUSR_Initials`, `NUM_OT`, `work`, `start`, `Person_id`, `Person_id1`, `Fname`, `chFname`, `Lname`, `chLname`, `name_english`, `lname_english`, `sex`, `MR1`, `MR`, `position_id`, `mstatus`, `born`, `born_1`, `national`, `religion`, `BIRTH_PLACE`, `father`, `father_occu`, `mother`, `mother_occu`, `MAR`, `MAR_new`, `couple`, `couple_occu`, `son_count`, `home`, `TUMBOL`, `tumbol_id`, `tumbol_name`, `aumphor`, `aumphor_name`, `province_id`, `PROVINCE`, `mail_code`, `telaphone`, `mobile_phone`, `ward_phone`, `relative`, `relative_occu`, `relative_addr`, `num_people`, `num_people1`, `edu_cer`, `edu_cer1`, `edu_degree`, `edu_from`, `edu_vol`, `edu_year`, `blood_group`, `form_size`, `form_size1`, `pos_new`, `pos_old`, `pos1`, `pos_thai`, `PP`, `PP1`, `PP_new`, `FW_CODE`, `FW_CODE_new`, `FW_CODE1`, `per_order`, `work_sec`, `nursecer_id`, `nursecer_date`, `sapa_id`, `samakom_id`, `bank_no`, `new`, `memo`, `mr_english`, `mr_thai`, `c_now`, `newnurse`, `ck`, `ncomment`, `nyear`, `codeper`, `goverment_fund`, `day_card`, `num_card`, `stu`, `new_status`, `expert`, `lastupdate`, `nupdate`, `hncheck`, `pos`) VALUES
(NULL, '60050', NULL, NULL, '60050', NULL, 'อมรรัตน์', NULL, 'โดดาธรรม', NULL, NULL, NULL, 'f', NULL, NULL, NULL, NULL, NULL, NULL, NULL, NULL, NULL, NULL, NULL, NULL, NULL, NULL, 1, NULL, NULL, NULL, '', NULL, NULL, NULL, NULL, NULL, NULL, NULL, NULL, NULL, NULL, NULL, NULL, NULL, NULL, NULL, NULL, NULL, NULL, NULL, NULL, NULL, NULL, NULL, NULL, NULL, NULL, NULL, NULL, NULL, NULL, NULL, NULL, NULL, NULL, NULL, NULL, NULL, NULL, NULL, NULL, NULL, NULL, NULL, NULL, NULL, NULL, NULL, 1, 0, NULL, NULL, NULL, NULL, NULL, NULL, NULL, NULL, NULL, NULL, 0, 0, '1'),
(NULL, '60051', NULL, NULL, '60051', NULL, 'วรัญญา', NULL, 'ต่ายทา', NULL, NULL, NULL, 'f', NULL, NULL, NULL, NULL, NULL, NULL, NULL, NULL, NULL, NULL, NULL, NULL, NULL, NULL, 1, NULL, NULL, NULL, '', NULL, NULL, NULL, NULL, NULL, NULL, NULL, NULL, NULL, NULL, NULL, NULL, NULL, NULL, NULL, NULL, NULL, NULL, NULL, NULL, NULL, NULL, NULL, NULL, NULL, NULL, NULL, NULL, NULL, NULL, NULL, NULL, NULL, NULL, NULL, NULL, NULL, NULL, NULL, NULL, NULL, NULL, NULL, NULL, NULL, NULL, NULL, 1, 0, NULL, NULL, NULL, NULL, NULL, NULL, NULL, NULL, NULL, NULL, 0, 0, '1'),
(NULL, '60052', NULL, NULL, '60052', NULL, 'กมลทิพย์', NULL, 'ปัญญาทิพย์', NULL, NULL, NULL, 'f', NULL, NULL, NULL, NULL, NULL, NULL, NULL, NULL, NULL, NULL, NULL, NULL, NULL, NULL, 1, NULL, NULL, NULL, '', NULL, NULL, NULL, NULL, NULL, NULL, NULL, NULL, NULL, NULL, NULL, NULL, NULL, NULL, NULL, NULL, NULL, NULL, NULL, NULL, NULL, NULL, NULL, NULL, NULL, NULL, NULL, NULL, NULL, NULL, NULL, NULL, NULL, NULL, NULL, NULL, NULL, NULL, NULL, NULL, NULL, NULL, NULL, NULL, NULL, NULL, NULL, 1, 0, NULL, NULL, NULL, NULL, NULL, NULL, NULL, NULL, NULL, NULL, 0, 0, '1'),
(NULL, '60053', NULL, NULL, '60053', NULL, 'ธันย์ชนก', NULL, 'เฟืองคำ', NULL, NULL, NULL, 'f', NULL, NULL, NULL, NULL, NULL, NULL, NULL, NULL, NULL, NULL, NULL, NULL, NULL, NULL, 1, NULL, NULL, NULL, '', NULL, NULL, NULL, NULL, NULL, NULL, NULL, NULL, NULL, NULL, NULL, NULL, NULL, NULL, NULL, NULL, NULL, NULL, NULL, NULL, NULL, NULL, NULL, NULL, NULL, NULL, NULL, NULL, NULL, NULL, NULL, NULL, NULL, NULL, NULL, NULL, NULL, NULL, NULL, NULL, NULL, NULL, NULL, NULL, NULL, NULL, NULL, 1, 0, NULL, NULL, NULL, NULL, NULL, NULL, NULL, NULL, NULL, NULL, 0, 0, '1'),
(NULL, '62030', NULL, NULL, '62030', NULL, 'นุชนาฎ', NULL, 'เสนาธรรม', NULL, NULL, NULL, 'f', NULL, NULL, NULL, NULL, NULL, NULL, NULL, NULL, NULL, NULL, NULL, NULL, NULL, NULL, 1, NULL, NULL, NULL, '', NULL, NULL, NULL, NULL, NULL, NULL, NULL, NULL, NULL, NULL, NULL, NULL, NULL, NULL, NULL, NULL, NULL, NULL, NULL, NULL, NULL, NULL, NULL, NULL, NULL, NULL, NULL, NULL, NULL, NULL, NULL, NULL, NULL, NULL, NULL, NULL, NULL, NULL, NULL, NULL, NULL, NULL, NULL, NULL, NULL, NULL, NULL, 1, 0, NULL, NULL, NULL, NULL, NULL, NULL, NULL, NULL, NULL, NULL, 0, 0, '1'),
(NULL, 'lsinghak', NULL, NULL, 'lsinghak', NULL, 'ลัดดาวัลย์', NULL, 'สิงห์คำฟู', NULL, NULL, NULL, 'f', NULL, NULL, NULL, NULL, NULL, NULL, NULL, NULL, NULL, NULL, NULL, NULL, NULL, NULL, 1, NULL, NULL, NULL, '', NULL, NULL, NULL, NULL, NULL, NULL, NULL, NULL, NULL, NULL, NULL, NULL, NULL, NULL, NULL, NULL, NULL, NULL, NULL, NULL, NULL, NULL, NULL, NULL, NULL, NULL, NULL, NULL, NULL, NULL, NULL, NULL, NULL, NULL, NULL, NULL, NULL, NULL, NULL, NULL, NULL, NULL, NULL, NULL, NULL, NULL, NULL, 1, 0, NULL, NULL, NULL, NULL, NULL, NULL, NULL, NULL, NULL, NULL, 0, 0, '1'),
(NULL, 'nipa', NULL, NULL, 'nipa', NULL, 'นิภา', NULL, 'ภู่ปะวะโรทัย', NULL, NULL, NULL, 'f', NULL, NULL, NULL, NULL, NULL, NULL, NULL, NULL, NULL, NULL, NULL, NULL, NULL, NULL, 1, NULL, NULL, NULL, '', NULL, NULL, NULL, NULL, NULL, NULL, NULL, NULL, NULL, NULL, NULL, NULL, NULL, NULL, NULL, NULL, NULL, NULL, NULL, NULL, NULL, NULL, NULL, NULL, NULL, NULL, NULL, NULL, NULL, NULL, NULL, NULL, NULL, NULL, NULL, NULL, NULL, NULL, NULL, NULL, NULL, NULL, NULL, NULL, NULL, NULL, NULL, 1, 0, NULL, NULL, NULL, NULL, NULL, NULL, NULL, NULL, NULL, NULL, 0, 0, '1'),
(NULL, 'narisa', NULL, NULL, 'narisa', NULL, 'นริสา', NULL, 'ศรีบัณฑิตมงคล', NULL, NULL, NULL, 'f', NULL, NULL, NULL, NULL, NULL, NULL, NULL, NULL, NULL, NULL, NULL, NULL, NULL, NULL, 1, NULL, NULL, NULL, '', NULL, NULL, NULL, NULL, NULL, NULL, NULL, NULL, NULL, NULL, NULL, NULL, NULL, NULL, NULL, NULL, NULL, NULL, NULL, NULL, NULL, NULL, NULL, NULL, NULL, NULL, NULL, NULL, NULL, NULL, NULL, NULL, NULL, NULL, NULL, NULL, NULL, NULL, NULL, NULL, NULL, NULL, NULL, NULL, NULL, NULL, NULL, 1, 0, NULL, NULL, NULL, NULL, NULL, NULL, NULL, NULL, NULL, NULL, 0, 0, '1'),
(NULL, 'isuksawa', NULL, NULL, 'isuksawa', NULL, 'อิษฎางค์', NULL, 'สุขสวัสดิ์', NULL, NULL, NULL, 'f', NULL, NULL, NULL, NULL, NULL, NULL, NULL, NULL, NULL, NULL, NULL, NULL, NULL, NULL, 1, NULL, NULL, NULL, '', NULL, NULL, NULL, NULL, NULL, NULL, NULL, NULL, NULL, NULL, NULL, NULL, NULL, NULL, NULL, NULL, NULL, NULL, NULL, NULL, NULL, NULL, NULL, NULL, NULL, NULL, NULL, NULL, NULL, NULL, NULL, NULL, NULL, NULL, NULL, NULL, NULL, NULL, NULL, NULL, NULL, NULL, NULL, NULL, NULL, NULL, NULL, 1, 0, NULL, NULL, NULL, NULL, NULL, NULL, NULL, NULL, NULL, NULL, 0, 0, '1'),
(NULL, '61037', NULL, NULL, '61037', NULL, 'ประภาวรินทร์', NULL, 'ภูวเดชโภคนิษฐ์', NULL, NULL, NULL, 'f', NULL, NULL, NULL, NULL, NULL, NULL, NULL, NULL, NULL, NULL, NULL, NULL, NULL, NULL, 1, NULL, NULL, NULL, '', NULL, NULL, NULL, NULL, NULL, NULL, NULL, NULL, NULL, NULL, NULL, NULL, NULL, NULL, NULL, NULL, NULL, NULL, NULL, NULL, NULL, NULL, NULL, NULL, NULL, NULL, NULL, NULL, NULL, NULL, NULL, NULL, NULL, NULL, NULL, NULL, NULL, NULL, NULL, NULL, NULL, NULL, NULL, NULL, NULL, NULL, NULL, 1, 0, NULL, NULL, NULL, NULL, NULL, NULL, NULL, NULL, NULL, NULL, 0, 0, '1'),
(NULL, '61003', NULL, NULL, '61003', NULL, 'ศิพร', NULL, 'เตชะหมื่น', NULL, NULL, NULL, 'f', NULL, NULL, NULL, NULL, NULL, NULL, NULL, NULL, NULL, NULL, NULL, NULL, NULL, NULL, 1, NULL, NULL, NULL, '', NULL, NULL, NULL, NULL, NULL, NULL, NULL, NULL, NULL, NULL, NULL, NULL, NULL, NULL, NULL, NULL, NULL, NULL, NULL, NULL, NULL, NULL, NULL, NULL, NULL, NULL, NULL, NULL, NULL, NULL, NULL, NULL, NULL, NULL, NULL, NULL, NULL, NULL, NULL, NULL, NULL, NULL, NULL, NULL, NULL, NULL, NULL, 1, 0, NULL, NULL, NULL, NULL, NULL, NULL, NULL, NULL, NULL, NULL, 0, 0, '1'),
(NULL, '61004', NULL, NULL, '61004', NULL, 'จันทิรา', NULL, 'กาทองทุ่ง', NULL, NULL, NULL, 'f', NULL, NULL, NULL, NULL, NULL, NULL, NULL, NULL, NULL, NULL, NULL, NULL, NULL, NULL, 1, NULL, NULL, NULL, '', NULL, NULL, NULL, NULL, NULL, NULL, NULL, NULL, NULL, NULL, NULL, NULL, NULL, NULL, NULL, NULL, NULL, NULL, NULL, NULL, NULL, NULL, NULL, NULL, NULL, NULL, NULL, NULL, NULL, NULL, NULL, NULL, NULL, NULL, NULL, NULL, NULL, NULL, NULL, NULL, NULL, NULL, NULL, NULL, NULL, NULL, NULL, 1, 0, NULL, NULL, NULL, NULL, NULL, NULL, NULL, NULL, NULL, NULL, 0, 0, '1'),
(NULL, '61036', NULL, NULL, '61036', NULL, 'วิรุฬ', NULL, 'การเร็ว', NULL, NULL, NULL, 'm', NULL, NULL, NULL, NULL, NULL, NULL, NULL, NULL, NULL, NULL, NULL, NULL, NULL, NULL, 1, NULL, NULL, NULL, '', NULL, NULL, NULL, NULL, NULL, NULL, NULL, NULL, NULL, NULL, NULL, NULL, NULL, NULL, NULL, NULL, NULL, NULL, NULL, NULL, NULL, NULL, NULL, NULL, NULL, NULL, NULL, NULL, NULL, NULL, NULL, NULL, NULL, NULL, NULL, NULL, NULL, NULL, NULL, NULL, NULL, NULL, NULL, NULL, NULL, NULL, NULL, 1, 0, NULL, NULL, NULL, NULL, NULL, NULL, NULL, NULL, NULL, NULL, 0, 0, '1'),
(NULL, '61006', NULL, NULL, '61006', NULL, 'นพดล', NULL, 'อินตานวน', NULL, NULL, NULL, 'm', NULL, NULL, NULL, NULL, NULL, NULL, NULL, NULL, NULL, NULL, NULL, NULL, NULL, NULL, 1, NULL, NULL, NULL, '', NULL, NULL, NULL, NULL, NULL, NULL, NULL, NULL, NULL, NULL, NULL, NULL, NULL, NULL, NULL, NULL, NULL, NULL, NULL, NULL, NULL, NULL, NULL, NULL, NULL, NULL, NULL, NULL, NULL, NULL, NULL, NULL, NULL, NULL, NULL, NULL, NULL, NULL, NULL, NULL, NULL, NULL, NULL, NULL, NULL, NULL, NULL, 1, 0, NULL, NULL, NULL, NULL, NULL, NULL, NULL, NULL, NULL, NULL, 0, 0, '1'),
(NULL, '62029', NULL, NULL, '62029', NULL, 'แสงมณี', NULL, 'พรมติ๊บ', NULL, NULL, NULL, 'f', NULL, NULL, NULL, NULL, NULL, NULL, NULL, NULL, NULL, NULL, NULL, NULL, NULL, NULL, 1, NULL, NULL, NULL, '', NULL, NULL, NULL, NULL, NULL, NULL, NULL, NULL, NULL, NULL, NULL, NULL, NULL, NULL, NULL, NULL, NULL, NULL, NULL, NULL, NULL, NULL, NULL, NULL, NULL, NULL, NULL, NULL, NULL, NULL, NULL, NULL, NULL, NULL, NULL, NULL, NULL, NULL, NULL, NULL, NULL, NULL, NULL, NULL, NULL, NULL, NULL, 1, 0, NULL, NULL, NULL, NULL, NULL, NULL, NULL, NULL, NULL, NULL, 0, 0, '1'),
(NULL, '61008', NULL, NULL, '61008', NULL, 'รัชนีกร', NULL, 'แสนสุข', NULL, NULL, NULL, 'f', NULL, NULL, NULL, NULL, NULL, NULL, NULL, NULL, NULL, NULL, NULL, NULL, NULL, NULL, 1, NULL, NULL, NULL, '', NULL, NULL, NULL, NULL, NULL, NULL, NULL, NULL, NULL, NULL, NULL, NULL, NULL, NULL, NULL, NULL, NULL, NULL, NULL, NULL, NULL, NULL, NULL, NULL, NULL, NULL, NULL, NULL, NULL, NULL, NULL, NULL, NULL, NULL, NULL, NULL, NULL, NULL, NULL, NULL, NULL, NULL, NULL, NULL, NULL, NULL, NULL, 1, 0, NULL, NULL, NULL, NULL, NULL, NULL, NULL, NULL, NULL, NULL, 0, 0, '1'),
(NULL, '61035', NULL, NULL, '61035', NULL, 'ปิยณัฐ', NULL, 'คำดวงดาว', NULL, NULL, NULL, 'm', NULL, NULL, NULL, NULL, NULL, NULL, NULL, NULL, NULL, NULL, NULL, NULL, NULL, NULL, 1, NULL, NULL, NULL, '', NULL, NULL, NULL, NULL, NULL, NULL, NULL, NULL, NULL, NULL, NULL, NULL, NULL, NULL, NULL, NULL, NULL, NULL, NULL, NULL, NULL, NULL, NULL, NULL, NULL, NULL, NULL, NULL, NULL, NULL, NULL, NULL, NULL, NULL, NULL, NULL, NULL, NULL, NULL, NULL, NULL, NULL, NULL, NULL, NULL, NULL, NULL, 1, 0, NULL, NULL, NULL, NULL, NULL, NULL, NULL, NULL, NULL, NULL, 0, 0, '1'),
(NULL, '61011', NULL, NULL, '61011', NULL, 'ระมิงค์', NULL, 'เย็นจิตต์', NULL, NULL, NULL, 'm', NULL, NULL, NULL, NULL, NULL, NULL, NULL, NULL, NULL, NULL, NULL, NULL, NULL, NULL, 1, NULL, NULL, NULL, '', NULL, NULL, NULL, NULL, NULL, NULL, NULL, NULL, NULL, NULL, NULL, NULL, NULL, NULL, NULL, NULL, NULL, NULL, NULL, NULL, NULL, NULL, NULL, NULL, NULL, NULL, NULL, NULL, NULL, NULL, NULL, NULL, NULL, NULL, NULL, NULL, NULL, NULL, NULL, NULL, NULL, NULL, NULL, NULL, NULL, NULL, NULL, 1, 0, NULL, NULL, NULL, NULL, NULL, NULL, NULL, NULL, NULL, NULL, 0, 0, '1'),
(NULL, '61012', NULL, NULL, '61012', NULL, 'สุภาภรณ์', NULL, 'สังคำ', NULL, NULL, NULL, 'f', NULL, NULL, NULL, NULL, NULL, NULL, NULL, NULL, NULL, NULL, NULL, NULL, NULL, NULL, 1, NULL, NULL, NULL, '', NULL, NULL, NULL, NULL, NULL, NULL, NULL, NULL, NULL, NULL, NULL, NULL, NULL, NULL, NULL, NULL, NULL, NULL, NULL, NULL, NULL, NULL, NULL, NULL, NULL, NULL, NULL, NULL, NULL, NULL, NULL, NULL, NULL, NULL, NULL, NULL, NULL, NULL, NULL, NULL, NULL, NULL, NULL, NULL, NULL, NULL, NULL, 1, 0, NULL, NULL, NULL, NULL, NULL, NULL, NULL, NULL, NULL, NULL, 0, 0, '1'),
(NULL, '61013', NULL, NULL, '61013', NULL, 'อรทัย', NULL, 'คำใหม่', NULL, NULL, NULL, 'f', NULL, NULL, NULL, NULL, NULL, NULL, NULL, NULL, NULL, NULL, NULL, NULL, NULL, NULL, 1, NULL, NULL, NULL, '', NULL, NULL, NULL, NULL, NULL, NULL, NULL, NULL, NULL, NULL, NULL, NULL, NULL, NULL, NULL, NULL, NULL, NULL, NULL, NULL, NULL, NULL, NULL, NULL, NULL, NULL, NULL, NULL, NULL, NULL, NULL, NULL, NULL, NULL, NULL, NULL, NULL, NULL, NULL, NULL, NULL, NULL, NULL, NULL, NULL, NULL, NULL, 1, 0, NULL, NULL, NULL, NULL, NULL, NULL, NULL, NULL, NULL, NULL, 0, 0, '1'),
(NULL, '61015', NULL, NULL, '61015', NULL, 'ชลธิชา', NULL, 'ลืมกลืน', NULL, NULL, NULL, 'f', NULL, NULL, NULL, NULL, NULL, NULL, NULL, NULL, NULL, NULL, NULL, NULL, NULL, NULL, 1, NULL, NULL, NULL, '', NULL, NULL, NULL, NULL, NULL, NULL, NULL, NULL, NULL, NULL, NULL, NULL, NULL, NULL, NULL, NULL, NULL, NULL, NULL, NULL, NULL, NULL, NULL, NULL, NULL, NULL, NULL, NULL, NULL, NULL, NULL, NULL, NULL, NULL, NULL, NULL, NULL, NULL, NULL, NULL, NULL, NULL, NULL, NULL, NULL, NULL, NULL, 1, 0, NULL, NULL, NULL, NULL, NULL, NULL, NULL, NULL, NULL, NULL, 0, 0, '1'),
(NULL, '61016', NULL, NULL, '61016', NULL, 'รุ้งรวี', NULL, 'แสงเขียว', NULL, NULL, NULL, 'f', NULL, NULL, NULL, NULL, NULL, NULL, NULL, NULL, NULL, NULL, NULL, NULL, NULL, NULL, 1, NULL, NULL, NULL, '', NULL, NULL, NULL, NULL, NULL, NULL, NULL, NULL, NULL, NULL, NULL, NULL, NULL, NULL, NULL, NULL, NULL, NULL, NULL, NULL, NULL, NULL, NULL, NULL, NULL, NULL, NULL, NULL, NULL, NULL, NULL, NULL, NULL, NULL, NULL, NULL, NULL, NULL, NULL, NULL, NULL, NULL, NULL, NULL, NULL, NULL, NULL, 1, 0, NULL, NULL, NULL, NULL, NULL, NULL, NULL, NULL, NULL, NULL, 0, 0, '1'),
(NULL, '62028', NULL, NULL, '62028', NULL, 'สุพีรณัฐ', NULL, 'คำแผ่นชัย', NULL, NULL, NULL, 'f', NULL, NULL, NULL, NULL, NULL, NULL, NULL, NULL, NULL, NULL, NULL, NULL, NULL, NULL, 1, NULL, NULL, NULL, '', NULL, NULL, NULL, NULL, NULL, NULL, NULL, NULL, NULL, NULL, NULL, NULL, NULL, NULL, NULL, NULL, NULL, NULL, NULL, NULL, NULL, NULL, NULL, NULL, NULL, NULL, NULL, NULL, NULL, NULL, NULL, NULL, NULL, NULL, NULL, NULL, NULL, NULL, NULL, NULL, NULL, NULL, NULL, NULL, NULL, NULL, NULL, 1, 0, NULL, NULL, NULL, NULL, NULL, NULL, NULL, NULL, NULL, NULL, 0, 0, '1'),
(NULL, '61018', NULL, NULL, '61018', NULL, 'อธิป', NULL, 'น้อมศิริ', NULL, NULL, NULL, 'm', NULL, NULL, NULL, NULL, NULL, NULL, NULL, NULL, NULL, NULL, NULL, NULL, NULL, NULL, 1, NULL, NULL, NULL, '', NULL, NULL, NULL, NULL, NULL, NULL, NULL, NULL, NULL, NULL, NULL, NULL, NULL, NULL, NULL, NULL, NULL, NULL, NULL, NULL, NULL, NULL, NULL, NULL, NULL, NULL, NULL, NULL, NULL, NULL, NULL, NULL, NULL, NULL, NULL, NULL, NULL, NULL, NULL, NULL, NULL, NULL, NULL, NULL, NULL, NULL, NULL, 1, 0, NULL, NULL, NULL, NULL, NULL, NULL, NULL, NULL, NULL, NULL, 0, 0, '1'),
(NULL, '61019', NULL, NULL, '61019', NULL, 'เมธินี', NULL, 'จิตธรรม', NULL, NULL, NULL, 'f', NULL, NULL, NULL, NULL, NULL, NULL, NULL, NULL, NULL, NULL, NULL, NULL, NULL, NULL, 1, NULL, NULL, NULL, '', NULL, NULL, NULL, NULL, NULL, NULL, NULL, NULL, NULL, NULL, NULL, NULL, NULL, NULL, NULL, NULL, NULL, NULL, NULL, NULL, NULL, NULL, NULL, NULL, NULL, NULL, NULL, NULL, NULL, NULL, NULL, NULL, NULL, NULL, NULL, NULL, NULL, NULL, NULL, NULL, NULL, NULL, NULL, NULL, NULL, NULL, NULL, 1, 0, NULL, NULL, NULL, NULL, NULL, NULL, NULL, NULL, NULL, NULL, 0, 0, '1'),
(NULL, '61020', NULL, NULL, '61020', NULL, 'สุพัตรา', NULL, 'ติ๊ปปิน', NULL, NULL, NULL, 'f', NULL, NULL, NULL, NULL, NULL, NULL, NULL, NULL, NULL, NULL, NULL, NULL, NULL, NULL, 1, NULL, NULL, NULL, '', NULL, NULL, NULL, NULL, NULL, NULL, NULL, NULL, NULL, NULL, NULL, NULL, NULL, NULL, NULL, NULL, NULL, NULL, NULL, NULL, NULL, NULL, NULL, NULL, NULL, NULL, NULL, NULL, NULL, NULL, NULL, NULL, NULL, NULL, NULL, NULL, NULL, NULL, NULL, NULL, NULL, NULL, NULL, NULL, NULL, NULL, NULL, 1, 0, NULL, NULL, NULL, NULL, NULL, NULL, NULL, NULL, NULL, NULL, 0, 0, '1'),
(NULL, '61033', NULL, NULL, '61033', NULL, 'รุ่งทิพย์', NULL, 'บุญเรือง', NULL, NULL, NULL, 'f', NULL, NULL, NULL, NULL, NULL, NULL, NULL, NULL, NULL, NULL, NULL, NULL, NULL, NULL, 1, NULL, NULL, NULL, '', NULL, NULL, NULL, NULL, NULL, NULL, NULL, NULL, NULL, NULL, NULL, NULL, NULL, NULL, NULL, NULL, NULL, NULL, NULL, NULL, NULL, NULL, NULL, NULL, NULL, NULL, NULL, NULL, NULL, NULL, NULL, NULL, NULL, NULL, NULL, NULL, NULL, NULL, NULL, NULL, NULL, NULL, NULL, NULL, NULL, NULL, NULL, 1, 0, NULL, NULL, NULL, NULL, NULL, NULL, NULL, NULL, NULL, NULL, 0, 0, '1'),
(NULL, '61022', NULL, NULL, '61022', NULL, 'นัฐพงษ์', NULL, 'ยาสมุทร', NULL, NULL, NULL, 'm', NULL, NULL, NULL, NULL, NULL, NULL, NULL, NULL, NULL, NULL, NULL, NULL, NULL, NULL, 1, NULL, NULL, NULL, '', NULL, NULL, NULL, NULL, NULL, NULL, NULL, NULL, NULL, NULL, NULL, NULL, NULL, NULL, NULL, NULL, NULL, NULL, NULL, NULL, NULL, NULL, NULL, NULL, NULL, NULL, NULL, NULL, NULL, NULL, NULL, NULL, NULL, NULL, NULL, NULL, NULL, NULL, NULL, NULL, NULL, NULL, NULL, NULL, NULL, NULL, NULL, 1, 0, NULL, NULL, NULL, NULL, NULL, NULL, NULL, NULL, NULL, NULL, 0, 0, '1'),
(NULL, '61032', NULL, NULL, '61032', NULL, 'สุจริตพรรณ', NULL, 'ใจเป็ง', NULL, NULL, NULL, 'f', NULL, NULL, NULL, NULL, NULL, NULL, NULL, NULL, NULL, NULL, NULL, NULL, NULL, NULL, 1, NULL, NULL, NULL, '', NULL, NULL, NULL, NULL, NULL, NULL, NULL, NULL, NULL, NULL, NULL, NULL, NULL, NULL, NULL, NULL, NULL, NULL, NULL, NULL, NULL, NULL, NULL, NULL, NULL, NULL, NULL, NULL, NULL, NULL, NULL, NULL, NULL, NULL, NULL, NULL, NULL, NULL, NULL, NULL, NULL, NULL, NULL, NULL, NULL, NULL, NULL, 1, 0, NULL, NULL, NULL, NULL, NULL, NULL, NULL, NULL, NULL, NULL, 0, 0, '1'),
(NULL, '61024', NULL, NULL, '61024', NULL, 'นิตยา', NULL, 'เสนนะ', NULL, NULL, NULL, 'f', NULL, NULL, NULL, NULL, NULL, NULL, NULL, NULL, NULL, NULL, NULL, NULL, NULL, NULL, 1, NULL, NULL, NULL, '', NULL, NULL, NULL, NULL, NULL, NULL, NULL, NULL, NULL, NULL, NULL, NULL, NULL, NULL, NULL, NULL, NULL, NULL, NULL, NULL, NULL, NULL, NULL, NULL, NULL, NULL, NULL, NULL, NULL, NULL, NULL, NULL, NULL, NULL, NULL, NULL, NULL, NULL, NULL, NULL, NULL, NULL, NULL, NULL, NULL, NULL, NULL, 1, 0, NULL, NULL, NULL, NULL, NULL, NULL, NULL, NULL, NULL, NULL, 0, 0, '1'),
(NULL, '61028', NULL, NULL, '61028', NULL, 'พัชราภรณ์', NULL, 'เลายี่ปา', NULL, NULL, NULL, 'f', NULL, NULL, NULL, NULL, NULL, NULL, NULL, NULL, NULL, NULL, NULL, NULL, NULL, NULL, 1, NULL, NULL, NULL, '', NULL, NULL, NULL, NULL, NULL, NULL, NULL, NULL, NULL, NULL, NULL, NULL, NULL, NULL, NULL, NULL, NULL, NULL, NULL, NULL, NULL, NULL, NULL, NULL, NULL, NULL, NULL, NULL, NULL, NULL, NULL, NULL, NULL, NULL, NULL, NULL, NULL, NULL, NULL, NULL, NULL, NULL, NULL, NULL, NULL, NULL, NULL, 1, 0, NULL, NULL, NULL, NULL, NULL, NULL, NULL, NULL, NULL, NULL, 0, 0, '1'),
(NULL, '61026', NULL, NULL, '61026', NULL, 'ภัทรวรรณ', NULL, 'วรวัฒน์วิจิตร', NULL, NULL, NULL, 'f', NULL, NULL, NULL, NULL, NULL, NULL, NULL, NULL, NULL, NULL, NULL, NULL, NULL, NULL, 1, NULL, NULL, NULL, '', NULL, NULL, NULL, NULL, NULL, NULL, NULL, NULL, NULL, NULL, NULL, NULL, NULL, NULL, NULL, NULL, NULL, NULL, NULL, NULL, NULL, NULL, NULL, NULL, NULL, NULL, NULL, NULL, NULL, NULL, NULL, NULL, NULL, NULL, NULL, NULL, NULL, NULL, NULL, NULL, NULL, NULL, NULL, NULL, NULL, NULL, NULL, 1, 0, NULL, NULL, NULL, NULL, NULL, NULL, NULL, NULL, NULL, NULL, 0, 0, '1'),
(NULL, '61034', NULL, NULL, '61034', NULL, 'ชรินทร์', NULL, 'อินทไชย', NULL, NULL, NULL, 'm', NULL, NULL, NULL, NULL, NULL, NULL, NULL, NULL, NULL, NULL, NULL, NULL, NULL, NULL, 1, NULL, NULL, NULL, '', NULL, NULL, NULL, NULL, NULL, NULL, NULL, NULL, NULL, NULL, NULL, NULL, NULL, NULL, NULL, NULL, NULL, NULL, NULL, NULL, NULL, NULL, NULL, NULL, NULL, NULL, NULL, NULL, NULL, NULL, NULL, NULL, NULL, NULL, NULL, NULL, NULL, NULL, NULL, NULL, NULL, NULL, NULL, NULL, NULL, NULL, NULL, 1, 0, NULL, NULL, NULL, NULL, NULL, NULL, NULL, NULL, NULL, NULL, 0, 0, '1'),
(NULL, '62007', NULL, NULL, '62007', NULL, 'กัญญาณัฐ', NULL, 'พุทธิมา', NULL, NULL, NULL, 'f', NULL, NULL, NULL, NULL, NULL, NULL, NULL, NULL, NULL, NULL, NULL, NULL, NULL, NULL, 1, NULL, NULL, NULL, '', NULL, NULL, NULL, NULL, NULL, NULL, NULL, NULL, NULL, NULL, NULL, NULL, NULL, NULL, NULL, NULL, NULL, NULL, NULL, NULL, NULL, NULL, NULL, NULL, NULL, NULL, NULL, NULL, NULL, NULL, NULL, NULL, NULL, NULL, NULL, NULL, NULL, NULL, NULL, NULL, NULL, NULL, NULL, NULL, NULL, NULL, NULL, 1, 0, NULL, NULL, NULL, NULL, NULL, NULL, NULL, NULL, NULL, NULL, 0, 0, '1'),
(NULL, '62008', NULL, NULL, '62008', NULL, 'ธวัชชัย', NULL, 'ต่อคำอ้าย', NULL, NULL, NULL, 'm', NULL, NULL, NULL, NULL, NULL, NULL, NULL, NULL, NULL, NULL, NULL, NULL, NULL, NULL, 1, NULL, NULL, NULL, '', NULL, NULL, NULL, NULL, NULL, NULL, NULL, NULL, NULL, NULL, NULL, NULL, NULL, NULL, NULL, NULL, NULL, NULL, NULL, NULL, NULL, NULL, NULL, NULL, NULL, NULL, NULL, NULL, NULL, NULL, NULL, NULL, NULL, NULL, NULL, NULL, NULL, NULL, NULL, NULL, NULL, NULL, NULL, NULL, NULL, NULL, NULL, 1, 0, NULL, NULL, NULL, NULL, NULL, NULL, NULL, NULL, NULL, NULL, 0, 0, '1'),
(NULL, '62009', NULL, NULL, '62009', NULL, 'กัญชญารัตน์', NULL, 'คำมา', NULL, NULL, NULL, 'f', NULL, NULL, NULL, NULL, NULL, NULL, NULL, NULL, NULL, NULL, NULL, NULL, NULL, NULL, 1, NULL, NULL, NULL, '', NULL, NULL, NULL, NULL, NULL, NULL, NULL, NULL, NULL, NULL, NULL, NULL, NULL, NULL, NULL, NULL, NULL, NULL, NULL, NULL, NULL, NULL, NULL, NULL, NULL, NULL, NULL, NULL, NULL, NULL, NULL, NULL, NULL, NULL, NULL, NULL, NULL, NULL, NULL, NULL, NULL, NULL, NULL, NULL, NULL, NULL, NULL, 1, 0, NULL, NULL, NULL, NULL, NULL, NULL, NULL, NULL, NULL, NULL, 0, 0, '1'),
(NULL, '62039', NULL, NULL, '62039', NULL, 'เตือนใจ', NULL, 'ยกยอดี', NULL, NULL, NULL, 'f', NULL, NULL, NULL, NULL, NULL, NULL, NULL, NULL, NULL, NULL, NULL, NULL, NULL, NULL, 1, NULL, NULL, NULL, '', NULL, NULL, NULL, NULL, NULL, NULL, NULL, NULL, NULL, NULL, NULL, NULL, NULL, NULL, NULL, NULL, NULL, NULL, NULL, NULL, NULL, NULL, NULL, NULL, NULL, NULL, NULL, NULL, NULL, NULL, NULL, NULL, NULL, NULL, NULL, NULL, NULL, NULL, NULL, NULL, NULL, NULL, NULL, NULL, NULL, NULL, NULL, 1, 0, NULL, NULL, NULL, NULL, NULL, NULL, NULL, NULL, NULL, NULL, 0, 0, '1'),
(NULL, '62011', NULL, NULL, '62011', NULL, 'อัญชนา', NULL, 'วรรณภิระ', NULL, NULL, NULL, 'f', NULL, NULL, NULL, NULL, NULL, NULL, NULL, NULL, NULL, NULL, NULL, NULL, NULL, NULL, 1, NULL, NULL, NULL, '', NULL, NULL, NULL, NULL, NULL, NULL, NULL, NULL, NULL, NULL, NULL, NULL, NULL, NULL, NULL, NULL, NULL, NULL, NULL, NULL, NULL, NULL, NULL, NULL, NULL, NULL, NULL, NULL, NULL, NULL, NULL, NULL, NULL, NULL, NULL, NULL, NULL, NULL, NULL, NULL, NULL, NULL, NULL, NULL, NULL, NULL, NULL, 1, 0, NULL, NULL, NULL, NULL, NULL, NULL, NULL, NULL, NULL, NULL, 0, 0, '1'),
(NULL, '62025', NULL, NULL, '62025', NULL, 'ธร', NULL, 'ประเสริฐสมบูรณ์', NULL, NULL, NULL, 'm', NULL, NULL, NULL, NULL, NULL, NULL, NULL, NULL, NULL, NULL, NULL, NULL, NULL, NULL, 1, NULL, NULL, NULL, '', NULL, NULL, NULL, NULL, NULL, NULL, NULL, NULL, NULL, NULL, NULL, NULL, NULL, NULL, NULL, NULL, NULL, NULL, NULL, NULL, NULL, NULL, NULL, NULL, NULL, NULL, NULL, NULL, NULL, NULL, NULL, NULL, NULL, NULL, NULL, NULL, NULL, NULL, NULL, NULL, NULL, NULL, NULL, NULL, NULL, NULL, NULL, 1, 0, NULL, NULL, NULL, NULL, NULL, NULL, NULL, NULL, NULL, NULL, 0, 0, '1'),
(NULL, '62037', NULL, NULL, '62037', NULL, 'พนิดา', NULL, 'ศรีใจ', NULL, NULL, NULL, 'f', NULL, NULL, NULL, NULL, NULL, NULL, NULL, NULL, NULL, NULL, NULL, NULL, NULL, NULL, 1, NULL, NULL, NULL, '', NULL, NULL, NULL, NULL, NULL, NULL, NULL, NULL, NULL, NULL, NULL, NULL, NULL, NULL, NULL, NULL, NULL, NULL, NULL, NULL, NULL, NULL, NULL, NULL, NULL, NULL, NULL, NULL, NULL, NULL, NULL, NULL, NULL, NULL, NULL, NULL, NULL, NULL, NULL, NULL, NULL, NULL, NULL, NULL, NULL, NULL, NULL, 1, 0, NULL, NULL, NULL, NULL, NULL, NULL, NULL, NULL, NULL, NULL, 0, 0, '1'),
(NULL, '62014', NULL, NULL, '62014', NULL, 'วรัญญา\r\n', NULL, 'แปงชาติ\r\n', NULL, NULL, NULL, 'f', NULL, NULL, NULL, NULL, NULL, NULL, NULL, NULL, NULL, NULL, NULL, NULL, NULL, NULL, 1, NULL, NULL, NULL, '', NULL, NULL, NULL, NULL, NULL, NULL, NULL, NULL, NULL, NULL, NULL, NULL, NULL, NULL, NULL, NULL, NULL, NULL, NULL, NULL, NULL, NULL, NULL, NULL, NULL, NULL, NULL, NULL, NULL, NULL, NULL, NULL, NULL, NULL, NULL, NULL, NULL, NULL, NULL, NULL, NULL, NULL, NULL, NULL, NULL, NULL, NULL, 1, 0, NULL, NULL, NULL, NULL, NULL, NULL, NULL, NULL, NULL, NULL, 0, 0, '1'),
(NULL, '62015', NULL, NULL, '62015', NULL, 'วริทธิ์\r\n', NULL, 'จันทร์ทองคำ\r\n', NULL, NULL, NULL, 'm', NULL, NULL, NULL, NULL, NULL, NULL, NULL, NULL, NULL, NULL, NULL, NULL, NULL, NULL, 1, NULL, NULL, NULL, '', NULL, NULL, NULL, NULL, NULL, NULL, NULL, NULL, NULL, NULL, NULL, NULL, NULL, NULL, NULL, NULL, NULL, NULL, NULL, NULL, NULL, NULL, NULL, NULL, NULL, NULL, NULL, NULL, NULL, NULL, NULL, NULL, NULL, NULL, NULL, NULL, NULL, NULL, NULL, NULL, NULL, NULL, NULL, NULL, NULL, NULL, NULL, 1, 0, NULL, NULL, NULL, NULL, NULL, NULL, NULL, NULL, NULL, NULL, 0, 0, '1'),
(NULL, '62016', NULL, NULL, '62016', NULL, 'ทิพวรรณ \r\n', NULL, 'สุริยะมล\r\n', NULL, NULL, NULL, 'f', NULL, NULL, NULL, NULL, NULL, NULL, NULL, NULL, NULL, NULL, NULL, NULL, NULL, NULL, 1, NULL, NULL, NULL, '', NULL, NULL, NULL, NULL, NULL, NULL, NULL, NULL, NULL, NULL, NULL, NULL, NULL, NULL, NULL, NULL, NULL, NULL, NULL, NULL, NULL, NULL, NULL, NULL, NULL, NULL, NULL, NULL, NULL, NULL, NULL, NULL, NULL, NULL, NULL, NULL, NULL, NULL, NULL, NULL, NULL, NULL, NULL, NULL, NULL, NULL, NULL, 1, 0, NULL, NULL, NULL, NULL, NULL, NULL, NULL, NULL, NULL, NULL, 0, 0, '1'),
(NULL, '62023', NULL, NULL, '62023', NULL, 'ศิริพงษ์', NULL, 'สุราศรี', NULL, NULL, NULL, 'm', NULL, NULL, NULL, NULL, NULL, NULL, NULL, NULL, NULL, NULL, NULL, NULL, NULL, NULL, 1, NULL, NULL, NULL, '', NULL, NULL, NULL, NULL, NULL, NULL, NULL, NULL, NULL, NULL, NULL, NULL, NULL, NULL, NULL, NULL, NULL, NULL, NULL, NULL, NULL, NULL, NULL, NULL, NULL, NULL, NULL, NULL, NULL, NULL, NULL, NULL, NULL, NULL, NULL, NULL, NULL, NULL, NULL, NULL, NULL, NULL, NULL, NULL, NULL, NULL, NULL, 1, 0, NULL, NULL, NULL, NULL, NULL, NULL, NULL, NULL, NULL, NULL, 0, 0, '1'),
(NULL, '62018', NULL, NULL, '62018', NULL, 'ณฐพร \r\n', NULL, 'เจิดจำรัส\r\n', NULL, NULL, NULL, 'm', NULL, NULL, NULL, NULL, NULL, NULL, NULL, NULL, NULL, NULL, NULL, NULL, NULL, NULL, 1, NULL, NULL, NULL, '', NULL, NULL, NULL, NULL, NULL, NULL, NULL, NULL, NULL, NULL, NULL, NULL, NULL, NULL, NULL, NULL, NULL, NULL, NULL, NULL, NULL, NULL, NULL, NULL, NULL, NULL, NULL, NULL, NULL, NULL, NULL, NULL, NULL, NULL, NULL, NULL, NULL, NULL, NULL, NULL, NULL, NULL, NULL, NULL, NULL, NULL, NULL, 1, 0, NULL, NULL, NULL, NULL, NULL, NULL, NULL, NULL, NULL, NULL, 0, 0, '1'),
(NULL, '62019', NULL, NULL, '62019', NULL, 'เบญจพร  \r\n', NULL, 'สมศรี\r\n', NULL, NULL, NULL, 'f', NULL, NULL, NULL, NULL, NULL, NULL, NULL, NULL, NULL, NULL, NULL, NULL, NULL, NULL, 1, NULL, NULL, NULL, '', NULL, NULL, NULL, NULL, NULL, NULL, NULL, NULL, NULL, NULL, NULL, NULL, NULL, NULL, NULL, NULL, NULL, NULL, NULL, NULL, NULL, NULL, NULL, NULL, NULL, NULL, NULL, NULL, NULL, NULL, NULL, NULL, NULL, NULL, NULL, NULL, NULL, NULL, NULL, NULL, NULL, NULL, NULL, NULL, NULL, NULL, NULL, 1, 0, NULL, NULL, NULL, NULL, NULL, NULL, NULL, NULL, NULL, NULL, 0, 0, '1'),
(NULL, '62020', NULL, NULL, '62020', NULL, 'สุธิดา  \r\n', NULL, 'สุตะวงค์\r\n', NULL, NULL, NULL, 'f', NULL, NULL, NULL, NULL, NULL, NULL, NULL, NULL, NULL, NULL, NULL, NULL, NULL, NULL, 1, NULL, NULL, NULL, '', NULL, NULL, NULL, NULL, NULL, NULL, NULL, NULL, NULL, NULL, NULL, NULL, NULL, NULL, NULL, NULL, NULL, NULL, NULL, NULL, NULL, NULL, NULL, NULL, NULL, NULL, NULL, NULL, NULL, NULL, NULL, NULL, NULL, NULL, NULL, NULL, NULL, NULL, NULL, NULL, NULL, NULL, NULL, NULL, NULL, NULL, NULL, 1, 0, NULL, NULL, NULL, NULL, NULL, NULL, NULL, NULL, NULL, NULL, 0, 0, '1'),
(NULL, '62021', NULL, NULL, '62021', NULL, 'รัตนาภรณ์  \r\n', NULL, 'ยาวิละ\r\n', NULL, NULL, NULL, 'f', NULL, NULL, NULL, NULL, NULL, NULL, NULL, NULL, NULL, NULL, NULL, NULL, NULL, NULL, 1, NULL, NULL, NULL, '', NULL, NULL, NULL, NULL, NULL, NULL, NULL, NULL, NULL, NULL, NULL, NULL, NULL, NULL, NULL, NULL, NULL, NULL, NULL, NULL, NULL, NULL, NULL, NULL, NULL, NULL, NULL, NULL, NULL, NULL, NULL, NULL, NULL, NULL, NULL, NULL, NULL, NULL, NULL, NULL, NULL, NULL, NULL, NULL, NULL, NULL, NULL, 1, 0, NULL, NULL, NULL, NULL, NULL, NULL, NULL, NULL, NULL, NULL, 0, 0, '1'),
(NULL, '62022', NULL, NULL, '62022', NULL, 'ภัทรบดินทร์  \r\n', NULL, 'เปาวะ\r\n', NULL, NULL, NULL, 'm', NULL, NULL, NULL, NULL, NULL, NULL, NULL, NULL, NULL, NULL, NULL, NULL, NULL, NULL, 1, NULL, NULL, NULL, '', NULL, NULL, NULL, NULL, NULL, NULL, NULL, NULL, NULL, NULL, NULL, NULL, NULL, NULL, NULL, NULL, NULL, NULL, NULL, NULL, NULL, NULL, NULL, NULL, NULL, NULL, NULL, NULL, NULL, NULL, NULL, NULL, NULL, NULL, NULL, NULL, NULL, NULL, NULL, NULL, NULL, NULL, NULL, NULL, NULL, NULL, NULL, 1, 0, NULL, NULL, NULL, NULL, NULL, NULL, NULL, NULL, NULL, NULL, 0, 0, '1'),
(NULL, 'marudee', NULL, NULL, 'marudee', NULL, 'มลฤดี', NULL, 'เอกมหาชัย', NULL, NULL, NULL, 'f', NULL, NULL, NULL, NULL, NULL, NULL, NULL, NULL, NULL, NULL, NULL, NULL, NULL, NULL, 1, NULL, NULL, NULL, '', NULL, NULL, NULL, NULL, NULL, NULL, NULL, NULL, NULL, NULL, NULL, NULL, NULL, NULL, NULL, NULL, NULL, NULL, NULL, NULL, NULL, NULL, NULL, NULL, NULL, NULL, NULL, NULL, NULL, NULL, NULL, NULL, NULL, NULL, NULL, NULL, NULL, NULL, NULL, NULL, NULL, NULL, NULL, NULL, NULL, NULL, NULL, 1, 0, NULL, NULL, NULL, NULL, NULL, NULL, NULL, NULL, NULL, NULL, 0, 0, '1'),
(NULL, 'pailin', NULL, NULL, 'pailin', NULL, 'ไพลิน', NULL, 'คงมีผล', NULL, NULL, NULL, 'f', NULL, NULL, NULL, NULL, NULL, NULL, NULL, NULL, NULL, NULL, NULL, NULL, NULL, NULL, 1, NULL, NULL, NULL, '', NULL, NULL, NULL, NULL, NULL, NULL, NULL, NULL, NULL, NULL, NULL, NULL, NULL, NULL, NULL, NULL, NULL, NULL, NULL, NULL, NULL, NULL, NULL, NULL, NULL, NULL, NULL, NULL, NULL, NULL, NULL, NULL, NULL, NULL, NULL, NULL, NULL, NULL, NULL, NULL, NULL, NULL, NULL, NULL, NULL, NULL, NULL, 1, 0, NULL, NULL, NULL, NULL, NULL, NULL, NULL, NULL, NULL, NULL, 0, 0, '1'),
(NULL, '62041', NULL, NULL, '62041', NULL, 'ชัชนนท์  \r\n', NULL, 'กัมทรทิพย์\r\n', NULL, NULL, NULL, 'm', NULL, NULL, NULL, NULL, NULL, NULL, NULL, NULL, NULL, NULL, NULL, NULL, NULL, NULL, 1, NULL, NULL, NULL, '', NULL, NULL, NULL, NULL, NULL, NULL, NULL, NULL, NULL, NULL, NULL, NULL, NULL, NULL, NULL, NULL, NULL, NULL, NULL, NULL, NULL, NULL, NULL, NULL, NULL, NULL, NULL, NULL, NULL, NULL, NULL, NULL, NULL, NULL, NULL, NULL, NULL, NULL, NULL, NULL, NULL, NULL, NULL, NULL, NULL, NULL, NULL, 1, 0, NULL, NULL, NULL, NULL, NULL, NULL, NULL, NULL, NULL, NULL, 0, 0, '1'),
(NULL, '62042', NULL, NULL, '62042', NULL, 'ภัททิยา\r\n', NULL, 'กันทา\r\n', NULL, NULL, NULL, 'f', NULL, NULL, NULL, NULL, NULL, NULL, NULL, NULL, NULL, NULL, NULL, NULL, NULL, NULL, 1, NULL, NULL, NULL, '', NULL, NULL, NULL, NULL, NULL, NULL, NULL, NULL, NULL, NULL, NULL, NULL, NULL, NULL, NULL, NULL, NULL, NULL, NULL, NULL, NULL, NULL, NULL, NULL, NULL, NULL, NULL, NULL, NULL, NULL, NULL, NULL, NULL, NULL, NULL, NULL, NULL, NULL, NULL, NULL, NULL, NULL, NULL, NULL, NULL, NULL, NULL, 1, 0, NULL, NULL, NULL, NULL, NULL, NULL, NULL, NULL, NULL, NULL, 0, 0, '1'),
(NULL, '62043', NULL, NULL, '62043', NULL, 'ณีรนุช\r\n', NULL, 'ตันธนะเศรษฐ์\r\n', NULL, NULL, NULL, 'f', NULL, NULL, NULL, NULL, NULL, NULL, NULL, NULL, NULL, NULL, NULL, NULL, NULL, NULL, 1, NULL, NULL, NULL, '', NULL, NULL, NULL, NULL, NULL, NULL, NULL, NULL, NULL, NULL, NULL, NULL, NULL, NULL, NULL, NULL, NULL, NULL, NULL, NULL, NULL, NULL, NULL, NULL, NULL, NULL, NULL, NULL, NULL, NULL, NULL, NULL, NULL, NULL, NULL, NULL, NULL, NULL, NULL, NULL, NULL, NULL, NULL, NULL, NULL, NULL, NULL, 1, 0, NULL, NULL, NULL, NULL, NULL, NULL, NULL, NULL, NULL, NULL, 0, 0, '1'),
(NULL, '62044', NULL, NULL, '62044', NULL, 'เพชรรัช  \r\n', NULL, 'หอมมาลา\r\n', NULL, NULL, NULL, 'f', NULL, NULL, NULL, NULL, NULL, NULL, NULL, NULL, NULL, NULL, NULL, NULL, NULL, NULL, 1, NULL, NULL, NULL, '', NULL, NULL, NULL, NULL, NULL, NULL, NULL, NULL, NULL, NULL, NULL, NULL, NULL, NULL, NULL, NULL, NULL, NULL, NULL, NULL, NULL, NULL, NULL, NULL, NULL, NULL, NULL, NULL, NULL, NULL, NULL, NULL, NULL, NULL, NULL, NULL, NULL, NULL, NULL, NULL, NULL, NULL, NULL, NULL, NULL, NULL, NULL, 1, 0, NULL, NULL, NULL, NULL, NULL, NULL, NULL, NULL, NULL, NULL, 0, 0, '1'),
(NULL, '63028', NULL, NULL, '63028', NULL, 'กรชนก\r\n', NULL, 'อักษรดิษฐ์\r\n', NULL, NULL, NULL, 'f', NULL, NULL, NULL, NULL, NULL, NULL, NULL, NULL, NULL, NULL, NULL, NULL, NULL, NULL, 1, NULL, NULL, NULL, '', NULL, NULL, NULL, NULL, NULL, NULL, NULL, NULL, NULL, NULL, NULL, NULL, NULL, NULL, NULL, NULL, NULL, NULL, NULL, NULL, NULL, NULL, NULL, NULL, NULL, NULL, NULL, NULL, NULL, NULL, NULL, NULL, NULL, NULL, NULL, NULL, NULL, NULL, NULL, NULL, NULL, NULL, NULL, NULL, NULL, NULL, NULL, 1, 0, NULL, NULL, NULL, NULL, NULL, NULL, NULL, NULL, NULL, NULL, 0, 0, '1'),
(NULL, '62045', NULL, NULL, '62045', NULL, 'ณัฐสุดา\r\n', NULL, 'โลแก้ว\r\n', NULL, NULL, NULL, 'f', NULL, NULL, NULL, NULL, NULL, NULL, NULL, NULL, NULL, NULL, NULL, NULL, NULL, NULL, 1, NULL, NULL, NULL, '', NULL, NULL, NULL, NULL, NULL, NULL, NULL, NULL, NULL, NULL, NULL, NULL, NULL, NULL, NULL, NULL, NULL, NULL, NULL, NULL, NULL, NULL, NULL, NULL, NULL, NULL, NULL, NULL, NULL, NULL, NULL, NULL, NULL, NULL, NULL, NULL, NULL, NULL, NULL, NULL, NULL, NULL, NULL, NULL, NULL, NULL, NULL, 1, 0, NULL, NULL, NULL, NULL, NULL, NULL, NULL, NULL, NULL, NULL, 0, 0, '1'),
(NULL, '62046', NULL, NULL, '62046', NULL, 'ณัฐชยาน์ \r\n', NULL, 'ปู่มณี\r\n', NULL, NULL, NULL, 'f', NULL, NULL, NULL, NULL, NULL, NULL, NULL, NULL, NULL, NULL, NULL, NULL, NULL, NULL, 1, NULL, NULL, NULL, '', NULL, NULL, NULL, NULL, NULL, NULL, NULL, NULL, NULL, NULL, NULL, NULL, NULL, NULL, NULL, NULL, NULL, NULL, NULL, NULL, NULL, NULL, NULL, NULL, NULL, NULL, NULL, NULL, NULL, NULL, NULL, NULL, NULL, NULL, NULL, NULL, NULL, NULL, NULL, NULL, NULL, NULL, NULL, NULL, NULL, NULL, NULL, 1, 0, NULL, NULL, NULL, NULL, NULL, NULL, NULL, NULL, NULL, NULL, 0, 0, '1'),
(NULL, '62047', NULL, NULL, '62047', NULL, 'ปิยะนุช  \r\n', NULL, 'จันมา\r\n', NULL, NULL, NULL, 'f', NULL, NULL, NULL, NULL, NULL, NULL, NULL, NULL, NULL, NULL, NULL, NULL, NULL, NULL, 1, NULL, NULL, NULL, '', NULL, NULL, NULL, NULL, NULL, NULL, NULL, NULL, NULL, NULL, NULL, NULL, NULL, NULL, NULL, NULL, NULL, NULL, NULL, NULL, NULL, NULL, NULL, NULL, NULL, NULL, NULL, NULL, NULL, NULL, NULL, NULL, NULL, NULL, NULL, NULL, NULL, NULL, NULL, NULL, NULL, NULL, NULL, NULL, NULL, NULL, NULL, 1, 0, NULL, NULL, NULL, NULL, NULL, NULL, NULL, NULL, NULL, NULL, 0, 0, '1'),
(NULL, '62048', NULL, NULL, '62048', NULL, 'อรวรรณ  \r\n', NULL, 'เลี่ยมสกุล\r\n', NULL, NULL, NULL, 'f', NULL, NULL, NULL, NULL, NULL, NULL, NULL, NULL, NULL, NULL, NULL, NULL, NULL, NULL, 1, NULL, NULL, NULL, '', NULL, NULL, NULL, NULL, NULL, NULL, NULL, NULL, NULL, NULL, NULL, NULL, NULL, NULL, NULL, NULL, NULL, NULL, NULL, NULL, NULL, NULL, NULL, NULL, NULL, NULL, NULL, NULL, NULL, NULL, NULL, NULL, NULL, NULL, NULL, NULL, NULL, NULL, NULL, NULL, NULL, NULL, NULL, NULL, NULL, NULL, NULL, 1, 0, NULL, NULL, NULL, NULL, NULL, NULL, NULL, NULL, NULL, NULL, 0, 0, '1'),
(NULL, '62049', NULL, NULL, '62049', NULL, 'ทอฝัน  \r\n', NULL, 'สุธาโน\r\n', NULL, NULL, NULL, 'f', NULL, NULL, NULL, NULL, NULL, NULL, NULL, NULL, NULL, NULL, NULL, NULL, NULL, NULL, 1, NULL, NULL, NULL, '', NULL, NULL, NULL, NULL, NULL, NULL, NULL, NULL, NULL, NULL, NULL, NULL, NULL, NULL, NULL, NULL, NULL, NULL, NULL, NULL, NULL, NULL, NULL, NULL, NULL, NULL, NULL, NULL, NULL, NULL, NULL, NULL, NULL, NULL, NULL, NULL, NULL, NULL, NULL, NULL, NULL, NULL, NULL, NULL, NULL, NULL, NULL, 1, 0, NULL, NULL, NULL, NULL, NULL, NULL, NULL, NULL, NULL, NULL, 0, 0, '1'),
(NULL, '62050', NULL, NULL, '62050', NULL, 'อัมรินทร์\r\n', NULL, 'อัมรินทร์\r\n', NULL, NULL, NULL, 'm', NULL, NULL, NULL, NULL, NULL, NULL, NULL, NULL, NULL, NULL, NULL, NULL, NULL, NULL, 1, NULL, NULL, NULL, '', NULL, NULL, NULL, NULL, NULL, NULL, NULL, NULL, NULL, NULL, NULL, NULL, NULL, NULL, NULL, NULL, NULL, NULL, NULL, NULL, NULL, NULL, NULL, NULL, NULL, NULL, NULL, NULL, NULL, NULL, NULL, NULL, NULL, NULL, NULL, NULL, NULL, NULL, NULL, NULL, NULL, NULL, NULL, NULL, NULL, NULL, NULL, 1, 0, NULL, NULL, NULL, NULL, NULL, NULL, NULL, NULL, NULL, NULL, 0, 0, '1'),
(NULL, '63001', NULL, NULL, '63001', NULL, 'วีริยารัศมิ์\r\n', NULL, 'มานะผัน\r\n', NULL, NULL, NULL, 'f', NULL, NULL, NULL, NULL, NULL, NULL, NULL, NULL, NULL, NULL, NULL, NULL, NULL, NULL, 1, NULL, NULL, NULL, '', NULL, NULL, NULL, NULL, NULL, NULL, NULL, NULL, NULL, NULL, NULL, NULL, NULL, NULL, NULL, NULL, NULL, NULL, NULL, NULL, NULL, NULL, NULL, NULL, NULL, NULL, NULL, NULL, NULL, NULL, NULL, NULL, NULL, NULL, NULL, NULL, NULL, NULL, NULL, NULL, NULL, NULL, NULL, NULL, NULL, NULL, NULL, 1, 0, NULL, NULL, NULL, NULL, NULL, NULL, NULL, NULL, NULL, NULL, 0, 0, '1'),
(NULL, '63002', NULL, NULL, '63002', NULL, 'เพียรทิพย์\r\n', NULL, 'สินจ้าง\r\n', NULL, NULL, NULL, 'f', NULL, NULL, NULL, NULL, NULL, NULL, NULL, NULL, NULL, NULL, NULL, NULL, NULL, NULL, 1, NULL, NULL, NULL, '', NULL, NULL, NULL, NULL, NULL, NULL, NULL, NULL, NULL, NULL, NULL, NULL, NULL, NULL, NULL, NULL, NULL, NULL, NULL, NULL, NULL, NULL, NULL, NULL, NULL, NULL, NULL, NULL, NULL, NULL, NULL, NULL, NULL, NULL, NULL, NULL, NULL, NULL, NULL, NULL, NULL, NULL, NULL, NULL, NULL, NULL, NULL, 1, 0, NULL, NULL, NULL, NULL, NULL, NULL, NULL, NULL, NULL, NULL, 0, 0, '1'),
(NULL, '63003', NULL, NULL, '63003', NULL, 'วราภรณ์\r\n', NULL, 'สิงห์ชัย\r\n', NULL, NULL, NULL, 'f', NULL, NULL, NULL, NULL, NULL, NULL, NULL, NULL, NULL, NULL, NULL, NULL, NULL, NULL, 1, NULL, NULL, NULL, '', NULL, NULL, NULL, NULL, NULL, NULL, NULL, NULL, NULL, NULL, NULL, NULL, NULL, NULL, NULL, NULL, NULL, NULL, NULL, NULL, NULL, NULL, NULL, NULL, NULL, NULL, NULL, NULL, NULL, NULL, NULL, NULL, NULL, NULL, NULL, NULL, NULL, NULL, NULL, NULL, NULL, NULL, NULL, NULL, NULL, NULL, NULL, 1, 0, NULL, NULL, NULL, NULL, NULL, NULL, NULL, NULL, NULL, NULL, 0, 0, '1'),
(NULL, '63004', NULL, NULL, '63004', NULL, 'พรฟ้า\r\n', NULL, 'อนันต์ไพศาล\r\n', NULL, NULL, NULL, 'f', NULL, NULL, NULL, NULL, NULL, NULL, NULL, NULL, NULL, NULL, NULL, NULL, NULL, NULL, 1, NULL, NULL, NULL, '', NULL, NULL, NULL, NULL, NULL, NULL, NULL, NULL, NULL, NULL, NULL, NULL, NULL, NULL, NULL, NULL, NULL, NULL, NULL, NULL, NULL, NULL, NULL, NULL, NULL, NULL, NULL, NULL, NULL, NULL, NULL, NULL, NULL, NULL, NULL, NULL, NULL, NULL, NULL, NULL, NULL, NULL, NULL, NULL, NULL, NULL, NULL, 1, 0, NULL, NULL, NULL, NULL, NULL, NULL, NULL, NULL, NULL, NULL, 0, 0, '1'),
(NULL, '63006', NULL, NULL, '63006', NULL, 'กาญจน์ประภา\r\n', NULL, 'วงค์ปัญญา\r\n', NULL, NULL, NULL, 'f', NULL, NULL, NULL, NULL, NULL, NULL, NULL, NULL, NULL, NULL, NULL, NULL, NULL, NULL, 1, NULL, NULL, NULL, '', NULL, NULL, NULL, NULL, NULL, NULL, NULL, NULL, NULL, NULL, NULL, NULL, NULL, NULL, NULL, NULL, NULL, NULL, NULL, NULL, NULL, NULL, NULL, NULL, NULL, NULL, NULL, NULL, NULL, NULL, NULL, NULL, NULL, NULL, NULL, NULL, NULL, NULL, NULL, NULL, NULL, NULL, NULL, NULL, NULL, NULL, NULL, 1, 0, NULL, NULL, NULL, NULL, NULL, NULL, NULL, NULL, NULL, NULL, 0, 0, '1'),
(NULL, '63007', NULL, NULL, '63007', NULL, 'ศุภณัฐ  \r\n', NULL, 'มโนชมภู\r\n', NULL, NULL, NULL, 'm', NULL, NULL, NULL, NULL, NULL, NULL, NULL, NULL, NULL, NULL, NULL, NULL, NULL, NULL, 1, NULL, NULL, NULL, '', NULL, NULL, NULL, NULL, NULL, NULL, NULL, NULL, NULL, NULL, NULL, NULL, NULL, NULL, NULL, NULL, NULL, NULL, NULL, NULL, NULL, NULL, NULL, NULL, NULL, NULL, NULL, NULL, NULL, NULL, NULL, NULL, NULL, NULL, NULL, NULL, NULL, NULL, NULL, NULL, NULL, NULL, NULL, NULL, NULL, NULL, NULL, 1, 0, NULL, NULL, NULL, NULL, NULL, NULL, NULL, NULL, NULL, NULL, 0, 0, '1'),
(NULL, '63008', NULL, NULL, '63008', NULL, 'นราศักดิ์\r\n', NULL, 'หลวงหล้า\r\n', NULL, NULL, NULL, 'm', NULL, NULL, NULL, NULL, NULL, NULL, NULL, NULL, NULL, NULL, NULL, NULL, NULL, NULL, 1, NULL, NULL, NULL, '', NULL, NULL, NULL, NULL, NULL, NULL, NULL, NULL, NULL, NULL, NULL, NULL, NULL, NULL, NULL, NULL, NULL, NULL, NULL, NULL, NULL, NULL, NULL, NULL, NULL, NULL, NULL, NULL, NULL, NULL, NULL, NULL, NULL, NULL, NULL, NULL, NULL, NULL, NULL, NULL, NULL, NULL, NULL, NULL, NULL, NULL, NULL, 1, 0, NULL, NULL, NULL, NULL, NULL, NULL, NULL, NULL, NULL, NULL, 0, 0, '1'),
(NULL, '63010', NULL, NULL, '63010', NULL, 'อวยชัย  \r\n', NULL, 'ทิพย์เสถียร\r\n', NULL, NULL, NULL, 'm', NULL, NULL, NULL, NULL, NULL, NULL, NULL, NULL, NULL, NULL, NULL, NULL, NULL, NULL, 1, NULL, NULL, NULL, '', NULL, NULL, NULL, NULL, NULL, NULL, NULL, NULL, NULL, NULL, NULL, NULL, NULL, NULL, NULL, NULL, NULL, NULL, NULL, NULL, NULL, NULL, NULL, NULL, NULL, NULL, NULL, NULL, NULL, NULL, NULL, NULL, NULL, NULL, NULL, NULL, NULL, NULL, NULL, NULL, NULL, NULL, NULL, NULL, NULL, NULL, NULL, 1, 0, NULL, NULL, NULL, NULL, NULL, NULL, NULL, NULL, NULL, NULL, 0, 0, '1'),
(NULL, '63011', NULL, NULL, '63011', NULL, 'วิรัตน์ดา\r\n', NULL, 'ถิ่นการ์\r\n', NULL, NULL, NULL, 'f', NULL, NULL, NULL, NULL, NULL, NULL, NULL, NULL, NULL, NULL, NULL, NULL, NULL, NULL, 1, NULL, NULL, NULL, '', NULL, NULL, NULL, NULL, NULL, NULL, NULL, NULL, NULL, NULL, NULL, NULL, NULL, NULL, NULL, NULL, NULL, NULL, NULL, NULL, NULL, NULL, NULL, NULL, NULL, NULL, NULL, NULL, NULL, NULL, NULL, NULL, NULL, NULL, NULL, NULL, NULL, NULL, NULL, NULL, NULL, NULL, NULL, NULL, NULL, NULL, NULL, 1, 0, NULL, NULL, NULL, NULL, NULL, NULL, NULL, NULL, NULL, NULL, 0, 0, '1'),
(NULL, '63012', NULL, NULL, '63012', NULL, 'นิตยา\r\n', NULL, 'วงค์แก้ว\r\n', NULL, NULL, NULL, 'f', NULL, NULL, NULL, NULL, NULL, NULL, NULL, NULL, NULL, NULL, NULL, NULL, NULL, NULL, 1, NULL, NULL, NULL, '', NULL, NULL, NULL, NULL, NULL, NULL, NULL, NULL, NULL, NULL, NULL, NULL, NULL, NULL, NULL, NULL, NULL, NULL, NULL, NULL, NULL, NULL, NULL, NULL, NULL, NULL, NULL, NULL, NULL, NULL, NULL, NULL, NULL, NULL, NULL, NULL, NULL, NULL, NULL, NULL, NULL, NULL, NULL, NULL, NULL, NULL, NULL, 1, 0, NULL, NULL, NULL, NULL, NULL, NULL, NULL, NULL, NULL, NULL, 0, 0, '1'),
(NULL, '63013', NULL, NULL, '63013', NULL, 'สุระชาติ', NULL, 'วงค์ใหม่\r\n', NULL, NULL, NULL, 'm', NULL, NULL, NULL, NULL, NULL, NULL, NULL, NULL, NULL, NULL, NULL, NULL, NULL, NULL, 1, NULL, NULL, NULL, '', NULL, NULL, NULL, NULL, NULL, NULL, NULL, NULL, NULL, NULL, NULL, NULL, NULL, NULL, NULL, NULL, NULL, NULL, NULL, NULL, NULL, NULL, NULL, NULL, NULL, NULL, NULL, NULL, NULL, NULL, NULL, NULL, NULL, NULL, NULL, NULL, NULL, NULL, NULL, NULL, NULL, NULL, NULL, NULL, NULL, NULL, NULL, 1, 0, NULL, NULL, NULL, NULL, NULL, NULL, NULL, NULL, NULL, NULL, 0, 0, '1'),
(NULL, '63017', NULL, NULL, '63017', NULL, 'กุลณัฐ\r\n', NULL, 'จริงมาก\r\n', NULL, NULL, NULL, 'f', NULL, NULL, NULL, NULL, NULL, NULL, NULL, NULL, NULL, NULL, NULL, NULL, NULL, NULL, 1, NULL, NULL, NULL, '', NULL, NULL, NULL, NULL, NULL, NULL, NULL, NULL, NULL, NULL, NULL, NULL, NULL, NULL, NULL, NULL, NULL, NULL, NULL, NULL, NULL, NULL, NULL, NULL, NULL, NULL, NULL, NULL, NULL, NULL, NULL, NULL, NULL, NULL, NULL, NULL, NULL, NULL, NULL, NULL, NULL, NULL, NULL, NULL, NULL, NULL, NULL, 1, 0, NULL, NULL, NULL, NULL, NULL, NULL, NULL, NULL, NULL, NULL, 0, 0, '1'),
(NULL, '63014', NULL, NULL, '63014', NULL, 'ทัยสวรรค์\r\n', NULL, 'ดู่ยา\r\n', NULL, NULL, NULL, 'm', NULL, NULL, NULL, NULL, NULL, NULL, NULL, NULL, NULL, NULL, NULL, NULL, NULL, NULL, 1, NULL, NULL, NULL, '', NULL, NULL, NULL, NULL, NULL, NULL, NULL, NULL, NULL, NULL, NULL, NULL, NULL, NULL, NULL, NULL, NULL, NULL, NULL, NULL, NULL, NULL, NULL, NULL, NULL, NULL, NULL, NULL, NULL, NULL, NULL, NULL, NULL, NULL, NULL, NULL, NULL, NULL, NULL, NULL, NULL, NULL, NULL, NULL, NULL, NULL, NULL, 1, 0, NULL, NULL, NULL, NULL, NULL, NULL, NULL, NULL, NULL, NULL, 0, 0, '1'),
(NULL, '63015\r\n', NULL, NULL, '63015\r\n', NULL, 'พิชชาวีร์\r\n', NULL, 'โอบอ้อม\r\n', NULL, NULL, NULL, 'f', NULL, NULL, NULL, NULL, NULL, NULL, NULL, NULL, NULL, NULL, NULL, NULL, NULL, NULL, 1, NULL, NULL, NULL, '', NULL, NULL, NULL, NULL, NULL, NULL, NULL, NULL, NULL, NULL, NULL, NULL, NULL, NULL, NULL, NULL, NULL, NULL, NULL, NULL, NULL, NULL, NULL, NULL, NULL, NULL, NULL, NULL, NULL, NULL, NULL, NULL, NULL, NULL, NULL, NULL, NULL, NULL, NULL, NULL, NULL, NULL, NULL, NULL, NULL, NULL, NULL, 1, 0, NULL, NULL, NULL, NULL, NULL, NULL, NULL, NULL, NULL, NULL, 0, 0, '1'),
(NULL, '63016', NULL, NULL, '63016', NULL, 'พัชรพิทธ์\r\n', NULL, 'ยศสุข\r\n', NULL, NULL, NULL, 'f', NULL, NULL, NULL, NULL, NULL, NULL, NULL, NULL, NULL, NULL, NULL, NULL, NULL, NULL, 1, NULL, NULL, NULL, '', NULL, NULL, NULL, NULL, NULL, NULL, NULL, NULL, NULL, NULL, NULL, NULL, NULL, NULL, NULL, NULL, NULL, NULL, NULL, NULL, NULL, NULL, NULL, NULL, NULL, NULL, NULL, NULL, NULL, NULL, NULL, NULL, NULL, NULL, NULL, NULL, NULL, NULL, NULL, NULL, NULL, NULL, NULL, NULL, NULL, NULL, NULL, 1, 0, NULL, NULL, NULL, NULL, NULL, NULL, NULL, NULL, NULL, NULL, 0, 0, '1'),
(NULL, '63018', NULL, NULL, '63018', NULL, 'วลัยลักษณ์\r\n', NULL, 'จองแดง\r\n', NULL, NULL, NULL, 'f', NULL, NULL, NULL, NULL, NULL, NULL, NULL, NULL, NULL, NULL, NULL, NULL, NULL, NULL, 1, NULL, NULL, NULL, '', NULL, NULL, NULL, NULL, NULL, NULL, NULL, NULL, NULL, NULL, NULL, NULL, NULL, NULL, NULL, NULL, NULL, NULL, NULL, NULL, NULL, NULL, NULL, NULL, NULL, NULL, NULL, NULL, NULL, NULL, NULL, NULL, NULL, NULL, NULL, NULL, NULL, NULL, NULL, NULL, NULL, NULL, NULL, NULL, NULL, NULL, NULL, 1, 0, NULL, NULL, NULL, NULL, NULL, NULL, NULL, NULL, NULL, NULL, 0, 0, '1'),
(NULL, '63019', NULL, NULL, '63019', NULL, 'อรวีร์\r\n', NULL, 'ทิศรำวัง\r\n', NULL, NULL, NULL, 'f', NULL, NULL, NULL, NULL, NULL, NULL, NULL, NULL, NULL, NULL, NULL, NULL, NULL, NULL, 1, NULL, NULL, NULL, '', NULL, NULL, NULL, NULL, NULL, NULL, NULL, NULL, NULL, NULL, NULL, NULL, NULL, NULL, NULL, NULL, NULL, NULL, NULL, NULL, NULL, NULL, NULL, NULL, NULL, NULL, NULL, NULL, NULL, NULL, NULL, NULL, NULL, NULL, NULL, NULL, NULL, NULL, NULL, NULL, NULL, NULL, NULL, NULL, NULL, NULL, NULL, 1, 0, NULL, NULL, NULL, NULL, NULL, NULL, NULL, NULL, NULL, NULL, 0, 0, '1'),
(NULL, '63021', NULL, NULL, '63021', NULL, 'ชินวัตร\r\n', NULL, 'ภูดอนตอง\r\n', NULL, NULL, NULL, 'm', NULL, NULL, NULL, NULL, NULL, NULL, NULL, NULL, NULL, NULL, NULL, NULL, NULL, NULL, 1, NULL, NULL, NULL, '', NULL, NULL, NULL, NULL, NULL, NULL, NULL, NULL, NULL, NULL, NULL, NULL, NULL, NULL, NULL, NULL, NULL, NULL, NULL, NULL, NULL, NULL, NULL, NULL, NULL, NULL, NULL, NULL, NULL, NULL, NULL, NULL, NULL, NULL, NULL, NULL, NULL, NULL, NULL, NULL, NULL, NULL, NULL, NULL, NULL, NULL, NULL, 1, 0, NULL, NULL, NULL, NULL, NULL, NULL, NULL, NULL, NULL, NULL, 0, 0, '1'),
(NULL, '63022', NULL, NULL, '63022', NULL, 'อนุวัฒน์\r\n', NULL, 'แก้วบุญเรือง\r\n', NULL, NULL, NULL, 'm', NULL, NULL, NULL, NULL, NULL, NULL, NULL, NULL, NULL, NULL, NULL, NULL, NULL, NULL, 1, NULL, NULL, NULL, '', NULL, NULL, NULL, NULL, NULL, NULL, NULL, NULL, NULL, NULL, NULL, NULL, NULL, NULL, NULL, NULL, NULL, NULL, NULL, NULL, NULL, NULL, NULL, NULL, NULL, NULL, NULL, NULL, NULL, NULL, NULL, NULL, NULL, NULL, NULL, NULL, NULL, NULL, NULL, NULL, NULL, NULL, NULL, NULL, NULL, NULL, NULL, 1, 0, NULL, NULL, NULL, NULL, NULL, NULL, NULL, NULL, NULL, NULL, 0, 0, '1'),
(NULL, '63023', NULL, NULL, '63023', NULL, 'วิศรุต\r\n', NULL, 'มงคล', NULL, NULL, NULL, 'm', NULL, NULL, NULL, NULL, NULL, NULL, NULL, NULL, NULL, NULL, NULL, NULL, NULL, NULL, 1, NULL, NULL, NULL, '', NULL, NULL, NULL, NULL, NULL, NULL, NULL, NULL, NULL, NULL, NULL, NULL, NULL, NULL, NULL, NULL, NULL, NULL, NULL, NULL, NULL, NULL, NULL, NULL, NULL, NULL, NULL, NULL, NULL, NULL, NULL, NULL, NULL, NULL, NULL, NULL, NULL, NULL, NULL, NULL, NULL, NULL, NULL, NULL, NULL, NULL, NULL, 1, 0, NULL, NULL, NULL, NULL, NULL, NULL, NULL, NULL, NULL, NULL, 0, 0, '1'),
(NULL, '63024', NULL, NULL, '63024', NULL, 'ณัฐพล\r\n', NULL, 'ซื่อสัตย์สุจริต\r\n', NULL, NULL, NULL, 'm', NULL, NULL, NULL, NULL, NULL, NULL, NULL, NULL, NULL, NULL, NULL, NULL, NULL, NULL, 1, NULL, NULL, NULL, '', NULL, NULL, NULL, NULL, NULL, NULL, NULL, NULL, NULL, NULL, NULL, NULL, NULL, NULL, NULL, NULL, NULL, NULL, NULL, NULL, NULL, NULL, NULL, NULL, NULL, NULL, NULL, NULL, NULL, NULL, NULL, NULL, NULL, NULL, NULL, NULL, NULL, NULL, NULL, NULL, NULL, NULL, NULL, NULL, NULL, NULL, NULL, 1, 0, NULL, NULL, NULL, NULL, NULL, NULL, NULL, NULL, NULL, NULL, 0, 0, '1'),
(NULL, '63025', NULL, NULL, '63025', NULL, 'ชัย\r\n', NULL, 'นายแสง\r\n', NULL, NULL, NULL, 'm', NULL, NULL, NULL, NULL, NULL, NULL, NULL, NULL, NULL, NULL, NULL, NULL, NULL, NULL, 1, NULL, NULL, NULL, '', NULL, NULL, NULL, NULL, NULL, NULL, NULL, NULL, NULL, NULL, NULL, NULL, NULL, NULL, NULL, NULL, NULL, NULL, NULL, NULL, NULL, NULL, NULL, NULL, NULL, NULL, NULL, NULL, NULL, NULL, NULL, NULL, NULL, NULL, NULL, NULL, NULL, NULL, NULL, NULL, NULL, NULL, NULL, NULL, NULL, NULL, NULL, 1, 0, NULL, NULL, NULL, NULL, NULL, NULL, NULL, NULL, NULL, NULL, 0, 0, '1'),
(NULL, '63026', NULL, NULL, '63026', NULL, 'วรรณดี\r\n', NULL, 'จีนา', NULL, NULL, NULL, 'f', NULL, NULL, NULL, NULL, NULL, NULL, NULL, NULL, NULL, NULL, NULL, NULL, NULL, NULL, 1, NULL, NULL, NULL, '', NULL, NULL, NULL, NULL, NULL, NULL, NULL, NULL, NULL, NULL, NULL, NULL, NULL, NULL, NULL, NULL, NULL, NULL, NULL, NULL, NULL, NULL, NULL, NULL, NULL, NULL, NULL, NULL, NULL, NULL, NULL, NULL, NULL, NULL, NULL, NULL, NULL, NULL, NULL, NULL, NULL, NULL, NULL, NULL, NULL, NULL, NULL, 1, 0, NULL, NULL, NULL, NULL, NULL, NULL, NULL, NULL, NULL, NULL, 0, 0, '1'),
(NULL, '63027', NULL, NULL, '63027', NULL, 'วรางคณา \r\n', NULL, 'แก้วดอนดุก\r\n', NULL, NULL, NULL, 'f', NULL, NULL, NULL, NULL, NULL, NULL, NULL, NULL, NULL, NULL, NULL, NULL, NULL, NULL, 1, NULL, NULL, NULL, '', NULL, NULL, NULL, NULL, NULL, NULL, NULL, NULL, NULL, NULL, NULL, NULL, NULL, NULL, NULL, NULL, NULL, NULL, NULL, NULL, NULL, NULL, NULL, NULL, NULL, NULL, NULL, NULL, NULL, NULL, NULL, NULL, NULL, NULL, NULL, NULL, NULL, NULL, NULL, NULL, NULL, NULL, NULL, NULL, NULL, NULL, NULL, 1, 0, NULL, NULL, NULL, NULL, NULL, NULL, NULL, NULL, NULL, NULL, 0, 0, '1');
INSERT INTO `tb_person` (`SSUSR_Initials`, `NUM_OT`, `work`, `start`, `Person_id`, `Person_id1`, `Fname`, `chFname`, `Lname`, `chLname`, `name_english`, `lname_english`, `sex`, `MR1`, `MR`, `position_id`, `mstatus`, `born`, `born_1`, `national`, `religion`, `BIRTH_PLACE`, `father`, `father_occu`, `mother`, `mother_occu`, `MAR`, `MAR_new`, `couple`, `couple_occu`, `son_count`, `home`, `TUMBOL`, `tumbol_id`, `tumbol_name`, `aumphor`, `aumphor_name`, `province_id`, `PROVINCE`, `mail_code`, `telaphone`, `mobile_phone`, `ward_phone`, `relative`, `relative_occu`, `relative_addr`, `num_people`, `num_people1`, `edu_cer`, `edu_cer1`, `edu_degree`, `edu_from`, `edu_vol`, `edu_year`, `blood_group`, `form_size`, `form_size1`, `pos_new`, `pos_old`, `pos1`, `pos_thai`, `PP`, `PP1`, `PP_new`, `FW_CODE`, `FW_CODE_new`, `FW_CODE1`, `per_order`, `work_sec`, `nursecer_id`, `nursecer_date`, `sapa_id`, `samakom_id`, `bank_no`, `new`, `memo`, `mr_english`, `mr_thai`, `c_now`, `newnurse`, `ck`, `ncomment`, `nyear`, `codeper`, `goverment_fund`, `day_card`, `num_card`, `stu`, `new_status`, `expert`, `lastupdate`, `nupdate`, `hncheck`, `pos`) VALUES
(NULL, '63029', NULL, NULL, '63029', NULL, 'ณัฐธิดา\r\n', NULL, 'ต้อติดวงค์\r\n', NULL, NULL, NULL, 'f', NULL, NULL, NULL, NULL, NULL, NULL, NULL, NULL, NULL, NULL, NULL, NULL, NULL, NULL, 1, NULL, NULL, NULL, '', NULL, NULL, NULL, NULL, NULL, NULL, NULL, NULL, NULL, NULL, NULL, NULL, NULL, NULL, NULL, NULL, NULL, NULL, NULL, NULL, NULL, NULL, NULL, NULL, NULL, NULL, NULL, NULL, NULL, NULL, NULL, NULL, NULL, NULL, NULL, NULL, NULL, NULL, NULL, NULL, NULL, NULL, NULL, NULL, NULL, NULL, NULL, 1, 0, NULL, NULL, NULL, NULL, NULL, NULL, NULL, NULL, NULL, NULL, 0, 0, '1'),
(NULL, '63030', NULL, NULL, '63030', NULL, 'ชนากานต์\r\n', NULL, 'วสันตวิษุวัต\r\n', NULL, NULL, NULL, 'f', NULL, NULL, NULL, NULL, NULL, NULL, NULL, NULL, NULL, NULL, NULL, NULL, NULL, NULL, 1, NULL, NULL, NULL, '', NULL, NULL, NULL, NULL, NULL, NULL, NULL, NULL, NULL, NULL, NULL, NULL, NULL, NULL, NULL, NULL, NULL, NULL, NULL, NULL, NULL, NULL, NULL, NULL, NULL, NULL, NULL, NULL, NULL, NULL, NULL, NULL, NULL, NULL, NULL, NULL, NULL, NULL, NULL, NULL, NULL, NULL, NULL, NULL, NULL, NULL, NULL, 1, 0, NULL, NULL, NULL, NULL, NULL, NULL, NULL, NULL, NULL, NULL, 0, 0, '1'),
(NULL, '63031', NULL, NULL, '63031', NULL, 'กันยารัตน์\r\n', NULL, 'บุญมา\r\n', NULL, NULL, NULL, 'f', NULL, NULL, NULL, NULL, NULL, NULL, NULL, NULL, NULL, NULL, NULL, NULL, NULL, NULL, 1, NULL, NULL, NULL, '', NULL, NULL, NULL, NULL, NULL, NULL, NULL, NULL, NULL, NULL, NULL, NULL, NULL, NULL, NULL, NULL, NULL, NULL, NULL, NULL, NULL, NULL, NULL, NULL, NULL, NULL, NULL, NULL, NULL, NULL, NULL, NULL, NULL, NULL, NULL, NULL, NULL, NULL, NULL, NULL, NULL, NULL, NULL, NULL, NULL, NULL, NULL, 1, 0, NULL, NULL, NULL, NULL, NULL, NULL, NULL, NULL, NULL, NULL, 0, 0, '1'),
(NULL, '63032', NULL, NULL, '63032', NULL, 'บุษยารัตน์\r\n', NULL, 'ป้องภัย\r\n', NULL, NULL, NULL, 'f', NULL, NULL, NULL, NULL, NULL, NULL, NULL, NULL, NULL, NULL, NULL, NULL, NULL, NULL, 1, NULL, NULL, NULL, '', NULL, NULL, NULL, NULL, NULL, NULL, NULL, NULL, NULL, NULL, NULL, NULL, NULL, NULL, NULL, NULL, NULL, NULL, NULL, NULL, NULL, NULL, NULL, NULL, NULL, NULL, NULL, NULL, NULL, NULL, NULL, NULL, NULL, NULL, NULL, NULL, NULL, NULL, NULL, NULL, NULL, NULL, NULL, NULL, NULL, NULL, NULL, 1, 0, NULL, NULL, NULL, NULL, NULL, NULL, NULL, NULL, NULL, NULL, 0, 0, '1'),
(NULL, '63033', NULL, NULL, '63033', NULL, 'พิชญา\r\n', NULL, 'สุมาลัย\r\n', NULL, NULL, NULL, 'f', NULL, NULL, NULL, NULL, NULL, NULL, NULL, NULL, NULL, NULL, NULL, NULL, NULL, NULL, 1, NULL, NULL, NULL, '', NULL, NULL, NULL, NULL, NULL, NULL, NULL, NULL, NULL, NULL, NULL, NULL, NULL, NULL, NULL, NULL, NULL, NULL, NULL, NULL, NULL, NULL, NULL, NULL, NULL, NULL, NULL, NULL, NULL, NULL, NULL, NULL, NULL, NULL, NULL, NULL, NULL, NULL, NULL, NULL, NULL, NULL, NULL, NULL, NULL, NULL, NULL, 1, 0, NULL, NULL, NULL, NULL, NULL, NULL, NULL, NULL, NULL, NULL, 0, 0, '1'),
(NULL, '63034', NULL, NULL, '63034', NULL, 'ตุล\r\n', NULL, 'ชัยกิจมงคล\r\n', NULL, NULL, NULL, 'm', NULL, NULL, NULL, NULL, NULL, NULL, NULL, NULL, NULL, NULL, NULL, NULL, NULL, NULL, 1, NULL, NULL, NULL, '', NULL, NULL, NULL, NULL, NULL, NULL, NULL, NULL, NULL, NULL, NULL, NULL, NULL, NULL, NULL, NULL, NULL, NULL, NULL, NULL, NULL, NULL, NULL, NULL, NULL, NULL, NULL, NULL, NULL, NULL, NULL, NULL, NULL, NULL, NULL, NULL, NULL, NULL, NULL, NULL, NULL, NULL, NULL, NULL, NULL, NULL, NULL, 1, 0, NULL, NULL, NULL, NULL, NULL, NULL, NULL, NULL, NULL, NULL, 0, 0, '1'),
(NULL, '63035', NULL, NULL, '63035', NULL, 'ปารียา\r\n', NULL, 'สมศักดิ์\r\n', NULL, NULL, NULL, 'f', NULL, NULL, NULL, NULL, NULL, NULL, NULL, NULL, NULL, NULL, NULL, NULL, NULL, NULL, 1, NULL, NULL, NULL, '', NULL, NULL, NULL, NULL, NULL, NULL, NULL, NULL, NULL, NULL, NULL, NULL, NULL, NULL, NULL, NULL, NULL, NULL, NULL, NULL, NULL, NULL, NULL, NULL, NULL, NULL, NULL, NULL, NULL, NULL, NULL, NULL, NULL, NULL, NULL, NULL, NULL, NULL, NULL, NULL, NULL, NULL, NULL, NULL, NULL, NULL, NULL, 1, 0, NULL, NULL, NULL, NULL, NULL, NULL, NULL, NULL, NULL, NULL, 0, 0, '1'),
(NULL, '63036', NULL, NULL, '63036', NULL, 'ขนิสตา \r\n', NULL, 'วงศ์ศรีหทัย\r\n', NULL, NULL, NULL, 'f', NULL, NULL, NULL, NULL, NULL, NULL, NULL, NULL, NULL, NULL, NULL, NULL, NULL, NULL, 1, NULL, NULL, NULL, '', NULL, NULL, NULL, NULL, NULL, NULL, NULL, NULL, NULL, NULL, NULL, NULL, NULL, NULL, NULL, NULL, NULL, NULL, NULL, NULL, NULL, NULL, NULL, NULL, NULL, NULL, NULL, NULL, NULL, NULL, NULL, NULL, NULL, NULL, NULL, NULL, NULL, NULL, NULL, NULL, NULL, NULL, NULL, NULL, NULL, NULL, NULL, 1, 0, NULL, NULL, NULL, NULL, NULL, NULL, NULL, NULL, NULL, NULL, 0, 0, '1'),
(NULL, '63037', NULL, NULL, '63037', NULL, 'ปาณิสรา', NULL, 'ปัญญาสิทธิ์', NULL, NULL, NULL, 'f', NULL, NULL, NULL, NULL, NULL, NULL, NULL, NULL, NULL, NULL, NULL, NULL, NULL, NULL, 1, NULL, NULL, NULL, '', NULL, NULL, NULL, NULL, NULL, NULL, NULL, NULL, NULL, NULL, NULL, NULL, NULL, NULL, NULL, NULL, NULL, NULL, NULL, NULL, NULL, NULL, NULL, NULL, NULL, NULL, NULL, NULL, NULL, NULL, NULL, NULL, NULL, NULL, NULL, NULL, NULL, NULL, NULL, NULL, NULL, NULL, NULL, NULL, NULL, NULL, NULL, 1, 0, NULL, NULL, NULL, NULL, NULL, NULL, NULL, NULL, NULL, NULL, 0, 0, '1'),
(NULL, '63038', NULL, NULL, '63038', NULL, 'วัชราภรณ์', NULL, 'ชัยเลิศ', NULL, NULL, NULL, 'f', NULL, NULL, NULL, NULL, NULL, NULL, NULL, NULL, NULL, NULL, NULL, NULL, NULL, NULL, 1, NULL, NULL, NULL, '', NULL, NULL, NULL, NULL, NULL, NULL, NULL, NULL, NULL, NULL, NULL, NULL, NULL, NULL, NULL, NULL, NULL, NULL, NULL, NULL, NULL, NULL, NULL, NULL, NULL, NULL, NULL, NULL, NULL, NULL, NULL, NULL, NULL, NULL, NULL, NULL, NULL, NULL, NULL, NULL, NULL, NULL, NULL, NULL, NULL, NULL, NULL, 1, 0, NULL, NULL, NULL, NULL, NULL, NULL, NULL, NULL, NULL, NULL, 0, 0, '1'),
(NULL, '63039', NULL, NULL, '63039', NULL, 'ธิดารัตน์', NULL, 'วรรณเลิศ', NULL, NULL, NULL, 'f', NULL, NULL, NULL, NULL, NULL, NULL, NULL, NULL, NULL, NULL, NULL, NULL, NULL, NULL, 1, NULL, NULL, NULL, '', NULL, NULL, NULL, NULL, NULL, NULL, NULL, NULL, NULL, NULL, NULL, NULL, NULL, NULL, NULL, NULL, NULL, NULL, NULL, NULL, NULL, NULL, NULL, NULL, NULL, NULL, NULL, NULL, NULL, NULL, NULL, NULL, NULL, NULL, NULL, NULL, NULL, NULL, NULL, NULL, NULL, NULL, NULL, NULL, NULL, NULL, NULL, 1, 0, NULL, NULL, NULL, NULL, NULL, NULL, NULL, NULL, NULL, NULL, 0, 0, '1'),
(NULL, '64001', NULL, NULL, '64001', NULL, 'พีรญา', NULL, 'สานเมนทา', NULL, NULL, NULL, 'f', NULL, NULL, NULL, NULL, NULL, NULL, NULL, NULL, NULL, NULL, NULL, NULL, NULL, NULL, 1, NULL, NULL, NULL, '', NULL, NULL, NULL, NULL, NULL, NULL, NULL, NULL, NULL, NULL, NULL, NULL, NULL, NULL, NULL, NULL, NULL, NULL, NULL, NULL, NULL, NULL, NULL, NULL, NULL, NULL, NULL, NULL, NULL, NULL, NULL, NULL, NULL, NULL, NULL, NULL, NULL, NULL, NULL, NULL, NULL, NULL, NULL, NULL, NULL, NULL, NULL, 1, 0, NULL, NULL, NULL, NULL, NULL, NULL, NULL, NULL, NULL, NULL, 0, 0, '1'),
(NULL, '64002', NULL, NULL, '64002', NULL, 'ปาจรีย์', NULL, 'ผลภาษี', NULL, NULL, NULL, 'f', NULL, NULL, NULL, NULL, NULL, NULL, NULL, NULL, NULL, NULL, NULL, NULL, NULL, NULL, 1, NULL, NULL, NULL, '', NULL, NULL, NULL, NULL, NULL, NULL, NULL, NULL, NULL, NULL, NULL, NULL, NULL, NULL, NULL, NULL, NULL, NULL, NULL, NULL, NULL, NULL, NULL, NULL, NULL, NULL, NULL, NULL, NULL, NULL, NULL, NULL, NULL, NULL, NULL, NULL, NULL, NULL, NULL, NULL, NULL, NULL, NULL, NULL, NULL, NULL, NULL, 1, 0, NULL, NULL, NULL, NULL, NULL, NULL, NULL, NULL, NULL, NULL, 0, 0, '1'),
(NULL, '64003', NULL, NULL, '64003', NULL, 'ปภัสสร', NULL, 'เลาสูงเนิน', NULL, NULL, NULL, 'f', NULL, NULL, NULL, NULL, NULL, NULL, NULL, NULL, NULL, NULL, NULL, NULL, NULL, NULL, 1, NULL, NULL, NULL, '', NULL, NULL, NULL, NULL, NULL, NULL, NULL, NULL, NULL, NULL, NULL, NULL, NULL, NULL, NULL, NULL, NULL, NULL, NULL, NULL, NULL, NULL, NULL, NULL, NULL, NULL, NULL, NULL, NULL, NULL, NULL, NULL, NULL, NULL, NULL, NULL, NULL, NULL, NULL, NULL, NULL, NULL, NULL, NULL, NULL, NULL, NULL, 1, 0, NULL, NULL, NULL, NULL, NULL, NULL, NULL, NULL, NULL, NULL, 0, 0, '1'),
(NULL, '64004', NULL, NULL, '64004', NULL, 'ปทุมวรรณ', NULL, 'เมืองมูล', NULL, NULL, NULL, 'f', NULL, NULL, NULL, NULL, NULL, NULL, NULL, NULL, NULL, NULL, NULL, NULL, NULL, NULL, 1, NULL, NULL, NULL, '', NULL, NULL, NULL, NULL, NULL, NULL, NULL, NULL, NULL, NULL, NULL, NULL, NULL, NULL, NULL, NULL, NULL, NULL, NULL, NULL, NULL, NULL, NULL, NULL, NULL, NULL, NULL, NULL, NULL, NULL, NULL, NULL, NULL, NULL, NULL, NULL, NULL, NULL, NULL, NULL, NULL, NULL, NULL, NULL, NULL, NULL, NULL, 1, 0, NULL, NULL, NULL, NULL, NULL, NULL, NULL, NULL, NULL, NULL, 0, 0, '1'),
(NULL, '64005', NULL, NULL, '64005', NULL, 'เปรม', NULL, 'นะเจ๊ะ', NULL, NULL, NULL, 'm', NULL, NULL, NULL, NULL, NULL, NULL, NULL, NULL, NULL, NULL, NULL, NULL, NULL, NULL, 1, NULL, NULL, NULL, '', NULL, NULL, NULL, NULL, NULL, NULL, NULL, NULL, NULL, NULL, NULL, NULL, NULL, NULL, NULL, NULL, NULL, NULL, NULL, NULL, NULL, NULL, NULL, NULL, NULL, NULL, NULL, NULL, NULL, NULL, NULL, NULL, NULL, NULL, NULL, NULL, NULL, NULL, NULL, NULL, NULL, NULL, NULL, NULL, NULL, NULL, NULL, 1, 0, NULL, NULL, NULL, NULL, NULL, NULL, NULL, NULL, NULL, NULL, 0, 0, '1'),
(NULL, '64006', NULL, NULL, '64006', NULL, 'ธัญชนก', NULL, 'มูลยศ', NULL, NULL, NULL, 'f', NULL, NULL, NULL, NULL, NULL, NULL, NULL, NULL, NULL, NULL, NULL, NULL, NULL, NULL, 1, NULL, NULL, NULL, '', NULL, NULL, NULL, NULL, NULL, NULL, NULL, NULL, NULL, NULL, NULL, NULL, NULL, NULL, NULL, NULL, NULL, NULL, NULL, NULL, NULL, NULL, NULL, NULL, NULL, NULL, NULL, NULL, NULL, NULL, NULL, NULL, NULL, NULL, NULL, NULL, NULL, NULL, NULL, NULL, NULL, NULL, NULL, NULL, NULL, NULL, NULL, 1, 0, NULL, NULL, NULL, NULL, NULL, NULL, NULL, NULL, NULL, NULL, 0, 0, '1'),
(NULL, '64007', NULL, NULL, '64007', NULL, 'ธีรวิทย์', NULL, 'ตางาม', NULL, NULL, NULL, 'm', NULL, NULL, NULL, NULL, NULL, NULL, NULL, NULL, NULL, NULL, NULL, NULL, NULL, NULL, 1, NULL, NULL, NULL, '', NULL, NULL, NULL, NULL, NULL, NULL, NULL, NULL, NULL, NULL, NULL, NULL, NULL, NULL, NULL, NULL, NULL, NULL, NULL, NULL, NULL, NULL, NULL, NULL, NULL, NULL, NULL, NULL, NULL, NULL, NULL, NULL, NULL, NULL, NULL, NULL, NULL, NULL, NULL, NULL, NULL, NULL, NULL, NULL, NULL, NULL, NULL, 1, 0, NULL, NULL, NULL, NULL, NULL, NULL, NULL, NULL, NULL, NULL, 0, 0, '1'),
(NULL, '64008', NULL, NULL, '64008', NULL, 'กชกร', NULL, 'พรมมา', NULL, NULL, NULL, 'f', NULL, NULL, NULL, NULL, NULL, NULL, NULL, NULL, NULL, NULL, NULL, NULL, NULL, NULL, 1, NULL, NULL, NULL, '', NULL, NULL, NULL, NULL, NULL, NULL, NULL, NULL, NULL, NULL, NULL, NULL, NULL, NULL, NULL, NULL, NULL, NULL, NULL, NULL, NULL, NULL, NULL, NULL, NULL, NULL, NULL, NULL, NULL, NULL, NULL, NULL, NULL, NULL, NULL, NULL, NULL, NULL, NULL, NULL, NULL, NULL, NULL, NULL, NULL, NULL, NULL, 1, 0, NULL, NULL, NULL, NULL, NULL, NULL, NULL, NULL, NULL, NULL, 0, 0, '1'),
(NULL, '64009', NULL, NULL, '64009', NULL, 'พีระดล', NULL, 'โมตาลี', NULL, NULL, NULL, 'm', NULL, NULL, NULL, NULL, NULL, NULL, NULL, NULL, NULL, NULL, NULL, NULL, NULL, NULL, 1, NULL, NULL, NULL, '', NULL, NULL, NULL, NULL, NULL, NULL, NULL, NULL, NULL, NULL, NULL, NULL, NULL, NULL, NULL, NULL, NULL, NULL, NULL, NULL, NULL, NULL, NULL, NULL, NULL, NULL, NULL, NULL, NULL, NULL, NULL, NULL, NULL, NULL, NULL, NULL, NULL, NULL, NULL, NULL, NULL, NULL, NULL, NULL, NULL, NULL, NULL, 1, 0, NULL, NULL, NULL, NULL, NULL, NULL, NULL, NULL, NULL, NULL, 0, 0, '1'),
(NULL, '64010', NULL, NULL, '64010', NULL, 'อรวรรณ ', NULL, 'ธรรมมา', NULL, NULL, NULL, 'f', NULL, NULL, NULL, NULL, NULL, NULL, NULL, NULL, NULL, NULL, NULL, NULL, NULL, NULL, 1, NULL, NULL, NULL, '', NULL, NULL, NULL, NULL, NULL, NULL, NULL, NULL, NULL, NULL, NULL, NULL, NULL, NULL, NULL, NULL, NULL, NULL, NULL, NULL, NULL, NULL, NULL, NULL, NULL, NULL, NULL, NULL, NULL, NULL, NULL, NULL, NULL, NULL, NULL, NULL, NULL, NULL, NULL, NULL, NULL, NULL, NULL, NULL, NULL, NULL, NULL, 1, 0, NULL, NULL, NULL, NULL, NULL, NULL, NULL, NULL, NULL, NULL, 0, 0, '1'),
(NULL, '64011', NULL, NULL, '64011', NULL, 'ภาณุพงค์', NULL, 'ตันเสียง', NULL, NULL, NULL, 'm', NULL, NULL, NULL, NULL, NULL, NULL, NULL, NULL, NULL, NULL, NULL, NULL, NULL, NULL, 1, NULL, NULL, NULL, '', NULL, NULL, NULL, NULL, NULL, NULL, NULL, NULL, NULL, NULL, NULL, NULL, NULL, NULL, NULL, NULL, NULL, NULL, NULL, NULL, NULL, NULL, NULL, NULL, NULL, NULL, NULL, NULL, NULL, NULL, NULL, NULL, NULL, NULL, NULL, NULL, NULL, NULL, NULL, NULL, NULL, NULL, NULL, NULL, NULL, NULL, NULL, 1, 0, NULL, NULL, NULL, NULL, NULL, NULL, NULL, NULL, NULL, NULL, 0, 0, '1'),
(NULL, '64013', NULL, NULL, '64013', NULL, 'วนาวรรณ', NULL, 'ตะริโย', NULL, NULL, NULL, 'f', NULL, NULL, NULL, NULL, NULL, NULL, NULL, NULL, NULL, NULL, NULL, NULL, NULL, NULL, 1, NULL, NULL, NULL, '', NULL, NULL, NULL, NULL, NULL, NULL, NULL, NULL, NULL, NULL, NULL, NULL, NULL, NULL, NULL, NULL, NULL, NULL, NULL, NULL, NULL, NULL, NULL, NULL, NULL, NULL, NULL, NULL, NULL, NULL, NULL, NULL, NULL, NULL, NULL, NULL, NULL, NULL, NULL, NULL, NULL, NULL, NULL, NULL, NULL, NULL, NULL, 1, 0, NULL, NULL, NULL, NULL, NULL, NULL, NULL, NULL, NULL, NULL, 0, 0, '1'),
(NULL, '64014', NULL, NULL, '64014', NULL, 'กนกวรรณ', NULL, 'ด่านบางภูมิ', NULL, NULL, NULL, 'f', NULL, NULL, NULL, NULL, NULL, NULL, NULL, NULL, NULL, NULL, NULL, NULL, NULL, NULL, 1, NULL, NULL, NULL, '', NULL, NULL, NULL, NULL, NULL, NULL, NULL, NULL, NULL, NULL, NULL, NULL, NULL, NULL, NULL, NULL, NULL, NULL, NULL, NULL, NULL, NULL, NULL, NULL, NULL, NULL, NULL, NULL, NULL, NULL, NULL, NULL, NULL, NULL, NULL, NULL, NULL, NULL, NULL, NULL, NULL, NULL, NULL, NULL, NULL, NULL, NULL, 1, 0, NULL, NULL, NULL, NULL, NULL, NULL, NULL, NULL, NULL, NULL, 0, 0, '1'),
(NULL, '64015', NULL, NULL, '64015', NULL, 'ลลิตา', NULL, 'ศรีดวงอินทร์', NULL, NULL, NULL, 'f', NULL, NULL, NULL, NULL, NULL, NULL, NULL, NULL, NULL, NULL, NULL, NULL, NULL, NULL, 1, NULL, NULL, NULL, '', NULL, NULL, NULL, NULL, NULL, NULL, NULL, NULL, NULL, NULL, NULL, NULL, NULL, NULL, NULL, NULL, NULL, NULL, NULL, NULL, NULL, NULL, NULL, NULL, NULL, NULL, NULL, NULL, NULL, NULL, NULL, NULL, NULL, NULL, NULL, NULL, NULL, NULL, NULL, NULL, NULL, NULL, NULL, NULL, NULL, NULL, NULL, 1, 0, NULL, NULL, NULL, NULL, NULL, NULL, NULL, NULL, NULL, NULL, 0, 0, '1'),
(NULL, '64016', NULL, NULL, '64016', NULL, 'นิรันทร์', NULL, 'นิพัธนันท์', NULL, NULL, NULL, 'm', NULL, NULL, NULL, NULL, NULL, NULL, NULL, NULL, NULL, NULL, NULL, NULL, NULL, NULL, 1, NULL, NULL, NULL, '', NULL, NULL, NULL, NULL, NULL, NULL, NULL, NULL, NULL, NULL, NULL, NULL, NULL, NULL, NULL, NULL, NULL, NULL, NULL, NULL, NULL, NULL, NULL, NULL, NULL, NULL, NULL, NULL, NULL, NULL, NULL, NULL, NULL, NULL, NULL, NULL, NULL, NULL, NULL, NULL, NULL, NULL, NULL, NULL, NULL, NULL, NULL, 1, 0, NULL, NULL, NULL, NULL, NULL, NULL, NULL, NULL, NULL, NULL, 0, 0, '1'),
(NULL, '64017', NULL, NULL, '64017', NULL, 'ศิวานันท์', NULL, 'ไชยยา', NULL, NULL, NULL, 'f', NULL, NULL, NULL, NULL, NULL, NULL, NULL, NULL, NULL, NULL, NULL, NULL, NULL, NULL, 1, NULL, NULL, NULL, '', NULL, NULL, NULL, NULL, NULL, NULL, NULL, NULL, NULL, NULL, NULL, NULL, NULL, NULL, NULL, NULL, NULL, NULL, NULL, NULL, NULL, NULL, NULL, NULL, NULL, NULL, NULL, NULL, NULL, NULL, NULL, NULL, NULL, NULL, NULL, NULL, NULL, NULL, NULL, NULL, NULL, NULL, NULL, NULL, NULL, NULL, NULL, 1, 0, NULL, NULL, NULL, NULL, NULL, NULL, NULL, NULL, NULL, NULL, 0, 0, '1'),
(NULL, '64018', NULL, NULL, '64018', NULL, 'ภากร', NULL, 'ไทยานันท์', NULL, NULL, NULL, 'm', NULL, NULL, NULL, NULL, NULL, NULL, NULL, NULL, NULL, NULL, NULL, NULL, NULL, NULL, 1, NULL, NULL, NULL, '', NULL, NULL, NULL, NULL, NULL, NULL, NULL, NULL, NULL, NULL, NULL, NULL, NULL, NULL, NULL, NULL, NULL, NULL, NULL, NULL, NULL, NULL, NULL, NULL, NULL, NULL, NULL, NULL, NULL, NULL, NULL, NULL, NULL, NULL, NULL, NULL, NULL, NULL, NULL, NULL, NULL, NULL, NULL, NULL, NULL, NULL, NULL, 1, 0, NULL, NULL, NULL, NULL, NULL, NULL, NULL, NULL, NULL, NULL, 0, 0, '1'),
(NULL, '64019', NULL, NULL, '64019', NULL, 'สุภามาศ', NULL, 'เครือวรรณ', NULL, NULL, NULL, 'f', NULL, NULL, NULL, NULL, NULL, NULL, NULL, NULL, NULL, NULL, NULL, NULL, NULL, NULL, 1, NULL, NULL, NULL, '', NULL, NULL, NULL, NULL, NULL, NULL, NULL, NULL, NULL, NULL, NULL, NULL, NULL, NULL, NULL, NULL, NULL, NULL, NULL, NULL, NULL, NULL, NULL, NULL, NULL, NULL, NULL, NULL, NULL, NULL, NULL, NULL, NULL, NULL, NULL, NULL, NULL, NULL, NULL, NULL, NULL, NULL, NULL, NULL, NULL, NULL, NULL, 1, 0, NULL, NULL, NULL, NULL, NULL, NULL, NULL, NULL, NULL, NULL, 0, 0, '1'),
(NULL, '64020', NULL, NULL, '64020', NULL, 'ณัฐนารี', NULL, 'มินทะขัติ', NULL, NULL, NULL, 'f', NULL, NULL, NULL, NULL, NULL, NULL, NULL, NULL, NULL, NULL, NULL, NULL, NULL, NULL, 1, NULL, NULL, NULL, '', NULL, NULL, NULL, NULL, NULL, NULL, NULL, NULL, NULL, NULL, NULL, NULL, NULL, NULL, NULL, NULL, NULL, NULL, NULL, NULL, NULL, NULL, NULL, NULL, NULL, NULL, NULL, NULL, NULL, NULL, NULL, NULL, NULL, NULL, NULL, NULL, NULL, NULL, NULL, NULL, NULL, NULL, NULL, NULL, NULL, NULL, NULL, 1, 0, NULL, NULL, NULL, NULL, NULL, NULL, NULL, NULL, NULL, NULL, 0, 0, '1'),
(NULL, 'arintaya', NULL, NULL, 'arintaya', NULL, 'อรินทยา', NULL, 'พรหมินธิกุล', NULL, NULL, NULL, 'f', NULL, NULL, NULL, NULL, NULL, NULL, NULL, NULL, NULL, NULL, NULL, NULL, NULL, NULL, 1, NULL, NULL, NULL, '', NULL, NULL, NULL, NULL, NULL, NULL, NULL, NULL, NULL, NULL, NULL, NULL, NULL, NULL, NULL, NULL, NULL, NULL, NULL, NULL, NULL, NULL, NULL, NULL, NULL, NULL, NULL, NULL, NULL, NULL, NULL, NULL, NULL, NULL, NULL, NULL, NULL, NULL, NULL, NULL, NULL, NULL, NULL, NULL, NULL, NULL, NULL, 1, 0, NULL, NULL, NULL, NULL, NULL, NULL, NULL, NULL, NULL, NULL, 0, 0, '1'),
(NULL, '64021', NULL, NULL, '64021', NULL, 'ปราณปริยา', NULL, 'ตาแก้ว', NULL, NULL, NULL, 'f', NULL, NULL, NULL, NULL, NULL, NULL, NULL, NULL, NULL, NULL, NULL, NULL, NULL, NULL, 1, NULL, NULL, NULL, '', NULL, NULL, NULL, NULL, NULL, NULL, NULL, NULL, NULL, NULL, NULL, NULL, NULL, NULL, NULL, NULL, NULL, NULL, NULL, NULL, NULL, NULL, NULL, NULL, NULL, NULL, NULL, NULL, NULL, NULL, NULL, NULL, NULL, NULL, NULL, NULL, NULL, NULL, NULL, NULL, NULL, NULL, NULL, NULL, NULL, NULL, NULL, 1, 0, NULL, NULL, NULL, NULL, NULL, NULL, NULL, NULL, NULL, NULL, 0, 0, '1'),
(NULL, '64022', NULL, NULL, '64022', NULL, 'จำรัส', NULL, 'ปัญญรัตภูวดล', NULL, NULL, NULL, 'm', NULL, NULL, NULL, NULL, NULL, NULL, NULL, NULL, NULL, NULL, NULL, NULL, NULL, NULL, 1, NULL, NULL, NULL, '', NULL, NULL, NULL, NULL, NULL, NULL, NULL, NULL, NULL, NULL, NULL, NULL, NULL, NULL, NULL, NULL, NULL, NULL, NULL, NULL, NULL, NULL, NULL, NULL, NULL, NULL, NULL, NULL, NULL, NULL, NULL, NULL, NULL, NULL, NULL, NULL, NULL, NULL, NULL, NULL, NULL, NULL, NULL, NULL, NULL, NULL, NULL, 1, 0, NULL, NULL, NULL, NULL, NULL, NULL, NULL, NULL, NULL, NULL, 0, 0, '1'),
(NULL, '64023', NULL, NULL, '64023', NULL, 'ชญานนท์', NULL, 'เขื่อนปัญญา', NULL, NULL, NULL, 'm', NULL, NULL, NULL, NULL, NULL, NULL, NULL, NULL, NULL, NULL, NULL, NULL, NULL, NULL, 1, NULL, NULL, NULL, '', NULL, NULL, NULL, NULL, NULL, NULL, NULL, NULL, NULL, NULL, NULL, NULL, NULL, NULL, NULL, NULL, NULL, NULL, NULL, NULL, NULL, NULL, NULL, NULL, NULL, NULL, NULL, NULL, NULL, NULL, NULL, NULL, NULL, NULL, NULL, NULL, NULL, NULL, NULL, NULL, NULL, NULL, NULL, NULL, NULL, NULL, NULL, 1, 0, NULL, NULL, NULL, NULL, NULL, NULL, NULL, NULL, NULL, NULL, 0, 0, '1'),
(NULL, '64024', NULL, NULL, '64024', NULL, 'โอภาส', NULL, 'คอแอะ', NULL, NULL, NULL, 'm', NULL, NULL, NULL, NULL, NULL, NULL, NULL, NULL, NULL, NULL, NULL, NULL, NULL, NULL, 1, NULL, NULL, NULL, '', NULL, NULL, NULL, NULL, NULL, NULL, NULL, NULL, NULL, NULL, NULL, NULL, NULL, NULL, NULL, NULL, NULL, NULL, NULL, NULL, NULL, NULL, NULL, NULL, NULL, NULL, NULL, NULL, NULL, NULL, NULL, NULL, NULL, NULL, NULL, NULL, NULL, NULL, NULL, NULL, NULL, NULL, NULL, NULL, NULL, NULL, NULL, 1, 0, NULL, NULL, NULL, NULL, NULL, NULL, NULL, NULL, NULL, NULL, 0, 0, '1'),
(NULL, '64025', NULL, NULL, '64025', NULL, 'ญาณะวรุตม์', NULL, 'ศิริโชติภูวดล', NULL, NULL, NULL, 'm', NULL, NULL, NULL, NULL, NULL, NULL, NULL, NULL, NULL, NULL, NULL, NULL, NULL, NULL, 1, NULL, NULL, NULL, '', NULL, NULL, NULL, NULL, NULL, NULL, NULL, NULL, NULL, NULL, NULL, NULL, NULL, NULL, NULL, NULL, NULL, NULL, NULL, NULL, NULL, NULL, NULL, NULL, NULL, NULL, NULL, NULL, NULL, NULL, NULL, NULL, NULL, NULL, NULL, NULL, NULL, NULL, NULL, NULL, NULL, NULL, NULL, NULL, NULL, NULL, NULL, 1, 0, NULL, NULL, NULL, NULL, NULL, NULL, NULL, NULL, NULL, NULL, 0, 0, '1'),
(NULL, '64026', NULL, NULL, '64026', NULL, 'ปพิชญา', NULL, 'วงค์ดาว', NULL, NULL, NULL, 'f', NULL, NULL, NULL, NULL, NULL, NULL, NULL, NULL, NULL, NULL, NULL, NULL, NULL, NULL, 1, NULL, NULL, NULL, '', NULL, NULL, NULL, NULL, NULL, NULL, NULL, NULL, NULL, NULL, NULL, NULL, NULL, NULL, NULL, NULL, NULL, NULL, NULL, NULL, NULL, NULL, NULL, NULL, NULL, NULL, NULL, NULL, NULL, NULL, NULL, NULL, NULL, NULL, NULL, NULL, NULL, NULL, NULL, NULL, NULL, NULL, NULL, NULL, NULL, NULL, NULL, 1, 0, NULL, NULL, NULL, NULL, NULL, NULL, NULL, NULL, NULL, NULL, 0, 0, '1'),
(NULL, '64027', NULL, NULL, '64027', NULL, 'อธิวัฒน์', NULL, 'ดุลิกานนท์', NULL, NULL, NULL, 'm', NULL, NULL, NULL, NULL, NULL, NULL, NULL, NULL, NULL, NULL, NULL, NULL, NULL, NULL, 1, NULL, NULL, NULL, '', NULL, NULL, NULL, NULL, NULL, NULL, NULL, NULL, NULL, NULL, NULL, NULL, NULL, NULL, NULL, NULL, NULL, NULL, NULL, NULL, NULL, NULL, NULL, NULL, NULL, NULL, NULL, NULL, NULL, NULL, NULL, NULL, NULL, NULL, NULL, NULL, NULL, NULL, NULL, NULL, NULL, NULL, NULL, NULL, NULL, NULL, NULL, 1, 0, NULL, NULL, NULL, NULL, NULL, NULL, NULL, NULL, NULL, NULL, 0, 0, '1'),
(NULL, '64028', NULL, NULL, '64028', NULL, 'กัญวรา  ', NULL, 'ผันผาย', NULL, NULL, NULL, 'f', NULL, NULL, NULL, NULL, NULL, NULL, NULL, NULL, NULL, NULL, NULL, NULL, NULL, NULL, 1, NULL, NULL, NULL, '', NULL, NULL, NULL, NULL, NULL, NULL, NULL, NULL, NULL, NULL, NULL, NULL, NULL, NULL, NULL, NULL, NULL, NULL, NULL, NULL, NULL, NULL, NULL, NULL, NULL, NULL, NULL, NULL, NULL, NULL, NULL, NULL, NULL, NULL, NULL, NULL, NULL, NULL, NULL, NULL, NULL, NULL, NULL, NULL, NULL, NULL, NULL, 1, 0, NULL, NULL, NULL, NULL, NULL, NULL, NULL, NULL, NULL, NULL, 0, 0, '1'),
(NULL, '64029', NULL, NULL, '64029', NULL, 'สมพร', NULL, 'บุญปราบ', NULL, NULL, NULL, 'm', NULL, NULL, NULL, NULL, NULL, NULL, NULL, NULL, NULL, NULL, NULL, NULL, NULL, NULL, 1, NULL, NULL, NULL, '', NULL, NULL, NULL, NULL, NULL, NULL, NULL, NULL, NULL, NULL, NULL, NULL, NULL, NULL, NULL, NULL, NULL, NULL, NULL, NULL, NULL, NULL, NULL, NULL, NULL, NULL, NULL, NULL, NULL, NULL, NULL, NULL, NULL, NULL, NULL, NULL, NULL, NULL, NULL, NULL, NULL, NULL, NULL, NULL, NULL, NULL, NULL, 1, 0, NULL, NULL, NULL, NULL, NULL, NULL, NULL, NULL, NULL, NULL, 0, 0, '1'),
(NULL, '64030', NULL, NULL, '64030', NULL, 'ณัฐชยา  ', NULL, 'ปรีชาบุญนนท์', NULL, NULL, NULL, 'f', NULL, NULL, NULL, NULL, NULL, NULL, NULL, NULL, NULL, NULL, NULL, NULL, NULL, NULL, 1, NULL, NULL, NULL, '', NULL, NULL, NULL, NULL, NULL, NULL, NULL, NULL, NULL, NULL, NULL, NULL, NULL, NULL, NULL, NULL, NULL, NULL, NULL, NULL, NULL, NULL, NULL, NULL, NULL, NULL, NULL, NULL, NULL, NULL, NULL, NULL, NULL, NULL, NULL, NULL, NULL, NULL, NULL, NULL, NULL, NULL, NULL, NULL, NULL, NULL, NULL, 1, 0, NULL, NULL, NULL, NULL, NULL, NULL, NULL, NULL, NULL, NULL, 0, 0, '1'),
(NULL, '64031', NULL, NULL, '64031', NULL, 'จิราพรรณ', NULL, 'ทำชาวนา', NULL, NULL, NULL, 'f', NULL, NULL, NULL, NULL, NULL, NULL, NULL, NULL, NULL, NULL, NULL, NULL, NULL, NULL, 1, NULL, NULL, NULL, '', NULL, NULL, NULL, NULL, NULL, NULL, NULL, NULL, NULL, NULL, NULL, NULL, NULL, NULL, NULL, NULL, NULL, NULL, NULL, NULL, NULL, NULL, NULL, NULL, NULL, NULL, NULL, NULL, NULL, NULL, NULL, NULL, NULL, NULL, NULL, NULL, NULL, NULL, NULL, NULL, NULL, NULL, NULL, NULL, NULL, NULL, NULL, 1, 0, NULL, NULL, NULL, NULL, NULL, NULL, NULL, NULL, NULL, NULL, 0, 0, '1'),
(NULL, '63015', NULL, NULL, '63015', NULL, 'พิชชาวีร์', NULL, 'โอบอ้อม', NULL, NULL, NULL, 'f', NULL, NULL, NULL, NULL, NULL, NULL, NULL, NULL, NULL, NULL, NULL, NULL, NULL, NULL, 1, NULL, NULL, NULL, '', NULL, NULL, NULL, NULL, NULL, NULL, NULL, NULL, NULL, NULL, NULL, NULL, NULL, NULL, NULL, NULL, NULL, NULL, NULL, NULL, NULL, NULL, NULL, NULL, NULL, NULL, NULL, NULL, NULL, NULL, NULL, NULL, NULL, NULL, NULL, NULL, NULL, NULL, NULL, NULL, NULL, NULL, NULL, NULL, NULL, NULL, NULL, 1, 0, NULL, NULL, NULL, NULL, NULL, NULL, NULL, NULL, NULL, NULL, 0, 0, '1'),
(NULL, '64034', NULL, NULL, '64034', NULL, 'วรัญญู', NULL, 'อารีย์', NULL, NULL, NULL, 'm', NULL, NULL, NULL, NULL, NULL, NULL, NULL, NULL, NULL, NULL, NULL, NULL, NULL, NULL, 1, NULL, NULL, NULL, '', NULL, NULL, NULL, NULL, NULL, NULL, NULL, NULL, NULL, NULL, NULL, NULL, NULL, NULL, NULL, NULL, NULL, NULL, NULL, NULL, NULL, NULL, NULL, NULL, NULL, NULL, NULL, NULL, NULL, NULL, NULL, NULL, NULL, NULL, NULL, NULL, NULL, NULL, NULL, NULL, NULL, NULL, NULL, NULL, NULL, NULL, NULL, 1, 0, NULL, NULL, NULL, NULL, NULL, NULL, NULL, NULL, NULL, NULL, 0, 0, '1'),
(NULL, '64032', NULL, NULL, '64032', NULL, 'สุภัทสร', NULL, 'ซามาตย์', NULL, NULL, NULL, 'f', NULL, NULL, NULL, NULL, NULL, NULL, NULL, NULL, NULL, NULL, NULL, NULL, NULL, NULL, 1, NULL, NULL, NULL, '', NULL, NULL, NULL, NULL, NULL, NULL, NULL, NULL, NULL, NULL, NULL, NULL, NULL, NULL, NULL, NULL, NULL, NULL, NULL, NULL, NULL, NULL, NULL, NULL, NULL, NULL, NULL, NULL, NULL, NULL, NULL, NULL, NULL, NULL, NULL, NULL, NULL, NULL, NULL, NULL, NULL, NULL, NULL, NULL, NULL, NULL, NULL, 1, 0, NULL, NULL, NULL, NULL, NULL, NULL, NULL, NULL, NULL, NULL, 0, 0, '1'),
(NULL, '64033', NULL, NULL, '64033', NULL, 'อาภรณ์', NULL, 'บุตรจุมปา', NULL, NULL, NULL, 'f', NULL, NULL, NULL, NULL, NULL, NULL, NULL, NULL, NULL, NULL, NULL, NULL, NULL, NULL, 1, NULL, NULL, NULL, '', NULL, NULL, NULL, NULL, NULL, NULL, NULL, NULL, NULL, NULL, NULL, NULL, NULL, NULL, NULL, NULL, NULL, NULL, NULL, NULL, NULL, NULL, NULL, NULL, NULL, NULL, NULL, NULL, NULL, NULL, NULL, NULL, NULL, NULL, NULL, NULL, NULL, NULL, NULL, NULL, NULL, NULL, NULL, NULL, NULL, NULL, NULL, 1, 0, NULL, NULL, NULL, NULL, NULL, NULL, NULL, NULL, NULL, NULL, 0, 0, '1'),
(NULL, '64035', NULL, NULL, '64035', NULL, 'สินทการณ์', NULL, 'วนาพันธ์', NULL, NULL, NULL, 'm', NULL, NULL, NULL, NULL, NULL, NULL, NULL, NULL, NULL, NULL, NULL, NULL, NULL, NULL, 1, NULL, NULL, NULL, '', NULL, NULL, NULL, NULL, NULL, NULL, NULL, NULL, NULL, NULL, NULL, NULL, NULL, NULL, NULL, NULL, NULL, NULL, NULL, NULL, NULL, NULL, NULL, NULL, NULL, NULL, NULL, NULL, NULL, NULL, NULL, NULL, NULL, NULL, NULL, NULL, NULL, NULL, NULL, NULL, NULL, NULL, NULL, NULL, NULL, NULL, NULL, 1, 0, NULL, NULL, NULL, NULL, NULL, NULL, NULL, NULL, NULL, NULL, 0, 0, '1'),
(NULL, '64036', NULL, NULL, '64036', NULL, 'พรชนก', NULL, 'สงค์ศาสตร์', NULL, NULL, NULL, 'f', NULL, NULL, NULL, NULL, NULL, NULL, NULL, NULL, NULL, NULL, NULL, NULL, NULL, NULL, 1, NULL, NULL, NULL, '', NULL, NULL, NULL, NULL, NULL, NULL, NULL, NULL, NULL, NULL, NULL, NULL, NULL, NULL, NULL, NULL, NULL, NULL, NULL, NULL, NULL, NULL, NULL, NULL, NULL, NULL, NULL, NULL, NULL, NULL, NULL, NULL, NULL, NULL, NULL, NULL, NULL, NULL, NULL, NULL, NULL, NULL, NULL, NULL, NULL, NULL, NULL, 1, 0, NULL, NULL, NULL, NULL, NULL, NULL, NULL, NULL, NULL, NULL, 0, 0, '1'),
(NULL, '64037', NULL, NULL, '64037', NULL, 'ศุพรทิพย์', NULL, 'หินทอง', NULL, NULL, NULL, 'f', NULL, NULL, NULL, NULL, NULL, NULL, NULL, NULL, NULL, NULL, NULL, NULL, NULL, NULL, 1, NULL, NULL, NULL, '', NULL, NULL, NULL, NULL, NULL, NULL, NULL, NULL, NULL, NULL, NULL, NULL, NULL, NULL, NULL, NULL, NULL, NULL, NULL, NULL, NULL, NULL, NULL, NULL, NULL, NULL, NULL, NULL, NULL, NULL, NULL, NULL, NULL, NULL, NULL, NULL, NULL, NULL, NULL, NULL, NULL, NULL, NULL, NULL, NULL, NULL, NULL, 1, 0, NULL, NULL, NULL, NULL, NULL, NULL, NULL, NULL, NULL, NULL, 0, 0, '1'),
(NULL, '64041', NULL, NULL, '64041', NULL, 'ศุภมงคล', NULL, 'ช่างกล่อม', NULL, NULL, NULL, 'm', NULL, NULL, NULL, NULL, NULL, NULL, NULL, NULL, NULL, NULL, NULL, NULL, NULL, NULL, 1, NULL, NULL, NULL, '', NULL, NULL, NULL, NULL, NULL, NULL, NULL, NULL, NULL, NULL, NULL, NULL, NULL, NULL, NULL, NULL, NULL, NULL, NULL, NULL, NULL, NULL, NULL, NULL, NULL, NULL, NULL, NULL, NULL, NULL, NULL, NULL, NULL, NULL, NULL, NULL, NULL, NULL, NULL, NULL, NULL, NULL, NULL, NULL, NULL, NULL, NULL, 1, 0, NULL, NULL, NULL, NULL, NULL, NULL, NULL, NULL, NULL, NULL, 0, 0, '1'),
(NULL, '64042', NULL, NULL, '64042', NULL, 'ศุภณัฐ', NULL, 'ศรีวิชัย', NULL, NULL, NULL, 'm', NULL, NULL, NULL, NULL, NULL, NULL, NULL, NULL, NULL, NULL, NULL, NULL, NULL, NULL, 1, NULL, NULL, NULL, '', NULL, NULL, NULL, NULL, NULL, NULL, NULL, NULL, NULL, NULL, NULL, NULL, NULL, NULL, NULL, NULL, NULL, NULL, NULL, NULL, NULL, NULL, NULL, NULL, NULL, NULL, NULL, NULL, NULL, NULL, NULL, NULL, NULL, NULL, NULL, NULL, NULL, NULL, NULL, NULL, NULL, NULL, NULL, NULL, NULL, NULL, NULL, 1, 0, NULL, NULL, NULL, NULL, NULL, NULL, NULL, NULL, NULL, NULL, 0, 0, '1'),
(NULL, '64038', NULL, NULL, '64038', NULL, 'สุปรียา ', NULL, 'เพียรทอง', NULL, NULL, NULL, 'f', NULL, NULL, NULL, NULL, NULL, NULL, NULL, NULL, NULL, NULL, NULL, NULL, NULL, NULL, 1, NULL, NULL, NULL, '', NULL, NULL, NULL, NULL, NULL, NULL, NULL, NULL, NULL, NULL, NULL, NULL, NULL, NULL, NULL, NULL, NULL, NULL, NULL, NULL, NULL, NULL, NULL, NULL, NULL, NULL, NULL, NULL, NULL, NULL, NULL, NULL, NULL, NULL, NULL, NULL, NULL, NULL, NULL, NULL, NULL, NULL, NULL, NULL, NULL, NULL, NULL, 1, 0, NULL, NULL, NULL, NULL, NULL, NULL, NULL, NULL, NULL, NULL, 0, 0, '1'),
(NULL, '64039', NULL, NULL, '64039', NULL, 'วิชุดา ', NULL, 'มัชชะ', NULL, NULL, NULL, 'f', NULL, NULL, NULL, NULL, NULL, NULL, NULL, NULL, NULL, NULL, NULL, NULL, NULL, NULL, 1, NULL, NULL, NULL, '', NULL, NULL, NULL, NULL, NULL, NULL, NULL, NULL, NULL, NULL, NULL, NULL, NULL, NULL, NULL, NULL, NULL, NULL, NULL, NULL, NULL, NULL, NULL, NULL, NULL, NULL, NULL, NULL, NULL, NULL, NULL, NULL, NULL, NULL, NULL, NULL, NULL, NULL, NULL, NULL, NULL, NULL, NULL, NULL, NULL, NULL, NULL, 1, 0, NULL, NULL, NULL, NULL, NULL, NULL, NULL, NULL, NULL, NULL, 0, 0, '1'),
(NULL, '64040', NULL, NULL, '64040', NULL, 'ชติณัณ', NULL, 'วรรณชัย', NULL, NULL, NULL, 'f', NULL, NULL, NULL, NULL, NULL, NULL, NULL, NULL, NULL, NULL, NULL, NULL, NULL, NULL, 1, NULL, NULL, NULL, '', NULL, NULL, NULL, NULL, NULL, NULL, NULL, NULL, NULL, NULL, NULL, NULL, NULL, NULL, NULL, NULL, NULL, NULL, NULL, NULL, NULL, NULL, NULL, NULL, NULL, NULL, NULL, NULL, NULL, NULL, NULL, NULL, NULL, NULL, NULL, NULL, NULL, NULL, NULL, NULL, NULL, NULL, NULL, NULL, NULL, NULL, NULL, 1, 0, NULL, NULL, NULL, NULL, NULL, NULL, NULL, NULL, NULL, NULL, 0, 0, '1');

-- --------------------------------------------------------

--
-- Table structure for table `tb_position`
--

CREATE TABLE `tb_position` (
  `position_code` char(255) NOT NULL DEFAULT '',
  `position_code1` varchar(255) DEFAULT NULL,
  `position_name` char(255) DEFAULT NULL,
  `position_nameAB` char(255) DEFAULT NULL,
  `position_name1` char(255) DEFAULT NULL,
  `pp_code` char(255) DEFAULT NULL
) ENGINE=MyISAM DEFAULT CHARSET=tis620;

--
-- Dumping data for table `tb_position`
--

INSERT INTO `tb_position` (`position_code`, `position_code1`, `position_name`, `position_nameAB`, `position_name1`, `pp_code`) VALUES
('00', '00', NULL, NULL, NULL, NULL),
('43', '43', 'พนักงานธุรการ', NULL, 'พนักงานธุรการ', NULL),
('47', '47', 'พนักงานบริการทั่วไป(คนงาน)', NULL, 'พนักงานบริการทั่วไป(คนงาน)', NULL),
('44', '44', 'ช่างเขียนแบบ', NULL, 'ช่างเขียนแบบ', NULL),
('55', '55', 'เภสัชกร', '', 'เภสัชกร', ''),
('56', '56', 'พนักงานบัญชี', NULL, 'พนักงานบัญชี', NULL),
('57', '57', 'พนักงานผู้ช่วยทางการแพทย์', NULL, 'พนักงานผู้ช่วยทางการแพทย์', NULL),
('58', '58', 'แพทย์จีน', NULL, 'แพทย์จีน', NULL),
('59', '59', 'นักฟิสิกส์การแพทย์', NULL, 'นักฟิสิกส์การแพทย์', NULL),
('60', '60', 'ผู้จัดการ (LASIK)', NULL, 'ผู้จัดการ (LASIK)', NULL),
('61', '61', 'พนักงานการเงิน', NULL, 'พนักงานการเงิน', NULL),
('62', '62', 'นักเคมีรังสี', NULL, 'นักเคมีรังสี', NULL),
('63', '63', 'นักเภสัชรังสี', NULL, 'นักเภสัชรังสี', NULL),
('64', '64', 'นักรังสีการแพทย์', NULL, 'นักรังสีการแพทย์', NULL),
('65', '65', 'แพทย์', NULL, 'แพทย์', NULL),
('66', '66', 'พนักงานเวชระเบียน', NULL, 'พนักงานเวชระเบียน', NULL),
('67', '67', 'พนักงานบริหารงานทั่วไป', NULL, 'พนักงานบริหารงานทั่วไป', NULL),
('68', '68', 'พนักงานเก็บเงิน', NULL, 'พนักงานเก็บเงิน', NULL),
('69', '69', 'แพทย์แผนไทยประยุกต์', NULL, 'แพทย์แผนไทยประยุกต์', NULL),
('70', '70', 'ช่างไฟฟ้า', NULL, 'ช่างไฟฟ้า', NULL),
('71', '71', 'พนักงานเปล', NULL, 'พนักงานเปล', NULL),
('72', '72', 'พนักงานผู้ช่วยเภสัชกร', NULL, 'พนักงานผู้ช่วยเภสัชกร', NULL),
('73', '73', 'นักเทคนิคการแพทย์', NULL, 'นักเทคนิคการแพทย์', NULL),
('74', '74', 'นักกายภาพบำบัด', NULL, 'นักกายภาพบำบัด', NULL),
('75', '75', 'พนักงานขับรถยนต์', NULL, 'พนักงานขับรถยนต์', NULL),
('76', '76', 'พนักงานผู้ช่วยทางการแพทย์', NULL, 'พนักงานผู้ช่วยทางการแพทย์', NULL),
('77', '77', 'นักวิชาการคอมพิวเตอร์', NULL, 'นักวิชาการคอมพิวเตอร์', NULL),
('78', '78', 'นักกิจกรรมบำบัด', NULL, 'นักกิจกรรมบำบัด', NULL),
('79', '79', 'พนักงานโภชนาการ', NULL, 'พนักงานโภชนาการ', NULL),
('80', '80', 'นักโภชนาการ', NULL, 'นักโภชนาการ', NULL),
('81', '81', 'พนักงานเปล', NULL, 'พนักงานเปล', NULL),
('82', '82', 'พนักงานเครื่องคอมพิวเตอร์', NULL, 'พนักงานเครื่องคอมพิวเตอร์', NULL),
('83', '83', 'พนักงานประชาสัมพันธ์', NULL, 'พนักงานประชาสัมพันธ์', NULL),
('84', '84', 'พนักงานธุรการ (พัสดุ)', NULL, 'พนักงานธุรการ (พัสดุ)', NULL),
('85', '85', 'พนักงานกายภาพบำบัด', NULL, 'พนักงานกายภาพบำบัด', NULL),
('86', '86', 'พนักงานการตลาด', NULL, 'พนักงานการตลาด', NULL),
('87', '87', 'เจ้าหน้าที่ตรวจการนอนหลับ', NULL, 'เจ้าหน้าที่ตรวจการนอนหลับ', NULL),
('88', '88', 'วิศวกรระบบเครือข่าย', NULL, 'วิศวกรระบบเครือข่าย', NULL),
('89', '89', 'พยาบาล', NULL, 'พยาบาล', NULL),
('90', '90', 'พนักงานบริหารงานทั่วไป (บุคคล)', NULL, 'พนักงานบริหารงานทั่วไป (บุคคล)', NULL),
('91', '91', 'เจ้าหน้าที่การเงินและบัญชี', NULL, 'เจ้าหน้าที่การเงินและบัญชี', NULL),
('92', '92', 'พนักงานต้อนรับ', NULL, 'พนักงานต้อนรับ', NULL),
('93', '93', 'ผู้จัดการ (TTCM)', NULL, 'ผู้จัดการ (TTCM)', NULL),
('94', '94', 'พนักงานธุรการ (กายภาพบำบัด)', NULL, 'พนักงานธุรการ (กายภาพบำบัด)', NULL),
('95', '95', 'พนักงานผู้ช่วยทางการแพทย์ (กายภาพบำบัด)', NULL, 'พนักงานผู้ช่วยทางการแพทย์ (กายภาพบำบัด)', NULL),
('96', '96', 'พนักงานโภชนาการ (กุ๊ก)', NULL, 'พนักงานโภชนาการ (กุ๊ก)', NULL),
('97', '97', 'พนักงานโภชนาการ (ผู้ช่วยกุ๊ก)', NULL, 'พนักงานโภชนาการ (ผู้ช่วยกุ๊ก)', NULL),
('98', '98', 'ผู้อำนวยการศูนย์', NULL, 'ผู้อำนวยการศูนย์', NULL),
('99', '99', 'รองผู้อำนวยการ', NULL, 'รองผู้อำนวยการ', NULL),
('01', '01', 'หัวหน้าศูนย์', NULL, 'หัวหน้าศูนย์', NULL),
('02', '02', 'รักษาการแทน เลขานุการศูนย์', NULL, 'รักษาการแทน เลขานุการศูนย์', NULL);

--
-- Indexes for dumped tables
--

--
-- Indexes for table `df_staff`
--
ALTER TABLE `df_staff`
  ADD PRIMARY KEY (`staff_id`);

--
-- Indexes for table `qq_call`
--
ALTER TABLE `qq_call`
  ADD PRIMARY KEY (`call_id`);

--
-- Indexes for table `qq_channel`
--
ALTER TABLE `qq_channel`
  ADD PRIMARY KEY (`channel_id`);

--
-- Indexes for table `qq_claim`
--
ALTER TABLE `qq_claim`
  ADD PRIMARY KEY (`claim_id`);

--
-- Indexes for table `qq_department`
--
ALTER TABLE `qq_department`
  ADD PRIMARY KEY (`department_id`);

--
-- Indexes for table `qq_direction`
--
ALTER TABLE `qq_direction`
  ADD PRIMARY KEY (`direction_id`);

--
-- Indexes for table `qq_direction_detail`
--
ALTER TABLE `qq_direction_detail`
  ADD PRIMARY KEY (`direction_detail_id`);

--
-- Indexes for table `qq_document`
--
ALTER TABLE `qq_document`
  ADD PRIMARY KEY (`document_id`);

--
-- Indexes for table `qq_location`
--
ALTER TABLE `qq_location`
  ADD PRIMARY KEY (`location_id`);

--
-- Indexes for table `qq_path`
--
ALTER TABLE `qq_path`
  ADD PRIMARY KEY (`path_id`);

--
-- Indexes for table `qq_printer`
--
ALTER TABLE `qq_printer`
  ADD PRIMARY KEY (`printer_id`);

--
-- Indexes for table `qq_queue`
--
ALTER TABLE `qq_queue`
  ADD PRIMARY KEY (`queue_id`);

--
-- Indexes for table `qq_register`
--
ALTER TABLE `qq_register`
  ADD PRIMARY KEY (`register_id`);

--
-- Indexes for table `qq_register_department_order`
--
ALTER TABLE `qq_register_department_order`
  ADD PRIMARY KEY (`register_detail_id`);

--
-- Indexes for table `qq_route`
--
ALTER TABLE `qq_route`
  ADD PRIMARY KEY (`route_id`);

--
-- Indexes for table `qq_route_detail`
--
ALTER TABLE `qq_route_detail`
  ADD PRIMARY KEY (`route_detail_id`);

--
-- Indexes for table `qq_send`
--
ALTER TABLE `qq_send`
  ADD PRIMARY KEY (`send_id`);

--
-- Indexes for table `qq_site`
--
ALTER TABLE `qq_site`
  ADD PRIMARY KEY (`site_id`);

--
-- Indexes for table `qq_waiting`
--
ALTER TABLE `qq_waiting`
  ADD PRIMARY KEY (`waiting_id`);

--
-- Indexes for table `tb_location1`
--
ALTER TABLE `tb_location1`
  ADD PRIMARY KEY (`Ward_code`);

--
-- Indexes for table `tb_nuser`
--
ALTER TABLE `tb_nuser`
  ADD PRIMARY KEY (`NUM_OT`);

--
-- Indexes for table `tb_nward`
--
ALTER TABLE `tb_nward`
  ADD PRIMARY KEY (`News_id`,`ward_code`);

--
-- Indexes for table `tb_person`
--
ALTER TABLE `tb_person`
  ADD PRIMARY KEY (`NUM_OT`);

--
-- Indexes for table `tb_position`
--
ALTER TABLE `tb_position`
  ADD PRIMARY KEY (`position_code`);

--
-- AUTO_INCREMENT for dumped tables
--

--
-- AUTO_INCREMENT for table `df_staff`
--
ALTER TABLE `df_staff`
  MODIFY `staff_id` int(11) NOT NULL AUTO_INCREMENT, AUTO_INCREMENT=330;

--
-- AUTO_INCREMENT for table `qq_call`
--
ALTER TABLE `qq_call`
  MODIFY `call_id` int(11) NOT NULL AUTO_INCREMENT;

--
-- AUTO_INCREMENT for table `qq_channel`
--
ALTER TABLE `qq_channel`
  MODIFY `channel_id` int(11) NOT NULL AUTO_INCREMENT, AUTO_INCREMENT=20;

--
-- AUTO_INCREMENT for table `qq_claim`
--
ALTER TABLE `qq_claim`
  MODIFY `claim_id` int(11) NOT NULL AUTO_INCREMENT, AUTO_INCREMENT=7;

--
-- AUTO_INCREMENT for table `qq_department`
--
ALTER TABLE `qq_department`
  MODIFY `department_id` int(11) NOT NULL AUTO_INCREMENT, AUTO_INCREMENT=29;

--
-- AUTO_INCREMENT for table `qq_direction`
--
ALTER TABLE `qq_direction`
  MODIFY `direction_id` int(11) NOT NULL AUTO_INCREMENT, AUTO_INCREMENT=61;

--
-- AUTO_INCREMENT for table `qq_direction_detail`
--
ALTER TABLE `qq_direction_detail`
  MODIFY `direction_detail_id` int(11) NOT NULL AUTO_INCREMENT, AUTO_INCREMENT=232;

--
-- AUTO_INCREMENT for table `qq_document`
--
ALTER TABLE `qq_document`
  MODIFY `document_id` int(11) NOT NULL AUTO_INCREMENT, AUTO_INCREMENT=7;

--
-- AUTO_INCREMENT for table `qq_location`
--
ALTER TABLE `qq_location`
  MODIFY `location_id` int(11) NOT NULL AUTO_INCREMENT, AUTO_INCREMENT=17;

--
-- AUTO_INCREMENT for table `qq_path`
--
ALTER TABLE `qq_path`
  MODIFY `path_id` int(11) NOT NULL AUTO_INCREMENT, AUTO_INCREMENT=38;

--
-- AUTO_INCREMENT for table `qq_printer`
--
ALTER TABLE `qq_printer`
  MODIFY `printer_id` int(11) NOT NULL AUTO_INCREMENT, AUTO_INCREMENT=3;

--
-- AUTO_INCREMENT for table `qq_queue`
--
ALTER TABLE `qq_queue`
  MODIFY `queue_id` int(11) NOT NULL AUTO_INCREMENT, AUTO_INCREMENT=51;

--
-- AUTO_INCREMENT for table `qq_register`
--
ALTER TABLE `qq_register`
  MODIFY `register_id` int(11) NOT NULL AUTO_INCREMENT, AUTO_INCREMENT=327;

--
-- AUTO_INCREMENT for table `qq_register_department_order`
--
ALTER TABLE `qq_register_department_order`
  MODIFY `register_detail_id` int(11) NOT NULL AUTO_INCREMENT, AUTO_INCREMENT=975;

--
-- AUTO_INCREMENT for table `qq_route`
--
ALTER TABLE `qq_route`
  MODIFY `route_id` int(11) NOT NULL AUTO_INCREMENT, AUTO_INCREMENT=41;

--
-- AUTO_INCREMENT for table `qq_route_detail`
--
ALTER TABLE `qq_route_detail`
  MODIFY `route_detail_id` int(11) NOT NULL AUTO_INCREMENT, AUTO_INCREMENT=133;

--
-- AUTO_INCREMENT for table `qq_send`
--
ALTER TABLE `qq_send`
  MODIFY `send_id` int(11) NOT NULL AUTO_INCREMENT;

--
-- AUTO_INCREMENT for table `qq_site`
--
ALTER TABLE `qq_site`
  MODIFY `site_id` int(11) NOT NULL AUTO_INCREMENT, AUTO_INCREMENT=3;

--
-- AUTO_INCREMENT for table `qq_waiting`
--
ALTER TABLE `qq_waiting`
  MODIFY `waiting_id` int(11) NOT NULL AUTO_INCREMENT, AUTO_INCREMENT=671;
COMMIT;

/*!40101 SET CHARACTER_SET_CLIENT=@OLD_CHARACTER_SET_CLIENT */;
/*!40101 SET CHARACTER_SET_RESULTS=@OLD_CHARACTER_SET_RESULTS */;
/*!40101 SET COLLATION_CONNECTION=@OLD_COLLATION_CONNECTION */;
